2.545887604355812073e-02,-2.283040899783372879e-03,7.848526239395141602e-01,9.999489188194274902e-01,2.998679876327514648e-03,9.589036926627159119e-03,1.087043317966163158e-03,-2.898756414651870728e-02,1.698817759752273560e-01,1.546052247285842896e-01,1.654184460639953613e-01,-1.165518835186958313e-01,-1.521466523408889771e-01,7.625769078731536865e-02,-1.640196144580841064e-01,-5.003995895385742188e-01,1.110963523387908936e-01,-1.581961959600448608e-01,1.370776444673538208e-01,-9.060672484338283539e-03,2.377302944660186768e-02,1.218516454100608826e-01,9.817269444465637207e-02,3.789338469505310059e-01,-6.112248301506042480e-01,8.933067917823791504e-01,3.182551562786102295e-01,2.642649039626121521e-02,-5.406085774302482605e-02,-1.004440262913703918e-01,-3.103182911872863770e-01,7.016327977180480957e-01,1.048347473144531250e+00,-3.000508844852447510e-01,1.862934790551662445e-02,1.767119392752647400e-02
2.537941373884677887e-02,-2.577693434432148933e-03,7.849949002265930176e-01,9.999305605888366699e-01,3.417602507397532463e-03,1.038384810090065002e-02,4.399725235998630524e-03,-3.393613174557685852e-02,1.681446433067321777e-01,1.495854854583740234e-01,1.660164147615432739e-01,-1.158485934138298035e-01,-1.517503708600997925e-01,7.688838988542556763e-02,-1.654057502746582031e-01,-5.063949823379516602e-01,1.120243221521377563e-01,-1.587559878826141357e-01,1.379500776529312134e-01,-8.327422663569450378e-03,2.624239772558212280e-02,1.268812417984008789e-01,9.556835889816284180e-02,3.811019361019134521e-01,-6.115441322326660156e-01,8.878129720687866211e-01,3.184592425823211670e-01,2.906715311110019684e-02,-5.748408660292625427e-02,-1.015532463788986206e-01,-3.134020268917083740e-01,6.987106800079345703e-01,1.043580174446105957e+00,-2.945451438426971436e-01,1.955923624336719513e-02,2.064268104732036591e-02
2.503256872296333313e-02,-2.945835469290614128e-03,7.850525379180908203e-01,9.998933076858520508e-01,3.700304543599486351e-03,1.143154129385948181e-02,8.306158706545829773e-03,-4.040102288126945496e-02,1.666132658720016479e-01,1.425843387842178345e-01,1.668391823768615723e-01,-1.125311702489852905e-01,-1.506364047527313232e-01,7.631377130746841431e-02,-1.667615771293640137e-01,-5.132913589477539062e-01,1.132866069674491882e-01,-1.594427227973937988e-01,1.377540528774261475e-01,-8.065645582973957062e-03,2.953233011066913605e-02,1.349232047796249390e-01,9.226927906274795532e-02,3.832848072052001953e-01,-6.106984615325927734e-01,8.795114159584045410e-01,3.188335299491882324e-01,2.982313185930252075e-02,-5.893047899007797241e-02,-1.050792485475540161e-01,-3.162651658058166504e-01,6.982015371322631836e-01,1.038370609283447266e+00,-2.851600944995880127e-01,1.943243667483329773e-02,2.266167476773262024e-02
2.444931492209434509e-02,-3.306184662505984306e-03,7.851821184158325195e-01,9.998301863670349121e-01,3.973774146288633347e-03,1.293724123388528824e-02,1.250947732478380203e-02,-4.844029620289802551e-02,1.648681759834289551e-01,1.345458328723907471e-01,1.673507094383239746e-01,-1.077590733766555786e-01,-1.491399258375167847e-01,7.436841726303100586e-02,-1.675483733415603638e-01,-5.198007822036743164e-01,1.140841394662857056e-01,-1.596270799636840820e-01,1.370289176702499390e-01,-7.136411499232053757e-03,3.268966451287269592e-02,1.454446613788604736e-01,8.855730295181274414e-02,3.856338560581207275e-01,-6.080213189125061035e-01,8.698933720588684082e-01,3.177458941936492920e-01,3.152992576360702515e-02,-5.783119425177574158e-02,-1.118047088384628296e-01,-3.180073499679565430e-01,7.014035582542419434e-01,1.034076690673828125e+00,-2.756694257259368896e-01,1.909665949642658234e-02,2.540524862706661224e-02
2.345160022377967834e-02,-3.622566815465688705e-03,7.854269146919250488e-01,9.997362494468688965e-01,4.059333354234695435e-03,1.519005745649337769e-02,1.673735305666923523e-02,-5.918787792325019836e-02,1.633536368608474731e-01,1.260629892349243164e-01,1.679776608943939209e-01,-1.020200476050376892e-01,-1.475277096033096313e-01,6.995563954114913940e-02,-1.675034910440444946e-01,-5.252923965454101562e-01,1.140676960349082947e-01,-1.584143042564392090e-01,1.355997025966644287e-01,-5.151071120053529739e-03,3.631601855158805847e-02,1.591707468032836914e-01,8.327382057905197144e-02,3.877520859241485596e-01,-6.027661561965942383e-01,8.592653870582580566e-01,3.121786713600158691e-01,3.354224935173988342e-02,-5.453665927052497864e-02,-1.226507201790809631e-01,-3.190460801124572754e-01,7.087219357490539551e-01,1.029993534088134766e+00,-2.676367461681365967e-01,1.826136559247970581e-02,2.973173744976520538e-02
2.181780897080898285e-02,-3.827305510640144348e-03,7.858157157897949219e-01,9.995970726013183594e-01,3.846970619633793831e-03,1.859130710363388062e-02,2.110157720744609833e-02,-7.441046088933944702e-02,1.619873642921447754e-01,1.164739876985549927e-01,1.693718284368515015e-01,-9.492186456918716431e-02,-1.455867737531661987e-01,6.237214431166648865e-02,-1.665271818637847900e-01,-5.305868387222290039e-01,1.127331256866455078e-01,-1.551935374736785889e-01,1.332530528306961060e-01,-2.089082030579447746e-03,4.126729443669319153e-02,1.782778799533843994e-01,7.646153122186660767e-02,3.902923464775085449e-01,-5.950189232826232910e-01,8.444333672523498535e-01,3.038882911205291748e-01,3.497605770826339722e-02,-5.008738860487937927e-02,-1.400036960840225220e-01,-3.206144273281097412e-01,7.213727831840515137e-01,1.024979352951049805e+00,-2.609956562519073486e-01,1.577349752187728882e-02,3.529099002480506897e-02
1.949318684637546539e-02,-3.899179166182875633e-03,7.863043546676635742e-01,9.994031786918640137e-01,3.361330600455403328e-03,2.322040125727653503e-02,2.535396814346313477e-02,-9.472637623548507690e-02,1.607709825038909912e-01,1.068616062402725220e-01,1.725486963987350464e-01,-8.697169274091720581e-02,-1.429828256368637085e-01,5.104453489184379578e-02,-1.653185486793518066e-01,-5.363085865974426270e-01,1.102548539638519287e-01,-1.497517228126525879e-01,1.299697458744049072e-01,2.179131144657731056e-03,4.825298488140106201e-02,2.028688043355941772e-01,6.891731917858123779e-02,3.933640420436859131e-01,-5.861128568649291992e-01,8.244361281394958496e-01,2.951239645481109619e-01,3.511791303753852844e-02,-4.400511458516120911e-02,-1.639835238456726074e-01,-3.239499330520629883e-01,7.366675734519958496e-01,1.018880367279052734e+00,-2.536101043224334717e-01,9.763467125594615936e-03,4.065717384219169617e-02
1.633706688880920410e-02,-3.829833818599581718e-03,7.868345975875854492e-01,9.991328716278076172e-01,2.678138203918933868e-03,2.913062088191509247e-02,2.962606027722358704e-02,-1.202276125550270081e-01,1.594641804695129395e-01,9.799995273351669312e-02,1.770749539136886597e-01,-7.783509045839309692e-02,-1.394628584384918213e-01,3.512173891067504883e-02,-1.646134704351425171e-01,-5.421192049980163574e-01,1.077430993318557739e-01,-1.425487548112869263e-01,1.258610188961029053e-01,8.127407170832157135e-03,5.825376510620117188e-02,2.337849289178848267e-01,5.980867147445678711e-02,3.964815139770507812e-01,-5.774469375610351562e-01,7.990938425064086914e-01,2.851679623126983643e-01,3.411779180169105530e-02,-3.531887382268905640e-02,-1.947894543409347534e-01,-3.302057981491088867e-01,7.520392537117004395e-01,1.012400150299072266e+00,-2.412360906600952148e-01,-3.522435727063566446e-04,4.485935717821121216e-02
1.218032650649547577e-02,-3.433984238654375076e-03,7.873518466949462891e-01,9.987596273422241211e-01,1.897831447422504425e-03,3.619831800460815430e-02,3.413704782724380493e-02,-1.499359309673309326e-01,1.575033813714981079e-01,8.941800892353057861e-02,1.815912574529647827e-01,-6.681393086910247803e-02,-1.351899057626724243e-01,1.438531838357448578e-02,-1.652177721261978149e-01,-5.481481552124023438e-01,1.063775271177291870e-01,-1.345525234937667847e-01,1.213523522019386292e-01,1.612194627523422241e-02,7.211548089981079102e-02,2.722024619579315186e-01,4.860822483897209167e-02,3.984961807727813721e-01,-5.696706175804138184e-01,7.701876759529113770e-01,2.754825055599212646e-01,3.213101252913475037e-02,-2.330819889903068542e-02,-2.337087690830230713e-01,-3.401314914226531982e-01,7.666689753532409668e-01,1.007045984268188477e+00,-2.187066227197647095e-01,-1.524649746716022491e-02,4.747427627444267273e-02
7.279256824404001236e-03,-2.953904913738369942e-03,7.877480387687683105e-01,9.982697963714599609e-01,1.223480445332825184e-03,4.418336972594261169e-02,3.877661004662513733e-02,-1.808802485466003418e-01,1.541901081800460815e-01,8.088504523038864136e-02,1.832457482814788818e-01,-5.330057442188262939e-02,-1.310204714536666870e-01,-1.020727958530187607e-02,-1.675774753093719482e-01,-5.547089576721191406e-01,1.063548550009727478e-01,-1.260868161916732788e-01,1.165507435798645020e-01,2.545816078782081604e-02,8.991088718175888062e-02,3.164787590503692627e-01,3.574271127581596375e-02,3.978122770786285400e-01,-5.633504986763000488e-01,7.412061095237731934e-01,2.688766121864318848e-01,3.062102757394313812e-02,-8.939854800701141357e-03,-2.799501121044158936e-01,-3.539933264255523682e-01,7.786746621131896973e-01,1.003834724426269531e+00,-1.843005120754241943e-01,-3.546598926186561584e-02,4.762924835085868835e-02
1.863820245489478111e-03,-2.365058055147528648e-03,7.879706025123596191e-01,9.976418018341064453e-01,6.581887137144804001e-04,5.329472571611404419e-02,4.324435070157051086e-02,-2.113772928714752197e-01,1.499907374382019043e-01,7.309558242559432983e-02,1.795029789209365845e-01,-3.717737272381782532e-02,-1.276590675115585327e-01,-3.865337744355201721e-02,-1.712260395288467407e-01,-5.606646537780761719e-01,1.078292727470397949e-01,-1.176514104008674622e-01,1.103873699903488159e-01,3.558072820305824280e-02,1.118486151099205017e-01,3.629759848117828369e-01,2.248376049101352692e-02,3.946662247180938721e-01,-5.597115159034729004e-01,7.114757299423217773e-01,2.668743729591369629e-01,3.015752881765365601e-02,3.676682244986295700e-03,-3.311076462268829346e-01,-3.722672462463378906e-01,7.861364483833312988e-01,1.001365780830383301e+00,-1.450988352298736572e-01,-5.988932773470878601e-02,4.676007106900215149e-02
-3.739394946023821831e-03,-1.783357001841068268e-03,7.880735397338867188e-01,9.968227148056030273e-01,1.901288196677342057e-04,6.408019363880157471e-02,4.730969667434692383e-02,-2.417469918727874756e-01,1.453852951526641846e-01,6.616610288619995117e-02,1.691588163375854492e-01,-1.757957972586154938e-02,-1.248307749629020691e-01,-7.113049179315567017e-02,-1.752247214317321777e-01,-5.651096105575561523e-01,1.099351719021797180e-01,-1.088298484683036804e-01,1.029559522867202759e-01,4.737546294927597046e-02,1.379491388797760010e-01,4.078371524810791016e-01,9.700213558971881866e-03,3.902664482593536377e-01,-5.617974996566772461e-01,6.809557676315307617e-01,2.698209881782531738e-01,2.950361743569374084e-02,1.241110730916261673e-02,-3.848791420459747314e-01,-3.955110609531402588e-01,7.908071875572204590e-01,9.985544085502624512e-01,-1.107921525835990906e-01,-8.569399267435073853e-02,4.666718840599060059e-02
-9.200779721140861511e-03,-1.321688410826027393e-03,7.881197333335876465e-01,9.957546591758728027e-01,6.658597703790292144e-05,7.682082802057266235e-02,5.070722103118896484e-02,-2.727136313915252686e-01,1.399265229701995850e-01,6.081675738096237183e-02,1.526468545198440552e-01,6.054349709302186966e-03,-1.214243024587631226e-01,-1.075456216931343079e-01,-1.793671101331710815e-01,-5.665708184242248535e-01,1.111757457256317139e-01,-9.906373172998428345e-02,9.553682059049606323e-02,6.146367266774177551e-02,1.668163239955902100e-01,4.480180144309997559e-01,-9.655217872932553291e-04,3.849548697471618652e-01,-5.718169212341308594e-01,6.500806808471679688e-01,2.753390669822692871e-01,2.737018652260303497e-02,1.781466230750083923e-02,-4.400026500225067139e-01,-4.235886931419372559e-01,7.958982586860656738e-01,9.965735673904418945e-01,-9.054350107908248901e-02,-1.113487482070922852e-01,4.631512984633445740e-02
-1.438574865460395813e-02,-1.109751407057046890e-03,7.881153821945190430e-01,9.943505525588989258e-01,2.752663858700543642e-04,9.177699685096740723e-02,5.332827940583229065e-02,-3.079140186309814453e-01,1.338831335306167603e-01,5.639772489666938782e-02,1.356948912143707275e-01,3.205059468746185303e-02,-1.172119379043579102e-01,-1.488028317689895630e-01,-1.835759729146957397e-01,-5.646108388900756836e-01,1.108580529689788818e-01,-8.712331950664520264e-02,8.845465630292892456e-02,7.942953705787658691e-02,1.981980651617050171e-01,4.822948276996612549e-01,-9.494606405496597290e-03,3.785465657711029053e-01,-5.890757441520690918e-01,6.209891438484191895e-01,2.828668355941772461e-01,2.366615831851959229e-02,2.220647223293781281e-02,-4.978845715522766113e-01,-4.564169943332672119e-01,8.032414913177490234e-01,9.972898364067077637e-01,-8.825328946113586426e-02,-1.366777867078781128e-01,4.458799958229064941e-02
-1.913907937705516815e-02,-1.202764338813722134e-03,7.879518270492553711e-01,9.924653172492980957e-01,7.670366321690380573e-04,1.094661727547645569e-01,5.503783002495765686e-02,-3.511973023414611816e-01,1.279903501272201538e-01,5.346351489424705505e-02,1.230987235903739929e-01,5.816113576292991638e-02,-1.133665814995765686e-01,-1.969797164201736450e-01,-1.878423541784286499e-01,-5.598720312118530273e-01,1.097699925303459167e-01,-7.368204742670059204e-02,8.167002350091934204e-02,1.028053164482116699e-01,2.306353598833084106e-01,5.052228569984436035e-01,-1.827249489724636078e-02,3.705281615257263184e-01,-6.109651923179626465e-01,6.011275053024291992e-01,2.903244197368621826e-01,1.905359700322151184e-02,2.741022408008575439e-02,-5.559681057929992676e-01,-4.918048679828643799e-01,8.132128715515136719e-01,1.003585338592529297e+00,-1.000045165419578552e-01,-1.626750230789184570e-01,3.911194577813148499e-02
-2.338232100009918213e-02,-1.612823805771768093e-03,7.874803543090820312e-01,9.900329709053039551e-01,1.388568663969635963e-03,1.292238384485244751e-01,5.598257482051849365e-02,-4.007120132446289062e-01,1.229241415858268738e-01,5.204926803708076477e-02,1.144662573933601379e-01,8.345817029476165771e-02,-1.106178760528564453e-01,-2.502089738845825195e-01,-1.918324232101440430e-01,-5.534998178482055664e-01,1.086318045854568481e-01,-6.046206131577491760e-02,7.493293285369873047e-02,1.317531615495681763e-01,2.630353569984436035e-01,5.170142650604248047e-01,-2.992480061948299408e-02,3.607638478279113770e-01,-6.357540488243103027e-01,5.957089662551879883e-01,2.935110628604888916e-01,1.365532912313938141e-02,3.362405300140380859e-02,-6.108484864234924316e-01,-5.279407501220703125e-01,8.232505321502685547e-01,1.016352534294128418e+00,-1.187123283743858337e-01,-1.899442821741104126e-01,2.799309231340885162e-02
-2.706522680819034576e-02,-2.316769678145647049e-03,7.866730093955993652e-01,9.870694875717163086e-01,2.022513886913657188e-03,1.500830501317977905e-01,5.625683814287185669e-02,-4.531372487545013428e-01,1.189109086990356445e-01,5.155941843986511230e-02,1.080491617321968079e-01,1.077537983655929565e-01,-1.094016581773757935e-01,-3.059866428375244141e-01,-1.952193081378936768e-01,-5.462294220924377441e-01,1.078166961669921875e-01,-4.802501201629638672e-02,6.836691498756408691e-02,1.655081063508987427e-01,2.955712080001831055e-01,5.220272541046142578e-01,-4.594400152564048767e-02,3.484770059585571289e-01,-6.627110242843627930e-01,6.053531765937805176e-01,2.915765047073364258e-01,8.168100379407405853e-03,4.067187011241912842e-02,-6.618764400482177734e-01,-5.644043684005737305e-01,8.313194513320922852e-01,1.035695552825927734e+00,-1.389437317848205566e-01,-2.186655849218368530e-01,1.078866142779588699e-02
-3.014328517019748688e-02,-3.354476299136877060e-03,7.856189608573913574e-01,9.835819602012634277e-01,2.816914580762386322e-03,1.714908778667449951e-01,5.612001195549964905e-02,-5.063171386718750000e-01,1.156717240810394287e-01,5.214663594961166382e-02,1.030179634690284729e-01,1.316699236631393433e-01,-1.089933589100837708e-01,-3.623735308647155762e-01,-1.980980783700942993e-01,-5.383188128471374512e-01,1.072614118456840515e-01,-3.671791777014732361e-02,6.227266788482666016e-02,2.026592195034027100e-01,3.280823528766632080e-01,5.233203768730163574e-01,-6.680291891098022461e-02,3.320255279541015625e-01,-6.915457248687744141e-01,6.295042634010314941e-01,2.868538498878479004e-01,2.525140298530459404e-03,4.818731546401977539e-02,-7.095289230346679688e-01,-6.011983156204223633e-01,8.373008966445922852e-01,1.060954332351684570e+00,-1.586177498102188110e-01,-2.490658015012741089e-01,-1.126915588974952698e-02
-3.260191902518272400e-02,-4.760247655212879181e-03,7.843918800354003906e-01,9.794810414314270020e-01,3.923225682228803635e-03,1.934798508882522583e-01,5.627604946494102478e-02,-5.604102611541748047e-01,1.122242882847785950e-01,5.264071002602577209e-02,9.907141327857971191e-02,1.558925509452819824e-01,-1.090498715639114380e-01,-4.188619852066040039e-01,-2.011782228946685791e-01,-5.312702655792236328e-01,1.071602851152420044e-01,-2.706525661051273346e-02,5.673385411500930786e-02,2.412413656711578369e-01,3.610518574714660645e-01,5.229846835136413574e-01,-9.341769665479660034e-02,3.103865385055541992e-01,-7.222060561180114746e-01,6.655820608139038086e-01,2.819271385669708252e-01,-2.270378172397613525e-03,5.755624920129776001e-02,-7.539409399032592773e-01,-6.393699645996093750e-01,8.397079706192016602e-01,1.090109348297119141e+00,-1.752387583255767822e-01,-2.820869088172912598e-01,-3.811058774590492249e-02
-3.436037898063659668e-02,-6.509442348033189774e-03,7.830758690834045410e-01,9.748690724372863770e-01,5.431544966995716095e-03,2.152969539165496826e-01,5.699128285050392151e-02,-6.135629415512084961e-01,1.082273200154304504e-01,5.312699452042579651e-02,9.581451863050460815e-02,1.805850267410278320e-01,-1.096434146165847778e-01,-4.738651812076568604e-01,-2.048616260290145874e-01,-5.247725844383239746e-01,1.078966483473777771e-01,-1.960343122482299805e-02,5.151288211345672607e-02,2.781807780265808105e-01,3.933339118957519531e-01,5.222276449203491211e-01,-1.241642609238624573e-01,2.842300832271575928e-01,-7.527203559875488281e-01,7.068331241607666016e-01,2.798602581024169922e-01,-6.493161432445049286e-03,6.833844631910324097e-02,-7.952307462692260742e-01,-6.784604191780090332e-01,8.395277261734008789e-01,1.121378660202026367e+00,-1.885239034891128540e-01,-3.170122802257537842e-01,-6.871964037418365479e-02
-3.536735475063323975e-02,-8.464859798550605774e-03,7.817831635475158691e-01,9.698542356491088867e-01,7.466254755854606628e-03,2.364451587200164795e-01,5.848749727010726929e-02,-6.654347181320190430e-01,1.029509231448173523e-01,5.297591164708137512e-02,9.353772550821304321e-02,2.064392715692520142e-01,-1.110662817955017090e-01,-5.261696577072143555e-01,-2.096241116523742676e-01,-5.188195705413818359e-01,1.091358736157417297e-01,-1.321612857282161713e-02,4.665888473391532898e-02,3.113527297973632812e-01,4.239299893379211426e-01,5.216581225395202637e-01,-1.565620899200439453e-01,2.553104460239410400e-01,-7.819230556488037109e-01,7.460404038429260254e-01,2.793359160423278809e-01,-1.107237953692674637e-02,8.258248865604400635e-02,-8.328381776809692383e-01,-7.182831168174743652e-01,8.371693491935729980e-01,1.152035951614379883e+00,-1.994978040456771851e-01,-3.521447479724884033e-01,-1.035865172743797302e-01
-3.564462065696716309e-02,-1.050301268696784973e-02,7.805372476577758789e-01,9.645612239837646484e-01,1.002391148358583450e-02,2.566266655921936035e-01,6.053042039275169373e-02,-7.149877548217773438e-01,9.647139906883239746e-02,5.327273905277252197e-02,9.204110503196716309e-02,2.324767112731933594e-01,-1.137458309531211853e-01,-5.754090547561645508e-01,-2.154500335454940796e-01,-5.128740072250366211e-01,1.107102036476135254e-01,-7.723777089267969131e-03,4.210196062922477722e-02,3.400406837463378906e-01,4.517088830471038818e-01,5.214359760284423828e-01,-1.877369284629821777e-01,2.253954261541366577e-01,-8.090410232543945312e-01,7.789325714111328125e-01,2.795588076114654541e-01,-1.698177494108676910e-02,9.872081875801086426e-02,-8.675028681755065918e-01,-7.578283548355102539e-01,8.348448276519775391e-01,1.180916070938110352e+00,-2.115221917629241943e-01,-3.882882297039031982e-01,-1.431327015161514282e-01
-3.498834371566772461e-02,-1.278939470648765564e-02,7.793980240821838379e-01,9.590382575988769531e-01,1.307299546897411346e-02,2.759211361408233643e-01,6.278762966394424438e-02,-7.615296244621276855e-01,8.918830752372741699e-02,5.467354133725166321e-02,9.071699529886245728e-02,2.585193216800689697e-01,-1.172527894377708435e-01,-6.213559508323669434e-01,-2.221677750349044800e-01,-5.071664452552795410e-01,1.122700348496437073e-01,-2.732657128944993019e-03,3.775537386536598206e-02,3.652017712593078613e-01,4.769192934036254883e-01,5.217965245246887207e-01,-2.171590626239776611e-01,1.952579468488693237e-01,-8.342512249946594238e-01,8.054780960083007812e-01,2.805096209049224854e-01,-2.400850690901279449e-02,1.153888031840324402e-01,-8.990437388420104980e-01,-7.974909543991088867e-01,8.325811028480529785e-01,1.208434820175170898e+00,-2.244954109191894531e-01,-4.259395301342010498e-01,-1.867746263742446899e-01
-3.359742462635040283e-02,-1.477636583149433136e-02,7.783586978912353516e-01,9.532443284988403320e-01,1.640167646110057831e-02,2.946776747703552246e-01,6.497127562761306763e-02,-8.051611185073852539e-01,8.144933730363845825e-02,5.707781016826629639e-02,8.846767246723175049e-02,2.839091420173645020e-01,-1.207090094685554504e-01,-6.650261282920837402e-01,-2.289551347494125366e-01,-5.011344552040100098e-01,1.131546348333358765e-01,2.006941474974155426e-03,3.356372565031051636e-02,3.871536850929260254e-01,4.998462498188018799e-01,5.226737260818481445e-01,-2.443825155496597290e-01,1.647549569606781006e-01,-8.564131855964660645e-01,8.271627426147460938e-01,2.816082835197448730e-01,-3.180970996618270874e-02,1.319871693849563599e-01,-9.280960559844970703e-01,-8.376867771148681641e-01,8.317121863365173340e-01,1.234200239181518555e+00,-2.371735572814941406e-01,-4.633909761905670166e-01,-2.343921214342117310e-01
-3.139203041791915894e-02,-1.658773422241210938e-02,7.774524688720703125e-01,9.472339153289794922e-01,1.984700001776218414e-02,3.128090500831604004e-01,6.711582094430923462e-02,-8.463889956474304199e-01,7.322785258293151855e-02,5.942581221461296082e-02,8.614930510520935059e-02,3.076795041561126709e-01,-1.233782768249511719e-01,-7.060008645057678223e-01,-2.355723083019256592e-01,-4.953064024448394775e-01,1.129955723881721497e-01,6.332634948194026947e-03,2.956179156899452209e-02,4.056994020938873291e-01,5.208780765533447266e-01,5.237202048301696777e-01,-2.695536613464355469e-01,1.343176960945129395e-01,-8.750628829002380371e-01,8.459916710853576660e-01,2.831130623817443848e-01,-3.890338540077209473e-02,1.481675356626510620e-01,-9.542068839073181152e-01,-8.788967728614807129e-01,8.315370082855224609e-01,1.255749344825744629e+00,-2.488478869199752808e-01,-4.976575374603271484e-01,-2.852517366409301758e-01
-2.851559966802597046e-02,-1.807586662471294403e-02,7.767487764358520508e-01,9.412028789520263672e-01,2.340881898999214172e-02,3.299504816532135010e-01,6.871578842401504517e-02,-8.833496570587158203e-01,6.534897536039352417e-02,6.310547888278961182e-02,8.370883017778396606e-02,3.280516266822814941e-01,-1.253029257059097290e-01,-7.434406876564025879e-01,-2.417629361152648926e-01,-4.890068173408508301e-01,1.113199964165687561e-01,1.097643375396728516e-02,2.657010592520236969e-02,4.216101467609405518e-01,5.395593047142028809e-01,5.244871973991394043e-01,-2.916558086872100830e-01,1.052622348070144653e-01,-8.902480602264404297e-01,8.635303378105163574e-01,2.819968461990356445e-01,-4.589073359966278076e-02,1.613648682832717896e-01,-9.747317433357238770e-01,-9.202758073806762695e-01,8.295459151268005371e-01,1.270016312599182129e+00,-2.572973966598510742e-01,-5.268281102180480957e-01,-3.387252092361450195e-01
-2.519298717379570007e-02,-1.912248507142066956e-02,7.763139605522155762e-01,9.355134367942810059e-01,2.716625295579433441e-02,3.453148603439331055e-01,6.952866166830062866e-02,-9.143859148025512695e-01,5.815264582633972168e-02,6.735214591026306152e-02,8.210795372724533081e-02,3.448767662048339844e-01,-1.267492026090621948e-01,-7.760601639747619629e-01,-2.479674369096755981e-01,-4.820668697357177734e-01,1.094655767083168030e-01,1.533753424882888794e-02,2.457545138895511627e-02,4.343778491020202637e-01,5.539187788963317871e-01,5.246286392211914062e-01,-3.098707497119903564e-01,8.092633634805679321e-02,-9.030507802963256836e-01,8.811891674995422363e-01,2.781071960926055908e-01,-5.121009796857833862e-02,1.699064821004867554e-01,-9.879400134086608887e-01,-9.582805633544921875e-01,8.237297534942626953e-01,1.275229811668395996e+00,-2.623358964920043945e-01,-5.501551032066345215e-01,-3.900075256824493408e-01
-2.159760147333145142e-02,-1.966697722673416138e-02,7.759729027748107910e-01,9.300525784492492676e-01,3.117967024445533752e-02,3.594167232513427734e-01,6.963937729597091675e-02,-9.414675235748291016e-01,5.123006179928779602e-02,7.276464998722076416e-02,8.108869194984436035e-02,3.595371544361114502e-01,-1.273573935031890869e-01,-8.056558966636657715e-01,-2.545512020587921143e-01,-4.742763340473175049e-01,1.079150885343551636e-01,1.959467120468616486e-02,2.346847578883171082e-02,4.442110359668731689e-01,5.645402669906616211e-01,5.247225165367126465e-01,-3.236802220344543457e-01,6.045775115489959717e-02,-9.130513668060302734e-01,8.983915448188781738e-01,2.738395929336547852e-01,-5.497289448976516724e-02,1.758238971233367920e-01,-9.970414042472839355e-01,-9.927936196327209473e-01,8.148760795593261719e-01,1.271953582763671875e+00,-2.639729380607604980e-01,-5.702546238899230957e-01,-4.399540722370147705e-01
-1.783495396375656128e-02,-1.971420273184776306e-02,7.756916880607604980e-01,9.248727560043334961e-01,3.537907451391220093e-02,3.722414374351501465e-01,6.924618780612945557e-02,-9.653870463371276855e-01,4.434048756957054138e-02,7.930719852447509766e-02,8.045874536037445068e-02,3.730692267417907715e-01,-1.268101334571838379e-01,-8.325757980346679688e-01,-2.613904774188995361e-01,-4.657139480113983154e-01,1.067493110895156860e-01,2.418499626219272614e-02,2.305847778916358948e-02,4.509395062923431396e-01,5.719863176345825195e-01,5.250567793846130371e-01,-3.333914577960968018e-01,4.322465136647224426e-02,-9.206919670104980469e-01,9.139225482940673828e-01,2.708361744880676270e-01,-5.694026499986648560e-02,1.801972389221191406e-01,-1.002814769744873047e+00,-1.023632287979125977e+00,8.032057881355285645e-01,1.260323762893676758e+00,-2.611077725887298584e-01,-5.881206393241882324e-01,-4.877276718616485596e-01
-1.394853740930557251e-02,-1.934635266661643982e-02,7.755762338638305664e-01,9.201365113258361816e-01,3.961624205112457275e-02,3.835512697696685791e-01,6.832105666399002075e-02,-9.858614802360534668e-01,3.782368823885917664e-02,8.621608465909957886e-02,8.015840500593185425e-02,3.847941160202026367e-01,-1.261475235223770142e-01,-8.560186028480529785e-01,-2.678840756416320801e-01,-4.565652906894683838e-01,1.061215177178382874e-01,2.873415686190128326e-02,2.297059260308742523e-02,4.555421769618988037e-01,5.768569707870483398e-01,5.252630114555358887e-01,-3.405880331993103027e-01,2.970062196254730225e-02,-9.273194074630737305e-01,9.271789789199829102e-01,2.679980695247650146e-01,-5.788884684443473816e-02,1.822532862424850464e-01,-1.003685355186462402e+00,-1.050686836242675781e+00,7.883145809173583984e-01,1.241191744804382324e+00,-2.539471387863159180e-01,-6.049223542213439941e-01,-5.324648618698120117e-01
-9.983764961361885071e-03,-1.858280599117279053e-02,7.755497097969055176e-01,9.156940579414367676e-01,4.376684129238128662e-02,3.938295841217041016e-01,6.698589026927947998e-02,-1.004349350929260254e+00,3.168687596917152405e-02,9.328523278236389160e-02,8.019668608903884888e-02,3.956560492515563965e-01,-1.251670867204666138e-01,-8.777177929878234863e-01,-2.739511430263519287e-01,-4.466474652290344238e-01,1.060799062252044678e-01,3.349008411169052124e-02,2.319358661770820618e-02,4.584551751613616943e-01,5.800595879554748535e-01,5.255721211433410645e-01,-3.456981778144836426e-01,1.920462772250175476e-02,-9.324229955673217773e-01,9.385144710540771484e-01,2.662945389747619629e-01,-5.883769690990447998e-02,1.827257871627807617e-01,-1.001488089561462402e+00,-1.074239373207092285e+00,7.738896012306213379e-01,1.216728806495666504e+00,-2.459584027528762817e-01,-6.216643452644348145e-01,-5.756802558898925781e-01
-6.136094685643911362e-03,-1.749963313341140747e-02,7.756838798522949219e-01,9.115710854530334473e-01,4.787173867225646973e-02,4.030829966068267822e-01,6.534963846206665039e-02,-1.020644426345825195e+00,2.584733255207538605e-02,1.001068428158760071e-01,8.077401667833328247e-02,4.055125415325164795e-01,-1.235010102391242981e-01,-8.974134922027587891e-01,-2.799277007579803467e-01,-4.360114634037017822e-01,1.063839346170425415e-01,3.851212188601493835e-02,2.415712177753448486e-02,4.593770503997802734e-01,5.816860795021057129e-01,5.257912874221801758e-01,-3.491510450839996338e-01,1.206440851092338562e-02,-9.366378188133239746e-01,9.485445022583007812e-01,2.643881738185882568e-01,-5.961790308356285095e-02,1.807487159967422485e-01,-9.968245029449462891e-01,-1.093817234039306641e+00,7.624169588088989258e-01,1.189862966537475586e+00,-2.386090606451034546e-01,-6.383048892021179199e-01,-6.166695952415466309e-01
-2.497925190255045891e-03,-1.616826094686985016e-02,7.759236097335815430e-01,9.076995253562927246e-01,5.174941197037696838e-02,4.115164875984191895e-01,6.369965523481369019e-02,-1.035501360893249512e+00,2.025642432272434235e-02,1.064044758677482605e-01,8.200976252555847168e-02,4.147773683071136475e-01,-1.215881109237670898e-01,-9.155161380767822266e-01,-2.857941687107086182e-01,-4.251795411109924316e-01,1.066508069634437561e-01,4.387244209647178650e-02,2.566075883805751801e-02,4.585302174091339111e-01,5.826842784881591797e-01,5.259330868721008301e-01,-3.520744144916534424e-01,7.940721698105335236e-03,-9.397764801979064941e-01,9.586759209632873535e-01,2.635884881019592285e-01,-6.034929305315017700e-02,1.776233017444610596e-01,-9.904820322990417480e-01,-1.109662771224975586e+00,7.550517916679382324e-01,1.162419080734252930e+00,-2.330311238765716553e-01,-6.546668410301208496e-01,-6.561191678047180176e-01
8.980184793472290039e-04,-1.469361968338489532e-02,7.762982249259948730e-01,9.041944146156311035e-01,5.526468157768249512e-02,4.189725518226623535e-01,6.197032332420349121e-02,-1.048340320587158203e+00,1.535944826900959015e-02,1.124588400125503540e-01,8.347439020872116089e-02,4.228706955909729004e-01,-1.194513961672782898e-01,-9.311465024948120117e-01,-2.912698686122894287e-01,-4.147766828536987305e-01,1.067883670330047607e-01,4.973711445927619934e-02,2.761208079755306244e-02,4.564168751239776611e-01,5.830819010734558105e-01,5.256375670433044434e-01,-3.546488583087921143e-01,6.652605719864368439e-03,-9.425741434097290039e-01,9.695793986320495605e-01,2.638554275035858154e-01,-6.124337762594223022e-02,1.731202155351638794e-01,-9.821288585662841797e-01,-1.121214866638183594e+00,7.530558109283447266e-01,1.135894060134887695e+00,-2.309884130954742432e-01,-6.703764796257019043e-01,-6.926672458648681641e-01
4.033006262034177780e-03,-1.317948009818792343e-02,7.767268419265747070e-01,9.011416435241699219e-01,5.828459560871124268e-02,4.253425598144531250e-01,6.025160104036331177e-02,-1.059301137924194336e+00,1.107372902333736420e-02,1.178067773580551147e-01,8.477153629064559937e-02,4.305016696453094482e-01,-1.174159273505210876e-01,-9.444525241851806641e-01,-2.960651516914367676e-01,-4.055621325969696045e-01,1.064268574118614197e-01,5.585196241736412048e-02,2.998776361346244812e-02,4.532710909843444824e-01,5.830621719360351562e-01,5.249517560005187988e-01,-3.572373390197753906e-01,7.631242740899324417e-03,-9.445613026618957520e-01,9.807504415512084961e-01,2.661181092262268066e-01,-6.285668909549713135e-02,1.691685616970062256e-01,-9.735816717147827148e-01,-1.127776026725769043e+00,7.556723952293395996e-01,1.112508296966552734e+00,-2.332924604415893555e-01,-6.832742094993591309e-01,-7.262928485870361328e-01
6.851229816675186157e-03,-1.169126853346824646e-02,7.772078514099121094e-01,8.986141085624694824e-01,6.089092791080474854e-02,4.305408596992492676e-01,5.847622454166412354e-02,-1.067986726760864258e+00,7.436827756464481354e-03,1.225412264466285706e-01,8.611036092042922974e-02,4.370810389518737793e-01,-1.157907098531723022e-01,-9.552195668220520020e-01,-3.003289401531219482e-01,-3.975133597850799561e-01,1.060253754258155823e-01,6.199162453413009644e-02,3.254375606775283813e-02,4.497284591197967529e-01,5.824034810066223145e-01,5.243167877197265625e-01,-3.597912490367889404e-01,1.041411142796278000e-02,-9.454118013381958008e-01,9.923130273818969727e-01,2.694553136825561523e-01,-6.460668146610260010e-02,1.661897897720336914e-01,-9.651352167129516602e-01,-1.130401134490966797e+00,7.623986601829528809e-01,1.092110157012939453e+00,-2.379377484321594238e-01,-6.940489411354064941e-01,-7.581140995025634766e-01
9.344814345240592957e-03,-1.029269676655530930e-02,7.777559161186218262e-01,8.966461420059204102e-01,6.310591846704483032e-02,4.345292747020721436e-01,5.681243166327476501e-02,-1.074512004852294922e+00,4.200919065624475479e-03,1.262481659650802612e-01,8.718059957027435303e-02,4.436231851577758789e-01,-1.144115403294563293e-01,-9.633176326751708984e-01,-3.039300739765167236e-01,-3.906736075878143311e-01,1.054185181856155396e-01,6.783752888441085815e-02,3.476225957274436951e-02,4.459507763385772705e-01,5.814661383628845215e-01,5.240200757980346680e-01,-3.622360527515411377e-01,1.448938623070716858e-02,-9.445741176605224609e-01,1.003291606903076172e+00,2.743713259696960449e-01,-6.712205708026885986e-02,1.638180613517761230e-01,-9.574677348136901855e-01,-1.130378484725952148e+00,7.711651921272277832e-01,1.075453877449035645e+00,-2.429681271314620972e-01,-7.028220891952514648e-01,-7.870987057685852051e-01
1.151242200285196304e-02,-8.991055190563201904e-03,7.783864736557006836e-01,8.952510952949523926e-01,6.504040956497192383e-02,4.373197853565216064e-01,5.519593879580497742e-02,-1.078518271446228027e+00,1.395183382555842400e-03,1.292423456907272339e-01,8.778823167085647583e-02,4.491578042507171631e-01,-1.132340058684349060e-01,-9.684704542160034180e-01,-3.068222999572753906e-01,-3.845661580562591553e-01,1.045677736401557922e-01,7.335650920867919922e-02,3.684676811099052429e-02,4.422849714756011963e-01,5.802483558654785156e-01,5.240828394889831543e-01,-3.648781478404998779e-01,1.907704956829547882e-02,-9.423849582672119141e-01,1.013814330101013184e+00,2.800336778163909912e-01,-7.029873132705688477e-02,1.627126187086105347e-01,-9.494218230247497559e-01,-1.128579735755920410e+00,7.806476354598999023e-01,1.061813592910766602e+00,-2.462047636508941650e-01,-7.097773551940917969e-01,-8.138644099235534668e-01
1.331358123570680618e-02,-7.838429883122444153e-03,7.790600061416625977e-01,8.946115970611572266e-01,6.655398756265640259e-02,4.385700225830078125e-01,5.382359400391578674e-02,-1.079530715942382812e+00,-9.316913783550262451e-04,1.313200294971466064e-01,8.798065036535263062e-02,4.538156688213348389e-01,-1.124037429690361023e-01,-9.697827100753784180e-01,-3.090308010578155518e-01,-3.799804449081420898e-01,1.038449630141258240e-01,7.785466313362121582e-02,3.839058056473731995e-02,4.389717280864715576e-01,5.794503092765808105e-01,5.244964957237243652e-01,-3.676672279834747314e-01,2.481382153928279877e-02,-9.391158223152160645e-01,1.022142767906188965e+00,2.847036719322204590e-01,-7.449263334274291992e-02,1.619000583887100220e-01,-9.405303001403808594e-01,-1.125494837760925293e+00,7.896251082420349121e-01,1.052003383636474609e+00,-2.469251751899719238e-01,-7.150161266326904297e-01,-8.369847536087036133e-01
1.462810300290584564e-02,-6.912453100085258484e-03,7.797577977180480957e-01,8.948439955711364746e-01,6.774885207414627075e-02,4.380480647087097168e-01,5.270896479487419128e-02,-1.076828956604003906e+00,-2.727998886257410049e-03,1.328509449958801270e-01,8.760266005992889404e-02,4.577221870422363281e-01,-1.121103167533874512e-01,-9.667884111404418945e-01,-3.107296824455261230e-01,-3.769802153110504150e-01,1.033063679933547974e-01,8.063476532697677612e-02,3.966881707310676575e-02,4.361700117588043213e-01,5.791984200477600098e-01,5.251260399818420410e-01,-3.709766268730163574e-01,3.198918700218200684e-02,-9.358082413673400879e-01,1.026891469955444336e+00,2.887396216392517090e-01,-7.921630889177322388e-02,1.601456850767135620e-01,-9.302781820297241211e-01,-1.121167540550231934e+00,7.961845993995666504e-01,1.045668363571166992e+00,-2.443555593490600586e-01,-7.189864516258239746e-01,-8.556995987892150879e-01
1.541970856487751007e-02,-6.307806354016065598e-03,7.804812192916870117e-01,8.960264921188354492e-01,6.849543005228042603e-02,4.355828166007995605e-01,5.208147689700126648e-02,-1.070518016815185547e+00,-4.129165783524513245e-03,1.337948292493820190e-01,8.718815445899963379e-02,4.600391387939453125e-01,-1.121441796422004700e-01,-9.592288136482238770e-01,-3.120471835136413574e-01,-3.763250410556793213e-01,1.029555648565292358e-01,8.177911490201950073e-02,4.082450270652770996e-02,4.338107109069824219e-01,5.798872709274291992e-01,5.256648659706115723e-01,-3.750432431697845459e-01,4.019659757614135742e-02,-9.318671226501464844e-01,1.028240919113159180e+00,2.908989489078521729e-01,-8.470892161130905151e-02,1.601628065109252930e-01,-9.194226861000061035e-01,-1.114702224731445312e+00,8.003494739532470703e-01,1.042259454727172852e+00,-2.404377013444900513e-01,-7.208650112152099609e-01,-8.710593581199645996e-01
1.565830782055854797e-02,-6.068944465368986130e-03,7.812995910644531250e-01,8.981183171272277832e-01,6.894561648368835449e-02,4.312123954296112061e-01,5.182426050305366516e-02,-1.061083793640136719e+00,-5.282663740217685699e-03,1.336617469787597656e-01,8.708519488573074341e-02,4.614415764808654785e-01,-1.125136017799377441e-01,-9.475620388984680176e-01,-3.133179545402526855e-01,-3.779159784317016602e-01,1.030705198645591736e-01,8.158742636442184448e-02,4.174730181694030762e-02,4.317215383052825928e-01,5.808653235435485840e-01,5.259827971458435059e-01,-3.794268071651458740e-01,4.859712347388267517e-02,-9.277838468551635742e-01,1.028401136398315430e+00,2.903193533420562744e-01,-9.133143723011016846e-02,1.627572923898696899e-01,-9.081603288650512695e-01,-1.106005430221557617e+00,8.021906018257141113e-01,1.040390729904174805e+00,-2.374210208654403687e-01,-7.207672595977783203e-01,-8.864066600799560547e-01
1.539841480553150177e-02,-6.178506650030612946e-03,7.822132110595703125e-01,9.011420011520385742e-01,6.915749609470367432e-02,4.248184263706207275e-01,5.186187848448753357e-02,-1.047674179077148438e+00,-6.110861431807279587e-03,1.320448964834213257e-01,8.730468153953552246e-02,4.603688716888427734e-01,-1.129243522882461548e-01,-9.316175580024719238e-01,-3.145470917224884033e-01,-3.816686570644378662e-01,1.035795286297798157e-01,8.036952465772628784e-02,4.241122305393218994e-02,4.298863410949707031e-01,5.816262364387512207e-01,5.262206792831420898e-01,-3.832217454910278320e-01,5.650189518928527832e-02,-9.232053756713867188e-01,1.028129100799560547e+00,2.871632874011993408e-01,-9.874198585748672485e-02,1.664131134748458862e-01,-8.969803452491760254e-01,-1.094849348068237305e+00,8.023441433906555176e-01,1.039589047431945801e+00,-2.331760227680206299e-01,-7.205829024314880371e-01,-9.031325578689575195e-01
1.472903974354267120e-02,-6.621990352869033813e-03,7.832760214805603027e-01,9.050463438034057617e-01,6.914566457271575928e-02,4.163933694362640381e-01,5.221554264426231384e-02,-1.030058145523071289e+00,-6.832634098827838898e-03,1.287421882152557373e-01,8.758646994829177856e-02,4.583473205566406250e-01,-1.138193383812904358e-01,-9.107949733734130859e-01,-3.158374130725860596e-01,-3.877528309822082520e-01,1.037309095263481140e-01,7.913032919168472290e-02,4.326123371720314026e-02,4.283865392208099365e-01,5.820159912109375000e-01,5.268450379371643066e-01,-3.854119479656219482e-01,6.466725468635559082e-02,-9.184330105781555176e-01,1.026935577392578125e+00,2.804386317729949951e-01,-1.082117035984992981e-01,1.700126230716705322e-01,-8.857323527336120605e-01,-1.081664562225341797e+00,8.011513948440551758e-01,1.039135932922363281e+00,-2.239708155393600464e-01,-7.223699092864990234e-01,-9.215160608291625977e-01
1.366418041288852692e-02,-7.377040572464466095e-03,7.844222187995910645e-01,9.100128412246704102e-01,6.852350383996963501e-02,4.053735136985778809e-01,5.341811850666999817e-02,-1.007240533828735352e+00,-7.800307590514421463e-03,1.226415038108825684e-01,8.785862475633621216e-02,4.550633132457733154e-01,-1.155901327729225159e-01,-8.832380771636962891e-01,-3.172442913055419922e-01,-3.974995017051696777e-01,1.037997975945472717e-01,7.539143413305282593e-02,4.427583515644073486e-02,4.276774525642395020e-01,5.835161209106445312e-01,5.279397368431091309e-01,-3.846113979816436768e-01,7.398060709238052368e-02,-9.141240715980529785e-01,1.023451209068298340e+00,2.682578861713409424e-01,-1.189642921090126038e-01,1.748366206884384155e-01,-8.744096159934997559e-01,-1.068726420402526855e+00,7.973083853721618652e-01,1.039916753768920898e+00,-2.047767937183380127e-01,-7.276484370231628418e-01,-9.362143874168395996e-01
1.222510263323783875e-02,-8.651485666632652283e-03,7.855948209762573242e-01,9.158428907394409180e-01,6.844341754913330078e-02,3.919271528720855713e-01,5.422610044479370117e-02,-9.816285967826843262e-01,-7.277494296431541443e-03,1.147495359182357788e-01,8.866806328296661377e-02,4.499392211437225342e-01,-1.225715875625610352e-01,-8.507970571517944336e-01,-3.193395137786865234e-01,-4.076544642448425293e-01,1.054960638284683228e-01,7.018824666738510132e-02,4.383163154125213623e-02,4.326115250587463379e-01,5.866487622261047363e-01,5.284008383750915527e-01,-3.812030851840972900e-01,8.634395152330398560e-02,-9.115240573883056641e-01,1.016433954238891602e+00,2.493400424718856812e-01,-1.341141164302825928e-01,1.835630834102630615e-01,-8.651065826416015625e-01,-1.060202360153198242e+00,7.923290133476257324e-01,1.047094345092773438e+00,-1.586022824048995972e-01,-7.453255057334899902e-01,-9.186477065086364746e-01
1.076204515993595123e-02,-9.148463606834411621e-03,7.863519787788391113e-01,9.232071042060852051e-01,6.677027046680450439e-02,3.739743530750274658e-01,5.808283388614654541e-02,-9.403114318847656250e-01,-9.495046921074390411e-03,1.116270646452903748e-01,8.798237890005111694e-02,4.427087306976318359e-01,-1.191016882658004761e-01,-8.042336702346801758e-01,-3.188403248786926270e-01,-4.183034002780914307e-01,1.038438230752944946e-01,4.940507188439369202e-02,4.658555984497070312e-02,4.263345301151275635e-01,5.882938504219055176e-01,5.294039249420166016e-01,-3.742537498474121094e-01,8.674304187297821045e-02,-9.110568165779113770e-01,1.006678819656372070e+00,2.373741567134857178e-01,-1.372048109769821167e-01,2.004841864109039307e-01,-8.589282631874084473e-01,-1.043172955513000488e+00,7.793723940849304199e-01,1.050454139709472656e+00,-1.877604424953460693e-01,-7.193502187728881836e-01,-9.173564910888671875e-01
8.698592893779277802e-03,-1.002612896263599396e-02,7.872660756111145020e-01,9.302495121955871582e-01,6.584528833627700806e-02,3.559828996658325195e-01,5.980273708701133728e-02,-9.018946886062622070e-01,-8.381960913538932800e-03,1.076260432600975037e-01,8.874938637018203735e-02,4.284068644046783447e-01,-1.185866147279739380e-01,-7.610763907432556152e-01,-3.182814121246337891e-01,-4.266092479228973389e-01,1.046767830848693848e-01,3.556615859270095825e-02,4.802332445979118347e-02,4.248785078525543213e-01,5.897521972656250000e-01,5.289826393127441406e-01,-3.703802824020385742e-01,8.447566628456115723e-02,-9.146183133125305176e-01,1.004486799240112305e+00,2.255216985940933228e-01,-1.442987620830535889e-01,2.132235169410705566e-01,-8.597369194030761719e-01,-1.028889536857604980e+00,7.757070660591125488e-01,1.052036404609680176e+00,-2.047054320573806763e-01,-6.944087147712707520e-01,-8.930838108062744141e-01
6.600796245038509369e-03,-1.069512777030467987e-02,7.883098125457763672e-01,9.372085332870483398e-01,6.453365832567214966e-02,3.373929262161254883e-01,6.034601479768753052e-02,-8.620600104331970215e-01,-6.050870753824710846e-03,1.028734445571899414e-01,8.932615071535110474e-02,4.110908806324005127e-01,-1.164420843124389648e-01,-7.177440524101257324e-01,-3.166549801826477051e-01,-4.364619851112365723e-01,1.044888347387313843e-01,2.539459802210330963e-02,5.008534342050552368e-02,4.224559068679809570e-01,5.879855155944824219e-01,5.279827713966369629e-01,-3.639304935932159424e-01,8.247178792953491211e-02,-9.175387620925903320e-01,1.004565477371215820e+00,2.090425044298171997e-01,-1.498377919197082520e-01,2.175516933202743530e-01,-8.673719167709350586e-01,-1.010619640350341797e+00,7.772031426429748535e-01,1.042746305465698242e+00,-2.260815203189849854e-01,-6.664566397666931152e-01,-8.684629201889038086e-01
4.783591255545616150e-03,-1.099962461739778519e-02,7.897741198539733887e-01,9.439088702201843262e-01,6.355950981378555298e-02,3.183440864086151123e-01,6.044317036867141724e-02,-8.201605081558227539e-01,-4.538196604698896408e-03,9.716000407934188843e-02,9.023318439722061157e-02,3.944536149501800537e-01,-1.124384999275207520e-01,-6.726985573768615723e-01,-3.156711757183074951e-01,-4.462041854858398438e-01,1.028255671262741089e-01,1.782428845763206482e-02,5.381660908460617065e-02,4.155634343624114990e-01,5.766344666481018066e-01,5.269392728805541992e-01,-3.497853279113769531e-01,8.735672384500503540e-02,-9.180005192756652832e-01,1.002212047576904297e+00,1.896005719900131226e-01,-1.521171629428863525e-01,2.123539447784423828e-01,-8.782457113265991211e-01,-9.869862794876098633e-01,7.800504565238952637e-01,1.019091486930847168e+00,-2.502429783344268799e-01,-6.414594054222106934e-01,-8.443595170974731445e-01
3.260269761085510254e-03,-1.093775033950805664e-02,7.915102839469909668e-01,9.503866434097290039e-01,6.282149255275726318e-02,2.985384166240692139e-01,6.077429279685020447e-02,-7.753486633300781250e-01,-4.037489183247089386e-03,9.014093875885009766e-02,9.202808141708374023e-02,3.779626786708831787e-01,-1.074065789580345154e-01,-6.252505183219909668e-01,-3.156145811080932617e-01,-4.558742940425872803e-01,1.013457849621772766e-01,1.116575859487056732e-02,6.003887206315994263e-02,4.034234583377838135e-01,5.564264059066772461e-01,5.264217853546142578e-01,-3.277526795864105225e-01,9.995964914560317993e-02,-9.138328433036804199e-01,9.951103925704956055e-01,1.725880205631256104e-01,-1.519649624824523926e-01,2.025136947631835938e-01,-8.948452472686767578e-01,-9.606321454048156738e-01,7.866109609603881836e-01,9.937997460365295410e-01,-2.727215886116027832e-01,-6.194240450859069824e-01,-8.158842325210571289e-01
2.008613664656877518e-03,-1.061400771141052246e-02,7.930320501327514648e-01,9.563664793968200684e-01,6.187969073653221130e-02,2.788222730159759521e-01,6.158032268285751343e-02,-7.318775057792663574e-01,-4.146957769989967346e-03,8.222787082195281982e-02,9.527420252561569214e-02,3.620520234107971191e-01,-1.013197004795074463e-01,-5.786159038543701172e-01,-3.159039020538330078e-01,-4.669266343116760254e-01,1.014226302504539490e-01,4.206348676234483719e-03,6.758254766464233398e-02,3.878410458564758301e-01,5.334208607673645020e-01,5.268100500106811523e-01,-3.026492595672607422e-01,1.161456480622291565e-01,-9.026247859001159668e-01,9.851489663124084473e-01,1.672158092260360718e-01,-1.492641866207122803e-01,1.915764361619949341e-01,-9.187762141227722168e-01,-9.389135241508483887e-01,7.991408109664916992e-01,9.774090647697448730e-01,-2.890452742576599121e-01,-5.995667576789855957e-01,-7.847701311111450195e-01
9.788246825337409973e-04,-1.010145433247089386e-02,7.942803502082824707e-01,9.618136882781982422e-01,6.055661290884017944e-02,2.595187425613403320e-01,6.243003159761428833e-02,-6.902222037315368652e-01,-3.439710242673754692e-03,7.515116035938262939e-02,1.001379191875457764e-01,3.453000783920288086e-01,-9.457639604806900024e-02,-5.340884327888488770e-01,-3.155090212821960449e-01,-4.786401987075805664e-01,1.033211871981620789e-01,-2.516625914722681046e-03,7.486585527658462524e-02,3.720139861106872559e-01,5.088279843330383301e-01,5.271078944206237793e-01,-2.768253982067108154e-01,1.351983100175857544e-01,-8.861213922500610352e-01,9.735525846481323242e-01,1.714811921119689941e-01,-1.452757418155670166e-01,1.810309141874313354e-01,-9.461941123008728027e-01,-9.226577877998352051e-01,8.140318393707275391e-01,9.686692953109741211e-01,-2.966636121273040771e-01,-5.803459286689758301e-01,-7.525503635406494141e-01
1.178886741399765015e-04,-9.445194154977798462e-03,7.952820658683776855e-01,9.667808413505554199e-01,5.891885980963706970e-02,2.405644655227661133e-01,6.318341195583343506e-02,-6.493619680404663086e-01,-1.811816822737455368e-03,6.894990056753158569e-02,1.061821430921554565e-01,3.276549577713012695e-01,-8.802066743373870850e-02,-4.909669160842895508e-01,-3.142757713794708252e-01,-4.902291893959045410e-01,1.068084463477134705e-01,-9.547534398734569550e-03,8.188399672508239746e-02,3.565171957015991211e-01,4.816998839378356934e-01,5.268181562423706055e-01,-2.502918243408203125e-01,1.584937125444412231e-01,-8.669773936271667480e-01,9.602714180946350098e-01,1.802197396755218506e-01,-1.409951150417327881e-01,1.713669300079345703e-01,-9.744036197662353516e-01,-9.103846549987792969e-01,8.289443254470825195e-01,9.644365906715393066e-01,-2.939344644546508789e-01,-5.610811114311218262e-01,-7.168089151382446289e-01
-5.918669048696756363e-04,-8.638018742203712463e-03,7.958539724349975586e-01,9.713065028190612793e-01,5.689596012234687805e-02,2.219601720571517944e-01,6.372015923261642456e-02,-6.087321639060974121e-01,9.034499526023864746e-04,6.353441625833511353e-02,1.133999004960060120e-01,3.069920837879180908e-01,-8.253160119056701660e-02,-4.492104351520538330e-01,-3.124855756759643555e-01,-5.011984705924987793e-01,1.125701814889907837e-01,-1.823941431939601898e-02,8.797252178192138672e-02,3.411965072154998779e-01,4.521474540233612061e-01,5.260295271873474121e-01,-2.226611971855163574e-01,1.868141740560531616e-01,-8.459179997444152832e-01,9.441064596176147461e-01,1.915967017412185669e-01,-1.364535391330718994e-01,1.627565473318099976e-01,-1.002251863479614258e+00,-9.002618789672851562e-01,8.428614139556884766e-01,9.619690775871276855e-01,-2.807396948337554932e-01,-5.423635244369506836e-01,-6.763422489166259766e-01
-1.148984069004654884e-03,-7.705133873969316483e-03,7.959516644477844238e-01,9.754289388656616211e-01,5.412410572171211243e-02,2.037157863378524780e-01,6.409953534603118896e-02,-5.682972669601440430e-01,5.630828440189361572e-03,5.894807353615760803e-02,1.211998239159584045e-01,2.828417718410491943e-01,-7.877051085233688354e-02,-4.087696671485900879e-01,-3.097163140773773193e-01,-5.114282965660095215e-01,1.211815997958183289e-01,-2.970385923981666565e-02,9.296741336584091187e-02,3.251154124736785889e-01,4.213476479053497314e-01,5.253116488456726074e-01,-1.934356242418289185e-01,2.197887599468231201e-01,-8.231313228607177734e-01,9.244049787521362305e-01,2.042529582977294922e-01,-1.321030110120773315e-01,1.557427197694778442e-01,-1.028549194335937500e+00,-8.908262848854064941e-01,8.564336895942687988e-01,9.591774940490722656e-01,-2.578125000000000000e-01,-5.242650508880615234e-01,-6.302570700645446777e-01
-1.671648351475596428e-03,-6.677035707980394363e-03,7.953877449035644531e-01,9.792887568473815918e-01,5.022448301315307617e-02,1.853637844324111938e-01,6.411878019571304321e-02,-5.269354581832885742e-01,1.385493390262126923e-02,5.608842521905899048e-02,1.292572617530822754e-01,2.540950775146484375e-01,-7.822087407112121582e-02,-3.687224388122558594e-01,-3.048660457134246826e-01,-5.205593109130859375e-01,1.331448405981063843e-01,-4.558810591697692871e-02,9.768941253423690796e-02,3.075104653835296631e-01,3.896654844284057617e-01,5.247622132301330566e-01,-1.611715257167816162e-01,2.560071349143981934e-01,-7.973718643188476562e-01,9.020162224769592285e-01,2.178566008806228638e-01,-1.286207735538482666e-01,1.524008661508560181e-01,-1.052782654762268066e+00,-8.811655640602111816e-01,8.722949624061584473e-01,9.530940651893615723e-01,-2.305860072374343872e-01,-5.051314234733581543e-01,-5.815976858139038086e-01
-2.156865783035755157e-03,-5.540988408029079437e-03,7.941604852676391602e-01,9.829508662223815918e-01,4.433879628777503967e-02,1.669160276651382446e-01,6.309324502944946289e-02,-4.829998612403869629e-01,2.752870880067348480e-02,5.716076865792274475e-02,1.376277208328247070e-01,2.149587273597717285e-01,-7.843761146068572998e-02,-3.278790712356567383e-01,-2.946646213531494141e-01,-5.285598635673522949e-01,1.464199721813201904e-01,-6.615351885557174683e-02,1.025968566536903381e-01,2.871231436729431152e-01,3.594751954078674316e-01,5.247514247894287109e-01,-1.260758638381958008e-01,2.920685410499572754e-01,-7.693212032318115234e-01,8.794681429862976074e-01,2.360183745622634888e-01,-1.267067044973373413e-01,1.514012515544891357e-01,-1.078377127647399902e+00,-8.715854883193969727e-01,8.905954360961914062e-01,9.409027695655822754e-01,-2.068923413753509521e-01,-4.887057244777679443e-01,-5.356563925743103027e-01
-2.831525402143597603e-03,-4.184924066066741943e-03,7.921981215476989746e-01,9.861803054809570312e-01,3.598779067397117615e-02,1.500012725591659546e-01,6.043893843889236450e-02,-4.355896115303039551e-01,4.867539927363395691e-02,6.533145159482955933e-02,1.334332227706909180e-01,1.651456058025360107e-01,-8.248300105333328247e-02,-2.910570800304412842e-01,-2.771660089492797852e-01,-5.376694798469543457e-01,1.532319784164428711e-01,-8.273626118898391724e-02,1.051227673888206482e-01,2.737797200679779053e-01,3.356821537017822266e-01,5.248159170150756836e-01,-9.452249109745025635e-02,3.245183229446411133e-01,-7.382652163505554199e-01,8.573598861694335938e-01,2.479368150234222412e-01,-1.252050101757049561e-01,1.525234431028366089e-01,-1.102439999580383301e+00,-8.682630062103271484e-01,9.061597585678100586e-01,9.226451516151428223e-01,-1.975571066141128540e-01,-4.757393896579742432e-01,-4.965510666370391846e-01
-3.677960950881242752e-03,-2.996050985530018806e-03,7.901475429534912109e-01,9.885807037353515625e-01,2.822950109839439392e-02,1.363853067159652710e-01,5.753600224852561951e-02,-3.958646059036254883e-01,6.944799423217773438e-02,7.620903104543685913e-02,1.232855319976806641e-01,1.248487755656242371e-01,-8.634874969720840454e-02,-2.620822191238403320e-01,-2.602876722812652588e-01,-5.454289913177490234e-01,1.555145829916000366e-01,-9.637672454118728638e-02,1.049679070711135864e-01,2.643705010414123535e-01,3.125416040420532227e-01,5.247449278831481934e-01,-6.532312929630279541e-02,3.524926602840423584e-01,-7.057977318763732910e-01,8.356452584266662598e-01,2.532778382301330566e-01,-1.240386664867401123e-01,1.573731303215026855e-01,-1.121158480644226074e+00,-8.706808686256408691e-01,9.094737768173217773e-01,8.970087170600891113e-01,-1.936796605587005615e-01,-4.636837542057037354e-01,-4.639835357666015625e-01
-4.645440727472305298e-03,-2.438748255372047424e-03,7.891713976860046387e-01,9.900040626525878906e-01,2.436158619821071625e-02,1.265719532966613770e-01,5.725420266389846802e-02,-3.708065748214721680e-01,7.822079211473464966e-02,7.624579966068267822e-02,1.202725246548652649e-01,1.036667078733444214e-01,-8.653802424669265747e-02,-2.418481111526489258e-01,-2.538901269435882568e-01,-5.513327717781066895e-01,1.623286604881286621e-01,-1.078943237662315369e-01,1.063150987029075623e-01,2.497546374797821045e-01,2.821629047393798828e-01,5.219551920890808105e-01,-3.944409638643264771e-02,3.757191300392150879e-01,-6.799860596656799316e-01,8.167186975479125977e-01,2.626033723354339600e-01,-1.209463328123092651e-01,1.628362387418746948e-01,-1.138389468193054199e+00,-8.735714554786682129e-01,8.991394639015197754e-01,8.668365478515625000e-01,-1.865835040807723999e-01,-4.525348246097564697e-01,-4.358604252338409424e-01
-5.711352452635765076e-03,-2.154642716050148010e-03,7.886894345283508301e-01,9.911302924156188965e-01,2.146351337432861328e-02,1.177312955260276794e-01,5.778748169541358948e-02,-3.506126105785369873e-01,8.462007343769073486e-02,7.369992136955261230e-02,1.192421838641166687e-01,8.846452087163925171e-02,-8.681963384151458740e-02,-2.234414219856262207e-01,-2.492805868387222290e-01,-5.565730333328247070e-01,1.681954264640808105e-01,-1.146688461303710938e-01,1.061723157763481140e-01,2.375411987304687500e-01,2.527076303958892822e-01,5.149260759353637695e-01,-1.771618053317070007e-02,3.957993686199188232e-01,-6.603898406028747559e-01,7.985739111900329590e-01,2.719475030899047852e-01,-1.157471910119056702e-01,1.633981168270111084e-01,-1.147114634513854980e+00,-8.759223222732543945e-01,8.832158446311950684e-01,8.395193219184875488e-01,-1.826400160789489746e-01,-4.392495453357696533e-01,-4.166716933250427246e-01
-6.852783262729644775e-03,-1.982818357646465302e-03,7.882250547409057617e-01,9.921280741691589355e-01,1.852017268538475037e-02,1.094342395663261414e-01,5.799151957035064697e-02,-3.335990607738494873e-01,9.176389127969741821e-02,7.261748611927032471e-02,1.209214702248573303e-01,7.289065420627593994e-02,-8.735461533069610596e-02,-2.055720090866088867e-01,-2.431942671537399292e-01,-5.605765581130981445e-01,1.709614992141723633e-01,-1.185697168111801147e-01,1.061594188213348389e-01,2.296433299779891968e-01,2.271238267421722412e-01,5.039606094360351562e-01,1.338129979558289051e-03,4.120838046073913574e-01,-6.433556675910949707e-01,7.826510071754455566e-01,2.808750867843627930e-01,-1.119151115417480469e-01,1.595744639635086060e-01,-1.149613261222839355e+00,-8.780128955841064453e-01,8.697578907012939453e-01,8.157603144645690918e-01,-1.808614879846572876e-01,-4.277810156345367432e-01,-4.014714658260345459e-01
-7.837781682610511780e-03,-1.867297338321805000e-03,7.876715660095214844e-01,9.929702281951904297e-01,1.579266972839832306e-02,1.019778177142143250e-01,5.797589570283889771e-02,-3.194663226604461670e-01,9.885554015636444092e-02,7.254601269960403442e-02,1.246182993054389954e-01,5.766535550355911255e-02,-8.807529509067535400e-02,-1.896923035383224487e-01,-2.371938824653625488e-01,-5.635083317756652832e-01,1.736251562833786011e-01,-1.225516945123672485e-01,1.067001149058341980e-01,2.243953496217727661e-01,2.044555693864822388e-01,4.902789592742919922e-01,1.954495348036289215e-02,4.247445464134216309e-01,-6.276659369468688965e-01,7.698370814323425293e-01,2.886558771133422852e-01,-1.109614744782447815e-01,1.536417007446289062e-01,-1.149726748466491699e+00,-8.793579936027526855e-01,8.611719608306884766e-01,7.958090901374816895e-01,-1.817702651023864746e-01,-4.188917279243469238e-01,-3.877090513706207275e-01
-8.595922961831092834e-03,-1.849174383096396923e-03,7.870620489120483398e-01,9.937084913253784180e-01,1.342364959418773651e-02,9.510335326194763184e-02,5.760699510574340820e-02,-3.069658875465393066e-01,1.054401993751525879e-01,7.310394197702407837e-02,1.293169260025024414e-01,4.342848807573318481e-02,-8.871626853942871094e-02,-1.752507835626602173e-01,-2.318656295537948608e-01,-5.656457543373107910e-01,1.767006069421768188e-01,-1.272095441818237305e-01,1.077732741832733154e-01,2.209619879722595215e-01,1.822620034217834473e-01,4.742673635482788086e-01,3.719020634889602661e-02,4.345458447933197021e-01,-6.133160591125488281e-01,7.616351246833801270e-01,2.937837839126586914e-01,-1.109592765569686890e-01,1.473715156316757202e-01,-1.148563265800476074e+00,-8.802270293235778809e-01,8.569218516349792480e-01,7.779892683029174805e-01,-1.839113235473632812e-01,-4.116448163986206055e-01,-3.750586807727813721e-01
-9.055278263986110687e-03,-1.980647211894392967e-03,7.864931225776672363e-01,9.943765997886657715e-01,1.145074889063835144e-02,8.849812299013137817e-02,5.702802166342735291e-02,-2.948213815689086914e-01,1.114530041813850403e-01,7.384025305509567261e-02,1.346242278814315796e-01,3.055270388722419739e-02,-8.941183239221572876e-02,-1.614319533109664917e-01,-2.275742590427398682e-01,-5.673268437385559082e-01,1.808639466762542725e-01,-1.324135214090347290e-01,1.093371063470840454e-01,2.184055894613265991e-01,1.600821167230606079e-01,4.567769467830657959e-01,5.411226302385330200e-02,4.416173398494720459e-01,-6.005398631095886230e-01,7.596642971038818359e-01,2.970622777938842773e-01,-1.101367101073265076e-01,1.405234783887863159e-01,-1.145670056343078613e+00,-8.797728419303894043e-01,8.556689023971557617e-01,7.627543807029724121e-01,-1.865621358156204224e-01,-4.052472114562988281e-01,-3.640626966953277588e-01
-9.133284911513328552e-03,-2.278553787618875504e-03,7.859777808189392090e-01,9.950171709060668945e-01,9.654149413108825684e-03,8.176398277282714844e-02,5.623434856534004211e-02,-2.816340625286102295e-01,1.174691542983055115e-01,7.496780157089233398e-02,1.397143751382827759e-01,1.837945543229579926e-02,-9.065566211938858032e-02,-1.467160731554031372e-01,-2.232980281114578247e-01,-5.689654946327209473e-01,1.843920946121215820e-01,-1.381640583276748657e-01,1.108531281352043152e-01,2.164062708616256714e-01,1.379258334636688232e-01,4.390847682952880859e-01,6.963460147380828857e-02,4.465373158454895020e-01,-5.885694026947021484e-01,7.645938992500305176e-01,2.994399666786193848e-01,-1.080667227506637573e-01,1.327420175075531006e-01,-1.140570044517517090e+00,-8.777973651885986328e-01,8.560025691986083984e-01,7.494118213653564453e-01,-1.878102868795394897e-01,-3.988491892814636230e-01,-3.534786999225616455e-01
-8.812398649752140045e-03,-2.687847940251231194e-03,7.855721712112426758e-01,9.956085085868835449e-01,8.128054440021514893e-03,7.503689080476760864e-02,5.538154020905494690e-02,-2.676214277744293213e-01,1.231146305799484253e-01,7.667881250381469727e-02,1.445661038160324097e-01,7.289776112884283066e-03,-9.221693128347396851e-02,-1.318071335554122925e-01,-2.195064127445220947e-01,-5.702050924301147461e-01,1.880424916744232178e-01,-1.442390978336334229e-01,1.122400388121604919e-01,2.144998610019683838e-01,1.156943738460540771e-01,4.216223359107971191e-01,8.346761018037796021e-02,4.491585195064544678e-01,-5.773938298225402832e-01,7.751184701919555664e-01,3.007648885250091553e-01,-1.044872254133224487e-01,1.242918074131011963e-01,-1.132418155670166016e+00,-8.747777342796325684e-01,8.578107357025146484e-01,7.381477355957031250e-01,-1.884868890047073364e-01,-3.925011456012725830e-01,-3.437404036521911621e-01
-8.042089641094207764e-03,-3.150269156321883202e-03,7.852644324302673340e-01,9.961649775505065918e-01,6.797952577471733093e-03,6.821820139884948730e-02,5.436455830931663513e-02,-2.520422935485839844e-01,1.286248862743377686e-01,7.894143462181091309e-02,1.487893015146255493e-01,-3.140327753499150276e-03,-9.424171596765518188e-02,-1.159581393003463745e-01,-2.155969291925430298e-01,-5.708031058311462402e-01,1.910654455423355103e-01,-1.502846330404281616e-01,1.133565306663513184e-01,2.127895355224609375e-01,9.301361441612243652e-02,4.032701849937438965e-01,9.564270079135894775e-02,4.503436088562011719e-01,-5.675414800643920898e-01,7.906194925308227539e-01,3.016192317008972168e-01,-1.001658737659454346e-01,1.150920167565345764e-01,-1.121203780174255371e+00,-8.702972531318664551e-01,8.601731061935424805e-01,7.283971309661865234e-01,-1.889643669128417969e-01,-3.854294419288635254e-01,-3.332692086696624756e-01
-6.858015432953834534e-03,-3.626948688179254532e-03,7.850359678268432617e-01,9.966703057289123535e-01,5.770030431449413300e-03,6.161120161414146423e-02,5.309467762708663940e-02,-2.355423569679260254e-01,1.336923092603683472e-01,8.190363645553588867e-02,1.526716649532318115e-01,-1.321617327630519867e-02,-9.651108086109161377e-02,-1.002978906035423279e-01,-2.122428566217422485e-01,-5.707231760025024414e-01,1.940558403730392456e-01,-1.561088114976882935e-01,1.142061874270439148e-01,2.112603038549423218e-01,7.028043270111083984e-02,3.842259645462036133e-01,1.059914231300354004e-01,4.506448507308959961e-01,-5.590930581092834473e-01,8.090036511421203613e-01,3.015345335006713867e-01,-9.539166092872619629e-02,1.053434014320373535e-01,-1.107218503952026367e+00,-8.641200065612792969e-01,8.624795675277709961e-01,7.196299433708190918e-01,-1.884185075759887695e-01,-3.778286278247833252e-01,-3.213791251182556152e-01
-5.238271784037351608e-03,-4.125491715967655182e-03,7.848836183547973633e-01,9.971264600753784180e-01,5.018219351768493652e-03,5.518949404358863831e-02,5.165033042430877686e-02,-2.185861617326736450e-01,1.384078115224838257e-01,8.548014611005783081e-02,1.562789678573608398e-01,-2.289935015141963959e-02,-9.893020987510681152e-02,-8.403044939041137695e-02,-2.086958736181259155e-01,-5.696157813072204590e-01,1.951330900192260742e-01,-1.612045168876647949e-01,1.153279095888137817e-01,2.098352909088134766e-01,4.747823625802993774e-02,3.639256954193115234e-01,1.147067248821258545e-01,4.506272971630096436e-01,-5.523306727409362793e-01,8.290008902549743652e-01,2.995149791240692139e-01,-9.103892743587493896e-02,9.479774534702301025e-02,-1.092465281486511230e+00,-8.553797602653503418e-01,8.657520413398742676e-01,7.119824290275573730e-01,-1.861332952976226807e-01,-3.693620562553405762e-01,-3.076630234718322754e-01
-3.348459256812930107e-03,-4.568095318973064423e-03,7.847573161125183105e-01,9.975365996360778809e-01,4.497420974075794220e-03,4.904984310269355774e-02,4.994616657495498657e-02,-2.015864402055740356e-01,1.426220089197158813e-01,8.967640250921249390e-02,1.594861149787902832e-01,-3.229700401425361633e-02,-1.015632078051567078e-01,-6.768349558115005493e-02,-2.054624408483505249e-01,-5.680618882179260254e-01,1.948925852775573730e-01,-1.655753701925277710e-01,1.163214594125747681e-01,2.082540541887283325e-01,2.517241984605789185e-02,3.432448208332061768e-01,1.223675608634948730e-01,4.505193233489990234e-01,-5.461937785148620605e-01,8.491585254669189453e-01,2.961463928222656250e-01,-8.735807240009307861e-02,8.416303992271423340e-02,-1.077926158905029297e+00,-8.444859981536865234e-01,8.712531328201293945e-01,7.048588991165161133e-01,-1.819661110639572144e-01,-3.611984550952911377e-01,-2.938318848609924316e-01
-1.263001468032598495e-03,-4.941601306200027466e-03,7.846345901489257812e-01,9.979121088981628418e-01,4.221512936055660248e-03,4.291357845067977905e-02,4.808394983410835266e-02,-1.838546097278594971e-01,1.464187949895858765e-01,9.478267282247543335e-02,1.621039509773254395e-01,-4.107217863202095032e-02,-1.040576025843620300e-01,-5.037271603941917419e-02,-2.023285180330276489e-01,-5.656092762947082520e-01,1.933132708072662354e-01,-1.696336567401885986e-01,1.182907074689865112e-01,2.064035683870315552e-01,3.226860426366329193e-03,3.221268355846405029e-01,1.294440329074859619e-01,4.508446455001831055e-01,-5.412085056304931641e-01,8.680089712142944336e-01,2.913740277290344238e-01,-8.418726921081542969e-02,7.330144196748733521e-02,-1.064164042472839355e+00,-8.314503431320190430e-01,8.780960440635681152e-01,6.989074349403381348e-01,-1.784267127513885498e-01,-3.527171313762664795e-01,-2.809049785137176514e-01
8.092233911156654358e-04,-5.237709730863571167e-03,7.845289111137390137e-01,9.982579350471496582e-01,3.937335684895515442e-03,3.689436987042427063e-02,4.587328806519508362e-02,-1.657312810420989990e-01,1.504125893115997314e-01,1.008200049400329590e-01,1.643285900354385376e-01,-4.957013204693794250e-02,-1.069948524236679077e-01,-3.303455188870429993e-02,-1.988423019647598267e-01,-5.628821253776550293e-01,1.903230249881744385e-01,-1.730943918228149414e-01,1.204349473118782043e-01,2.045516371726989746e-01,-1.700950972735881805e-02,3.018798530101776123e-01,1.361650228500366211e-01,4.520812928676605225e-01,-5.360336303710937500e-01,8.848221898078918457e-01,2.866016030311584473e-01,-8.183130621910095215e-02,6.409143656492233276e-02,-1.052075862884521484e+00,-8.173066973686218262e-01,8.862689137458801270e-01,6.941685676574707031e-01,-1.733791530132293701e-01,-3.448455929756164551e-01,-2.676131427288055420e-01
2.797785680741071701e-03,-5.444924347102642059e-03,7.844634652137756348e-01,9.985665082931518555e-01,3.750305157154798508e-03,3.111260384321212769e-02,4.339188709855079651e-02,-1.476012319326400757e-01,1.541045755147933960e-01,1.076992079615592957e-01,1.658967286348342896e-01,-5.716520920395851135e-02,-1.095118075609207153e-01,-1.640453748404979706e-02,-1.955035328865051270e-01,-5.595690608024597168e-01,1.865116655826568604e-01,-1.758317649364471436e-01,1.229297742247581482e-01,2.027147114276885986e-01,-3.515184298157691956e-02,2.824902534484863281e-01,1.424133181571960449e-01,4.540246129035949707e-01,-5.315216779708862305e-01,8.991210460662841797e-01,2.812960743904113770e-01,-7.980137318372726440e-02,5.680743977427482605e-02,-1.041195631027221680e+00,-8.029756546020507812e-01,8.947588205337524414e-01,6.913724541664123535e-01,-1.693270057439804077e-01,-3.378650546073913574e-01,-2.561189234256744385e-01
4.688402172178030014e-03,-5.521646700799465179e-03,7.843808531761169434e-01,9.988339543342590332e-01,3.561852499842643738e-03,2.561605535447597504e-02,4.076604545116424561e-02,-1.299977600574493408e-01,1.574680060148239136e-01,1.148982495069503784e-01,1.671559512615203857e-01,-6.421657651662826538e-02,-1.114979088306427002e-01,-3.652756859082728624e-04,-1.922129094600677490e-01,-5.562941431999206543e-01,1.814116984605789185e-01,-1.776473820209503174e-01,1.252971738576889038e-01,2.006990313529968262e-01,-5.121080204844474792e-02,2.638956308364868164e-01,1.480007320642471313e-01,4.564556479454040527e-01,-5.275512933731079102e-01,9.115212559700012207e-01,2.760797739028930664e-01,-7.773795723915100098e-02,5.102096498012542725e-02,-1.031239509582519531e+00,-7.893540263175964355e-01,9.036667346954345703e-01,6.900635957717895508e-01,-1.682772189378738403e-01,-3.319219350814819336e-01,-2.465803623199462891e-01
6.340553052723407745e-03,-5.393426865339279175e-03,7.842692732810974121e-01,9.990643858909606934e-01,3.396844025701284409e-03,2.046487294137477875e-02,3.794737532734870911e-02,-1.132036596536636353e-01,1.601969450712203979e-01,1.219530999660491943e-01,1.678168326616287231e-01,-7.065640389919281006e-02,-1.128587499260902405e-01,1.484165899455547333e-02,-1.892376244068145752e-01,-5.528706312179565430e-01,1.751536577939987183e-01,-1.782078295946121216e-01,1.277355551719665527e-01,1.988245099782943726e-01,-6.458967924118041992e-02,2.467496842145919800e-01,1.528906673192977905e-01,4.587085247039794922e-01,-5.249567627906799316e-01,9.226272106170654297e-01,2.707020938396453857e-01,-7.579366862773895264e-02,4.624985530972480774e-02,-1.022048592567443848e+00,-7.769184708595275879e-01,9.117423892021179199e-01,6.893357038497924805e-01,-1.695259064435958862e-01,-3.276073932647705078e-01,-2.386566400527954102e-01
7.651899941265583038e-03,-5.010592751204967499e-03,7.841449379920959473e-01,9.992499947547912598e-01,3.384552430361509323e-03,1.572686992585659027e-02,3.522364050149917603e-02,-9.768178313970565796e-02,1.619146168231964111e-01,1.287762522697448730e-01,1.676567494869232178e-01,-7.620574533939361572e-02,-1.133624091744422913e-01,2.881940454244613647e-02,-1.870478987693786621e-01,-5.493784546852111816e-01,1.686620414257049561e-01,-1.779933422803878784e-01,1.303716003894805908e-01,1.969382911920547485e-01,-7.549348473548889160e-02,2.317562699317932129e-01,1.565338224172592163e-01,4.606280922889709473e-01,-5.240184068679809570e-01,9.329054355621337891e-01,2.655598223209381104e-01,-7.376293092966079712e-02,4.174789786338806152e-02,-1.015071034431457520e+00,-7.659725546836853027e-01,9.197335243225097656e-01,6.887251734733581543e-01,-1.705777645111083984e-01,-3.235981464385986328e-01,-2.306321263313293457e-01
8.566237986087799072e-03,-4.395949654281139374e-03,7.840455770492553711e-01,9.993932247161865234e-01,3.474230878055095673e-03,1.143299229443073273e-02,3.271699324250221252e-02,-8.387938886880874634e-02,1.627657711505889893e-01,1.353190541267395020e-01,1.671011000871658325e-01,-8.063929527997970581e-02,-1.136475726962089539e-01,4.114237427711486816e-02,-1.857875585556030273e-01,-5.459025502204895020e-01,1.624894142150878906e-01,-1.767196804285049438e-01,1.330162584781646729e-01,1.949831992387771606e-01,-8.402606844902038574e-02,2.186634540557861328e-01,1.587261557579040527e-01,4.620671868324279785e-01,-5.235559344291687012e-01,9.424839019775390625e-01,2.612571716308593750e-01,-7.161798328161239624e-02,3.645050153136253357e-02,-1.009726047515869141e+00,-7.567235231399536133e-01,9.273693561553955078e-01,6.888418793678283691e-01,-1.698482334613800049e-01,-3.199198842048645020e-01,-2.219587415456771851e-01
9.021318517625331879e-03,-3.588909283280372620e-03,7.840182185173034668e-01,9.995058178901672363e-01,3.646120196208357811e-03,7.509899325668811798e-03,3.030696325004100800e-02,-7.198773324489593506e-02,1.628848016262054443e-01,1.417130827903747559e-01,1.668136268854141235e-01,-8.440803736448287964e-02,-1.134000495076179504e-01,5.193515494465827942e-02,-1.852685958147048950e-01,-5.421512126922607422e-01,1.565649360418319702e-01,-1.741774976253509521e-01,1.357477903366088867e-01,1.932212710380554199e-01,-9.038394689559936523e-02,2.074633389711380005e-01,1.599594205617904663e-01,4.630774259567260742e-01,-5.229709148406982422e-01,9.502601623535156250e-01,2.566264867782592773e-01,-6.998998671770095825e-02,3.104672767221927643e-02,-1.006365418434143066e+00,-7.494976520538330078e-01,9.355181455612182617e-01,6.894814968109130859e-01,-1.694324165582656860e-01,-3.162493705749511719e-01,-2.128011286258697510e-01
9.013344533741474152e-03,-2.636712044477462769e-03,7.840294241905212402e-01,9.995923042297363281e-01,3.918335307389497757e-03,3.971379250288009644e-03,2.800164557993412018e-02,-6.193924695253372192e-02,1.622717976570129395e-01,1.479463130235671997e-01,1.666309088468551636e-01,-8.708604425191879272e-02,-1.131045147776603699e-01,6.084677577018737793e-02,-1.856890618801116943e-01,-5.383513569831848145e-01,1.513917893171310425e-01,-1.710561513900756836e-01,1.389265805482864380e-01,1.918208450078964233e-01,-9.470652788877487183e-02,1.983889043331146240e-01,1.598716825246810913e-01,4.639351069927215576e-01,-5.229756236076354980e-01,9.561486244201660156e-01,2.530472278594970703e-01,-6.890022754669189453e-02,2.614522539079189301e-02,-1.004515409469604492e+00,-7.442331910133361816e-01,9.434251785278320312e-01,6.917702555656433105e-01,-1.692215949296951294e-01,-3.124896883964538574e-01,-2.031369805335998535e-01
8.630156517028808594e-03,-1.599284354597330093e-03,7.840581536293029785e-01,9.996518492698669434e-01,4.181995056569576263e-03,7.509155548177659512e-04,2.603979967534542084e-02,-5.341154709458351135e-02,1.611218601465225220e-01,1.535003036260604858e-01,1.669394969940185547e-01,-8.920610696077346802e-02,-1.124878823757171631e-01,6.786330044269561768e-02,-1.869354248046875000e-01,-5.350306630134582520e-01,1.479936987161636353e-01,-1.684817075729370117e-01,1.418204009532928467e-01,1.903986781835556030e-01,-9.708563983440399170e-02,1.912073791027069092e-01,1.592632532119750977e-01,4.649301469326019287e-01,-5.233617424964904785e-01,9.600118398666381836e-01,2.506917417049407959e-01,-6.837551295757293701e-02,2.208807691931724548e-02,-1.004775404930114746e+00,-7.409848570823669434e-01,9.517562389373779297e-01,6.958531141281127930e-01,-1.685379892587661743e-01,-3.086264729499816895e-01,-1.929540485143661499e-01
7.989292033016681671e-03,-5.211948882788419724e-04,7.840707302093505859e-01,9.996879100799560547e-01,4.405127838253974915e-03,-2.140490803867578506e-03,2.449633926153182983e-02,-4.595322161912918091e-02,1.596578061580657959e-01,1.579380631446838379e-01,1.672061532735824585e-01,-9.050737321376800537e-02,-1.118333116173744202e-01,7.336779683828353882e-02,-1.887296140193939209e-01,-5.327913165092468262e-01,1.459109783172607422e-01,-1.664327532052993774e-01,1.443990767002105713e-01,1.889513581991195679e-01,-9.809772670269012451e-02,1.854833662509918213e-01,1.584495007991790771e-01,4.662887752056121826e-01,-5.244488120079040527e-01,9.620077610015869141e-01,2.511373460292816162e-01,-6.810038536787033081e-02,1.888513378798961639e-02,-1.006808519363403320e+00,-7.396300435066223145e-01,9.600061774253845215e-01,7.019478678703308105e-01,-1.653742194175720215e-01,-3.050068318843841553e-01,-1.816001981496810913e-01
7.233052980154752731e-03,5.538493860512971878e-04,7.840719223022460938e-01,9.997015595436096191e-01,4.620626103132963181e-03,-4.688636399805545807e-03,2.352515421807765961e-02,-3.962329030036926270e-02,1.580498069524765015e-01,1.611468046903610229e-01,1.672492921352386475e-01,-9.105918556451797485e-02,-1.112325787544250488e-01,7.795497775077819824e-02,-1.907791942358016968e-01,-5.320126414299011230e-01,1.443417370319366455e-01,-1.645717769861221313e-01,1.464039534330368042e-01,1.877642869949340820e-01,-9.836102277040481567e-02,1.810117661952972412e-01,1.576245129108428955e-01,4.680771529674530029e-01,-5.260491371154785156e-01,9.626060724258422852e-01,2.527864277362823486e-01,-6.754075735807418823e-02,1.636245660483837128e-02,-1.009587287902832031e+00,-7.402999401092529297e-01,9.667828083038330078e-01,7.085974812507629395e-01,-1.600775718688964844e-01,-3.027380108833312988e-01,-1.698507666587829590e-01
6.425531115382909775e-03,1.647948753088712692e-03,7.840690016746520996e-01,9.996942281723022461e-01,4.860436543822288513e-03,-6.895019672811031342e-03,2.324496582150459290e-02,-3.496292233467102051e-02,1.562657058238983154e-01,1.632636040449142456e-01,1.672869175672531128e-01,-9.105520695447921753e-02,-1.104445382952690125e-01,8.206789195537567139e-02,-1.927958577871322632e-01,-5.320496559143066406e-01,1.425999104976654053e-01,-1.626116335391998291e-01,1.480752676725387573e-01,1.868861764669418335e-01,-9.825410693883895874e-02,1.772670596837997437e-01,1.564636975526809692e-01,4.704734981060028076e-01,-5.280401706695556641e-01,9.619056582450866699e-01,2.542376518249511719e-01,-6.676305830478668213e-02,1.426077634096145630e-02,-1.013037562370300293e+00,-7.428760528564453125e-01,9.722319841384887695e-01,7.150526642799377441e-01,-1.535151153802871704e-01,-3.010722696781158447e-01,-1.578705310821533203e-01
5.595983471721410751e-03,2.720616757869720459e-03,7.840600609779357910e-01,9.996738433837890625e-01,5.071908235549926758e-03,-8.795641362667083740e-03,2.343382127583026886e-02,-3.203193843364715576e-02,1.546919941902160645e-01,1.647495329380035400e-01,1.677987426519393921e-01,-9.109807014465332031e-02,-1.095771491527557373e-01,8.572039008140563965e-02,-1.945486813783645630e-01,-5.322123765945434570e-01,1.407344788312911987e-01,-1.605074405670166016e-01,1.494012773036956787e-01,1.866804361343383789e-01,-9.779158234596252441e-02,1.739755868911743164e-01,1.548852771520614624e-01,4.733834564685821533e-01,-5.297645330429077148e-01,9.603118896484375000e-01,2.553624212741851807e-01,-6.662611663341522217e-02,1.212336588650941849e-02,-1.015945672988891602e+00,-7.467821836471557617e-01,9.745236039161682129e-01,7.212854027748107910e-01,-1.461057215929031372e-01,-2.994403839111328125e-01,-1.466049253940582275e-01
4.795992281287908554e-03,3.711711149662733078e-03,7.840003371238708496e-01,9.996403455734252930e-01,5.310717970132827759e-03,-1.056921016424894333e-02,2.406689710915088654e-02,-2.990152500569820404e-02,1.530811935663223267e-01,1.656928509473800659e-01,1.682578325271606445e-01,-9.114403277635574341e-02,-1.091342791914939880e-01,8.966720104217529297e-02,-1.960991770029067993e-01,-5.327730774879455566e-01,1.385545581579208374e-01,-1.585771143436431885e-01,1.509723067283630371e-01,1.868860125541687012e-01,-9.731915593147277832e-02,1.711880415678024292e-01,1.531595438718795776e-01,4.764993786811828613e-01,-5.311127305030822754e-01,9.589078426361083984e-01,2.571299374103546143e-01,-6.699577718973159790e-02,9.109386242926120758e-03,-1.018284440040588379e+00,-7.512744069099426270e-01,9.729495644569396973e-01,7.277004122734069824e-01,-1.370796412229537964e-01,-2.972532808780670166e-01,-1.354710608720779419e-01
4.006893374025821686e-03,4.571644589304924011e-03,7.839014530181884766e-01,9.996013045310974121e-01,5.544866900891065598e-03,-1.221365574747323990e-02,2.484565228223800659e-02,-2.807032130658626556e-02,1.514742672443389893e-01,1.666895747184753418e-01,1.687067896127700806e-01,-9.146665781736373901e-02,-1.087289154529571533e-01,9.347482770681381226e-02,-1.977061331272125244e-01,-5.334113240242004395e-01,1.372730880975723267e-01,-1.572091728448867798e-01,1.528568267822265625e-01,1.874047368764877319e-01,-9.689847379922866821e-02,1.689271628856658936e-01,1.518756300210952759e-01,4.794574379920959473e-01,-5.313571691513061523e-01,9.572913050651550293e-01,2.590682506561279297e-01,-6.792765110731124878e-02,5.727707408368587494e-03,-1.020144581794738770e+00,-7.556315660476684570e-01,9.693503379821777344e-01,7.332177758216857910e-01,-1.280339956283569336e-01,-2.949314117431640625e-01,-1.252200603485107422e-01
3.266380168497562408e-03,5.231417249888181686e-03,7.837954163551330566e-01,9.995547533035278320e-01,5.810131784528493881e-03,-1.371378637850284576e-02,2.585470676422119141e-02,-2.644806541502475739e-02,1.497719436883926392e-01,1.672381460666656494e-01,1.690877974033355713e-01,-9.177184104919433594e-02,-1.079261377453804016e-01,9.709786623716354370e-02,-1.994530856609344482e-01,-5.342453718185424805e-01,1.373853832483291626e-01,-1.567489802837371826e-01,1.546789705753326416e-01,1.877004653215408325e-01,-9.685956686735153198e-02,1.674343645572662354e-01,1.517229378223419189e-01,4.818649291992187500e-01,-5.304340720176696777e-01,9.554029107093811035e-01,2.613869309425354004e-01,-6.942412257194519043e-02,2.613244578242301941e-03,-1.020852446556091309e+00,-7.587030529975891113e-01,9.639974236488342285e-01,7.374373078346252441e-01,-1.204233989119529724e-01,-2.929076552391052246e-01,-1.160619258880615234e-01
2.591018797829747200e-03,5.835054907947778702e-03,7.837480306625366211e-01,9.995001554489135742e-01,6.173395086079835892e-03,-1.499541476368904114e-02,2.713826484978199005e-02,-2.518288604915142059e-02,1.475394368171691895e-01,1.668941080570220947e-01,1.688710153102874756e-01,-9.224952012300491333e-02,-1.060916930437088013e-01,1.000594198703765869e-01,-2.014103978872299194e-01,-5.351051688194274902e-01,1.387167721986770630e-01,-1.567493081092834473e-01,1.558338701725006104e-01,1.875748932361602783e-01,-9.732950478792190552e-02,1.660574525594711304e-01,1.532267481088638306e-01,4.838643074035644531e-01,-5.267252326011657715e-01,9.530951976776123047e-01,2.642365992069244385e-01,-7.187858968973159790e-02,4.251999780535697937e-05,-1.020492672920227051e+00,-7.595015168190002441e-01,9.562015533447265625e-01,7.418186664581298828e-01,-1.130167543888092041e-01,-2.908580899238586426e-01,-1.062262058258056641e-01
