-1.257456559687852859e-02,-3.909455612301826477e-02,4.364165067672729492e-01,9.934370517730712891e-01,1.127872765064239502e-01,-1.712568663060665131e-02,-8.280740119516849518e-03,-1.023586273193359375e+00,1.422078460454940796e-01,6.430784612894058228e-02,2.245543479919433594e+00,-7.803744077682495117e-01,-2.452130019664764404e-01,1.958082169294357300e-01,-2.332024574279785156e-01,2.087010890245437622e-01,2.136790275573730469e+00,-4.005362391471862793e-01,2.099737673997879028e-01,8.184092491865158081e-02,-1.128616183996200562e-01,4.394851028919219971e-01,-1.196962594985961914e-01,7.572045922279357910e-01,-6.039988398551940918e-01,8.532701134681701660e-01,2.454133182764053345e-01,-1.328438669443130493e-01,-9.826267138123512268e-03,-4.321656227111816406e-01,-5.436208844184875488e-01,8.615427017211914062e-01,9.840630292892456055e-01,-9.177614003419876099e-02,1.439766865223646164e-02,2.176365815103054047e-02
-1.202651113271713257e-02,-4.383145272731781006e-02,4.398787319660186768e-01,9.919133782386779785e-01,1.251362860202789307e-01,-1.810957863926887512e-02,-1.099222246557474136e-02,-9.972974658012390137e-01,1.174034848809242249e-01,7.233991473913192749e-02,2.219186305999755859e+00,-7.635839581489562988e-01,-2.587814927101135254e-01,1.892213225364685059e-01,-2.495954781770706177e-01,2.102696150541305542e-01,2.142765522003173828e+00,-3.959348797798156738e-01,2.092756032943725586e-01,8.839229494333267212e-02,-1.126046925783157349e-01,4.258334934711456299e-01,-7.708583772182464600e-02,7.455606460571289062e-01,-5.958499908447265625e-01,7.845428586006164551e-01,2.859740853309631348e-01,-1.396923810243606567e-01,-1.452419999986886978e-02,-4.273208379745483398e-01,-5.298886299133300781e-01,8.607868552207946777e-01,1.004151344299316406e+00,-7.886141538619995117e-02,2.301898784935474396e-02,2.301093004643917084e-02
-1.134053897112607956e-02,-4.889687523245811462e-02,4.418326616287231445e-01,9.898836612701416016e-01,1.402559280395507812e-01,-1.784423552453517914e-02,-1.184445805847644806e-02,-9.908202886581420898e-01,8.514285832643508911e-02,7.934477925300598145e-02,2.199853897094726562e+00,-7.283978462219238281e-01,-2.694390714168548584e-01,1.798123270273208618e-01,-2.787038087844848633e-01,2.122812718152999878e-01,2.148757696151733398e+00,-3.892349898815155029e-01,2.037274539470672607e-01,9.318349510431289673e-02,-1.238653510808944702e-01,4.122949838638305664e-01,-3.816492483019828796e-02,7.437880039215087891e-01,-5.851299762725830078e-01,7.126326560974121094e-01,3.285682201385498047e-01,-1.455895751714706421e-01,-1.648822985589504242e-02,-4.287855625152587891e-01,-5.065501332283020020e-01,8.679728507995605469e-01,1.018400430679321289e+00,-6.239783763885498047e-02,3.071493655443191528e-02,3.836660087108612061e-02
-1.170836575329303741e-02,-5.395006388425827026e-02,4.426578879356384277e-01,9.878413081169128418e-01,1.543017774820327759e-01,-1.720577664673328400e-02,-8.028465323150157928e-03,-1.004816293716430664e+00,5.302839726209640503e-02,8.207212388515472412e-02,2.193385362625122070e+00,-6.763676404953002930e-01,-2.781816422939300537e-01,1.762340068817138672e-01,-3.028244078159332275e-01,2.114867717027664185e-01,2.155164957046508789e+00,-3.788051009178161621e-01,2.014182657003402710e-01,9.303762763738632202e-02,-1.421805769205093384e-01,4.029420018196105957e-01,-1.808305829763412476e-02,7.536939978599548340e-01,-5.807855725288391113e-01,6.590673923492431641e-01,3.600064814090728760e-01,-1.495552659034729004e-01,-7.969028316438198090e-03,-4.286625981330871582e-01,-4.783016443252563477e-01,8.807050585746765137e-01,1.027874469757080078e+00,-5.553736537694931030e-02,3.173517063260078430e-02,6.054904311895370483e-02
-1.270390674471855164e-02,-5.866474285721778870e-02,4.424319863319396973e-01,9.867832660675048828e-01,1.611834913492202759e-01,-1.666168868541717529e-02,-1.034009270370006561e-03,-1.039107561111450195e+00,3.935522586107254028e-02,7.374261319637298584e-02,2.197778224945068359e+00,-6.412436962127685547e-01,-2.789666652679443359e-01,1.739444583654403687e-01,-3.109638690948486328e-01,2.046655714511871338e-01,2.160153627395629883e+00,-3.678387403488159180e-01,1.990027576684951782e-01,8.914620429277420044e-02,-1.534976959228515625e-01,3.970213830471038818e-01,-1.353079266846179962e-02,7.686262130737304688e-01,-5.836344361305236816e-01,6.184940934181213379e-01,3.878477811813354492e-01,-1.485202610492706299e-01,-4.293317906558513641e-03,-4.324197471141815186e-01,-4.470210671424865723e-01,8.967600464820861816e-01,1.029771804809570312e+00,-5.150636658072471619e-02,2.935995906591415405e-02,8.586938679218292236e-02
-1.392062753438949585e-02,-6.300038099288940430e-02,4.417917430400848389e-01,9.865604043006896973e-01,1.625164300203323364e-01,-1.561298873275518417e-02,6.569676566869020462e-03,-1.077997207641601562e+00,4.761488363146781921e-02,6.187171861529350281e-02,2.200941801071166992e+00,-6.303634047508239746e-01,-2.767258882522583008e-01,1.724447160959243774e-01,-3.021149039268493652e-01,1.943683773279190063e-01,2.163832902908325195e+00,-3.540054559707641602e-01,1.998408883810043335e-01,8.423589915037155151e-02,-1.578045785427093506e-01,3.918983042240142822e-01,-1.690681092441082001e-02,7.851667404174804688e-01,-5.906474590301513672e-01,5.854044556617736816e-01,4.169322848320007324e-01,-1.447355151176452637e-01,1.454885583370923996e-03,-4.355638325214385986e-01,-4.151478409767150879e-01,9.088613390922546387e-01,1.026751041412353516e+00,-5.102571099996566772e-02,2.593697048723697662e-02,1.135823354125022888e-01
-1.505579147487878799e-02,-6.657744944095611572e-02,4.406889677047729492e-01,9.870046973228454590e-01,1.595061719417572021e-01,-1.344205159693956375e-02,1.410381402820348740e-02,-1.121028661727905273e+00,6.951404362916946411e-02,5.097531527280807495e-02,2.200522899627685547e+00,-6.351156234741210938e-01,-2.711853981018066406e-01,1.682420521974563599e-01,-2.794696986675262451e-01,1.831807941198348999e-01,2.166478157043457031e+00,-3.374621868133544922e-01,2.036786526441574097e-01,7.898461073637008667e-02,-1.558107733726501465e-01,3.856611847877502441e-01,-2.372802048921585083e-02,7.999992370605468750e-01,-5.992742776870727539e-01,5.565803050994873047e-01,4.498397111892700195e-01,-1.402655690908432007e-01,9.916023351252079010e-03,-4.371623396873474121e-01,-3.835087418556213379e-01,9.113952517509460449e-01,1.018587589263916016e+00,-5.069612339138984680e-02,2.048815600574016571e-02,1.419342458248138428e-01
-1.589732244610786438e-02,-6.859534233808517456e-02,4.391717314720153809e-01,9.877483248710632324e-01,1.543431729078292847e-01,-1.030881423503160477e-02,2.061841450631618500e-02,-1.158650875091552734e+00,9.440103918313980103e-02,5.484791472554206848e-02,2.188861131668090820e+00,-6.419245004653930664e-01,-2.663930952548980713e-01,1.612089276313781738e-01,-2.501123845577239990e-01,1.770425140857696533e-01,2.168136835098266602e+00,-3.159014582633972168e-01,2.104193717241287231e-01,7.347813248634338379e-02,-1.501089930534362793e-01,3.786976039409637451e-01,-3.121468238532543182e-02,8.102895021438598633e-01,-6.059854030609130859e-01,5.316969156265258789e-01,4.819529652595520020e-01,-1.391235888004302979e-01,2.502041310071945190e-02,-4.361488521099090576e-01,-3.548366129398345947e-01,9.060763716697692871e-01,1.007258176803588867e+00,-3.817415982484817505e-02,9.610898792743682861e-03,1.679136455059051514e-01
-1.768592931330204010e-02,-6.908090412616729736e-02,4.368071258068084717e-01,9.886606335639953613e-01,1.478505581617355347e-01,-6.729274988174438477e-03,2.539880387485027313e-02,-1.184370398521423340e+00,1.289249360561370850e-01,7.708074152469635010e-02,2.172448158264160156e+00,-6.427291035652160645e-01,-2.635540664196014404e-01,1.503203958272933960e-01,-2.184984833002090454e-01,1.753355264663696289e-01,2.171391248703002930e+00,-2.874049246311187744e-01,2.171304374933242798e-01,6.801707297563552856e-02,-1.411667168140411377e-01,3.733129799365997314e-01,-3.394440934062004089e-02,8.152842521667480469e-01,-6.105341911315917969e-01,5.094854235649108887e-01,5.103575587272644043e-01,-1.457772403955459595e-01,4.927770793437957764e-02,-4.329863190650939941e-01,-3.299555480480194092e-01,8.976421356201171875e-01,9.971950650215148926e-01,-1.141828019171953201e-02,-6.600295659154653549e-03,1.891144961118698120e-01
-1.884846575558185577e-02,-6.765174865722656250e-02,4.339629113674163818e-01,9.896864295005798340e-01,1.404528319835662842e-01,-3.092929720878601074e-03,2.800549566745758057e-02,-1.197711229324340820e+00,1.658040285110473633e-01,1.059486344456672668e-01,2.157892704010009766e+00,-6.481040716171264648e-01,-2.610045969486236572e-01,1.373079717159271240e-01,-1.899866759777069092e-01,1.780569404363632202e-01,2.176334381103515625e+00,-2.523547708988189697e-01,2.197966873645782471e-01,6.288284808397293091e-02,-1.295205950736999512e-01,3.693038821220397949e-01,-3.850095719099044800e-02,8.146154284477233887e-01,-6.148248314857482910e-01,4.964970052242279053e-01,5.293477177619934082e-01,-1.579550355672836304e-01,8.038370311260223389e-02,-4.337283372879028320e-01,-3.077639341354370117e-01,8.921723961830139160e-01,9.879405498504638672e-01,4.171907901763916016e-02,-2.455269731581211090e-02,2.037743926048278809e-01
-2.083940431475639343e-02,-6.516584753990173340e-02,4.303328394889831543e-01,9.907841086387634277e-01,1.324322074651718140e-01,6.861482979729771614e-04,2.842739038169384003e-02,-1.210500359535217285e+00,1.926965117454528809e-01,1.101958602666854858e-01,2.167350292205810547e+00,-6.748258471488952637e-01,-2.571114301681518555e-01,1.201321035623550415e-01,-1.578683108091354370e-01,1.849851012229919434e-01,2.188349246978759766e+00,-2.153648436069488525e-01,2.281265705823898315e-01,5.729018524289131165e-02,-1.135877668857574463e-01,3.687787950038909912e-01,-4.950264096260070801e-02,8.133293986320495605e-01,-6.280205249786376953e-01,4.898463785648345947e-01,5.395254492759704590e-01,-1.735805869102478027e-01,1.243146136403083801e-01,-4.356432557106018066e-01,-2.927810549736022949e-01,8.803576827049255371e-01,9.828639030456542969e-01,9.395175427198410034e-02,-4.522916674613952637e-02,2.055550813674926758e-01
-2.354144491255283356e-02,-6.249482184648513794e-02,4.271607697010040283e-01,9.917552471160888672e-01,1.250599324703216553e-01,3.237065160647034645e-03,2.776633389294147491e-02,-1.226773023605346680e+00,2.096476554870605469e-01,1.066384091973304749e-01,2.181137800216674805e+00,-6.922537088394165039e-01,-2.558206021785736084e-01,1.070039793848991394e-01,-1.289812475442886353e-01,1.970257014036178589e-01,2.204204559326171875e+00,-1.922684758901596069e-01,2.356734275817871094e-01,5.162778124213218689e-02,-9.741797298192977905e-02,3.740319609642028809e-01,-7.449398934841156006e-02,8.155183196067810059e-01,-6.576343774795532227e-01,4.916795194149017334e-01,5.468790531158447266e-01,-1.948562264442443848e-01,1.705883592367172241e-01,-4.408852756023406982e-01,-2.830648422241210938e-01,8.735379576683044434e-01,9.811252355575561523e-01,1.397585272789001465e-01,-6.655276566743850708e-02,1.937400549650192261e-01
-2.657526172697544098e-02,-5.988571792840957642e-02,4.246312975883483887e-01,9.927101135253906250e-01,1.174930483102798462e-01,5.703292787075042725e-03,2.625799737870693207e-02,-1.237367987632751465e+00,2.237413227558135986e-01,1.038182228803634644e-01,2.189982414245605469e+00,-7.146414518356323242e-01,-2.525504827499389648e-01,9.319120645523071289e-02,-1.040842235088348389e-01,2.078590393066406250e-01,2.220999956130981445e+00,-1.710796654224395752e-01,2.407561093568801880e-01,4.502820596098899841e-02,-8.074666559696197510e-02,3.811988234519958496e-01,-1.067457273602485657e-01,8.224843740463256836e-01,-7.034409046173095703e-01,4.925735890865325928e-01,5.498730540275573730e-01,-2.200262248516082764e-01,2.120947241783142090e-01,-4.503315687179565430e-01,-2.764378786087036133e-01,8.777855634689331055e-01,9.840717911720275879e-01,1.666680127382278442e-01,-9.006267786026000977e-02,1.669946014881134033e-01
-2.980341948568820953e-02,-5.719099938869476318e-02,4.233871400356292725e-01,9.935358762741088867e-01,1.104135587811470032e-01,8.977921679615974426e-03,2.479298412799835205e-02,-1.254879474639892578e+00,2.380235493183135986e-01,1.010880023241043091e-01,2.198721170425415039e+00,-7.261631488800048828e-01,-2.420478910207748413e-01,7.573680579662322998e-02,-8.782447129487991333e-02,2.156454026699066162e-01,2.237518072128295898e+00,-1.492590755224227905e-01,2.446698248386383057e-01,3.750218078494071960e-02,-6.570914387702941895e-02,3.882205784320831299e-01,-1.368281543254852295e-01,8.331142067909240723e-01,-7.462532520294189453e-01,4.805698096752166748e-01,5.461856126785278320e-01,-2.491076290607452393e-01,2.447256594896316528e-01,-4.635904729366302490e-01,-2.713642120361328125e-01,8.819263577461242676e-01,9.860787391662597656e-01,1.631983965635299683e-01,-1.090052276849746704e-01,1.331706494092941284e-01
-3.304254636168479919e-02,-5.510757118463516235e-02,4.221366643905639648e-01,9.940426349639892578e-01,1.054877415299415588e-01,1.198847312480211258e-02,2.465459704399108887e-02,-1.277665734291076660e+00,2.462727129459381104e-01,9.705920517444610596e-02,2.209089756011962891e+00,-7.210573554039001465e-01,-2.295779734849929810e-01,6.099157407879829407e-02,-7.581277936697006226e-02,2.220637500286102295e-01,2.251919269561767578e+00,-1.353994607925415039e-01,2.507625222206115723e-01,3.125403821468353271e-02,-5.712312832474708557e-02,3.955792784690856934e-01,-1.660501956939697266e-01,8.492020368576049805e-01,-7.833496928215026855e-01,4.639859199523925781e-01,5.453362464904785156e-01,-2.759492099285125732e-01,2.730439603328704834e-01,-4.795114696025848389e-01,-2.664843797683715820e-01,8.833518624305725098e-01,9.819754958152770996e-01,1.434970349073410034e-01,-1.208448857069015503e-01,1.003385633230209351e-01
-3.607020154595375061e-02,-5.383579432964324951e-02,4.206681549549102783e-01,9.943796992301940918e-01,1.020612269639968872e-01,1.405868213623762131e-02,2.438969723880290985e-02,-1.296139955520629883e+00,2.528827488422393799e-01,9.535171836614608765e-02,2.216758251190185547e+00,-7.162939310073852539e-01,-2.185468971729278564e-01,4.817799106240272522e-02,-6.666658073663711548e-02,2.271368354558944702e-01,2.263357400894165039e+00,-1.255243867635726929e-01,2.568419873714447021e-01,2.691833488643169403e-02,-5.332250520586967468e-02,4.046306610107421875e-01,-1.901387125253677368e-01,8.655873537063598633e-01,-8.109123706817626953e-01,4.518529474735260010e-01,5.447873473167419434e-01,-2.983685433864593506e-01,2.932841181755065918e-01,-4.923690557479858398e-01,-2.589280605316162109e-01,8.823066353797912598e-01,9.750569462776184082e-01,1.224165186285972595e-01,-1.291437745094299316e-01,6.970498710870742798e-02
-3.906222805380821228e-02,-5.321540310978889465e-02,4.188461005687713623e-01,9.946100115776062012e-01,9.962740540504455566e-02,1.582020148634910583e-02,2.397898398339748383e-02,-1.312232375144958496e+00,2.576016187667846680e-01,9.405843168497085571e-02,2.221996545791625977e+00,-7.135646939277648926e-01,-2.106681019067764282e-01,3.535322844982147217e-02,-6.149991601705551147e-02,2.312737703323364258e-01,2.273815155029296875e+00,-1.153720170259475708e-01,2.614023387432098389e-01,2.329498715698719025e-02,-5.229116976261138916e-02,4.133062660694122314e-01,-2.125009745359420776e-01,8.793122768402099609e-01,-8.333238959312438965e-01,4.482983350753784180e-01,5.462187528610229492e-01,-3.160455226898193359e-01,3.089062571525573730e-01,-5.037916302680969238e-01,-2.474634051322937012e-01,8.818898200988769531e-01,9.694022536277770996e-01,1.052499487996101379e-01,-1.361804157495498657e-01,4.273424297571182251e-02
-4.200819879770278931e-02,-5.304188281297683716e-02,4.172356426715850830e-01,9.947001338005065918e-01,9.853653609752655029e-02,1.741525530815124512e-02,2.364271506667137146e-02,-1.325762987136840820e+00,2.607334554195404053e-01,9.453805536031723022e-02,2.224264621734619141e+00,-7.103427052497863770e-01,-2.038743793964385986e-01,2.379153855144977570e-02,-6.144330650568008423e-02,2.353861033916473389e-01,2.283389568328857422e+00,-1.092012375593185425e-01,2.637020647525787354e-01,1.970731280744075775e-02,-5.424047261476516724e-02,4.206055998802185059e-01,-2.355575263500213623e-01,8.902755379676818848e-01,-8.560024499893188477e-01,4.518718123435974121e-01,5.519429445266723633e-01,-3.312674760818481445e-01,3.233147859573364258e-01,-5.148159265518188477e-01,-2.326818108558654785e-01,8.839219212532043457e-01,9.659168720245361328e-01,9.151882678270339966e-02,-1.436475813388824463e-01,1.863254420459270477e-02
-4.513972252607345581e-02,-5.329731479287147522e-02,4.160694479942321777e-01,9.946779608726501465e-01,9.853253513574600220e-02,1.867308095097541809e-02,2.362912520766258240e-02,-1.337515711784362793e+00,2.623558044433593750e-01,9.662739932537078857e-02,2.223909378051757812e+00,-7.060403823852539062e-01,-1.970906257629394531e-01,1.440826524049043655e-02,-6.502141803503036499e-02,2.393785566091537476e-01,2.292702913284301758e+00,-1.081244647502899170e-01,2.647561430931091309e-01,1.546530704945325851e-02,-5.807716771960258484e-02,4.275316298007965088e-01,-2.601359784603118896e-01,8.991382122039794922e-01,-8.826998472213745117e-01,4.603304564952850342e-01,5.630038380622863770e-01,-3.451358973979949951e-01,3.387859463691711426e-01,-5.261068344116210938e-01,-2.155287563800811768e-01,8.879107832908630371e-01,9.649318456649780273e-01,8.095223456621170044e-02,-1.518836468458175659e-01,-3.703180700540542603e-03
-4.859512299299240112e-02,-5.390245467424392700e-02,4.150425195693969727e-01,9.945760369300842285e-01,9.928869456052780151e-02,1.955423131585121155e-02,2.403986267745494843e-02,-1.347324252128601074e+00,2.635091841220855713e-01,9.940852224826812744e-02,2.221924543380737305e+00,-7.010352015495300293e-01,-1.900155395269393921e-01,6.645547226071357727e-03,-6.926463544368743896e-02,2.421821355819702148e-01,2.303457975387573242e+00,-1.096350476145744324e-01,2.646390795707702637e-01,1.091498695313930511e-02,-6.258510053157806396e-02,4.349876642227172852e-01,-2.865813374519348145e-01,9.073907732963562012e-01,-9.136430025100708008e-01,4.691913127899169922e-01,5.773527622222900391e-01,-3.593977093696594238e-01,3.541795611381530762e-01,-5.385493040084838867e-01,-1.974837779998779297e-01,8.937003016471862793e-01,9.664112925529479980e-01,7.095096260309219360e-02,-1.606257855892181396e-01,-2.753598615527153015e-02
-5.238132551312446594e-02,-5.476841703057289124e-02,4.142233133316040039e-01,9.944548010826110840e-01,1.001184359192848206e-01,2.012019045650959015e-02,2.512251399457454681e-02,-1.356926083564758301e+00,2.633515894412994385e-01,1.015896275639533997e-01,2.218291282653808594e+00,-6.950600147247314453e-01,-1.835900694131851196e-01,-4.807505756616592407e-04,-7.313392311334609985e-02,2.433899790048599243e-01,2.313746929168701172e+00,-1.123402714729309082e-01,2.642993927001953125e-01,6.324497982859611511e-03,-6.648760288953781128e-02,4.430643320083618164e-01,-3.143452405929565430e-01,9.155439734458923340e-01,-9.453731775283813477e-01,4.774228930473327637e-01,5.923401713371276855e-01,-3.737346529960632324e-01,3.711236119270324707e-01,-5.516963005065917969e-01,-1.789778918027877808e-01,8.993772864341735840e-01,9.693975448608398438e-01,5.990206450223922729e-02,-1.687358319759368896e-01,-5.238521471619606018e-02
-5.635872110724449158e-02,-5.592594295740127563e-02,4.136588871479034424e-01,9.942954182624816895e-01,1.011521965265274048e-01,2.040873467922210693e-02,2.698844857513904572e-02,-1.366120576858520508e+00,2.615967690944671631e-01,1.037162616848945618e-01,2.212958812713623047e+00,-6.883234977722167969e-01,-1.776935756206512451e-01,-6.666844710707664490e-03,-7.661308348178863525e-02,2.428403794765472412e-01,2.323153018951416016e+00,-1.155801713466644287e-01,2.639560103416442871e-01,1.835088944062590599e-03,-7.024472206830978394e-02,4.514269232749938965e-01,-3.434312939643859863e-01,9.233885407447814941e-01,-9.775328636169433594e-01,4.851848483085632324e-01,6.067164540290832520e-01,-3.887996673583984375e-01,3.894287049770355225e-01,-5.659788846969604492e-01,-1.600413620471954346e-01,9.057754874229431152e-01,9.743608832359313965e-01,4.633135721087455750e-02,-1.766369193792343140e-01,-7.912750542163848877e-02
-5.929372459650039673e-02,-5.787952244281768799e-02,4.133363664150238037e-01,9.941129684448242188e-01,1.022329106926918030e-01,2.065441012382507324e-02,2.934651449322700500e-02,-1.374496936798095703e+00,2.595666348934173584e-01,1.065652221441268921e-01,2.205795049667358398e+00,-6.810766458511352539e-01,-1.721864938735961914e-01,-1.264657173305749893e-02,-7.943242788314819336e-02,2.408137917518615723e-01,2.331454277038574219e+00,-1.192104890942573547e-01,2.643599510192871094e-01,-2.266298746690154076e-03,-7.351966947317123413e-02,4.605862796306610107e-01,-3.745658993721008301e-01,9.309374094009399414e-01,-1.009570121765136719e+00,4.925724267959594727e-01,6.217113733291625977e-01,-4.042384326457977295e-01,4.087850451469421387e-01,-5.814304947853088379e-01,-1.406703740358352661e-01,9.130110740661621094e-01,9.820656776428222656e-01,3.255748748779296875e-02,-1.842642575502395630e-01,-1.052264273166656494e-01
-6.310606747865676880e-02,-5.950269475579261780e-02,4.130676686763763428e-01,9.939102530479431152e-01,1.033382862806320190e-01,2.098418027162551880e-02,3.198910877108573914e-02,-1.381842255592346191e+00,2.574811577796936035e-01,1.100257784128189087e-01,2.197069406509399414e+00,-6.739581227302551270e-01,-1.667711585760116577e-01,-1.927544735372066498e-02,-8.189957588911056519e-02,2.377317100763320923e-01,2.340056896209716797e+00,-1.232885718345642090e-01,2.650284767150878906e-01,-6.180275697261095047e-03,-7.626765966415405273e-02,4.705277383327484131e-01,-4.077413082122802734e-01,9.376675486564636230e-01,-1.041505455970764160e+00,4.996134042739868164e-01,6.360717415809631348e-01,-4.194914102554321289e-01,4.274739027023315430e-01,-5.983484387397766113e-01,-1.209194511175155640e-01,9.219026565551757812e-01,9.917267560958862305e-01,1.923854835331439972e-02,-1.915303021669387817e-01,-1.314157992601394653e-01
-6.703534722328186035e-02,-6.113958358764648438e-02,4.128710031509399414e-01,9.937039613723754883e-01,1.043093428015708923e-01,2.146453410387039185e-02,3.480284288525581360e-02,-1.389434456825256348e+00,2.546126246452331543e-01,1.134104579687118530e-01,2.188179492950439453e+00,-6.660592555999755859e-01,-1.617364436388015747e-01,-2.689351700246334076e-02,-8.356798440217971802e-02,2.341059893369674683e-01,2.348882675170898438e+00,-1.270363181829452515e-01,2.657302021980285645e-01,-9.873623959720134735e-03,-7.831214368343353271e-02,4.802932441234588623e-01,-4.402928352355957031e-01,9.432729482650756836e-01,-1.071575403213500977e+00,5.066430568695068359e-01,6.485800147056579590e-01,-4.335918724536895752e-01,4.437935054302215576e-01,-6.163741946220397949e-01,-1.022518724203109741e-01,9.304610490798950195e-01,1.001171231269836426e+00,5.548320244997739792e-03,-1.985262036323547363e-01,-1.556679308414459229e-01
-7.071439921855926514e-02,-6.260121613740921021e-02,4.127851724624633789e-01,9.934898614883422852e-01,1.052115634083747864e-01,2.224597334861755371e-02,3.759755194187164307e-02,-1.396940231323242188e+00,2.526817619800567627e-01,1.172081455588340759e-01,2.179333686828613281e+00,-6.580954194068908691e-01,-1.569046080112457275e-01,-3.512932732701301575e-02,-8.375374972820281982e-02,2.310676276683807373e-01,2.356766700744628906e+00,-1.304649859666824341e-01,2.668330073356628418e-01,-1.292904373258352280e-02,-7.946514338254928589e-02,4.885923266410827637e-01,-4.703444242477416992e-01,9.475206732749938965e-01,-1.097230076789855957e+00,5.130400657653808594e-01,6.594469547271728516e-01,-4.471133649349212646e-01,4.572023153305053711e-01,-6.340789198875427246e-01,-8.637885749340057373e-02,9.377829432487487793e-01,1.007901668548583984e+00,-7.605200167745351791e-03,-2.052288055419921875e-01,-1.776215434074401855e-01
-7.382433116436004639e-02,-6.386902928352355957e-02,4.129650890827178955e-01,9.932701587677001953e-01,1.060983166098594666e-01,2.289277128875255585e-02,4.041547328233718872e-02,-1.402879118919372559e+00,2.501979470252990723e-01,1.205546110868453979e-01,2.170742034912109375e+00,-6.501408219337463379e-01,-1.530010700225830078e-01,-4.245941340923309326e-02,-8.203107118606567383e-02,2.294930666685104370e-01,2.363200426101684570e+00,-1.317809522151947021e-01,2.681620121002197266e-01,-1.571938581764698029e-02,-7.998357713222503662e-02,4.947273135185241699e-01,-4.962314963340759277e-01,9.498983025550842285e-01,-1.118760704994201660e+00,5.187484025955200195e-01,6.706347465515136719e-01,-4.600263535976409912e-01,4.681654572486877441e-01,-6.499221920967102051e-01,-7.354614138603210449e-02,9.437495470046997070e-01,1.011417031288146973e+00,-2.103234827518463135e-02,-2.111377865076065063e-01,-1.971643716096878052e-01
-7.647752761840820312e-02,-6.509332358837127686e-02,4.130173325538635254e-01,9.930492043495178223e-01,1.069923266768455505e-01,2.337665855884552002e-02,4.312171414494514465e-02,-1.408248901367187500e+00,2.472670525312423706e-01,1.230148971080780029e-01,2.163609027862548828e+00,-6.420405507087707520e-01,-1.502486765384674072e-01,-4.834919422864913940e-02,-7.957406342029571533e-02,2.284951061010360718e-01,2.368563890457153320e+00,-1.308653503656387329e-01,2.703433930873870850e-01,-1.830394938588142395e-02,-8.017446845769882202e-02,4.993232190608978271e-01,-5.179632306098937988e-01,9.515660405158996582e-01,-1.137001514434814453e+00,5.222017168998718262e-01,6.823037266731262207e-01,-4.721302092075347900e-01,4.763831198215484619e-01,-6.638113856315612793e-01,-6.329201906919479370e-02,9.484836459159851074e-01,1.011055469512939453e+00,-3.454878181219100952e-02,-2.170310616493225098e-01,-2.161411494016647339e-01
-7.898467779159545898e-02,-6.640508025884628296e-02,4.130111932754516602e-01,9.928203225135803223e-01,1.079691201448440552e-01,2.374869026243686676e-02,4.567849263548851013e-02,-1.413331270217895508e+00,2.442261576652526855e-01,1.249882429838180542e-01,2.157198905944824219e+00,-6.330778598785400391e-01,-1.476200968027114868e-01,-5.355012789368629456e-02,-7.685042172670364380e-02,2.280945181846618652e-01,2.373812198638916016e+00,-1.288485378026962280e-01,2.728799581527709961e-01,-2.066081017255783081e-02,-8.028087764978408813e-02,5.027596950531005859e-01,-5.362253189086914062e-01,9.532102346420288086e-01,-1.152575969696044922e+00,5.227496027946472168e-01,6.933655738830566406e-01,-4.833373129367828369e-01,4.831383228302001953e-01,-6.761290431022644043e-01,-5.494498088955879211e-02,9.519630670547485352e-01,1.006643056869506836e+00,-4.810345545411109924e-02,-2.228559106588363647e-01,-2.348168045282363892e-01
-8.133204281330108643e-02,-6.771532446146011353e-02,4.128638207912445068e-01,9.925897717475891113e-01,1.089493557810783386e-01,2.395531721413135529e-02,4.818414896726608276e-02,-1.418095111846923828e+00,2.410040199756622314e-01,1.265047341585159302e-01,2.151731014251708984e+00,-6.245738863945007324e-01,-1.460905075073242188e-01,-5.686592683196067810e-02,-7.335802167654037476e-02,2.281471192836761475e-01,2.378215312957763672e+00,-1.252808719873428345e-01,2.755632400512695312e-01,-2.235016226768493652e-02,-8.030442148447036743e-02,5.047184824943542480e-01,-5.525587201118469238e-01,9.549753665924072266e-01,-1.166445612907409668e+00,5.212896466255187988e-01,7.044678330421447754e-01,-4.942238628864288330e-01,4.911968410015106201e-01,-6.864053010940551758e-01,-4.825617745518684387e-02,9.543185830116271973e-01,9.982003569602966309e-01,-6.050989404320716858e-02,-2.296205163002014160e-01,-2.530495822429656982e-01
-8.337724208831787109e-02,-6.862715631723403931e-02,4.126081168651580811e-01,9.923796653747558594e-01,1.097965389490127563e-01,2.415850758552551270e-02,5.043547973036766052e-02,-1.423284649848937988e+00,2.378644943237304688e-01,1.277676820755004883e-01,2.147439479827880859e+00,-6.160143613815307617e-01,-1.456067413091659546e-01,-5.954114720225334167e-02,-7.042074948549270630e-02,2.284756302833557129e-01,2.382470846176147461e+00,-1.212838366627693176e-01,2.778181433677673340e-01,-2.364157885313034058e-02,-8.015009015798568726e-02,5.059912204742431641e-01,-5.672723054885864258e-01,9.582880139350891113e-01,-1.178010702133178711e+00,5.163960456848144531e-01,7.133682966232299805e-01,-5.045137405395507812e-01,4.994887709617614746e-01,-6.954377293586730957e-01,-4.272531345486640930e-02,9.566210508346557617e-01,9.860100746154785156e-01,-7.144030183553695679e-02,-2.371397018432617188e-01,-2.701373100280761719e-01
-8.524911105632781982e-02,-6.917124241590499878e-02,4.122734963893890381e-01,9.921643733978271484e-01,1.107319816946983337e-01,2.463132143020629883e-02,5.235906690359115601e-02,-1.429135918617248535e+00,2.354084253311157227e-01,1.294910609722137451e-01,2.144268035888671875e+00,-6.079033613204956055e-01,-1.442919671535491943e-01,-6.173383444547653198e-02,-6.862678378820419312e-02,2.292178571224212646e-01,2.387380123138427734e+00,-1.192950457334518433e-01,2.793784737586975098e-01,-2.450148202478885651e-02,-8.033461868762969971e-02,5.071821808815002441e-01,-5.813991427421569824e-01,9.634136557579040527e-01,-1.187579989433288574e+00,5.085886120796203613e-01,7.188827991485595703e-01,-5.132400393486022949e-01,5.071883797645568848e-01,-7.034014463424682617e-01,-3.855634480714797974e-02,9.596086144447326660e-01,9.710516333580017090e-01,-8.066731691360473633e-02,-2.444043904542922974e-01,-2.859193980693817139e-01
-8.715365827083587646e-02,-6.938710063695907593e-02,4.119994342327117920e-01,9.919732213020324707e-01,1.114635318517684937e-01,2.541241236031055450e-02,5.403001978993415833e-02,-1.436181068420410156e+00,2.329495847225189209e-01,1.309618949890136719e-01,2.141454935073852539e+00,-5.994384884834289551e-01,-1.427628248929977417e-01,-6.419391185045242310e-02,-6.848839670419692993e-02,2.300711423158645630e-01,2.392984628677368164e+00,-1.198830828070640564e-01,2.800107598304748535e-01,-2.557025849819183350e-02,-8.041384816169738770e-02,5.087205767631530762e-01,-5.944869518280029297e-01,9.701231718063354492e-01,-1.196194648742675781e+00,4.994641840457916260e-01,7.213726639747619629e-01,-5.202684402465820312e-01,5.138213634490966797e-01,-7.108295559883117676e-01,-3.526842966675758362e-02,9.634429216384887695e-01,9.541090726852416992e-01,-8.949383348226547241e-02,-2.516080141067504883e-01,-3.017048835754394531e-01
-8.893460035324096680e-02,-6.943554431200027466e-02,4.117116332054138184e-01,9.918180108070373535e-01,1.118794530630111694e-01,2.640370465815067291e-02,5.552262067794799805e-02,-1.443744540214538574e+00,2.310138046741485596e-01,1.320552378892898560e-01,2.138904809951782227e+00,-5.915322303771972656e-01,-1.411852985620498657e-01,-6.741914898157119751e-02,-6.757038831710815430e-02,2.312511801719665527e-01,2.398753404617309570e+00,-1.229652166366577148e-01,2.806527018547058105e-01,-2.653654292225837708e-02,-8.035145699977874756e-02,5.102406144142150879e-01,-6.066358089447021484e-01,9.776862859725952148e-01,-1.205061674118041992e+00,4.911327958106994629e-01,7.251127958297729492e-01,-5.257219672203063965e-01,5.205559134483337402e-01,-7.179278135299682617e-01,-3.281445801258087158e-02,9.688618779182434082e-01,9.363789558410644531e-01,-9.919975697994232178e-02,-2.581458389759063721e-01,-3.168362677097320557e-01
-9.075807034969329834e-02,-6.951278448104858398e-02,4.115308523178100586e-01,9.916836023330688477e-01,1.121150702238082886e-01,2.748147398233413696e-02,5.690959841012954712e-02,-1.451105356216430664e+00,2.291502356529235840e-01,1.327023208141326904e-01,2.136029958724975586e+00,-5.844140648841857910e-01,-1.394550651311874390e-01,-7.173430919647216797e-02,-6.631258130073547363e-02,2.323722541332244873e-01,2.404134988784790039e+00,-1.260750591754913330e-01,2.813827991485595703e-01,-2.764530852437019348e-02,-8.059410005807876587e-02,5.120713710784912109e-01,-6.164711117744445801e-01,9.858086705207824707e-01,-1.212762236595153809e+00,4.847279489040374756e-01,7.316021323204040527e-01,-5.297034382820129395e-01,5.266302227973937988e-01,-7.258471250534057617e-01,-3.066119737923145294e-02,9.751585721969604492e-01,9.192507266998291016e-01,-1.126084700226783752e-01,-2.633107304573059082e-01,-3.313987851142883301e-01
-9.255615621805191040e-02,-6.966476887464523315e-02,4.114195108413696289e-01,9.915608763694763184e-01,1.122125983238220215e-01,2.839305438101291656e-02,5.838833376765251160e-02,-1.457642316818237305e+00,2.269379645586013794e-01,1.332739442586898804e-01,2.132976770401000977e+00,-5.784608721733093262e-01,-1.385172307491302490e-01,-7.614537328481674194e-02,-6.425484269857406616e-02,2.337559610605239868e-01,2.408234119415283203e+00,-1.278714835643768311e-01,2.828029990196228027e-01,-2.827252820134162903e-02,-8.112307637929916382e-02,5.137197971343994141e-01,-6.244120001792907715e-01,9.935160279273986816e-01,-1.219875693321228027e+00,4.813039302825927734e-01,7.427133321762084961e-01,-5.331650972366333008e-01,5.323100090026855469e-01,-7.342798709869384766e-01,-2.886153012514114380e-02,9.825918078422546387e-01,9.032996892929077148e-01,-1.292108893394470215e-01,-2.679858803749084473e-01,-3.453902006149291992e-01
-9.430536627769470215e-02,-6.992862373590469360e-02,4.112636446952819824e-01,9.913834333419799805e-01,1.126491576433181763e-01,2.921440266072750092e-02,6.012944504618644714e-02,-1.463367700576782227e+00,2.245068997144699097e-01,1.342365890741348267e-01,2.130185365676879883e+00,-5.724303126335144043e-01,-1.370689719915390015e-01,-7.952378690242767334e-02,-6.306149810552597046e-02,2.349159866571426392e-01,2.411509752273559570e+00,-1.289992779493331909e-01,2.845342755317687988e-01,-2.831722982227802277e-02,-8.261571079492568970e-02,5.157185196876525879e-01,-6.319096684455871582e-01,1.000670194625854492e+00,-1.224979758262634277e+00,4.790154397487640381e-01,7.560319304466247559e-01,-5.364597439765930176e-01,5.369366407394409180e-01,-7.438744306564331055e-01,-2.691953815519809723e-02,9.905962347984313965e-01,8.886556029319763184e-01,-1.469280868768692017e-01,-2.733591794967651367e-01,-3.595109581947326660e-01
-9.584836661815643311e-02,-7.029079645872116089e-02,4.112008512020111084e-01,9.911674261093139648e-01,1.133737340569496155e-01,2.973856218159198761e-02,6.204099208116531372e-02,-1.467389583587646484e+00,2.214866429567337036e-01,1.359103173017501831e-01,2.127102136611938477e+00,-5.668900012969970703e-01,-1.353761702775955200e-01,-8.138666301965713501e-02,-6.313137710094451904e-02,2.358607202768325806e-01,2.413813591003417969e+00,-1.294650435447692871e-01,2.859167456626892090e-01,-2.771703898906707764e-02,-8.483041822910308838e-02,5.173442959785461426e-01,-6.403853893280029297e-01,1.006676673889160156e+00,-1.230602264404296875e+00,4.775418043136596680e-01,7.688224315643310547e-01,-5.404081940650939941e-01,5.406522750854492188e-01,-7.538499236106872559e-01,-2.422136068344116211e-02,9.986904263496398926e-01,8.756188154220581055e-01,-1.637980192899703979e-01,-2.796773314476013184e-01,-3.731181621551513672e-01
-9.716376662254333496e-02,-7.075057178735733032e-02,4.111390709877014160e-01,9.909652471542358398e-01,1.139633208513259888e-01,2.997761406004428864e-02,6.404379010200500488e-02,-1.470463156700134277e+00,2.180683165788650513e-01,1.375200301408767700e-01,2.124316692352294922e+00,-5.620248913764953613e-01,-1.345341056585311890e-01,-8.236178010702133179e-02,-6.371697783470153809e-02,2.357733845710754395e-01,2.415861368179321289e+00,-1.299848258495330811e-01,2.871041595935821533e-01,-2.701003849506378174e-02,-8.651046454906463623e-02,5.187121033668518066e-01,-6.491503119468688965e-01,1.011567592620849609e+00,-1.235130667686462402e+00,4.751621186733245850e-01,7.788348197937011719e-01,-5.449807643890380859e-01,5.448865890502929688e-01,-7.632430791854858398e-01,-2.127185091376304626e-02,1.006165266036987305e+00,8.642644882202148438e-01,-1.785437017679214478e-01,-2.864289581775665283e-01,-3.856287300586700439e-01
-9.825033694505691528e-02,-7.135602831840515137e-02,4.109523594379425049e-01,9.907448291778564453e-01,1.147103160619735718e-01,3.000190109014511108e-02,6.607609987258911133e-02,-1.472450613975524902e+00,2.147896587848663330e-01,1.401386708021163940e-01,2.121911287307739258e+00,-5.578202605247497559e-01,-1.334197819232940674e-01,-8.267115801572799683e-02,-6.554059684276580811e-02,2.342835962772369385e-01,2.419002056121826172e+00,-1.307946890592575073e-01,2.875853478908538818e-01,-2.619219571352005005e-02,-8.804789185523986816e-02,5.202323794364929199e-01,-6.584848761558532715e-01,1.015176653861999512e+00,-1.239608049392700195e+00,4.723295569419860840e-01,7.849357128143310547e-01,-5.496463775634765625e-01,5.496336221694946289e-01,-7.725470066070556641e-01,-1.837964542210102081e-02,1.013021707534790039e+00,8.545855283737182617e-01,-1.915505230426788330e-01,-2.921501398086547852e-01,-3.976909220218658447e-01
-9.933238476514816284e-02,-7.221005111932754517e-02,4.105289876461029053e-01,9.905327558517456055e-01,1.152758225798606873e-01,2.996278926730155945e-02,6.825380027294158936e-02,-1.474766612052917480e+00,2.113043516874313354e-01,1.423472315073013306e-01,2.119925498962402344e+00,-5.540278553962707520e-01,-1.324634552001953125e-01,-8.310977369546890259e-02,-6.847324222326278687e-02,2.309063524007797241e-01,2.422980070114135742e+00,-1.313889920711517334e-01,2.870549261569976807e-01,-2.540556155145168304e-02,-8.870947360992431641e-02,5.214555263519287109e-01,-6.670628190040588379e-01,1.017600059509277344e+00,-1.243580222129821777e+00,4.699135124683380127e-01,7.880600094795227051e-01,-5.534096360206604004e-01,5.551927685737609863e-01,-7.825304269790649414e-01,-1.557726133614778519e-02,1.018844962120056152e+00,8.455263972282409668e-01,-2.039325982332229614e-01,-2.962430715560913086e-01,-4.104408621788024902e-01
-1.006421446800231934e-01,-7.369607686996459961e-02,4.099276363849639893e-01,9.903105497360229492e-01,1.157875061035156250e-01,2.972353436052799225e-02,7.067389041185379028e-02,-1.476405024528503418e+00,2.073584198951721191e-01,1.440373659133911133e-01,2.118132114410400391e+00,-5.504198074340820312e-01,-1.314884871244430542e-01,-8.298764377832412720e-02,-7.230272889137268066e-02,2.260435521602630615e-01,2.426730632781982422e+00,-1.326069682836532593e-01,2.855641543865203857e-01,-2.437370084226131439e-02,-8.857147395610809326e-02,5.222849845886230469e-01,-6.743083596229553223e-01,1.018503546714782715e+00,-1.246654748916625977e+00,4.685854315757751465e-01,7.911183834075927734e-01,-5.570189356803894043e-01,5.631886124610900879e-01,-7.927803397178649902e-01,-1.342182978987693787e-02,1.023329257965087891e+00,8.371309638023376465e-01,-2.173037230968475342e-01,-2.993797063827514648e-01,-4.234988391399383545e-01
-1.019120439887046814e-01,-7.557281106710433960e-02,4.092314541339874268e-01,9.900560379028320312e-01,1.163547933101654053e-01,2.900849096477031708e-02,7.354692369699478149e-02,-1.476516604423522949e+00,2.030398845672607422e-01,1.449926495552062988e-01,2.116296768188476562e+00,-5.476047992706298828e-01,-1.307342946529388428e-01,-8.133867383003234863e-02,-7.609690725803375244e-02,2.195707857608795166e-01,2.428341388702392578e+00,-1.340837776660919189e-01,2.838165760040283203e-01,-2.231133729219436646e-02,-8.751513063907623291e-02,5.226984024047851562e-01,-6.801444888114929199e-01,1.017666339874267578e+00,-1.249276161193847656e+00,4.676735401153564453e-01,7.964153289794921875e-01,-5.612247586250305176e-01,5.727959871292114258e-01,-8.027396202087402344e-01,-1.192751806229352951e-02,1.026741266250610352e+00,8.298497200012207031e-01,-2.321244478225708008e-01,-3.023995459079742432e-01,-4.363050758838653564e-01
-1.027711108326911926e-01,-7.719198614358901978e-02,4.086767733097076416e-01,9.897617101669311523e-01,1.169825196266174316e-01,2.797346562147140503e-02,7.684041559696197510e-02,-1.475754857063293457e+00,1.989575475454330444e-01,1.449500918388366699e-01,2.113887310028076172e+00,-5.447084903717041016e-01,-1.305143237113952637e-01,-7.735460251569747925e-02,-7.922232896089553833e-02,2.122699022293090820e-01,2.427025318145751953e+00,-1.356450915336608887e-01,2.823083400726318359e-01,-1.852480694651603699e-02,-8.522310107946395874e-02,5.225976109504699707e-01,-6.864738464355468750e-01,1.015361785888671875e+00,-1.251100778579711914e+00,4.665598273277282715e-01,8.044479489326477051e-01,-5.665841102600097656e-01,5.829833745956420898e-01,-8.113755583763122559e-01,-1.096971239894628525e-02,1.029702663421630859e+00,8.239781856536865234e-01,-2.483588606119155884e-01,-3.054779171943664551e-01,-4.468404352664947510e-01
-1.035303771495819092e-01,-7.863239943981170654e-02,4.081990718841552734e-01,9.894667863845825195e-01,1.172239407896995544e-01,2.697937935590744019e-02,8.053667843341827393e-02,-1.476077556610107422e+00,1.936232894659042358e-01,1.435949802398681641e-01,2.111035823822021484e+00,-5.421762466430664062e-01,-1.326633989810943604e-01,-7.328737527132034302e-02,-7.994908094406127930e-02,2.053532004356384277e-01,2.423812627792358398e+00,-1.362035125494003296e-01,2.819175124168395996e-01,-1.411240641027688980e-02,-8.102928102016448975e-02,5.218765139579772949e-01,-6.933127641677856445e-01,1.011235594749450684e+00,-1.252222180366516113e+00,4.655588567256927490e-01,8.116661906242370605e-01,-5.733648538589477539e-01,5.911127328872680664e-01,-8.177463412284851074e-01,-9.815843775868415833e-03,1.032527446746826172e+00,8.191035985946655273e-01,-2.622925639152526855e-01,-3.087159991264343262e-01,-4.523761570453643799e-01
-1.043753027915954590e-01,-8.008262515068054199e-02,4.077202081680297852e-01,9.891245961189270020e-01,1.175737902522087097e-01,2.643630839884281158e-02,8.432123064994812012e-02,-1.477748751640319824e+00,1.887135356664657593e-01,1.425627768039703369e-01,2.108195543289184570e+00,-5.402573943138122559e-01,-1.338304281234741211e-01,-6.914266943931579590e-02,-7.987751066684722900e-02,1.988000869750976562e-01,2.422254085540771484e+00,-1.396465450525283813e-01,2.819217443466186523e-01,-1.067263353615999222e-02,-7.639686018228530884e-02,5.219604969024658203e-01,-6.997492313385009766e-01,1.005615234375000000e+00,-1.251189947128295898e+00,4.630537629127502441e-01,8.135005235671997070e-01,-5.795368552207946777e-01,5.959500670433044434e-01,-8.230633735656738281e-01,-8.370914496481418610e-03,1.036137342453002930e+00,8.153306245803833008e-01,-2.736699581146240234e-01,-3.112366497516632080e-01,-4.561993181705474854e-01
-1.051192656159400940e-01,-8.140158653259277344e-02,4.074561297893524170e-01,9.887899756431579590e-01,1.177994310855865479e-01,2.617778442800045013e-02,8.793450146913528442e-02,-1.480225086212158203e+00,1.840409785509109497e-01,1.418325006961822510e-01,2.104806900024414062e+00,-5.381560921669006348e-01,-1.342611163854598999e-01,-6.591515988111495972e-02,-7.776060700416564941e-02,1.926279217004776001e-01,2.422266483306884766e+00,-1.439862102270126343e-01,2.827168107032775879e-01,-8.112194016575813293e-03,-7.102830708026885986e-02,5.227951407432556152e-01,-7.048121690750122070e-01,9.977486133575439453e-01,-1.248994112014770508e+00,4.608893990516662598e-01,8.101088404655456543e-01,-5.843226313591003418e-01,6.008571386337280273e-01,-8.275768756866455078e-01,-7.411455735564231873e-03,1.039901614189147949e+00,8.124770522117614746e-01,-2.831654250621795654e-01,-3.124102056026458740e-01,-4.610842466354370117e-01
-1.057186424732208252e-01,-8.267388492822647095e-02,4.072361588478088379e-01,9.884609580039978027e-01,1.181323751807212830e-01,2.635781094431877136e-02,9.107659757137298584e-02,-1.483063578605651855e+00,1.806346625089645386e-01,1.416862905025482178e-01,2.101619720458984375e+00,-5.349235534667968750e-01,-1.327663809061050415e-01,-6.345517188310623169e-02,-7.518465816974639893e-02,1.864799261093139648e-01,2.423581123352050781e+00,-1.491030603647232056e-01,2.830755412578582764e-01,-5.481193773448467255e-03,-6.558399647474288940e-02,5.242165327072143555e-01,-7.059543728828430176e-01,9.887862205505371094e-01,-1.243209123611450195e+00,4.584382772445678711e-01,8.015627861022949219e-01,-5.876157879829406738e-01,6.092996597290039062e-01,-8.334242105484008789e-01,-7.156400475651025772e-03,1.042880296707153320e+00,8.095688819885253906e-01,-2.910973727703094482e-01,-3.114798069000244141e-01,-4.679724276065826416e-01
-1.063543483614921570e-01,-8.404242992401123047e-02,4.070706963539123535e-01,9.881781339645385742e-01,1.183536499738693237e-01,2.674448303878307343e-02,9.370795637369155884e-02,-1.485652923583984375e+00,1.778921335935592651e-01,1.419977247714996338e-01,2.098348855972290039e+00,-5.304213166236877441e-01,-1.302998661994934082e-01,-6.348437070846557617e-02,-7.408271729946136475e-02,1.805148422718048096e-01,2.424878835678100586e+00,-1.533040553331375122e-01,2.819935679435729980e-01,-2.446014434099197388e-03,-6.026595085859298706e-02,5.252192020416259766e-01,-7.012513875961303711e-01,9.810235500335693359e-01,-1.232542514801025391e+00,4.550720751285552979e-01,7.927851080894470215e-01,-5.900283455848693848e-01,6.222020387649536133e-01,-8.405233025550842285e-01,-6.949886679649353027e-03,1.044516801834106445e+00,8.061558604240417480e-01,-2.965121567249298096e-01,-3.092479407787322998e-01,-4.754206538200378418e-01
-1.072034388780593872e-01,-8.561871200799942017e-02,4.069722592830657959e-01,9.878779053688049316e-01,1.187939494848251343e-01,2.691662870347499847e-02,9.623224288225173950e-02,-1.486737608909606934e+00,1.750503331422805786e-01,1.432796716690063477e-01,2.095057964324951172e+00,-5.261862874031066895e-01,-1.281647831201553345e-01,-6.403408199548721313e-02,-7.358051836490631104e-02,1.757320165634155273e-01,2.425448417663574219e+00,-1.560076773166656494e-01,2.807188034057617188e-01,7.358692237176001072e-04,-5.588208884000778198e-02,5.255578160285949707e-01,-6.930536627769470215e-01,9.749433994293212891e-01,-1.218454718589782715e+00,4.512360692024230957e-01,7.859361767768859863e-01,-5.924040675163269043e-01,6.361817717552185059e-01,-8.475124239921569824e-01,-6.591165903955698013e-03,1.044603824615478516e+00,8.032521605491638184e-01,-3.013549149036407471e-01,-3.075433075428009033e-01,-4.814345836639404297e-01
-1.081396564841270447e-01,-8.719770610332489014e-02,4.068478643894195557e-01,9.875863194465637207e-01,1.191965118050575256e-01,2.675908617675304413e-02,9.873880445957183838e-02,-1.486525535583496094e+00,1.727231442928314209e-01,1.455301493406295776e-01,2.092187166213989258e+00,-5.231086611747741699e-01,-1.275630146265029907e-01,-6.351425498723983765e-02,-7.320687174797058105e-02,1.715283989906311035e-01,2.424839496612548828e+00,-1.585284471511840820e-01,2.800740301609039307e-01,3.931982908397912979e-03,-5.152566730976104736e-02,5.256419777870178223e-01,-6.832584738731384277e-01,9.703947901725769043e-01,-1.202017664909362793e+00,4.450112581253051758e-01,7.807685732841491699e-01,-5.954762697219848633e-01,6.474188566207885742e-01,-8.521336317062377930e-01,-6.892718840390443802e-03,1.044159173965454102e+00,8.013582825660705566e-01,-3.053281009197235107e-01,-3.074068725109100342e-01,-4.855836927890777588e-01
-1.091760545969009399e-01,-8.867280930280685425e-02,4.066943824291229248e-01,9.872726202011108398e-01,1.197868362069129944e-01,2.692189812660217285e-02,1.010900065302848816e-01,-1.486815094947814941e+00,1.709569692611694336e-01,1.480388194322586060e-01,2.089571237564086914e+00,-5.196055769920349121e-01,-1.262309849262237549e-01,-6.371359527111053467e-02,-7.363980263471603394e-02,1.672258079051971436e-01,2.425239801406860352e+00,-1.609981954097747803e-01,2.795960605144500732e-01,6.706000305712223053e-03,-4.732348769903182983e-02,5.265040397644042969e-01,-6.712784171104431152e-01,9.678502678871154785e-01,-1.181434512138366699e+00,4.339938759803771973e-01,7.739874124526977539e-01,-5.982334017753601074e-01,6.541784405708312988e-01,-8.565922379493713379e-01,-7.453239057213068008e-03,1.044924616813659668e+00,7.989516258239746094e-01,-3.098350465297698975e-01,-3.079791665077209473e-01,-4.898735880851745605e-01
-1.102638766169548035e-01,-8.998875319957733154e-02,4.065736532211303711e-01,9.870230555534362793e-01,1.201289668679237366e-01,2.723180688917636871e-02,1.030195802450180054e-01,-1.487286448478698730e+00,1.698677092790603638e-01,1.502002328634262085e-01,2.087016105651855469e+00,-5.160279273986816406e-01,-1.247469931840896606e-01,-6.571274995803833008e-02,-7.359209656715393066e-02,1.633791029453277588e-01,2.426354646682739258e+00,-1.619334220886230469e-01,2.795192301273345947e-01,1.035540364682674408e-02,-4.253674298524856567e-02,5.275234580039978027e-01,-6.554666757583618164e-01,9.666742086410522461e-01,-1.155848979949951172e+00,4.191274046897888184e-01,7.655727267265319824e-01,-6.011699438095092773e-01,6.587158441543579102e-01,-8.603628873825073242e-01,-8.893781341612339020e-03,1.045650601387023926e+00,7.953410744667053223e-01,-3.146520256996154785e-01,-3.087954521179199219e-01,-4.953893721103668213e-01
-1.114452183246612549e-01,-9.115171432495117188e-02,4.065674841403961182e-01,9.868016839027404785e-01,1.203931123018264771e-01,2.754681371152400970e-02,1.047337055206298828e-01,-1.487445831298828125e+00,1.692746579647064209e-01,1.526314020156860352e-01,2.084045648574829102e+00,-5.116142034530639648e-01,-1.234480962157249451e-01,-6.816680729389190674e-02,-7.314804941415786743e-02,1.603464782238006592e-01,2.426824092864990234e+00,-1.613899618387222290e-01,2.800903320312500000e-01,1.498608756810426712e-02,-3.743479028344154358e-02,5.279555320739746094e-01,-6.345558166503906250e-01,9.668879508972167969e-01,-1.124652624130249023e+00,4.015284478664398193e-01,7.567974328994750977e-01,-6.044648289680480957e-01,6.624421477317810059e-01,-8.635169863700866699e-01,-1.124270819127559662e-02,1.045788288116455078e+00,7.906480431556701660e-01,-3.193807899951934814e-01,-3.088788092136383057e-01,-5.014159679412841797e-01
-1.129376068711280823e-01,-9.230220317840576172e-02,4.065566658973693848e-01,9.865763187408447266e-01,1.206798702478408813e-01,2.778954617679119110e-02,1.064482852816581726e-01,-1.487750411033630371e+00,1.690825074911117554e-01,1.556593626737594604e-01,2.080713748931884766e+00,-5.065817236900329590e-01,-1.228899359703063965e-01,-7.072523981332778931e-02,-7.292417436838150024e-02,1.578350514173507690e-01,2.427286624908447266e+00,-1.593468636274337769e-01,2.809323370456695557e-01,2.059086784720420837e-02,-3.236809372901916504e-02,5.278706550598144531e-01,-6.111304759979248047e-01,9.687466025352478027e-01,-1.090641498565673828e+00,3.813313841819763184e-01,7.468895912170410156e-01,-6.082630753517150879e-01,6.653231382369995117e-01,-8.663781285285949707e-01,-1.396888215094804764e-02,1.045569419860839844e+00,7.842738628387451172e-01,-3.250155448913574219e-01,-3.082520663738250732e-01,-5.062734484672546387e-01
-1.146609261631965637e-01,-9.343849867582321167e-02,4.063201844692230225e-01,9.863738417625427246e-01,1.206731945276260376e-01,2.818562462925910950e-02,1.082137972116470337e-01,-1.489692926406860352e+00,1.698023378849029541e-01,1.585186719894409180e-01,2.076969385147094727e+00,-5.008844137191772461e-01,-1.233282312750816345e-01,-7.528932392597198486e-02,-7.241690158843994141e-02,1.553510427474975586e-01,2.428742408752441406e+00,-1.555120646953582764e-01,2.820198237895965576e-01,2.606647647917270660e-02,-2.691429294645786285e-02,5.271815061569213867e-01,-5.859805941581726074e-01,9.731516838073730469e-01,-1.055284738540649414e+00,3.590022325515747070e-01,7.350852489471435547e-01,-6.122248172760009766e-01,6.660237312316894531e-01,-8.686553239822387695e-01,-1.699673198163509369e-02,1.046524405479431152e+00,7.752605080604553223e-01,-3.310455381870269775e-01,-3.080804049968719482e-01,-5.081578493118286133e-01
-1.167744472622871399e-01,-9.474359452724456787e-02,4.057732224464416504e-01,9.861341118812561035e-01,1.207141429185867310e-01,2.858914434909820557e-02,1.102279946208000183e-01,-1.493781924247741699e+00,1.709069758653640747e-01,1.612083613872528076e-01,2.072454929351806641e+00,-4.939526319503784180e-01,-1.240626275539398193e-01,-8.107571303844451904e-02,-7.204449176788330078e-02,1.526487916707992554e-01,2.432249546051025391e+00,-1.520503908395767212e-01,2.822754085063934326e-01,3.079384565353393555e-02,-2.181555889546871185e-02,5.264234542846679688e-01,-5.611014366149902344e-01,9.803112149238586426e-01,-1.022188425064086914e+00,3.356509208679199219e-01,7.219827175140380859e-01,-6.157466173171997070e-01,6.654431819915771484e-01,-8.703851699829101562e-01,-1.977801322937011719e-02,1.049391031265258789e+00,7.621234059333801270e-01,-3.389176130294799805e-01,-3.080042898654937744e-01,-5.071788430213928223e-01
-1.191382631659507751e-01,-9.612514078617095947e-02,4.050417542457580566e-01,9.858791828155517578e-01,1.207201406359672546e-01,2.869077399373054504e-02,1.124532148241996765e-01,-1.499137520790100098e+00,1.722953915596008301e-01,1.634606271982192993e-01,2.067523002624511719e+00,-4.860649108886718750e-01,-1.253705024719238281e-01,-8.553875982761383057e-02,-7.142141461372375488e-02,1.494736969470977783e-01,2.436469554901123047e+00,-1.524350941181182861e-01,2.820395529270172119e-01,3.404558449983596802e-02,-1.670719869434833527e-02,5.260086059570312500e-01,-5.374276041984558105e-01,9.887858629226684570e-01,-9.938673973083496094e-01,3.142237067222595215e-01,7.092421650886535645e-01,-6.176494956016540527e-01,6.664528250694274902e-01,-8.703918457031250000e-01,-2.231580577790737152e-02,1.053021550178527832e+00,7.459441423416137695e-01,-3.518434464931488037e-01,-3.087461292743682861e-01,-5.049835443496704102e-01
-1.219534873962402344e-01,-9.743291139602661133e-02,4.042651951313018799e-01,9.855348467826843262e-01,1.206892281770706177e-01,2.886592783033847809e-02,1.154214218258857727e-01,-1.505371928215026855e+00,1.724635511636734009e-01,1.651623696088790894e-01,2.061062812805175781e+00,-4.766885340213775635e-01,-1.284145712852478027e-01,-9.035951644182205200e-02,-7.024999707937240601e-02,1.454511284828186035e-01,2.443361759185791016e+00,-1.564898341894149780e-01,2.811695337295532227e-01,3.528461977839469910e-02,-1.037437189370393753e-02,5.274649262428283691e-01,-5.118716359138488770e-01,9.986988902091979980e-01,-9.672542214393615723e-01,2.939142286777496338e-01,6.981826424598693848e-01,-6.186574697494506836e-01,6.721628904342651367e-01,-8.705936074256896973e-01,-2.504681609570980072e-02,1.054527163505554199e+00,7.268295288085937500e-01,-3.699708878993988037e-01,-3.101561963558197021e-01,-5.062724947929382324e-01
-1.241993680596351624e-01,-9.463726729154586792e-02,4.013144373893737793e-01,9.851482510566711426e-01,1.203871369361877441e-01,3.007759712636470795e-02,1.186811476945877075e-01,-1.522246599197387695e+00,1.725017428398132324e-01,1.695117801427841187e-01,2.056646823883056641e+00,-4.602987766265869141e-01,-1.339037567377090454e-01,-1.080344691872596741e-01,-7.333752512931823730e-02,1.368102878332138062e-01,2.454830646514892578e+00,-1.436273902654647827e-01,2.751811146736145020e-01,3.041392937302589417e-02,-2.562948269769549370e-03,5.301641225814819336e-01,-4.733419716358184814e-01,1.015175104141235352e+00,-9.287891983985900879e-01,2.662380039691925049e-01,6.903302669525146484e-01,-6.003814935684204102e-01,6.953935623168945312e-01,-8.769330978393554688e-01,-2.785467170178890228e-02,1.027415990829467773e+00,7.088755369186401367e-01,-3.669711351394653320e-01,-3.127037882804870605e-01,-5.024592876434326172e-01
-1.288574039936065674e-01,-9.983412176370620728e-02,4.019797146320343018e-01,9.846956729888916016e-01,1.204038485884666443e-01,2.966598980128765106e-02,1.224635690450668335e-01,-1.521184086799621582e+00,1.696098297834396362e-01,1.667152196168899536e-01,2.045004367828369141e+00,-4.506682157516479492e-01,-1.357401460409164429e-01,-1.035130918025970459e-01,-6.424508243799209595e-02,1.377736181020736694e-01,2.463632822036743164e+00,-1.746189445257186890e-01,2.818336784839630127e-01,3.610702976584434509e-02,7.992279715836048126e-03,5.340698957443237305e-01,-4.592231810092926025e-01,1.022953987121582031e+00,-9.137488007545471191e-01,2.575211524963378906e-01,6.853239536285400391e-01,-6.157045364379882812e-01,6.881232857704162598e-01,-8.800866007804870605e-01,-3.329314291477203369e-02,1.051190376281738281e+00,6.876783967018127441e-01,-4.007945358753204346e-01,-3.039891123771667480e-01,-5.179676413536071777e-01
-1.337027549743652344e-01,-1.016823574900627136e-01,4.009253978729248047e-01,9.840177297592163086e-01,1.209343373775482178e-01,3.102229349315166473e-02,1.269706636667251587e-01,-1.532313346862792969e+00,1.673099994659423828e-01,1.696999520063400269e-01,2.030470609664916992e+00,-4.300092160701751709e-01,-1.405477523803710938e-01,-1.128532588481903076e-01,-6.487090885639190674e-02,1.329622119665145874e-01,2.478013515472412109e+00,-1.837818324565887451e-01,2.829456627368927002e-01,3.776583820581436157e-02,1.903031393885612488e-02,5.356226563453674316e-01,-4.346616268157958984e-01,1.036356210708618164e+00,-8.897533416748046875e-01,2.380553334951400757e-01,6.719647645950317383e-01,-6.150568127632141113e-01,6.973492503166198730e-01,-8.884493112564086914e-01,-3.700906783342361450e-02,1.047043681144714355e+00,6.670329570770263672e-01,-4.146508872509002686e-01,-2.980729341506958008e-01,-5.178524255752563477e-01
-1.392106264829635620e-01,-1.041405871510505676e-01,3.998972773551940918e-01,9.832410812377929688e-01,1.216298267245292664e-01,3.280964866280555725e-02,1.317829340696334839e-01,-1.544030904769897461e+00,1.649828553199768066e-01,1.724877059459686279e-01,2.012421131134033203e+00,-4.089533090591430664e-01,-1.466624438762664795e-01,-1.229610517621040344e-01,-6.816340982913970947e-02,1.253233999013900757e-01,2.492296218872070312e+00,-1.902394443750381470e-01,2.834074497222900391e-01,3.930679336190223694e-02,3.104920126497745514e-02,5.357834696769714355e-01,-4.159049391746520996e-01,1.049728393554687500e+00,-8.728276491165161133e-01,2.204357385635375977e-01,6.592642664909362793e-01,-6.130374073982238770e-01,7.018454670906066895e-01,-8.962699174880981445e-01,-4.072301089763641357e-02,1.044393062591552734e+00,6.482647061347961426e-01,-4.275174438953399658e-01,-2.924990355968475342e-01,-5.144028663635253906e-01
-1.454965323209762573e-01,-1.072659716010093689e-01,3.989148437976837158e-01,9.824177622795104980e-01,1.220578178763389587e-01,3.561875969171524048e-02,1.367058902978897095e-01,-1.557440996170043945e+00,1.636584848165512085e-01,1.754077970981597900e-01,1.989428400993347168e+00,-3.842473924160003662e-01,-1.546870768070220947e-01,-1.368845552206039429e-01,-7.228498905897140503e-02,1.148519515991210938e-01,2.507389068603515625e+00,-1.985648572444915771e-01,2.817310988903045654e-01,4.138623923063278198e-02,4.594732075929641724e-02,5.351066589355468750e-01,-3.990705907344818115e-01,1.066237449645996094e+00,-8.581365942955017090e-01,2.015727460384368896e-01,6.474012136459350586e-01,-6.104123592376708984e-01,7.039478421211242676e-01,-9.057805538177490234e-01,-4.591148346662521362e-02,1.043244123458862305e+00,6.284263730049133301e-01,-4.427102804183959961e-01,-2.867356836795806885e-01,-5.099798440933227539e-01
-1.523954719305038452e-01,-1.110820099711418152e-01,3.978117704391479492e-01,9.814821481704711914e-01,1.225862428545951843e-01,3.961915895342826843e-02,1.417592614889144897e-01,-1.572507381439208984e+00,1.641897559165954590e-01,1.785700023174285889e-01,1.961927890777587891e+00,-3.565542399883270264e-01,-1.646503061056137085e-01,-1.536806970834732056e-01,-7.647359371185302734e-02,1.030798479914665222e-01,2.524168014526367188e+00,-2.114217877388000488e-01,2.781976759433746338e-01,4.472643136978149414e-02,6.225565820932388306e-02,5.336775183677673340e-01,-3.851471245288848877e-01,1.085640788078308105e+00,-8.442921042442321777e-01,1.827404201030731201e-01,6.342469453811645508e-01,-6.083263754844665527e-01,7.030028700828552246e-01,-9.180731177330017090e-01,-5.317439138889312744e-02,1.043821811676025391e+00,6.062733530998229980e-01,-4.603194296360015869e-01,-2.817188799381256104e-01,-5.039551258087158203e-01
-1.594092100858688354e-01,-1.152980104088783264e-01,3.966742455959320068e-01,9.804035425186157227e-01,1.234659925103187561e-01,4.438319057226181030e-02,1.469530612230300903e-01,-1.587255120277404785e+00,1.655668467283248901e-01,1.829383820295333862e-01,1.930665254592895508e+00,-3.272240757942199707e-01,-1.768160909414291382e-01,-1.714482605457305908e-01,-8.125711232423782349e-02,9.174932539463043213e-02,2.541188001632690430e+00,-2.282514274120330811e-01,2.733116149902343750e-01,4.836095497012138367e-02,7.831838726997375488e-02,5.317168831825256348e-01,-3.749227225780487061e-01,1.105141401290893555e+00,-8.323247432708740234e-01,1.665755063295364380e-01,6.223272681236267090e-01,-6.077231764793395996e-01,7.020152211189270020e-01,-9.308032393455505371e-01,-6.162093579769134521e-02,1.045454144477844238e+00,5.833966732025146484e-01,-4.771394729614257812e-01,-2.785299122333526611e-01,-4.970625638961791992e-01
-1.662184447050094604e-01,-1.198870316147804260e-01,3.956358730792999268e-01,9.793168902397155762e-01,1.244445070624351501e-01,4.942743852734565735e-02,1.516864895820617676e-01,-1.601075887680053711e+00,1.678347587585449219e-01,1.871343255043029785e-01,1.899288773536682129e+00,-2.999549210071563721e-01,-1.902691423892974854e-01,-1.872351467609405518e-01,-8.550804108381271362e-02,8.035470545291900635e-02,2.558440446853637695e+00,-2.475743293762207031e-01,2.692055702209472656e-01,5.156667903065681458e-02,9.239247441291809082e-02,5.301446914672851562e-01,-3.664111495018005371e-01,1.119677662849426270e+00,-8.210679888725280762e-01,1.567565500736236572e-01,6.121754646301269531e-01,-6.073675751686096191e-01,7.004879117012023926e-01,-9.424386620521545410e-01,-6.993827968835830688e-02,1.048448920249938965e+00,5.616680383682250977e-01,-4.884867668151855469e-01,-2.770527005195617676e-01,-4.906333684921264648e-01
-1.727443337440490723e-01,-1.247672885656356812e-01,3.950927555561065674e-01,9.782142639160156250e-01,1.256374865770339966e-01,5.473279953002929688e-02,1.559372991323471069e-01,-1.612952828407287598e+00,1.718564629554748535e-01,1.929705590009689331e-01,1.868093729019165039e+00,-2.732546329498291016e-01,-2.030107378959655762e-01,-2.023175656795501709e-01,-8.918344974517822266e-02,6.936985254287719727e-02,2.575525760650634766e+00,-2.679785490036010742e-01,2.666013240814208984e-01,5.354098230600357056e-02,1.039311885833740234e-01,5.295488238334655762e-01,-3.596094250679016113e-01,1.126669883728027344e+00,-8.114725947380065918e-01,1.542547643184661865e-01,6.048262715339660645e-01,-6.055237054824829102e-01,6.985668540000915527e-01,-9.518845081329345703e-01,-7.816543430089950562e-02,1.052109241485595703e+00,5.419499278068542480e-01,-4.941763579845428467e-01,-2.761399149894714355e-01,-4.858327507972717285e-01
-1.783911585807800293e-01,-1.297800242900848389e-01,3.950932323932647705e-01,9.770111441612243652e-01,1.274322569370269775e-01,5.990470945835113525e-02,1.600675880908966064e-01,-1.621624588966369629e+00,1.762818843126296997e-01,2.005116194486618042e-01,1.836477756500244141e+00,-2.458810806274414062e-01,-2.169657796621322632e-01,-2.146771103143692017e-01,-9.530874341726303101e-02,5.663464963436126709e-02,2.592169761657714844e+00,-2.892673611640930176e-01,2.641500532627105713e-01,5.346749722957611084e-02,1.113625988364219666e-01,5.300226211547851562e-01,-3.551025986671447754e-01,1.125037789344787598e+00,-8.061299324035644531e-01,1.604067683219909668e-01,6.007766723632812500e-01,-6.018059253692626953e-01,6.967854499816894531e-01,-9.580024480819702148e-01,-8.608506619930267334e-02,1.055976510047912598e+00,5.250283479690551758e-01,-4.946275055408477783e-01,-2.739966809749603271e-01,-4.822469949722290039e-01
-1.826934516429901123e-01,-1.349144577980041504e-01,3.951360881328582764e-01,9.756086468696594238e-01,1.306190788745880127e-01,6.421697139739990234e-02,1.643245369195938110e-01,-1.626572728157043457e+00,1.796084046363830566e-01,2.080734223127365112e-01,1.806190490722656250e+00,-2.175979167222976685e-01,-2.321295142173767090e-01,-2.239201813936233521e-01,-1.066033840179443359e-01,4.173104837536811829e-02,2.607040882110595703e+00,-3.083896040916442871e-01,2.601200342178344727e-01,5.123249441385269165e-02,1.121596992015838623e-01,5.320657491683959961e-01,-3.514604866504669189e-01,1.114274501800537109e+00,-8.021895289421081543e-01,1.762344539165496826e-01,6.019173264503479004e-01,-5.951451063156127930e-01,6.941538453102111816e-01,-9.611078500747680664e-01,-9.248892962932586670e-02,1.059726476669311523e+00,5.114716291427612305e-01,-4.916253685951232910e-01,-2.689693570137023926e-01,-4.787527024745941162e-01
-1.853073984384536743e-01,-1.398582458496093750e-01,3.951871693134307861e-01,9.740775227546691895e-01,1.357083767652511597e-01,6.557964533567428589e-02,1.686875224113464355e-01,-1.622373104095458984e+00,1.783329248428344727e-01,2.153694629669189453e-01,1.782699108123779297e+00,-1.946682780981063843e-01,-2.502591311931610107e-01,-2.253087460994720459e-01,-1.213839054107666016e-01,2.925478853285312653e-02,2.614442110061645508e+00,-3.226480782032012939e-01,2.559892237186431885e-01,4.680579528212547302e-02,1.035825014114379883e-01,5.343441367149353027e-01,-3.545299172401428223e-01,1.096854567527770996e+00,-8.042740225791931152e-01,2.029831558465957642e-01,6.039766073226928711e-01,-5.881230235099792480e-01,6.936935186386108398e-01,-9.594234228134155273e-01,-9.401813149452209473e-02,1.058793783187866211e+00,5.068289041519165039e-01,-4.826516509056091309e-01,-2.653472423553466797e-01,-4.719593226909637451e-01
-1.862215995788574219e-01,-1.451958715915679932e-01,3.946347534656524658e-01,9.721375703811645508e-01,1.432420611381530762e-01,6.513722985982894897e-02,1.737450510263442993e-01,-1.608372092247009277e+00,1.720094680786132812e-01,2.216943651437759399e-01,1.764143586158752441e+00,-1.733425855636596680e-01,-2.711302042007446289e-01,-2.198896259069442749e-01,-1.372481584548950195e-01,2.636287920176982880e-02,2.617862224578857422e+00,-3.366493284702301025e-01,2.565618753433227539e-01,3.734800219535827637e-02,8.472798019647598267e-02,5.351480245590209961e-01,-3.627519607543945312e-01,1.081756472587585449e+00,-8.162063360214233398e-01,2.375088483095169067e-01,6.076629757881164551e-01,-5.853379368782043457e-01,6.966809034347534180e-01,-9.545069932937622070e-01,-9.168190509080886841e-02,1.057114481925964355e+00,5.122671127319335938e-01,-4.710726141929626465e-01,-2.653599679470062256e-01,-4.619374871253967285e-01
-1.858134865760803223e-01,-1.498596370220184326e-01,3.948392271995544434e-01,9.707701206207275391e-01,1.512557715177536011e-01,6.219311803579330444e-02,1.756674796342849731e-01,-1.589894056320190430e+00,1.741296947002410889e-01,2.237737178802490234e-01,1.795924663543701172e+00,-2.074482589960098267e-01,-2.679104208946228027e-01,-2.073451578617095947e-01,-1.547196358442306519e-01,2.416111528873443604e-02,2.616355419158935547e+00,-3.498404920101165771e-01,2.525748014450073242e-01,3.282982110977172852e-02,6.168109551072120667e-02,5.381714105606079102e-01,-3.777403235435485840e-01,1.063741683959960938e+00,-8.310473561286926270e-01,2.706438899040222168e-01,6.068930029869079590e-01,-5.841193795204162598e-01,6.952505707740783691e-01,-9.453148245811462402e-01,-8.223018050193786621e-02,1.053168296813964844e+00,5.210826396942138672e-01,-4.573654234409332275e-01,-2.712100446224212646e-01,-4.560612738132476807e-01
-1.853745579719543457e-01,-1.537811160087585449e-01,3.949696123600006104e-01,9.704033732414245605e-01,1.552141308784484863e-01,5.973357707262039185e-02,1.750938743352890015e-01,-1.574237704277038574e+00,1.690873950719833374e-01,2.168281227350234985e-01,1.858394980430603027e+00,-2.689096331596374512e-01,-2.647723257541656494e-01,-1.986779868602752686e-01,-1.550400257110595703e-01,2.554811537265777588e-02,2.615738868713378906e+00,-3.527148962020874023e-01,2.539319992065429688e-01,3.090048022568225861e-02,4.632246866822242737e-02,5.394166707992553711e-01,-3.915536999702453613e-01,1.051046848297119141e+00,-8.468413352966308594e-01,2.991712391376495361e-01,6.076054573059082031e-01,-5.867372751235961914e-01,6.938861012458801270e-01,-9.392016530036926270e-01,-7.285887002944946289e-02,1.053127527236938477e+00,5.297365188598632812e-01,-4.405492544174194336e-01,-2.765077352523803711e-01,-4.509779214859008789e-01
-1.852729171514511108e-01,-1.572104692459106445e-01,3.952772319316864014e-01,9.704873561859130859e-01,1.563513427972793579e-01,5.847704410552978516e-02,1.740374267101287842e-01,-1.561993837356567383e+00,1.579587906599044800e-01,2.088555991649627686e-01,1.927467823028564453e+00,-3.224062323570251465e-01,-2.592608630657196045e-01,-1.963951736688613892e-01,-1.468536555767059326e-01,2.708470635116100311e-02,2.615684986114501953e+00,-3.481598198413848877e-01,2.577760815620422363e-01,2.974102087318897247e-02,3.769300878047943115e-02,5.386940240859985352e-01,-4.074510931968688965e-01,1.043073058128356934e+00,-8.655260801315307617e-01,3.227628171443939209e-01,6.125573515892028809e-01,-5.877448916435241699e-01,6.948607563972473145e-01,-9.342857003211975098e-01,-6.622976809740066528e-02,1.057495355606079102e+00,5.361246466636657715e-01,-4.230709075927734375e-01,-2.785185575485229492e-01,-4.461373388767242432e-01
-1.853671967983245850e-01,-1.600674390792846680e-01,3.959491550922393799e-01,9.709742665290832520e-01,1.543924361467361450e-01,5.842567607760429382e-02,1.730850338935852051e-01,-1.551811456680297852e+00,1.377684921026229858e-01,1.966748386621475220e-01,1.988244414329528809e+00,-3.695637583732604980e-01,-2.518573999404907227e-01,-1.980385929346084595e-01,-1.320398151874542236e-01,2.401908300817012787e-02,2.616459608078002930e+00,-3.351461291313171387e-01,2.621082365512847900e-01,2.795678377151489258e-02,3.638595715165138245e-02,5.377336740493774414e-01,-4.247530102729797363e-01,1.037841320037841797e+00,-8.881229162216186523e-01,3.408643007278442383e-01,6.238122582435607910e-01,-5.863604545593261719e-01,6.943739056587219238e-01,-9.316517710685729980e-01,-6.310535222291946411e-02,1.066990971565246582e+00,5.429771542549133301e-01,-4.114093482494354248e-01,-2.769699096679687500e-01,-4.475630223751068115e-01
-1.854003071784973145e-01,-1.613801568746566772e-01,3.970155417919158936e-01,9.722426533699035645e-01,1.489371508359909058e-01,5.786574259400367737e-02,1.709196418523788452e-01,-1.542618393898010254e+00,1.192112341523170471e-01,1.791897118091583252e-01,2.017916440963745117e+00,-4.184502363204956055e-01,-2.346408367156982422e-01,-1.991603672504425049e-01,-1.142613962292671204e-01,1.633605919778347015e-02,2.613195419311523438e+00,-3.103573620319366455e-01,2.611260414123535156e-01,2.649301476776599884e-02,4.275469481945037842e-02,5.371463894844055176e-01,-4.400295317173004150e-01,1.034954786300659180e+00,-9.105603694915771484e-01,3.526437878608703613e-01,6.387892961502075195e-01,-5.815295577049255371e-01,6.897318959236145020e-01,-9.392923116683959961e-01,-5.984337255358695984e-02,1.081805229187011719e+00,5.492338538169860840e-01,-3.974135518074035645e-01,-2.748006284236907959e-01,-4.511757791042327881e-01
-1.854332983493804932e-01,-1.617731004953384399e-01,3.980979621410369873e-01,9.739353656768798828e-01,1.422846317291259766e-01,5.741640925407409668e-02,1.670579612255096436e-01,-1.536620378494262695e+00,1.194393560290336609e-01,1.592835336923599243e-01,2.020341157913208008e+00,-4.486919641494750977e-01,-2.173378467559814453e-01,-2.013854235410690308e-01,-9.747345000505447388e-02,8.438470773398876190e-03,2.604460954666137695e+00,-2.784046530723571777e-01,2.611171603202819824e-01,2.711764909327030182e-02,5.115754902362823486e-02,5.360910296440124512e-01,-4.520686268806457520e-01,1.035498619079589844e+00,-9.228597879409790039e-01,3.616396188735961914e-01,6.537323594093322754e-01,-5.796874165534973145e-01,6.990345716476440430e-01,-9.386658072471618652e-01,-5.513356626033782959e-02,1.083029150962829590e+00,5.541232228279113770e-01,-3.997183442115783691e-01,-2.699663639068603516e-01,-4.615612328052520752e-01
-1.857147216796875000e-01,-1.614647805690765381e-01,3.987492918968200684e-01,9.751111865043640137e-01,1.386196166276931763e-01,5.671178922057151794e-02,1.634825617074966431e-01,-1.536630749702453613e+00,1.235770434141159058e-01,1.469415873289108276e-01,2.021283626556396484e+00,-4.535079002380371094e-01,-2.092074304819107056e-01,-2.043440341949462891e-01,-8.890976011753082275e-02,9.326747618615627289e-03,2.596776485443115234e+00,-2.611334025859832764e-01,2.632375359535217285e-01,2.578403428196907043e-02,5.266946181654930115e-02,5.350384712219238281e-01,-4.652696251869201660e-01,1.037194252014160156e+00,-9.361256361007690430e-01,3.732642531394958496e-01,6.699164509773254395e-01,-5.742871165275573730e-01,7.094086408615112305e-01,-9.386970400810241699e-01,-5.015732720494270325e-02,1.084861516952514648e+00,5.557226538658142090e-01,-3.954794704914093018e-01,-2.683528363704681396e-01,-4.624052047729492188e-01
-1.861319243907928467e-01,-1.604133099317550659e-01,3.996899425983428955e-01,9.759889245033264160e-01,1.374505162239074707e-01,5.564831569790840149e-02,1.595502048730850220e-01,-1.532788872718811035e+00,1.286136656999588013e-01,1.432135254144668579e-01,2.022211551666259766e+00,-4.556788802146911621e-01,-2.017609626054763794e-01,-2.054032832384109497e-01,-8.635473996400833130e-02,1.704478077590465546e-02,2.588398933410644531e+00,-2.512349486351013184e-01,2.637349665164947510e-01,2.504521608352661133e-02,4.951154440641403198e-02,5.345836281776428223e-01,-4.741664826869964600e-01,1.039091944694519043e+00,-9.463579058647155762e-01,3.816209733486175537e-01,6.819083094596862793e-01,-5.713586807250976562e-01,7.134171724319458008e-01,-9.395429491996765137e-01,-4.358919337391853333e-02,1.087505817413330078e+00,5.601207613945007324e-01,-3.907802700996398926e-01,-2.715169191360473633e-01,-4.613322317600250244e-01
-1.867893934249877930e-01,-1.586882472038269043e-01,4.004998803138732910e-01,9.767070412635803223e-01,1.377453207969665527e-01,5.472429469227790833e-02,1.551606953144073486e-01,-1.527458906173706055e+00,1.341447085142135620e-01,1.455639302730560303e-01,2.024410486221313477e+00,-4.594921469688415527e-01,-1.941238641738891602e-01,-2.052412033081054688e-01,-8.753804862499237061e-02,3.117900155484676361e-02,2.582204580307006836e+00,-2.438205033540725708e-01,2.634350359439849854e-01,2.609217166900634766e-02,4.462012648582458496e-02,5.337849855422973633e-01,-4.813089370727539062e-01,1.042710423469543457e+00,-9.538888931274414062e-01,3.843837380409240723e-01,6.857351660728454590e-01,-5.718894600868225098e-01,7.115231752395629883e-01,-9.430581927299499512e-01,-3.786451369524002075e-02,1.089757204055786133e+00,5.660781860351562500e-01,-3.844093978404998779e-01,-2.783524990081787109e-01,-4.569126665592193604e-01
-1.879041790962219238e-01,-1.565655469894409180e-01,4.010441303253173828e-01,9.775374531745910645e-01,1.371995508670806885e-01,5.398281291127204895e-02,1.506076306104660034e-01,-1.524480342864990234e+00,1.394408494234085083e-01,1.484059840440750122e-01,2.028587341308593750e+00,-4.655827581882476807e-01,-1.878613531589508057e-01,-2.070081084966659546e-01,-8.665412664413452148e-02,4.850328713655471802e-02,2.579563140869140625e+00,-2.371294349431991577e-01,2.633953988552093506e-01,2.796991914510726929e-02,4.233728721737861633e-02,5.322726368904113770e-01,-4.875369668006896973e-01,1.047480583190917969e+00,-9.609602093696594238e-01,3.815126121044158936e-01,6.850126981735229492e-01,-5.751567482948303223e-01,7.084809541702270508e-01,-9.467710852622985840e-01,-3.537928685545921326e-02,1.092066884040832520e+00,5.713088512420654297e-01,-3.761411011219024658e-01,-2.855819165706634521e-01,-4.505291581153869629e-01
-1.894054263830184937e-01,-1.543852984905242920e-01,4.012907147407531738e-01,9.784051775932312012e-01,1.355553716421127319e-01,5.362047627568244934e-02,1.465361267328262329e-01,-1.525398254394531250e+00,1.454444229602813721e-01,1.496921330690383911e-01,2.034294843673706055e+00,-4.721378684043884277e-01,-1.804511696100234985e-01,-2.086556553840637207e-01,-8.480163663625717163e-02,6.371805071830749512e-02,2.579571485519409180e+00,-2.327459752559661865e-01,2.637948989868164062e-01,2.851592935621738434e-02,4.216651991009712219e-02,5.313770771026611328e-01,-4.924599826335906982e-01,1.051426172256469727e+00,-9.674376845359802246e-01,3.750588297843933105e-01,6.840308904647827148e-01,-5.786051750183105469e-01,7.076077461242675781e-01,-9.513782262802124023e-01,-3.639924898743629456e-02,1.095083594322204590e+00,5.767160654067993164e-01,-3.690993785858154297e-01,-2.898781001567840576e-01,-4.478767216205596924e-01
-1.909402906894683838e-01,-1.522183865308761597e-01,4.014575779438018799e-01,9.792460203170776367e-01,1.331537514925003052e-01,5.324218422174453735e-02,1.432219743728637695e-01,-1.528098940849304199e+00,1.507013142108917236e-01,1.496385335922241211e-01,2.040072917938232422e+00,-4.769786596298217773e-01,-1.716613918542861938e-01,-2.091829031705856323e-01,-8.294503390789031982e-02,7.486230880022048950e-02,2.580589294433593750e+00,-2.290380001068115234e-01,2.645610868930816650e-01,2.708932384848594666e-02,4.235263541340827942e-02,5.315303206443786621e-01,-4.944304823875427246e-01,1.054629087448120117e+00,-9.729292988777160645e-01,3.666902780532836914e-01,6.828882098197937012e-01,-5.806396603584289551e-01,7.095468640327453613e-01,-9.588117003440856934e-01,-3.909630328416824341e-02,1.095737338066101074e+00,5.820642709732055664e-01,-3.626140654087066650e-01,-2.901727259159088135e-01,-4.494006335735321045e-01
-1.922121345996856689e-01,-1.501101851463317871e-01,4.014352560043334961e-01,9.800560474395751953e-01,1.301833987236022949e-01,5.216536670923233032e-02,1.407880038022994995e-01,-1.530702829360961914e+00,1.537740826606750488e-01,1.486971974372863770e-01,2.045636653900146484e+00,-4.791950285434722900e-01,-1.630555540323257446e-01,-2.077034413814544678e-01,-8.176910877227783203e-02,8.276744931936264038e-02,2.580479383468627930e+00,-2.248148620128631592e-01,2.651696205139160156e-01,2.551711536943912506e-02,4.249287769198417664e-02,5.317462682723999023e-01,-4.940758347511291504e-01,1.057229518890380859e+00,-9.765188097953796387e-01,3.587864339351654053e-01,6.786435246467590332e-01,-5.818674564361572266e-01,7.158085107803344727e-01,-9.688060879707336426e-01,-4.210332408547401428e-02,1.091854572296142578e+00,5.872586965560913086e-01,-3.548147976398468018e-01,-2.885860800743103027e-01,-4.511414468288421631e-01
-1.932312846183776855e-01,-1.480440646409988403e-01,4.012778401374816895e-01,9.808748364448547363e-01,1.267190724611282349e-01,5.016718059778213501e-02,1.389609277248382568e-01,-1.532129526138305664e+00,1.554724127054214478e-01,1.461644917726516724e-01,2.051347732543945312e+00,-4.806700944900512695e-01,-1.566298454999923706e-01,-2.065445333719253540e-01,-8.066183328628540039e-02,8.744943886995315552e-02,2.578548908233642578e+00,-2.180101722478866577e-01,2.656601369380950928e-01,2.571490965783596039e-02,4.316195473074913025e-02,5.316478013992309570e-01,-4.923519492149353027e-01,1.059203863143920898e+00,-9.763811230659484863e-01,3.518663346767425537e-01,6.724216938018798828e-01,-5.836745500564575195e-01,7.228000164031982422e-01,-9.799434542655944824e-01,-4.534120112657546997e-02,1.083333969116210938e+00,5.922512412071228027e-01,-3.440301120281219482e-01,-2.888451218605041504e-01,-4.500088691711425781e-01
-1.940172016620635986e-01,-1.461589187383651733e-01,4.012127816677093506e-01,9.816064238548278809e-01,1.231460422277450562e-01,4.714907705783843994e-02,1.380607485771179199e-01,-1.530502676963806152e+00,1.557612717151641846e-01,1.438859552145004272e-01,2.056443214416503906e+00,-4.841899573802947998e-01,-1.538851410150527954e-01,-2.028102576732635498e-01,-7.876159250736236572e-02,9.070982038974761963e-02,2.573177814483642578e+00,-2.084989398717880249e-01,2.662709057331085205e-01,2.846252731978893280e-02,4.439793527126312256e-02,5.307779312133789062e-01,-4.923460483551025391e-01,1.059693574905395508e+00,-9.758269190788269043e-01,3.482792079448699951e-01,6.661274433135986328e-01,-5.888729095458984375e-01,7.296409010887145996e-01,-9.895348548889160156e-01,-4.884085059165954590e-02,1.070033311843872070e+00,5.995261073112487793e-01,-3.300514817237854004e-01,-2.934560477733612061e-01,-4.446782469749450684e-01
-1.948315203189849854e-01,-1.447693407535552979e-01,4.008775949478149414e-01,9.822260141372680664e-01,1.194545552134513855e-01,4.445320367813110352e-02,1.377916187047958374e-01,-1.530346751213073730e+00,1.560184061527252197e-01,1.419847458600997925e-01,2.060892105102539062e+00,-4.888581633567810059e-01,-1.526658087968826294e-01,-1.991446614265441895e-01,-7.703616470098495483e-02,9.342480450868606567e-02,2.567570447921752930e+00,-1.998742222785949707e-01,2.664645314216613770e-01,3.333218395709991455e-02,4.623606055974960327e-02,5.297986268997192383e-01,-4.947083592414855957e-01,1.061372756958007812e+00,-9.743058085441589355e-01,3.440664112567901611e-01,6.582071781158447266e-01,-5.962292551994323730e-01,7.333842515945434570e-01,-9.985240697860717773e-01,-5.262330919504165649e-02,1.056198239326477051e+00,6.084502339363098145e-01,-3.160816431045532227e-01,-3.000526726245880127e-01,-4.365213513374328613e-01
-1.958500593900680542e-01,-1.436093449592590332e-01,4.003821909427642822e-01,9.825775623321533203e-01,1.162967011332511902e-01,4.281290248036384583e-02,1.385044902563095093e-01,-1.533495664596557617e+00,1.554571539163589478e-01,1.412396132946014404e-01,2.063114643096923828e+00,-4.915340542793273926e-01,-1.501323729753494263e-01,-1.959063559770584106e-01,-7.728841900825500488e-02,9.436620026826858521e-02,2.563345670700073242e+00,-1.964800208806991577e-01,2.657037675380706787e-01,3.747747838497161865e-02,4.766518250107765198e-02,5.299017429351806641e-01,-4.998566508293151855e-01,1.064766645431518555e+00,-9.742980599403381348e-01,3.383333384990692139e-01,6.503239274024963379e-01,-6.017492413520812988e-01,7.335340380668640137e-01,-1.008094668388366699e+00,-5.643245950341224670e-02,1.044367313385009766e+00,6.171464323997497559e-01,-3.079085052013397217e-01,-3.050936758518218994e-01,-4.292091131210327148e-01
-1.970296502113342285e-01,-1.424032151699066162e-01,3.997508585453033447e-01,9.826691150665283203e-01,1.138840094208717346e-01,4.256394132971763611e-02,1.399291008710861206e-01,-1.540480375289916992e+00,1.524759232997894287e-01,1.415985524654388428e-01,2.062293529510498047e+00,-4.919658601284027100e-01,-1.450583040714263916e-01,-1.938689947128295898e-01,-8.203557133674621582e-02,9.124833345413208008e-02,2.561308383941650391e+00,-1.961376667022705078e-01,2.639148831367492676e-01,3.973916918039321899e-02,4.778609052300453186e-02,5.310117006301879883e-01,-5.059570074081420898e-01,1.071542501449584961e+00,-9.735956788063049316e-01,3.294770121574401855e-01,6.419811844825744629e-01,-6.031647920608520508e-01,7.339327335357666016e-01,-1.021576166152954102e+00,-6.016369536519050598e-02,1.032899379730224609e+00,6.248126029968261719e-01,-3.047052323818206787e-01,-3.057574629783630371e-01,-4.228828549385070801e-01
