4.559933021664619446e-02,-1.433287560939788818e-02,7.801374793052673340e-01,9.998275637626647949e-01,4.866106901317834854e-03,-1.783680915832519531e-02,1.726807095110416412e-03,1.216492131352424622e-01,1.601447612047195435e-01,2.457042783498764038e-01,1.438673138618469238e-01,-1.716454476118087769e-01,-1.621314883232116699e-01,1.166853457689285278e-01,-1.625683009624481201e-01,-3.602681159973144531e-01,1.364169865846633911e-01,-1.982500106096267700e-01,1.355810612440109253e-01,1.568008586764335632e-02,1.354159321635961533e-02,1.305280625820159912e-01,4.347304999828338623e-02,2.859704792499542236e-01,-6.014702916145324707e-01,1.036106109619140625e+00,3.161363303661346436e-01,-5.184007808566093445e-02,-3.031159378588199615e-02,-1.380388587713241577e-01,-2.526645362377166748e-01,8.132086992263793945e-01,1.121814846992492676e+00,-3.108959496021270752e-01,-3.713108971714973450e-02,8.634576201438903809e-02
4.506224021315574646e-02,-1.441722828894853592e-02,7.802629470825195312e-01,9.998041987419128418e-01,5.622501485049724579e-03,-1.798658259212970734e-02,6.032643374055624008e-03,1.180046126246452332e-01,1.576021164655685425e-01,2.379344105720520020e-01,1.441373825073242188e-01,-1.715263724327087402e-01,-1.608985811471939087e-01,1.197568252682685852e-01,-1.657401472330093384e-01,-3.696877360343933105e-01,1.372684389352798462e-01,-1.991452723741531372e-01,1.369645744562149048e-01,1.790640689432621002e-02,1.496610883623361588e-02,1.312645971775054932e-01,4.383118823170661926e-02,2.868636250495910645e-01,-6.025388240814208984e-01,1.033204674720764160e+00,3.189221322536468506e-01,-5.073868855834007263e-02,-3.436851873993873596e-02,-1.409966796636581421e-01,-2.522803843021392822e-01,8.166427612304687500e-01,1.123238325119018555e+00,-3.063462078571319580e-01,-3.551958501338958740e-02,9.032336622476577759e-02
4.445833712816238403e-02,-1.451934687793254852e-02,7.802922129631042480e-01,9.997537732124328613e-01,6.301162764430046082e-03,-1.810580305755138397e-02,1.117401383817195892e-02,1.132819503545761108e-01,1.551392674446105957e-01,2.281531244516372681e-01,1.453327089548110962e-01,-1.699600219726562500e-01,-1.591774672269821167e-01,1.227175593376159668e-01,-1.688381582498550415e-01,-3.801389336585998535e-01,1.383028477430343628e-01,-2.004799842834472656e-01,1.378502547740936279e-01,1.971714384853839874e-02,1.698462665081024170e-02,1.333476155996322632e-01,4.443385824561119080e-02,2.875640094280242920e-01,-6.028214693069458008e-01,1.028981447219848633e+00,3.233926296234130859e-01,-5.105493590235710144e-02,-3.704139217734336853e-02,-1.449943929910659790e-01,-2.511227130889892578e-01,8.221246004104614258e-01,1.124092340469360352e+00,-3.000692427158355713e-01,-3.459909558296203613e-02,9.346743673086166382e-02
4.376419633626937866e-02,-1.453023310750722885e-02,7.803400754928588867e-01,9.996699094772338867e-01,6.995503790676593781e-03,-1.807934418320655823e-02,1.686122082173824310e-02,1.076590046286582947e-01,1.525818109512329102e-01,2.174731194972991943e-01,1.468785852193832397e-01,-1.680608838796615601e-01,-1.572382897138595581e-01,1.256980746984481812e-01,-1.715383827686309814e-01,-3.908753395080566406e-01,1.387072950601577759e-01,-2.017097473144531250e-01,1.386467665433883667e-01,2.204322442412376404e-02,1.892989501357078552e-02,1.362484246492385864e-01,4.524660855531692505e-02,2.884107828140258789e-01,-6.029462218284606934e-01,1.024435520172119141e+00,3.267494738101959229e-01,-5.085671320557594299e-02,-3.753441572189331055e-02,-1.500892639160156250e-01,-2.485692948102951050e-01,8.295760154724121094e-01,1.125246405601501465e+00,-2.930632829666137695e-01,-3.421923890709877014e-02,9.642370790243148804e-02
4.300081357359886169e-02,-1.449355110526084900e-02,7.804251909255981445e-01,9.995578527450561523e-01,7.598014548420906067e-03,-1.767877303063869476e-02,2.266794256865978241e-02,1.008900925517082214e-01,1.501759290695190430e-01,2.067581266164779663e-01,1.482226401567459106e-01,-1.658143252134323120e-01,-1.554472744464874268e-01,1.278175711631774902e-01,-1.736595034599304199e-01,-4.009640514850616455e-01,1.383399963378906250e-01,-2.022356539964675903e-01,1.392593383789062500e-01,2.499348670244216919e-02,2.106218598783016205e-02,1.396206021308898926e-01,4.516110941767692566e-02,2.892107069492340088e-01,-6.024378538131713867e-01,1.020360112190246582e+00,3.268912732601165771e-01,-5.077828094363212585e-02,-3.650437667965888977e-02,-1.559793502092361450e-01,-2.446726858615875244e-01,8.379371762275695801e-01,1.126483917236328125e+00,-2.873279750347137451e-01,-3.444996848702430725e-02,9.961897134780883789e-02
4.214225336909294128e-02,-1.436608470976352692e-02,7.805827856063842773e-01,9.994127154350280762e-01,8.127776905894279480e-03,-1.676055975258350372e-02,2.876260690391063690e-02,9.236627817153930664e-02,1.476217210292816162e-01,1.951414644718170166e-01,1.494584828615188599e-01,-1.628421097993850708e-01,-1.538316607475280762e-01,1.292127817869186401e-01,-1.753215193748474121e-01,-4.111968278884887695e-01,1.368061602115631104e-01,-2.016866803169250488e-01,1.398435235023498535e-01,2.833242341876029968e-02,2.355499938130378723e-02,1.436674743890762329e-01,4.461891204118728638e-02,2.903189659118652344e-01,-6.013242602348327637e-01,1.015930533409118652e+00,3.258438706398010254e-01,-5.144288390874862671e-02,-3.509761393070220947e-02,-1.634437888860702515e-01,-2.396678179502487183e-01,8.480246663093566895e-01,1.127948641777038574e+00,-2.828481793403625488e-01,-3.525941073894500732e-02,1.029778793454170227e-01
4.117739945650100708e-02,-1.418822351843118668e-02,7.808285951614379883e-01,9.992386102676391602e-01,8.581944741308689117e-03,-1.527866069227457047e-02,3.485836088657379150e-02,8.211778849363327026e-02,1.448834985494613647e-01,1.833188980817794800e-01,1.508800387382507324e-01,-1.593308001756668091e-01,-1.522174328565597534e-01,1.294573545455932617e-01,-1.767258793115615845e-01,-4.215035140514373779e-01,1.343411803245544434e-01,-2.000175267457962036e-01,1.403757333755493164e-01,3.180209547281265259e-02,2.647826448082923889e-02,1.484467685222625732e-01,4.397922754287719727e-02,2.918417751789093018e-01,-5.997848510742187500e-01,1.011117696762084961e+00,3.249715864658355713e-01,-5.324692279100418091e-02,-3.336225077509880066e-02,-1.724349558353424072e-01,-2.342466861009597778e-01,8.584711551666259766e-01,1.129987120628356934e+00,-2.785091102123260498e-01,-3.747396543622016907e-02,1.060161292552947998e-01
4.002996161580085754e-02,-1.403354853391647339e-02,7.811136245727539062e-01,9.990246891975402832e-01,8.957739919424057007e-03,-1.322550419718027115e-02,4.116485640406608582e-02,7.009971886873245239e-02,1.419057995080947876e-01,1.712488681077957153e-01,1.522998213768005371e-01,-1.553310900926589966e-01,-1.503390520811080933e-01,1.283802092075347900e-01,-1.779732257127761841e-01,-4.317128360271453857e-01,1.314005255699157715e-01,-1.974683701992034912e-01,1.409497112035751343e-01,3.521810472011566162e-02,3.007644414901733398e-02,1.541417092084884644e-01,4.305060580372810364e-02,2.936677336692810059e-01,-5.981353521347045898e-01,1.005663394927978516e+00,3.229708075523376465e-01,-5.594027787446975708e-02,-3.168120235204696655e-02,-1.828851997852325439e-01,-2.286719530820846558e-01,8.683673739433288574e-01,1.132792472839355469e+00,-2.730314433574676514e-01,-4.117865487933158875e-02,1.090634018182754517e-01
3.861740231513977051e-02,-1.368988212198019028e-02,7.814044952392578125e-01,9.987543821334838867e-01,9.241055697202682495e-03,-1.070452854037284851e-02,4.785028472542762756e-02,5.665200203657150269e-02,1.386929303407669067e-01,1.587483882904052734e-01,1.535118669271469116e-01,-1.508649438619613647e-01,-1.482172757387161255e-01,1.261531412601470947e-01,-1.794209778308868408e-01,-4.424323141574859619e-01,1.286658495664596558e-01,-1.946558356285095215e-01,1.417769491672515869e-01,3.867551311850547791e-02,3.465018793940544128e-02,1.610799878835678101e-01,4.206217080354690552e-02,2.954347133636474609e-01,-5.966290831565856934e-01,9.995650649070739746e-01,3.203702569007873535e-01,-5.908827483654022217e-02,-3.030817210674285889e-02,-1.947866678237915039e-01,-2.228926271200180054e-01,8.776655793190002441e-01,1.136195898056030273e+00,-2.663268446922302246e-01,-4.591153562068939209e-02,1.123783886432647705e-01
3.702283650636672974e-02,-1.347359456121921539e-02,7.817110419273376465e-01,9.984262585639953613e-01,9.445535950362682343e-03,-7.850373163819313049e-03,5.471893772482872009e-02,4.267333820462226868e-02,1.351423710584640503e-01,1.461610496044158936e-01,1.539064943790435791e-01,-1.457560807466506958e-01,-1.460455507040023804e-01,1.227706223726272583e-01,-1.811763644218444824e-01,-4.538360536098480225e-01,1.264040023088455200e-01,-1.918939501047134399e-01,1.426133811473846436e-01,4.219888150691986084e-02,4.022238031029701233e-02,1.693880110979080200e-01,4.096170142292976379e-02,2.967528998851776123e-01,-5.948600769042968750e-01,9.934318065643310547e-01,3.186012506484985352e-01,-6.180479377508163452e-02,-2.902516163885593414e-02,-2.079085707664489746e-01,-2.172454148530960083e-01,8.859164714813232422e-01,1.140254855155944824e+00,-2.573424279689788818e-01,-5.110141634941101074e-02,1.150216236710548401e-01
3.519339114427566528e-02,-1.320618577301502228e-02,7.820185422897338867e-01,9.980462789535522461e-01,9.541403502225875854e-03,-4.705815576016902924e-03,6.156628578901290894e-02,2.835058420896530151e-02,1.314801573753356934e-01,1.339058578014373779e-01,1.536104083061218262e-01,-1.403198540210723877e-01,-1.439413577318191528e-01,1.180396676063537598e-01,-1.831478327512741089e-01,-4.655854701995849609e-01,1.248150765895843506e-01,-1.891609281301498413e-01,1.430396437644958496e-01,4.554307833313941956e-02,4.687291011214256287e-02,1.789229214191436768e-01,3.944872319698333740e-02,2.978047430515289307e-01,-5.927414894104003906e-01,9.865407347679138184e-01,3.187077641487121582e-01,-6.410870701074600220e-02,-2.786658890545368195e-02,-2.221854329109191895e-01,-2.122214585542678833e-01,8.928153514862060547e-01,1.144743919372558594e+00,-2.468851506710052490e-01,-5.652946233749389648e-02,1.166656166315078735e-01
3.312185406684875488e-02,-1.291468366980552673e-02,7.823681235313415527e-01,9.976050257682800293e-01,9.523263201117515564e-03,-1.142295077443122864e-03,6.849966198205947876e-02,1.302050426602363586e-02,1.277545541524887085e-01,1.213831901550292969e-01,1.531011760234832764e-01,-1.342458724975585938e-01,-1.417274326086044312e-01,1.119510233402252197e-01,-1.851986795663833618e-01,-4.779566228389739990e-01,1.234981566667556763e-01,-1.860451400279998779e-01,1.430106461048126221e-01,4.915035516023635864e-02,5.487097799777984619e-02,1.898766160011291504e-01,3.729867562651634216e-02,2.990314066410064697e-01,-5.906111598014831543e-01,9.785345196723937988e-01,3.209696114063262939e-01,-6.655663996934890747e-02,-2.698156237602233887e-02,-2.382806241512298584e-01,-2.078041136264801025e-01,8.990108966827392578e-01,1.149801015853881836e+00,-2.363378107547760010e-01,-6.181979179382324219e-02,1.180901378393173218e-01
3.087569773197174072e-02,-1.267594378441572189e-02,7.827659845352172852e-01,9.971165657043457031e-01,9.423090144991874695e-03,2.863014815375208855e-03,7.524327933788299561e-02,-3.248855704441666603e-03,1.239282265305519104e-01,1.089571565389633179e-01,1.520300060510635376e-01,-1.270519942045211792e-01,-1.394054293632507324e-01,1.044128686189651489e-01,-1.871618926525115967e-01,-4.898501932621002197e-01,1.222695261240005493e-01,-1.825885474681854248e-01,1.427373290061950684e-01,5.310166999697685242e-02,6.388929486274719238e-02,2.015105187892913818e-01,3.494137153029441833e-02,3.004454672336578369e-01,-5.886246562004089355e-01,9.696633219718933105e-01,3.233886063098907471e-01,-6.912436336278915405e-02,-2.578276023268699646e-02,-2.562428116798400879e-01,-2.039975225925445557e-01,9.050590395927429199e-01,1.155772447586059570e+00,-2.285821288824081421e-01,-6.678685545921325684e-02,1.194089129567146301e-01
2.846818417310714722e-02,-1.253531221300363541e-02,7.831925749778747559e-01,9.965896606445312500e-01,9.188539348542690277e-03,7.271130569279193878e-03,8.168039470911026001e-02,-2.036525681614875793e-02,1.201857328414916992e-01,9.695807844400405884e-02,1.503764688968658447e-01,-1.189765781164169312e-01,-1.369470357894897461e-01,9.557522833347320557e-02,-1.888920068740844727e-01,-5.009965300559997559e-01,1.209654211997985840e-01,-1.785674691200256348e-01,1.424562186002731323e-01,5.759256705641746521e-02,7.399787753820419312e-02,2.136667221784591675e-01,3.273373842239379883e-02,3.019604086875915527e-01,-5.864134430885314941e-01,9.608130455017089844e-01,3.256329894065856934e-01,-7.176242023706436157e-02,-2.364186756312847137e-02,-2.760938704013824463e-01,-2.003922611474990845e-01,9.108221530914306641e-01,1.162913799285888672e+00,-2.242006808519363403e-01,-7.150737196207046509e-02,1.211177706718444824e-01
2.597003802657127380e-02,-1.249243412166833878e-02,7.836264967918395996e-01,9.960293173789978027e-01,8.859206922352313995e-03,1.188806816935539246e-02,8.778276294469833374e-02,-3.786382824182510376e-02,1.165158376097679138e-01,8.551800996065139771e-02,1.484340280294418335e-01,-1.104656085371971130e-01,-1.345087736845016479e-01,8.604887127876281738e-02,-1.904651075601577759e-01,-5.115067958831787109e-01,1.196685731410980225e-01,-1.744812577962875366e-01,1.423308849334716797e-01,6.262430548667907715e-02,8.488931506872177124e-02,2.261635214090347290e-01,3.109990060329437256e-02,3.035610318183898926e-01,-5.842481851577758789e-01,9.526834487915039062e-01,3.278438746929168701e-01,-7.447257637977600098e-02,-2.061629667878150940e-02,-2.970646917819976807e-01,-1.965767443180084229e-01,9.163011312484741211e-01,1.171012759208679199e+00,-2.230961173772811890e-01,-7.680209726095199585e-02,1.227025836706161499e-01
2.340841479599475861e-02,-1.251704990863800049e-02,7.840210795402526855e-01,9.954311251640319824e-01,8.460574783384799957e-03,1.656007394194602966e-02,9.365350753068923950e-02,-5.527787655591964722e-02,1.129403337836265564e-01,7.460667937994003296e-02,1.459664851427078247e-01,-1.017012223601341248e-01,-1.324116736650466919e-01,7.631125301122665405e-02,-1.918584555387496948e-01,-5.213691592216491699e-01,1.184151023626327515e-01,-1.707411557435989380e-01,1.420135945081710815e-01,6.807848811149597168e-02,9.628375619649887085e-02,2.391066402196884155e-01,2.980104461312294006e-02,3.052720725536346436e-01,-5.820119976997375488e-01,9.462098479270935059e-01,3.292731344699859619e-01,-7.743521034717559814e-02,-1.766827329993247986e-02,-3.184914290904998779e-01,-1.923356056213378906e-01,9.208431839942932129e-01,1.179784774780273438e+00,-2.245578169822692871e-01,-8.249936252832412720e-02,1.236136704683303833e-01
2.080897428095340729e-02,-1.261599455028772354e-02,7.843530178070068359e-01,9.948086738586425781e-01,7.961324416100978851e-03,2.129446156322956085e-02,9.919118136167526245e-02,-7.242832332849502563e-02,1.096373051404953003e-01,6.418810784816741943e-02,1.429012566804885864e-01,-9.285274893045425415e-02,-1.308485567569732666e-01,6.592337787151336670e-02,-1.930693387985229492e-01,-5.304966568946838379e-01,1.174127236008644104e-01,-1.671186834573745728e-01,1.414884924888610840e-01,7.377103716135025024e-02,1.081343144178390503e-01,2.523184418678283691e-01,2.848370559513568878e-02,3.069123625755310059e-01,-5.801249146461486816e-01,9.420521259307861328e-01,3.299932479858398438e-01,-8.029688894748687744e-02,-1.499584130942821503e-02,-3.397481143474578857e-01,-1.874962747097015381e-01,9.247662425041198730e-01,1.189445734024047852e+00,-2.273440062999725342e-01,-8.826365321874618530e-02,1.235571801662445068e-01
1.818335987627506256e-02,-1.283785514533519745e-02,7.846349477767944336e-01,9.941653609275817871e-01,7.382101379334926605e-03,2.603524178266525269e-02,1.044171601533889771e-01,-8.908649533987045288e-02,1.066630482673645020e-01,5.465900525450706482e-02,1.392894685268402100e-01,-8.383650332689285278e-02,-1.295283585786819458e-01,5.497241765260696411e-02,-1.940579414367675781e-01,-5.390474200248718262e-01,1.166354417800903320e-01,-1.635649502277374268e-01,1.408330351114273071e-01,7.947818934917449951e-02,1.201380938291549683e-01,2.656746506690979004e-01,2.672763913869857788e-02,3.085620105266571045e-01,-5.791968107223510742e-01,9.400188922882080078e-01,3.310697674751281738e-01,-8.311591297388076782e-02,-1.293996907770633698e-02,-3.608309328556060791e-01,-1.817786842584609985e-01,9.284628033638000488e-01,1.199968099594116211e+00,-2.309473007917404175e-01,-9.427244216203689575e-02,1.235135421156883240e-01
1.552356686443090439e-02,-1.319165714085102081e-02,7.848857045173645020e-01,9.934572577476501465e-01,6.721403915435075760e-03,3.082049265503883362e-02,1.097616180777549744e-01,-1.055449768900871277e-01,1.038465574383735657e-01,4.522522911429405212e-02,1.351293623447418213e-01,-7.444811612367630005e-02,-1.281961947679519653e-01,4.394091293215751648e-02,-1.949684172868728638e-01,-5.483044981956481934e-01,1.159062609076499939e-01,-1.600546836853027344e-01,1.402454823255538940e-01,8.480300009250640869e-02,1.324834525585174561e-01,2.794415354728698730e-01,2.427222020924091339e-02,3.100643455982208252e-01,-5.801271200180053711e-01,9.397345781326293945e-01,3.327884972095489502e-01,-8.537375926971435547e-02,-1.114525739103555679e-02,-3.814834356307983398e-01,-1.749629825353622437e-01,9.310312271118164062e-01,1.211344838142395020e+00,-2.340355217456817627e-01,-1.004909947514533997e-01,1.235386803746223450e-01
1.284759864211082458e-02,-1.365365460515022278e-02,7.851027846336364746e-01,9.926726222038269043e-01,6.000336725264787674e-03,3.547818958759307861e-02,1.153529062867164612e-01,-1.214805021882057190e-01,1.010031253099441528e-01,3.535138443112373352e-02,1.305893063545227051e-01,-6.462197005748748779e-02,-1.270275264978408813e-01,3.334612399339675903e-02,-1.959123760461807251e-01,-5.581358671188354492e-01,1.154189631342887878e-01,-1.569959968328475952e-01,1.395018100738525391e-01,8.936978876590728760e-02,1.451617777347564697e-01,2.935870289802551270e-01,2.089148387312889099e-02,3.116774260997772217e-01,-5.827344059944152832e-01,9.399171471595764160e-01,3.362547457218170166e-01,-8.762358874082565308e-02,-9.755690582096576691e-03,-4.020543396472930908e-01,-1.671998053789138794e-01,9.325334429740905762e-01,1.224049448966979980e+00,-2.366006970405578613e-01,-1.070459932088851929e-01,1.240769177675247192e-01
1.013547554612159729e-02,-1.420261990278959274e-02,7.852908372879028320e-01,9.917730689048767090e-01,5.232946947216987610e-03,4.010839387774467468e-02,1.214500293135643005e-01,-1.379730552434921265e-01,9.793170541524887085e-02,2.433049120008945465e-02,1.265176981687545776e-01,-5.446366965770721436e-02,-1.261138021945953369e-01,2.307921275496482849e-02,-1.969239711761474609e-01,-5.687876939773559570e-01,1.151246801018714905e-01,-1.540374308824539185e-01,1.386701613664627075e-01,9.310690313577651978e-02,1.582726091146469116e-01,3.081684410572052002e-01,1.637994498014450073e-02,3.134286403656005859e-01,-5.873675942420959473e-01,9.395789504051208496e-01,3.407980799674987793e-01,-8.976676315069198608e-02,-7.561719976365566254e-03,-4.224437177181243896e-01,-1.587964743375778198e-01,9.323575496673583984e-01,1.237987518310546875e+00,-2.397628277540206909e-01,-1.128052175045013428e-01,1.242949292063713074e-01
7.418513763695955276e-03,-1.482756063342094421e-02,7.854752540588378906e-01,9.907587766647338867e-01,4.418764263391494751e-03,4.462163150310516357e-02,1.280096918344497681e-01,-1.548072546720504761e-01,9.471854567527770996e-02,1.271495688706636429e-02,1.228260844945907593e-01,-4.407641664147377014e-02,-1.257019937038421631e-01,1.317034661769866943e-02,-1.979635059833526611e-01,-5.800973176956176758e-01,1.151814460754394531e-01,-1.513794213533401489e-01,1.376476138830184937e-01,9.609877318143844604e-02,1.718454658985137939e-01,3.231845498085021973e-01,1.073731388896703720e-02,3.152828216552734375e-01,-5.934907793998718262e-01,9.377411007881164551e-01,3.460187613964080811e-01,-9.218412637710571289e-02,-4.380277357995510101e-03,-4.432024359703063965e-01,-1.499283909797668457e-01,9.322942495346069336e-01,1.253594398498535156e+00,-2.450878769159317017e-01,-1.183209717273712158e-01,1.244067996740341187e-01
5.009861197322607040e-03,-1.574582979083061218e-02,7.856484055519104004e-01,9.896659255027770996e-01,3.542589955031871796e-03,4.893190786242485046e-02,1.347384303808212280e-01,-1.711173057556152344e-01,9.137159585952758789e-02,9.816830279305577278e-04,1.192866191267967224e-01,-3.354446962475776672e-02,-1.254227459430694580e-01,3.965124487876892090e-03,-1.989627331495285034e-01,-5.920802950859069824e-01,1.151996552944183350e-01,-1.486655324697494507e-01,1.364980340003967285e-01,9.879168868064880371e-02,1.860987991094589233e-01,3.383449912071228027e-01,4.370275419205427170e-03,3.169898390769958496e-01,-6.007341742515563965e-01,9.343189001083374023e-01,3.516664505004882812e-01,-9.491672366857528687e-02,-2.876642975024878979e-04,-4.635167121887207031e-01,-1.408046334981918335e-01,9.323666691780090332e-01,1.271493077278137207e+00,-2.530311644077301025e-01,-1.238067448139190674e-01,1.250113397836685181e-01
2.573539502918720245e-03,-1.635213568806648254e-02,7.857741713523864746e-01,9.885032773017883301e-01,2.576904604211449623e-03,5.298918113112449646e-02,1.415866166353225708e-01,-1.865127384662628174e-01,8.787758648395538330e-02,-1.108600478619337082e-02,1.156830638647079468e-01,-2.313729003071784973e-02,-1.253470033407211304e-01,-4.410011228173971176e-03,-2.000056505203247070e-01,-6.045399904251098633e-01,1.151504963636398315e-01,-1.461195498704910278e-01,1.351750046014785767e-01,1.012393012642860413e-01,2.011602669954299927e-01,3.531613349914550781e-01,-2.216276712715625763e-03,3.182002604007720947e-01,-6.084751486778259277e-01,9.296138882637023926e-01,3.571531474590301514e-01,-9.771629422903060913e-02,3.987715579569339752e-03,-4.829952716827392578e-01,-1.317762285470962524e-01,9.328401088714599609e-01,1.291193366050720215e+00,-2.628722488880157471e-01,-1.294036656618118286e-01,1.256763786077499390e-01
2.831902820616960526e-04,-1.687106862664222717e-02,7.858869433403015137e-01,9.872955083847045898e-01,1.563468482345342636e-03,5.682963132858276367e-02,1.483763307332992554e-01,-2.013130933046340942e-01,8.422251045703887939e-02,-2.348995395004749298e-02,1.125330403447151184e-01,-1.349308341741561890e-02,-1.251502782106399536e-01,-1.189564727246761322e-02,-2.010010033845901489e-01,-6.171883940696716309e-01,1.147955507040023804e-01,-1.437782645225524902e-01,1.336680501699447632e-01,1.036611869931221008e-01,2.170580327510833740e-01,3.672305941581726074e-01,-8.388578891754150391e-03,3.187121748924255371e-01,-6.158469319343566895e-01,9.245899915695190430e-01,3.627896904945373535e-01,-1.003544628620147705e-01,7.954807020723819733e-03,-5.013177990913391113e-01,-1.234960779547691345e-01,9.334904551506042480e-01,1.311594605445861816e+00,-2.738370597362518311e-01,-1.354052871465682983e-01,1.266280561685562134e-01
-1.727925380691885948e-03,-1.725456491112709045e-02,7.859995365142822266e-01,9.861477613449096680e-01,6.230374565348029137e-04,6.044946238398551941e-02,1.544604301452636719e-01,-2.148113399744033813e-01,8.069905638694763184e-02,-3.445448353886604309e-02,1.096694320440292358e-01,-4.862762987613677979e-03,-1.248262748122215271e-01,-1.883241534233093262e-02,-2.019450068473815918e-01,-6.285034418106079102e-01,1.139848083257675171e-01,-1.413408666849136353e-01,1.324297338724136353e-01,1.065540462732315063e-01,2.331094145774841309e-01,3.794850707054138184e-01,-1.368674635887145996e-02,3.182699978351593018e-01,-6.222558617591857910e-01,9.194508790969848633e-01,3.664808571338653564e-01,-1.025817617774009705e-01,1.113525591790676117e-02,-5.175936222076416016e-01,-1.172356903553009033e-01,9.338706731796264648e-01,1.330590486526489258e+00,-2.848825752735137939e-01,-1.409549117088317871e-01,1.270750463008880615e-01
-3.324307268485426903e-03,-1.745194569230079651e-02,7.861193418502807617e-01,9.851344823837280273e-01,-1.756678975652903318e-04,6.371708959341049194e-02,1.595310568809509277e-01,-2.268007993698120117e-01,7.739870995283126831e-02,-4.347398504614830017e-02,1.077731177210807800e-01,2.657981589436531067e-03,-1.243847459554672241e-01,-2.519323490560054779e-02,-2.029085010290145874e-01,-6.375735402107238770e-01,1.130398660898208618e-01,-1.390293836593627930e-01,1.315917372703552246e-01,1.095799505710601807e-01,2.484003901481628418e-01,3.894094824790954590e-01,-1.803555153310298920e-02,3.173542022705078125e-01,-6.277467012405395508e-01,9.144952297210693359e-01,3.690426349639892578e-01,-1.040159314870834351e-01,1.345142070204019547e-02,-5.312151312828063965e-01,-1.132912263274192810e-01,9.339830875396728516e-01,1.346652626991271973e+00,-2.965319752693176270e-01,-1.451016515493392944e-01,1.263911575078964233e-01
-4.613183438777923584e-03,-1.741702109575271606e-02,7.862069606781005859e-01,9.842633008956909180e-01,-7.897787727415561676e-04,6.665232032537460327e-02,1.636540591716766357e-01,-2.372395396232604980e-01,7.420660555362701416e-02,-5.038710683584213257e-02,1.065506711602210999e-01,9.192329831421375275e-03,-1.237937584519386292e-01,-3.101308643817901611e-02,-2.042056322097778320e-01,-6.442448496818542480e-01,1.124648377299308777e-01,-1.371282786130905151e-01,1.311654150485992432e-01,1.123571842908859253e-01,2.628219425678253174e-01,3.979718685150146484e-01,-2.086860127747058868e-02,3.162339031696319580e-01,-6.322342157363891602e-01,9.098210930824279785e-01,3.702100515365600586e-01,-1.050189435482025146e-01,1.541728526353836060e-02,-5.432814955711364746e-01,-1.109551042318344116e-01,9.331519007682800293e-01,1.359552741050720215e+00,-3.078809976577758789e-01,-1.486893445253372192e-01,1.251021474599838257e-01
-5.727989599108695984e-03,-1.713579706847667694e-02,7.862848043441772461e-01,9.835163354873657227e-01,-1.219153869897127151e-03,6.933644413948059082e-02,1.669928282499313354e-01,-2.464151382446289062e-01,7.089379429817199707e-02,-5.549613386392593384e-02,1.058632805943489075e-01,1.500624790787696838e-02,-1.229397952556610107e-01,-3.659850731492042542e-02,-2.060466408729553223e-01,-6.490738987922668457e-01,1.122674867510795593e-01,-1.350944042205810547e-01,1.307430267333984375e-01,1.148457452654838562e-01,2.766908109188079834e-01,4.058332145214080811e-01,-2.203094959259033203e-02,3.146812319755554199e-01,-6.363991498947143555e-01,9.055782556533813477e-01,3.712295591831207275e-01,-1.055051088333129883e-01,1.760266348719596863e-02,-5.538904666900634766e-01,-1.097280308604240417e-01,9.305975437164306641e-01,1.369444966316223145e+00,-3.173152506351470947e-01,-1.524590104818344116e-01,1.238024011254310608e-01
-6.668496876955032349e-03,-1.665399596095085144e-02,7.863710522651672363e-01,9.829411506652832031e-01,-1.456540194340050220e-03,7.168885320425033569e-02,1.693672835826873779e-01,-2.540526986122131348e-01,6.753510981798171997e-02,-5.904229357838630676e-02,1.054499298334121704e-01,1.956135220825672150e-02,-1.222179681062698364e-01,-4.192066937685012817e-02,-2.082541733980178833e-01,-6.520088911056518555e-01,1.123720407485961914e-01,-1.331399679183959961e-01,1.302333176136016846e-01,1.171375289559364319e-01,2.896749079227447510e-01,4.134053587913513184e-01,-2.232627384364604950e-02,3.126437962055206299e-01,-6.408239006996154785e-01,9.019531011581420898e-01,3.729473352432250977e-01,-1.059285029768943787e-01,1.952556893229484558e-02,-5.628365874290466309e-01,-1.090131029486656189e-01,9.258490800857543945e-01,1.376559853553771973e+00,-3.235725164413452148e-01,-1.569632142782211304e-01,1.230639442801475525e-01
-7.457169238477945328e-03,-1.596192829310894012e-02,7.864634394645690918e-01,9.825428128242492676e-01,-1.560593605972826481e-03,7.386714965105056763e-02,1.707365214824676514e-01,-2.606833279132843018e-01,6.432492285966873169e-02,-6.091833859682083130e-02,1.053899601101875305e-01,2.313383668661117554e-02,-1.215551495552062988e-01,-4.752844199538230896e-02,-2.107789963483810425e-01,-6.531875133514404297e-01,1.129239052534103394e-01,-1.313839554786682129e-01,1.295903623104095459e-01,1.193116754293441772e-01,3.019474148750305176e-01,4.212914407253265381e-01,-2.237688377499580383e-02,3.106666803359985352e-01,-6.454368233680725098e-01,8.983632922172546387e-01,3.758197128772735596e-01,-1.063968837261199951e-01,2.148470468819141388e-02,-5.706524252891540527e-01,-1.084898933768272400e-01,9.211370348930358887e-01,1.381087183952331543e+00,-3.273585438728332520e-01,-1.622823476791381836e-01,1.231691092252731323e-01
-8.122709579765796661e-03,-1.505361124873161316e-02,7.865760326385498047e-01,9.822972416877746582e-01,-1.464171102270483971e-03,7.600291818380355835e-02,1.712121516466140747e-01,-2.664086222648620605e-01,6.099705770611763000e-02,-6.143892928957939148e-02,1.056834980845451355e-01,2.597956173121929169e-02,-1.205811053514480591e-01,-5.328907817602157593e-02,-2.137987464666366577e-01,-6.528435349464416504e-01,1.137241423130035400e-01,-1.295893341302871704e-01,1.293709129095077515e-01,1.212187707424163818e-01,3.132050037384033203e-01,4.292644262313842773e-01,-2.257346361875534058e-02,3.089191019535064697e-01,-6.508787870407104492e-01,8.954421877861022949e-01,3.792293071746826172e-01,-1.064495667815208435e-01,2.340209484100341797e-02,-5.771744251251220703e-01,-1.081510037183761597e-01,9.175314903259277344e-01,1.383744955062866211e+00,-3.297080099582672119e-01,-1.681325435638427734e-01,1.232225894927978516e-01
-8.695876225829124451e-03,-1.397247053682804108e-02,7.866926193237304688e-01,9.821353554725646973e-01,-1.256821095012128353e-03,7.811792939901351929e-02,1.711903512477874756e-01,-2.716512084007263184e-01,5.767924338579177856e-02,-6.102843210101127625e-02,1.061706915497779846e-01,2.848227694630622864e-02,-1.193057969212532043e-01,-5.911813676357269287e-02,-2.170129418373107910e-01,-6.514030098915100098e-01,1.145587936043739319e-01,-1.277541518211364746e-01,1.294361501932144165e-01,1.228478252887725830e-01,3.240677416324615479e-01,4.374018609523773193e-01,-2.328930795192718506e-02,3.076558113098144531e-01,-6.568382978439331055e-01,8.933755755424499512e-01,3.825490176677703857e-01,-1.059839501976966858e-01,2.546120062470436096e-02,-5.829207301139831543e-01,-1.077882051467895508e-01,9.157619476318359375e-01,1.386166453361511230e+00,-3.309637606143951416e-01,-1.746599823236465454e-01,1.227853596210479736e-01
-9.141081012785434723e-03,-1.285114046186208725e-02,7.868134379386901855e-01,9.820406436920166016e-01,-1.007569604553282261e-03,8.026695996522903442e-02,1.707406938076019287e-01,-2.765178680419921875e-01,5.461967363953590393e-02,-5.971605703234672546e-02,1.064599752426147461e-01,3.064994513988494873e-02,-1.177459061145782471e-01,-6.516799330711364746e-02,-2.200581282377243042e-01,-6.489087343215942383e-01,1.149925068020820618e-01,-1.255064904689788818e-01,1.296021193265914917e-01,1.244953274726867676e-01,3.345467448234558105e-01,4.453364312648773193e-01,-2.448993176221847534e-02,3.069912791252136230e-01,-6.628302931785583496e-01,8.922358751296997070e-01,3.864854574203491211e-01,-1.051477715373039246e-01,2.796909771859645844e-02,-5.880580544471740723e-01,-1.072555407881736755e-01,9.164206981658935547e-01,1.389174342155456543e+00,-3.336323797702789307e-01,-1.813047528266906738e-01,1.228043362498283386e-01
-9.437710046768188477e-03,-1.176386512815952301e-02,7.869486808776855469e-01,9.820054173469543457e-01,-7.655595545656979084e-04,8.235197514295578003e-02,1.699499338865280151e-01,-2.807751595973968506e-01,5.194588750600814819e-02,-5.787914246320724487e-02,1.063785701990127563e-01,3.253319114446640015e-02,-1.163339838385581970e-01,-7.119946926832199097e-02,-2.226783186197280884e-01,-6.457173228263854980e-01,1.147477701306343079e-01,-1.229441016912460327e-01,1.299935728311538696e-01,1.259895265102386475e-01,3.445096909999847412e-01,4.529790282249450684e-01,-2.607117965817451477e-02,3.067992329597473145e-01,-6.681405901908874512e-01,8.919643163681030273e-01,3.908599317073822021e-01,-1.042403876781463623e-01,3.059672564268112183e-02,-5.930642485618591309e-01,-1.064120903611183167e-01,9.181931614875793457e-01,1.392998337745666504e+00,-3.394175469875335693e-01,-1.870975643396377563e-01,1.232733651995658875e-01
-9.606049396097660065e-03,-1.071819290518760681e-02,7.870934605598449707e-01,9.819912910461425781e-01,-5.597734707407653332e-04,8.435934782028198242e-02,1.690450012683868408e-01,-2.847131788730621338e-01,4.968433827161788940e-02,-5.582949146628379822e-02,1.061939820647239685e-01,3.400971740484237671e-02,-1.154083982110023499e-01,-7.692303508520126343e-02,-2.249267697334289551e-01,-6.422371864318847656e-01,1.140353158116340637e-01,-1.202873960137367249e-01,1.305630356073379517e-01,1.276700198650360107e-01,3.539312779903411865e-01,4.599266946315765381e-01,-2.801727503538131714e-02,3.069961965084075928e-01,-6.727488636970520020e-01,8.921475410461425781e-01,3.955873548984527588e-01,-1.035119071602821350e-01,3.344432637095451355e-02,-5.973899960517883301e-01,-1.055545359849929810e-01,9.208748936653137207e-01,1.396945714950561523e+00,-3.476374447345733643e-01,-1.922410875558853149e-01,1.243558749556541443e-01
-9.684631600975990295e-03,-9.727788157761096954e-03,7.872213721275329590e-01,9.819766283035278320e-01,-3.548352397046983242e-04,8.619005233049392700e-02,1.682052761316299438e-01,-2.881066203117370605e-01,4.752174392342567444e-02,-5.410388857126235962e-02,1.058076545596122742e-01,3.535749763250350952e-02,-1.147468984127044678e-01,-8.184692263603210449e-02,-2.270696461200714111e-01,-6.389838457107543945e-01,1.130628362298011780e-01,-1.177776157855987549e-01,1.309774070978164673e-01,1.295580714941024780e-01,3.628594577312469482e-01,4.665483236312866211e-01,-3.035388328135013580e-02,3.073348104953765869e-01,-6.764016747474670410e-01,8.922944068908691406e-01,4.005207419395446777e-01,-1.028566062450408936e-01,3.654671087861061096e-02,-6.013334393501281738e-01,-1.048816069960594177e-01,9.240920543670654297e-01,1.401411414146423340e+00,-3.558616340160369873e-01,-1.975827366113662720e-01,1.254047751426696777e-01
-9.666007943451404572e-03,-8.729500696063041687e-03,7.873409390449523926e-01,9.819524288177490234e-01,-1.252921938430517912e-04,8.778137713670730591e-02,1.675228774547576904e-01,-2.909258604049682617e-01,4.538194462656974792e-02,-5.246628075838088989e-02,1.055607274174690247e-01,3.652912378311157227e-02,-1.141338795423507690e-01,-8.591964840888977051e-02,-2.290914803743362427e-01,-6.361370086669921875e-01,1.119960173964500427e-01,-1.156022548675537109e-01,1.314771771430969238e-01,1.316200494766235352e-01,3.712870180606842041e-01,4.726020991802215576e-01,-3.302161395549774170e-02,3.075842857360839844e-01,-6.794059276580810547e-01,8.923789858818054199e-01,4.049744009971618652e-01,-1.023983284831047058e-01,4.060319438576698303e-02,-6.048322916030883789e-01,-1.039865463972091675e-01,9.276013374328613281e-01,1.406552433967590332e+00,-3.643959462642669678e-01,-2.025103867053985596e-01,1.259784251451492310e-01
-9.517438709735870361e-03,-7.699934300035238266e-03,7.874312400817871094e-01,9.819015264511108398e-01,1.371348771499469876e-04,8.901863545179367065e-02,1.671675741672515869e-01,-2.929593324661254883e-01,4.323770105838775635e-02,-5.134439468383789062e-02,1.054421812295913696e-01,3.729115426540374756e-02,-1.137124672532081604e-01,-8.873702585697174072e-02,-2.309437692165374756e-01,-6.339003443717956543e-01,1.110516861081123352e-01,-1.140007898211479187e-01,1.317438334226608276e-01,1.335128843784332275e-01,3.795441389083862305e-01,4.779507517814636230e-01,-3.549019247293472290e-02,3.079766333103179932e-01,-6.814695000648498535e-01,8.917646408081054688e-01,4.081010222434997559e-01,-1.023596003651618958e-01,4.563780501484870911e-02,-6.076148748397827148e-01,-1.030962169170379639e-01,9.315811991691589355e-01,1.412352919578552246e+00,-3.725895881652832031e-01,-2.070245295763015747e-01,1.260411590337753296e-01
-9.238518774509429932e-03,-6.717149168252944946e-03,7.874700427055358887e-01,9.818323254585266113e-01,4.974515177309513092e-04,8.989290148019790649e-02,1.671056002378463745e-01,-2.940337359905242920e-01,4.093778878450393677e-02,-5.103551596403121948e-02,1.053741723299026489e-01,3.767848014831542969e-02,-1.136370301246643066e-01,-9.043265879154205322e-02,-2.327826768159866333e-01,-6.321117281913757324e-01,1.104465425014495850e-01,-1.129244863986968994e-01,1.321250051259994507e-01,1.352758854627609253e-01,3.875127434730529785e-01,4.822328686714172363e-01,-3.796937689185142517e-02,3.086926937103271484e-01,-6.835400462150573730e-01,8.904880285263061523e-01,4.108990728855133057e-01,-1.027332618832588196e-01,5.062220245599746704e-02,-6.095475554466247559e-01,-1.024215817451477051e-01,9.349057674407958984e-01,1.418547272682189941e+00,-3.803660571575164795e-01,-2.111482024192810059e-01,1.257434487342834473e-01
-8.880808018147945404e-03,-5.835351068526506424e-03,7.874753475189208984e-01,9.817119240760803223e-01,9.047398925758898258e-04,9.050435572862625122e-02,1.674809753894805908e-01,-2.946744859218597412e-01,3.850889205932617188e-02,-5.162914842367172241e-02,1.054444164037704468e-01,3.769710287451744080e-02,-1.136883869767189026e-01,-9.103567153215408325e-02,-2.344752550125122070e-01,-6.310783028602600098e-01,1.100702658295631409e-01,-1.124275699257850647e-01,1.326226592063903809e-01,1.370109915733337402e-01,3.953431844711303711e-01,4.850887656211853027e-01,-4.060488939285278320e-02,3.095853030681610107e-01,-6.854097843170166016e-01,8.893020749092102051e-01,4.125168323516845703e-01,-1.030124127864837646e-01,5.538295954465866089e-02,-6.107237935066223145e-01,-1.017700731754302979e-01,9.374035000801086426e-01,1.424933314323425293e+00,-3.875707089900970459e-01,-2.151108086109161377e-01,1.244009211659431458e-01
-8.483849465847015381e-03,-5.085341632366180420e-03,7.874981164932250977e-01,9.815471172332763672e-01,1.398470019921660423e-03,9.083627164363861084e-02,1.682622730731964111e-01,-2.950111031532287598e-01,3.586765006184577942e-02,-5.304743349552154541e-02,1.056715175509452820e-01,3.767516836524009705e-02,-1.139049902558326721e-01,-9.058751165866851807e-02,-2.362734675407409668e-01,-6.308748126029968262e-01,1.100835502147674561e-01,-1.126198619604110718e-01,1.331051141023635864e-01,1.386786103248596191e-01,4.032819867134094238e-01,4.869372546672821045e-01,-4.374244436621665955e-02,3.106528222560882568e-01,-6.871915459632873535e-01,8.883343935012817383e-01,4.139546453952789307e-01,-1.033867299556732178e-01,6.029058247804641724e-02,-6.111036539077758789e-01,-1.013492867350578308e-01,9.389079213142395020e-01,1.431491017341613770e+00,-3.944310247898101807e-01,-2.198691070079803467e-01,1.218945458531379700e-01
-8.078370243310928345e-03,-4.493386950343847275e-03,7.875184416770935059e-01,9.813584089279174805e-01,1.954844454303383827e-03,9.085480868816375732e-02,1.693432331085205078e-01,-2.949045300483703613e-01,3.325057029724121094e-02,-5.480149388313293457e-02,1.060220897197723389e-01,3.754514455795288086e-02,-1.142416447401046753e-01,-8.918827772140502930e-02,-2.382148504257202148e-01,-6.317093372344970703e-01,1.104032620787620544e-01,-1.132612749934196472e-01,1.337568908929824829e-01,1.405641138553619385e-01,4.115958511829376221e-01,4.881080985069274902e-01,-4.726658761501312256e-02,3.115974962711334229e-01,-6.891841888427734375e-01,8.870196342468261719e-01,4.162260591983795166e-01,-1.038873195648193359e-01,6.560154259204864502e-02,-6.110627055168151855e-01,-1.009706631302833557e-01,9.403138160705566406e-01,1.438799262046813965e+00,-4.017357230186462402e-01,-2.255458831787109375e-01,1.187929064035415649e-01
-7.640360388904809952e-03,-4.035599529743194580e-03,7.875285744667053223e-01,9.811721444129943848e-01,2.590821823105216026e-03,9.063873440027236938e-02,1.705259680747985840e-01,-2.944164276123046875e-01,3.049446456134319305e-02,-5.703049525618553162e-02,1.063928008079528809e-01,3.776597976684570312e-02,-1.146906614303588867e-01,-8.682607859373092651e-02,-2.402750700712203979e-01,-6.334894895553588867e-01,1.105604544281959534e-01,-1.140456125140190125e-01,1.348283290863037109e-01,1.428575664758682251e-01,4.202866852283477783e-01,4.889894425868988037e-01,-5.093612149357795715e-02,3.120296895503997803e-01,-6.922964453697204590e-01,8.849169015884399414e-01,4.190050959587097168e-01,-1.046276912093162537e-01,7.188401371240615845e-02,-6.105072498321533203e-01,-1.008906960487365723e-01,9.417688250541687012e-01,1.446936249732971191e+00,-4.100965559482574463e-01,-2.314621657133102417e-01,1.151629313826560974e-01
-7.129764650017023087e-03,-3.675100393593311310e-03,7.874999046325683594e-01,9.809814691543579102e-01,3.230119822546839714e-03,9.025663137435913086e-02,1.718099266290664673e-01,-2.937149405479431152e-01,2.772975154221057892e-02,-5.985577031970024109e-02,1.066652014851570129e-01,3.789248317480087280e-02,-1.153033301234245300e-01,-8.390348404645919800e-02,-2.423813790082931519e-01,-6.359454393386840820e-01,1.106949746608734131e-01,-1.152571961283683777e-01,1.359703689813613892e-01,1.456010192632675171e-01,4.293448030948638916e-01,4.896526932716369629e-01,-5.404182523488998413e-02,3.117271065711975098e-01,-6.958417296409606934e-01,8.823733329772949219e-01,4.223510622978210449e-01,-1.052210032939910889e-01,7.828060537576675415e-02,-6.098213195800781250e-01,-1.009102165699005127e-01,9.434131979942321777e-01,1.456024646759033203e+00,-4.191575646400451660e-01,-2.375512421131134033e-01,1.115206852555274963e-01
-6.575892679393291473e-03,-3.363339463248848915e-03,7.874673008918762207e-01,9.808110594749450684e-01,3.886967431753873825e-03,8.977706730365753174e-02,1.730160415172576904e-01,-2.923923730850219727e-01,2.497399039566516876e-02,-6.248447671532630920e-02,1.065834462642669678e-01,3.778752684593200684e-02,-1.160518974065780640e-01,-8.075466752052307129e-02,-2.444764971733093262e-01,-6.382937431335449219e-01,1.105912849307060242e-01,-1.165148988366127014e-01,1.371053904294967651e-01,1.483176499605178833e-01,4.385799467563629150e-01,4.901758432388305664e-01,-5.588672310113906860e-02,3.107233345508575439e-01,-6.993940472602844238e-01,8.787761926651000977e-01,4.261630475521087646e-01,-1.057918965816497803e-01,8.471339195966720581e-02,-6.090967655181884766e-01,-1.008800491690635681e-01,9.453195333480834961e-01,1.466297507286071777e+00,-4.291769564151763916e-01,-2.435156404972076416e-01,1.086854487657546997e-01
-6.083576940000057220e-03,-3.054509172216057777e-03,7.874740362167358398e-01,9.806582331657409668e-01,4.541786387562751770e-03,8.926545083522796631e-02,1.741273403167724609e-01,-2.909465134143829346e-01,2.237830869853496552e-02,-6.458481401205062866e-02,1.065256968140602112e-01,3.752348572015762329e-02,-1.169277429580688477e-01,-7.758268713951110840e-02,-2.465621381998062134e-01,-6.404177546501159668e-01,1.103184074163436890e-01,-1.175145953893661499e-01,1.381898224353790283e-01,1.511028707027435303e-01,4.482042193412780762e-01,4.904423356056213379e-01,-5.694169923663139343e-02,3.092834949493408203e-01,-7.030064463615417480e-01,8.740070462226867676e-01,4.292151927947998047e-01,-1.060535162687301636e-01,9.131176024675369263e-02,-6.080023646354675293e-01,-1.009564697742462158e-01,9.481806159019470215e-01,1.476317048072814941e+00,-4.394519627094268799e-01,-2.492981851100921631e-01,1.059942245483398438e-01
-5.665263161063194275e-03,-2.739030867815017700e-03,7.875215411186218262e-01,9.805571436882019043e-01,5.205287132412195206e-03,8.878012001514434814e-02,1.749245971441268921e-01,-2.893401086330413818e-01,1.993094012141227722e-02,-6.593354046344757080e-02,1.064148098230361938e-01,3.737502917647361755e-02,-1.175355315208435059e-01,-7.471822202205657959e-02,-2.485930621623992920e-01,-6.417019367218017578e-01,1.098312065005302429e-01,-1.180010065436363220e-01,1.392903327941894531e-01,1.538622230291366577e-01,4.578737616539001465e-01,4.905648231506347656e-01,-5.726533755660057068e-02,3.073407113552093506e-01,-7.073577642440795898e-01,8.679430484771728516e-01,4.311344623565673828e-01,-1.061884537339210510e-01,9.800546616315841675e-02,-6.070905923843383789e-01,-1.014438197016716003e-01,9.506173729896545410e-01,1.484655380249023438e+00,-4.492141902446746826e-01,-2.549258172512054443e-01,1.034245267510414124e-01
-5.319783464074134827e-03,-2.387209562584757805e-03,7.875897884368896484e-01,9.805132746696472168e-01,5.893796682357788086e-03,8.840174973011016846e-02,1.753400564193725586e-01,-2.879816889762878418e-01,1.755864359438419342e-02,-6.650243699550628662e-02,1.064376682043075562e-01,3.752029687166213989e-02,-1.177889406681060791e-01,-7.270906120538711548e-02,-2.505585253238677979e-01,-6.416357159614562988e-01,1.094111129641532898e-01,-1.181360632181167603e-01,1.401830762624740601e-01,1.562684774398803711e-01,4.668514430522918701e-01,4.905031323432922363e-01,-5.623402446508407593e-02,3.049191832542419434e-01,-7.127250432968139648e-01,8.615240454673767090e-01,4.322612583637237549e-01,-1.063667163252830505e-01,1.039302796125411987e-01,-6.062468886375427246e-01,-1.019952669739723206e-01,9.519363045692443848e-01,1.490115046501159668e+00,-4.577867090702056885e-01,-2.612160444259643555e-01,1.011145710945129395e-01
-5.002730060368776321e-03,-1.963274553418159485e-03,7.877057790756225586e-01,9.805191159248352051e-01,6.699777208268642426e-03,8.820128440856933594e-02,1.753793060779571533e-01,-2.871738970279693604e-01,1.502816472202539444e-02,-6.628742069005966187e-02,1.068758442997932434e-01,3.806600347161293030e-02,-1.177850514650344849e-01,-7.143988460302352905e-02,-2.528166174888610840e-01,-6.403498053550720215e-01,1.092232018709182739e-01,-1.180896982550621033e-01,1.409962326288223267e-01,1.583620309829711914e-01,4.747363626956939697e-01,4.900718331336975098e-01,-5.439628660678863525e-02,3.027625083923339844e-01,-7.193515300750732422e-01,8.549743294715881348e-01,4.329859614372253418e-01,-1.063161268830299377e-01,1.089286059141159058e-01,-6.048880219459533691e-01,-1.020855456590652466e-01,9.528125524520874023e-01,1.493688344955444336e+00,-4.657609164714813232e-01,-2.688527405261993408e-01,9.795607626438140869e-02
-4.782721400260925293e-03,-1.430219039320945740e-03,7.878580689430236816e-01,9.805973768234252930e-01,7.609782740473747253e-03,8.819399029016494751e-02,1.749076545238494873e-01,-2.867038249969482422e-01,1.252642646431922913e-02,-6.497973203659057617e-02,1.075213626027107239e-01,3.869020938873291016e-02,-1.176650375127792358e-01,-7.101303339004516602e-02,-2.554333209991455078e-01,-6.377398371696472168e-01,1.093169748783111572e-01,-1.179752722382545471e-01,1.420203000307083130e-01,1.604020446538925171e-01,4.820803105831146240e-01,4.894653856754302979e-01,-5.144080519676208496e-02,3.016166687011718750e-01,-7.263802886009216309e-01,8.481079339981079102e-01,4.341613948345184326e-01,-1.064698025584220886e-01,1.136202588677406311e-01,-6.025283336639404297e-01,-1.018721982836723328e-01,9.535703659057617188e-01,1.496429920196533203e+00,-4.729919135570526123e-01,-2.777850329875946045e-01,9.462376683950424194e-02
-4.723345860838890076e-03,-7.874453440308570862e-04,7.879978418350219727e-01,9.807453751564025879e-01,8.587501943111419678e-03,8.841730654239654541e-02,1.739168912172317505e-01,-2.866104543209075928e-01,9.793215431272983551e-03,-6.255215406417846680e-02,1.081274598836898804e-01,3.946339339017868042e-02,-1.171898618340492249e-01,-7.184544205665588379e-02,-2.585588693618774414e-01,-6.344119906425476074e-01,1.095081791281700134e-01,-1.173435971140861511e-01,1.434961259365081787e-01,1.623101532459259033e-01,4.895282387733459473e-01,4.894094765186309814e-01,-4.825577139854431152e-02,3.010437190532684326e-01,-7.332420349121093750e-01,8.411320447921752930e-01,4.383449554443359375e-01,-1.061738878488540649e-01,1.193136125802993774e-01,-5.998851656913757324e-01,-1.017395183444023132e-01,9.545851349830627441e-01,1.499288320541381836e+00,-4.809741377830505371e-01,-2.869159281253814697e-01,9.099971503019332886e-02
-4.873843863606452942e-03,-3.473006654530763626e-05,7.881166338920593262e-01,9.809609651565551758e-01,9.578848257660865784e-03,8.894153684377670288e-02,1.723751425743103027e-01,-2.872630059719085693e-01,7.128627039492130280e-03,-5.862014740705490112e-02,1.087913513183593750e-01,4.009170085191726685e-02,-1.162176057696342468e-01,-7.444421947002410889e-02,-2.618550956249237061e-01,-6.298174262046813965e-01,1.096526533365249634e-01,-1.160203143954277039e-01,1.448607742786407471e-01,1.648376286029815674e-01,4.972992837429046631e-01,4.895897507667541504e-01,-4.524816945195198059e-02,3.012613058090209961e-01,-7.395741343498229980e-01,8.340536952018737793e-01,4.442461133003234863e-01,-1.057026311755180359e-01,1.262712478637695312e-01,-5.966306924819946289e-01,-1.015638187527656555e-01,9.554840326309204102e-01,1.502616524696350098e+00,-4.891520142555236816e-01,-2.958314418792724609e-01,8.667903393507003784e-02
-5.219246726483106613e-03,8.334685117006301880e-04,7.882500290870666504e-01,9.812248945236206055e-01,1.061761844903230667e-02,8.991332352161407471e-02,1.702956259250640869e-01,-2.889950573444366455e-01,4.302431829273700714e-03,-5.340004339814186096e-02,1.096013262867927551e-01,4.147290810942649841e-02,-1.147872135043144226e-01,-7.894324511289596558e-02,-2.654255628585815430e-01,-6.238912343978881836e-01,1.097818464040756226e-01,-1.141449362039566040e-01,1.463021039962768555e-01,1.681015640497207642e-01,5.052756667137145996e-01,4.897142946720123291e-01,-4.239267855882644653e-02,3.027369976043701172e-01,-7.456830143928527832e-01,8.266793489456176758e-01,4.510645270347595215e-01,-1.049496158957481384e-01,1.344614773988723755e-01,-5.929464697837829590e-01,-1.008814573287963867e-01,9.563492536544799805e-01,1.507281780242919922e+00,-4.970217645168304443e-01,-3.048313856124877930e-01,8.158983290195465088e-02
-5.793479736894369125e-03,1.791509101167321205e-03,7.883962392807006836e-01,9.815418720245361328e-01,1.167676970362663269e-02,9.138166159391403198e-02,1.675963103771209717e-01,-2.917797565460205078e-01,1.376463565975427628e-03,-4.712149500846862793e-02,1.106482520699501038e-01,4.303851723670959473e-02,-1.133480593562126160e-01,-8.542884886264801025e-02,-2.692527770996093750e-01,-6.164436936378479004e-01,1.100262477993965149e-01,-1.116407737135887146e-01,1.475599408149719238e-01,1.724433749914169312e-01,5.135402679443359375e-01,4.895965754985809326e-01,-3.979129344224929810e-02,3.059810400009155273e-01,-7.514575123786926270e-01,8.186628818511962891e-01,4.583332240581512451e-01,-1.041267886757850647e-01,1.434670835733413696e-01,-5.891368389129638672e-01,-9.963486343622207642e-02,9.572236537933349609e-01,1.512953758239746094e+00,-5.038271546363830566e-01,-3.150795698165893555e-01,7.584742456674575806e-02
-6.625300273299217224e-03,2.847278025001287460e-03,7.885094881057739258e-01,9.818674921989440918e-01,1.260181888937950134e-02,9.343595057725906372e-02,1.644603013992309570e-01,-2.959725856781005859e-01,-1.367246382869780064e-03,-4.047161713242530823e-02,1.114120483398437500e-01,4.470388963818550110e-02,-1.120374426245689392e-01,-9.392509609460830688e-02,-2.729959487915039062e-01,-6.080233454704284668e-01,1.104667261242866516e-01,-1.087408363819122314e-01,1.483214199542999268e-01,1.776174455881118774e-01,5.222398042678833008e-01,4.893198907375335693e-01,-3.753317520022392273e-02,3.108367919921875000e-01,-7.562690973281860352e-01,8.102942705154418945e-01,4.657420217990875244e-01,-1.032798737287521362e-01,1.525115817785263062e-01,-5.849521756172180176e-01,-9.819211810827255249e-02,9.585723280906677246e-01,1.519502162933349609e+00,-5.082029104232788086e-01,-3.273158967494964600e-01,6.979762017726898193e-02
-7.811795920133590698e-03,4.023384302854537964e-03,7.885580062866210938e-01,9.821609854698181152e-01,1.335141062736511230e-02,9.610899537801742554e-02,1.610732376575469971e-01,-3.017964959144592285e-01,-3.895877860486507416e-03,-3.345407918095588684e-02,1.117764413356781006e-01,4.658930003643035889e-02,-1.112975478172302246e-01,-1.046809703111648560e-01,-2.767870724201202393e-01,-5.990433692932128906e-01,1.110726073384284973e-01,-1.052766516804695129e-01,1.489309221506118774e-01,1.834168881177902222e-01,5.317640304565429688e-01,4.890652000904083252e-01,-3.551235422492027283e-02,3.168178200721740723e-01,-7.606660127639770508e-01,8.020865321159362793e-01,4.739234149456024170e-01,-1.026383116841316223e-01,1.618549227714538574e-01,-5.806042551994323730e-01,-9.653320163488388062e-02,9.605558514595031738e-01,1.526835083961486816e+00,-5.109173059463500977e-01,-3.420838117599487305e-01,6.266174465417861938e-02
-9.422967210412025452e-03,5.296299699693918228e-03,7.885746359825134277e-01,9.823986887931823730e-01,1.390695571899414062e-02,9.955288469791412354e-02,1.574442386627197266e-01,-3.098827004432678223e-01,-6.099617574363946915e-03,-2.548568882048130035e-02,1.118386238813400269e-01,4.877639934420585632e-02,-1.108594164252281189e-01,-1.179860904812812805e-01,-2.805691957473754883e-01,-5.896187424659729004e-01,1.117471829056739807e-01,-1.011630147695541382e-01,1.493035703897476196e-01,1.898088306188583374e-01,5.419591069221496582e-01,4.890764355659484863e-01,-3.419499099254608154e-02,3.232443332672119141e-01,-7.650868296623229980e-01,7.948613166809082031e-01,4.815842509269714355e-01,-1.019532158970832825e-01,1.717925220727920532e-01,-5.752002596855163574e-01,-9.453678131103515625e-02,9.628654718399047852e-01,1.534642934799194336e+00,-5.146266222000122070e-01,-3.588517308235168457e-01,5.336635187268257141e-02
-1.145770959556102753e-02,6.598102860152721405e-03,7.885251045227050781e-01,9.825543165206909180e-01,1.419147942215204239e-02,1.037559732794761658e-01,1.536889821290969849e-01,-3.200823068618774414e-01,-7.884921506047248840e-03,-1.720660738646984100e-02,1.112772449851036072e-01,5.091927573084831238e-02,-1.104553043842315674e-01,-1.340981423854827881e-01,-2.842674255371093750e-01,-5.806073546409606934e-01,1.125227659940719604e-01,-9.638727456331253052e-02,1.494411677122116089e-01,1.963917315006256104e-01,5.526524186134338379e-01,4.896766543388366699e-01,-3.378631919622421265e-02,3.290407061576843262e-01,-7.694661617279052734e-01,7.890471220016479492e-01,4.890038371086120605e-01,-1.010909378528594971e-01,1.825293004512786865e-01,-5.698048472404479980e-01,-9.271940588951110840e-02,9.644194245338439941e-01,1.542875647544860840e+00,-5.204000473022460938e-01,-3.756748139858245850e-01,4.248679429292678833e-02
-1.382205076515674591e-02,7.876217365264892578e-03,7.884459495544433594e-01,9.826046824455261230e-01,1.435381453484296799e-02,1.087916418910026550e-01,1.498210132122039795e-01,-3.325364589691162109e-01,-9.613879024982452393e-03,-8.334724232554435730e-03,1.103030517697334290e-01,5.408748239278793335e-02,-1.096062660217285156e-01,-1.531642675399780273e-01,-2.880338728427886963e-01,-5.714626908302307129e-01,1.132996678352355957e-01,-9.081555157899856567e-02,1.493979692459106445e-01,2.034405320882797241e-01,5.634508132934570312e-01,4.907625615596771240e-01,-3.400764614343643188e-02,3.336747288703918457e-01,-7.738340497016906738e-01,7.846385836601257324e-01,4.965347051620483398e-01,-9.968079626560211182e-02,1.939266473054885864e-01,-5.647836327552795410e-01,-9.085492044687271118e-02,9.656505584716796875e-01,1.552568435668945312e+00,-5.293053984642028809e-01,-3.921669423580169678e-01,3.112953156232833862e-02
-1.638939417898654938e-02,9.110156446695327759e-03,7.883480191230773926e-01,9.825105071067810059e-01,1.451590191572904587e-02,1.146331280469894409e-01,1.460195034742355347e-01,-3.471584618091583252e-01,-1.158067304641008377e-02,6.523060146719217300e-04,1.091475337743759155e-01,5.854488164186477661e-02,-1.082193776965141296e-01,-1.748038679361343384e-01,-2.919494807720184326e-01,-5.618411302566528320e-01,1.142344772815704346e-01,-8.438476920127868652e-02,1.492813974618911743e-01,2.111505866050720215e-01,5.741361975669860840e-01,4.916155040264129639e-01,-3.491845354437828064e-02,3.373294472694396973e-01,-7.786918878555297852e-01,7.816048860549926758e-01,5.039584636688232422e-01,-9.779760986566543579e-02,2.062975764274597168e-01,-5.597589015960693359e-01,-8.888876438140869141e-02,9.671075940132141113e-01,1.563952803611755371e+00,-5.390993356704711914e-01,-4.091182351112365723e-01,1.901115849614143372e-02
-1.906746439635753632e-02,1.026280596852302551e-02,7.882156372070312500e-01,9.822962880134582520e-01,1.465674769133329391e-02,1.207918375730514526e-01,1.424377113580703735e-01,-3.629464507102966309e-01,-1.355581264942884445e-02,9.170169942080974579e-03,1.083430945873260498e-01,6.363452225923538208e-02,-1.066576838493347168e-01,-1.975062340497970581e-01,-2.956417798995971680e-01,-5.519279241561889648e-01,1.151703670620918274e-01,-7.753780484199523926e-02,1.486190259456634521e-01,2.195521444082260132e-01,5.844352245330810547e-01,4.920088052749633789e-01,-3.561837598681449890e-02,3.407515585422515869e-01,-7.839480042457580566e-01,7.794199585914611816e-01,5.107812881469726562e-01,-9.643745422363281250e-02,2.187560796737670898e-01,-5.549210309982299805e-01,-8.678700774908065796e-02,9.693377614021301270e-01,1.576232671737670898e+00,-5.513530373573303223e-01,-4.254745841026306152e-01,7.899482734501361847e-03
-2.186241745948791504e-02,1.136505510658025742e-02,7.880128026008605957e-01,9.819864630699157715e-01,1.480040047317743301e-02,1.270545125007629395e-01,1.390708982944488525e-01,-3.794510960578918457e-01,-1.546984165906906128e-02,1.723780110478401184e-02,1.077507957816123962e-01,6.860093027353286743e-02,-1.051756814122200012e-01,-2.205431461334228516e-01,-2.990756928920745850e-01,-5.421935915946960449e-01,1.160600110888481140e-01,-7.062372565269470215e-02,1.478110104799270630e-01,2.286691367626190186e-01,5.943142771720886230e-01,4.919709265232086182e-01,-3.660411015152931213e-02,3.437222242355346680e-01,-7.893481254577636719e-01,7.784650325775146484e-01,5.171152353286743164e-01,-9.586521238088607788e-02,2.311151176691055298e-01,-5.500100851058959961e-01,-8.455850929021835327e-02,9.728116989135742188e-01,1.589923024177551270e+00,-5.653024315834045410e-01,-4.419994950294494629e-01,-2.428976818919181824e-03
-2.468526363372802734e-02,1.238646544516086578e-02,7.877234220504760742e-01,9.816111326217651367e-01,1.493813097476959229e-02,1.332474499940872192e-01,1.358730643987655640e-01,-3.958232104778289795e-01,-1.722155511379241943e-02,2.468683198094367981e-02,1.073035746812820435e-01,7.292880117893218994e-02,-1.039006784558296204e-01,-2.436176836490631104e-01,-3.020817339420318604e-01,-5.325121879577636719e-01,1.170348748564720154e-01,-6.393009424209594727e-02,1.468922942876815796e-01,2.378365695476531982e-01,6.034473776817321777e-01,4.919463694095611572e-01,-3.763867169618606567e-02,3.465938568115234375e-01,-7.945010066032409668e-01,7.785550355911254883e-01,5.240126848220825195e-01,-9.676471352577209473e-02,2.431828975677490234e-01,-5.457329154014587402e-01,-8.240135759115219116e-02,9.771806597709655762e-01,1.603897690773010254e+00,-5.811435580253601074e-01,-4.583635330200195312e-01,-1.176608633249998093e-02
-2.748592570424079895e-02,1.330860052257776260e-02,7.873587012290954590e-01,9.811969995498657227e-01,1.515472121536731720e-02,1.394487619400024414e-01,1.325779408216476440e-01,-4.122093319892883301e-01,-1.881026849150657654e-02,3.207933902740478516e-02,1.068650856614112854e-01,7.725441455841064453e-02,-1.027008295059204102e-01,-2.667914032936096191e-01,-3.048243522644042969e-01,-5.227019786834716797e-01,1.180493533611297607e-01,-5.745803564786911011e-02,1.462358087301254272e-01,2.472505569458007812e-01,6.115309000015258789e-01,4.919420182704925537e-01,-3.972546756267547607e-02,3.490259945392608643e-01,-7.995651960372924805e-01,7.805196642875671387e-01,5.305073261260986328e-01,-9.802440553903579712e-02,2.546440362930297852e-01,-5.416422486305236816e-01,-8.008835464715957642e-02,9.829154610633850098e-01,1.618610262870788574e+00,-5.972799062728881836e-01,-4.754198491573333740e-01,-2.032610960304737091e-02
-3.021710552275180817e-02,1.413512974977493286e-02,7.869842052459716797e-01,9.807597398757934570e-01,1.547796837985515594e-02,1.455014050006866455e-01,1.292288303375244141e-01,-4.279456436634063721e-01,-2.032294310629367828e-02,3.918246552348136902e-02,1.064794361591339111e-01,8.184870332479476929e-02,-1.017380505800247192e-01,-2.890275120735168457e-01,-3.075008392333984375e-01,-5.132080912590026855e-01,1.191595345735549927e-01,-5.104757100343704224e-02,1.461780518293380737e-01,2.561731040477752686e-01,6.182652115821838379e-01,4.922916293144226074e-01,-4.278606548905372620e-02,3.508970737457275391e-01,-8.047603368759155273e-01,7.847115993499755859e-01,5.365342497825622559e-01,-9.915054589509963989e-02,2.644625008106231689e-01,-5.370533466339111328e-01,-7.775913923978805542e-02,9.897317290306091309e-01,1.633344531059265137e+00,-6.131239533424377441e-01,-4.931899011135101318e-01,-2.884083054959774017e-02
-3.280579671263694763e-02,1.488043554127216339e-02,7.865647077560424805e-01,9.803330898284912109e-01,1.574427820742130280e-02,1.512454599142074585e-01,1.257935762405395508e-01,-4.427594244480133057e-01,-2.126699499785900116e-02,4.609937220811843872e-02,1.060862913727760315e-01,8.566564321517944336e-02,-1.011996418237686157e-01,-3.100886642932891846e-01,-3.095721602439880371e-01,-5.042899250984191895e-01,1.200312823057174683e-01,-4.525110498070716858e-02,1.463264077901840210e-01,2.641121447086334229e-01,6.233319640159606934e-01,4.930136501789093018e-01,-4.645169153809547424e-02,3.520737588405609131e-01,-8.095554113388061523e-01,7.913615703582763672e-01,5.422738194465637207e-01,-1.003455668687820435e-01,2.722734212875366211e-01,-5.321415066719055176e-01,-7.585164904594421387e-02,9.956921935081481934e-01,1.646744847297668457e+00,-6.271631121635437012e-01,-5.108545422554016113e-01,-3.726953640580177307e-02
-3.520945087075233459e-02,1.558993570506572723e-02,7.861241102218627930e-01,9.799114465713500977e-01,1.596077717840671539e-02,1.566745936870574951e-01,1.223598569631576538e-01,-4.568690657615661621e-01,-2.178055793046951294e-02,5.269680172204971313e-02,1.056745946407318115e-01,8.902896195650100708e-02,-1.006064638495445251e-01,-3.302525579929351807e-01,-3.111729621887207031e-01,-4.956573843955993652e-01,1.210211589932441711e-01,-3.973206132650375366e-02,1.466824561357498169e-01,2.703648805618286133e-01,6.268823146820068359e-01,4.944573342800140381e-01,-5.024899169802665710e-02,3.517006337642669678e-01,-8.136081099510192871e-01,8.000556230545043945e-01,5.470610260963439941e-01,-1.012505143880844116e-01,2.781655192375183105e-01,-5.271289944648742676e-01,-7.437028735876083374e-02,1.000949740409851074e+00,1.658806443214416504e+00,-6.393543481826782227e-01,-5.275133252143859863e-01,-4.624067991971969604e-02
-3.742390498518943787e-02,1.627825573086738586e-02,7.856954932212829590e-01,9.794979691505432129e-01,1.610495522618293762e-02,1.618129163980484009e-01,1.189156994223594666e-01,-4.700680077075958252e-01,-2.178253233432769775e-02,5.908798426389694214e-02,1.052874997258186340e-01,9.163515269756317139e-02,-1.000568494200706482e-01,-3.495416939258575439e-01,-3.121170103549957275e-01,-4.871662557125091553e-01,1.220700964331626892e-01,-3.449464216828346252e-02,1.465909779071807861e-01,2.750414311885833740e-01,6.292957067489624023e-01,4.962464869022369385e-01,-5.418460443615913391e-02,3.498418033123016357e-01,-8.175467848777770996e-01,8.104628324508666992e-01,5.511962771415710449e-01,-1.020883321762084961e-01,2.834405004978179932e-01,-5.215831995010375977e-01,-7.394061982631683350e-02,1.005237340927124023e+00,1.669146776199340820e+00,-6.492211818695068359e-01,-5.427665114402770996e-01,-5.589924752712249756e-02
-3.936976566910743713e-02,1.691934838891029358e-02,7.852602005004882812e-01,9.791092276573181152e-01,1.626489870250225067e-02,1.665500998497009277e-01,1.155063062906265259e-01,-4.821290671825408936e-01,-2.168241515755653381e-02,6.513885408639907837e-02,1.050066426396369934e-01,9.332581609487533569e-02,-9.910614043474197388e-02,-3.677440285682678223e-01,-3.125964999198913574e-01,-4.786823689937591553e-01,1.228807196021080017e-01,-2.928614430129528046e-02,1.466096341609954834e-01,2.780332863330841064e-01,6.310480833053588867e-01,4.979771077632904053e-01,-5.824597924947738647e-02,3.461733162403106689e-01,-8.207999467849731445e-01,8.206894993782043457e-01,5.558040738105773926e-01,-1.026701554656028748e-01,2.880502343177795410e-01,-5.160732865333557129e-01,-7.471387833356857300e-02,1.009215354919433594e+00,1.677693486213684082e+00,-6.550188660621643066e-01,-5.545938611030578613e-01,-6.468876451253890991e-02
-4.098063707351684570e-02,1.750356331467628479e-02,7.849713563919067383e-01,9.787872433662414551e-01,1.657997444272041321e-02,1.706755459308624268e-01,1.121181622147560120e-01,-4.925896823406219482e-01,-2.160504274070262909e-02,7.070605456829071045e-02,1.050908342003822327e-01,9.456028789281845093e-02,-9.812623262405395508e-02,-3.836264908313751221e-01,-3.128702938556671143e-01,-4.705010652542114258e-01,1.233232989907264709e-01,-2.471932210028171539e-02,1.465916037559509277e-01,2.799247503280639648e-01,6.318814158439636230e-01,4.992538094520568848e-01,-6.298393011093139648e-02,3.414098918437957764e-01,-8.239302039146423340e-01,8.303090929985046387e-01,5.574758052825927734e-01,-1.033614352345466614e-01,2.931727468967437744e-01,-5.102212429046630859e-01,-7.587610185146331787e-02,1.012707114219665527e+00,1.684342861175537109e+00,-6.566166877746582031e-01,-5.647113919258117676e-01,-7.377831637859344482e-02
-4.228404164314270020e-02,1.813584938645362854e-02,7.846641540527343750e-01,9.785192012786865234e-01,1.705142296850681305e-02,1.743528991937637329e-01,1.086758598685264587e-01,-5.019115209579467773e-01,-2.174308709800243378e-02,7.609123736619949341e-02,1.052311286330223083e-01,9.512118995189666748e-02,-9.682445228099822998e-02,-3.977513015270233154e-01,-3.131686747074127197e-01,-4.624148309230804443e-01,1.232384070754051208e-01,-2.024710923433303833e-02,1.464779376983642578e-01,2.812258005142211914e-01,6.325440406799316406e-01,5.002257823944091797e-01,-6.846873462200164795e-02,3.356221914291381836e-01,-8.260660767555236816e-01,8.388627171516418457e-01,5.581024289131164551e-01,-1.043787151575088501e-01,2.973274886608123779e-01,-5.052765011787414551e-01,-7.748052477836608887e-02,1.016200542449951172e+00,1.689526796340942383e+00,-6.548415422439575195e-01,-5.740005373954772949e-01,-8.203678578138351440e-02
-4.353699460625648499e-02,1.885029859840869904e-02,7.844386100769042969e-01,9.783462882041931152e-01,1.772832497954368591e-02,1.774335354566574097e-01,1.050789207220077515e-01,-5.092336535453796387e-01,-2.183280885219573975e-02,8.187639713287353516e-02,1.055247113108634949e-01,9.532446414232254028e-02,-9.514813125133514404e-02,-4.092752635478973389e-01,-3.135834932327270508e-01,-4.541505277156829834e-01,1.230048239231109619e-01,-1.620183326303958893e-02,1.465773284435272217e-01,2.817436456680297852e-01,6.324745416641235352e-01,5.012406110763549805e-01,-7.398303598165512085e-02,3.298676311969757080e-01,-8.279256224632263184e-01,8.462678194046020508e-01,5.556232333183288574e-01,-1.058705300092697144e-01,3.007877171039581299e-01,-5.003507733345031738e-01,-7.885324954986572266e-02,1.019166946411132812e+00,1.692320585250854492e+00,-6.506171226501464844e-01,-5.839591026306152344e-01,-9.058072417974472046e-02
-4.461583867669105530e-02,1.964001730084419250e-02,7.842001914978027344e-01,9.782420992851257324e-01,1.843592524528503418e-02,1.801263391971588135e-01,1.012768596410751343e-01,-5.152290463447570801e-01,-2.163008041679859161e-02,8.822252601385116577e-02,1.057093963027000427e-01,9.461445361375808716e-02,-9.347681701183319092e-02,-4.196345806121826172e-01,-3.137194812297821045e-01,-4.459088146686553955e-01,1.223120167851448059e-01,-1.236778218299150467e-02,1.467106640338897705e-01,2.820762395858764648e-01,6.327750682830810547e-01,5.021820664405822754e-01,-7.959792762994766235e-02,3.244188427925109863e-01,-8.291746377944946289e-01,8.524391651153564453e-01,5.525231957435607910e-01,-1.080858260393142700e-01,3.040458559989929199e-01,-4.959008991718292236e-01,-8.032554388046264648e-02,1.022173643112182617e+00,1.694109320640563965e+00,-6.448978185653686523e-01,-5.939078927040100098e-01,-9.865970909595489502e-02
-4.545107483863830566e-02,2.047314122319221497e-02,7.840443849563598633e-01,9.781976342201232910e-01,1.932981610298156738e-02,1.825158447027206421e-01,9.717892855405807495e-02,-5.200376510620117188e-01,-2.145053073763847351e-02,9.527569264173507690e-02,1.058227047324180603e-01,9.394901990890502930e-02,-9.115256369113922119e-02,-4.292666018009185791e-01,-3.140211403369903564e-01,-4.373683631420135498e-01,1.214675530791282654e-01,-8.327791467308998108e-03,1.472874432802200317e-01,2.821504473686218262e-01,6.333413720130920410e-01,5.034238100051879883e-01,-8.474785089492797852e-02,3.188939392566680908e-01,-8.308807015419006348e-01,8.583844900131225586e-01,5.489638447761535645e-01,-1.110781952738761902e-01,3.075942099094390869e-01,-4.912137985229492188e-01,-8.121913671493530273e-02,1.025740623474121094e+00,1.695714116096496582e+00,-6.401444673538208008e-01,-6.040224432945251465e-01,-1.075128242373466492e-01
-4.615729302167892456e-02,2.134416438639163971e-02,7.839304804801940918e-01,9.781667590141296387e-01,2.035859785974025726e-02,1.847679764032363892e-01,9.293033927679061890e-02,-5.241394639015197754e-01,-2.134660445153713226e-02,1.029489636421203613e-01,1.060878559947013855e-01,9.299648553133010864e-02,-8.828194439411163330e-02,-4.388746619224548340e-01,-3.143690526485443115e-01,-4.284797906875610352e-01,1.203100755810737610e-01,-4.310064949095249176e-03,1.480408906936645508e-01,2.817987203598022461e-01,6.339546442031860352e-01,5.046227574348449707e-01,-8.904094249010086060e-02,3.133525848388671875e-01,-8.333766460418701172e-01,8.648845553398132324e-01,5.460094213485717773e-01,-1.145803406834602356e-01,3.115490376949310303e-01,-4.862627387046813965e-01,-8.194172382354736328e-02,1.029860258102416992e+00,1.698253393173217773e+00,-6.376602053642272949e-01,-6.141701340675354004e-01,-1.180713623762130737e-01
-4.676715657114982605e-02,2.228885889053344727e-02,7.838435173034667969e-01,9.781284928321838379e-01,2.158631943166255951e-02,1.869442760944366455e-01,8.860332518815994263e-02,-5.278291106224060059e-01,-2.154188603162765503e-02,1.111148074269294739e-01,1.062739640474319458e-01,9.188298881053924561e-02,-8.519402146339416504e-02,-4.484735429286956787e-01,-3.151300847530364990e-01,-4.192584455013275146e-01,1.190015748143196106e-01,-1.752964890329167247e-04,1.492762565612792969e-01,2.813061177730560303e-01,6.347071528434753418e-01,5.055872201919555664e-01,-9.199833869934082031e-02,3.077460825443267822e-01,-8.368229866027832031e-01,8.722964525222778320e-01,5.432633161544799805e-01,-1.181625276803970337e-01,3.148359060287475586e-01,-4.808320999145507812e-01,-8.306050300598144531e-02,1.034140348434448242e+00,1.702726006507873535e+00,-6.385468244552612305e-01,-6.251033544540405273e-01,-1.304558813571929932e-01
-4.723399877548217773e-02,2.337504178285598755e-02,7.838299274444580078e-01,9.780657887458801270e-01,2.309351041913032532e-02,1.890297234058380127e-01,8.439051359891891479e-02,-5.313457250595092773e-01,-2.239406295120716095e-02,1.194146499037742615e-01,1.063958629965782166e-01,9.093338996171951294e-02,-8.218115568161010742e-02,-4.577675759792327881e-01,-3.166283965110778809e-01,-4.097875654697418213e-01,1.178310960531234741e-01,3.739560721442103386e-03,1.508725732564926147e-01,2.803687751293182373e-01,6.352961063385009766e-01,5.062718391418457031e-01,-9.422055631875991821e-02,3.030119538307189941e-01,-8.414188027381896973e-01,8.801535964012145996e-01,5.414300560951232910e-01,-1.207913830876350403e-01,3.174436986446380615e-01,-4.746416211128234863e-01,-8.454205095767974854e-02,1.038865566253662109e+00,1.708715438842773438e+00,-6.420153379440307617e-01,-6.365497112274169922e-01,-1.447015106678009033e-01
-4.755114763975143433e-02,2.461651526391506195e-02,7.838093638420104980e-01,9.779524803161621094e-01,2.489533647894859314e-02,1.911357790231704712e-01,8.035103976726531982e-02,-5.351642370223999023e-01,-2.416688203811645508e-02,1.279295235872268677e-01,1.062963753938674927e-01,9.043107181787490845e-02,-7.933480292558670044e-02,-4.673019647598266602e-01,-3.190147578716278076e-01,-3.998700678348541260e-01,1.166887730360031128e-01,7.990363053977489471e-03,1.527023166418075562e-01,2.791658639907836914e-01,6.363932490348815918e-01,5.067218542098999023e-01,-9.588039666414260864e-02,2.990254163742065430e-01,-8.459168076515197754e-01,8.877230286598205566e-01,5.424780845642089844e-01,-1.228394210338592529e-01,3.179443478584289551e-01,-4.683333337306976318e-01,-8.679111301898956299e-02,1.043784022331237793e+00,1.715945839881896973e+00,-6.463361978530883789e-01,-6.484342813491821289e-01,-1.595217287540435791e-01
-4.799935221672058105e-02,2.599732019007205963e-02,7.838476896286010742e-01,9.777852892875671387e-01,2.696626447141170502e-02,1.932419538497924805e-01,7.659166306257247925e-02,-5.393339395523071289e-01,-2.679331041872501373e-02,1.364820152521133423e-01,1.063495427370071411e-01,9.065353125333786011e-02,-7.671366631984710693e-02,-4.768253266811370850e-01,-3.224334120750427246e-01,-3.897900879383087158e-01,1.159724444150924683e-01,1.281546149402856827e-02,1.545282751321792603e-01,2.780581414699554443e-01,6.377509236335754395e-01,5.067568421363830566e-01,-9.695094078779220581e-02,2.973404824733734131e-01,-8.493776321411132812e-01,8.938323259353637695e-01,5.442190170288085938e-01,-1.255393326282501221e-01,3.176323771476745605e-01,-4.621727466583251953e-01,-8.939133584499359131e-02,1.049628973007202148e+00,1.724167823791503906e+00,-6.518269777297973633e-01,-6.617457270622253418e-01,-1.744220405817031860e-01
-4.869360849261283875e-02,2.747907303273677826e-02,7.839633822441101074e-01,9.776101112365722656e-01,2.922605350613594055e-02,1.951222568750381470e-01,7.315474748611450195e-02,-5.431678891181945801e-01,-3.017292171716690063e-02,1.446907967329025269e-01,1.063998490571975708e-01,9.215224534273147583e-02,-7.461658865213394165e-02,-4.855510890483856201e-01,-3.266723752021789551e-01,-3.801181614398956299e-01,1.154255941510200500e-01,1.786605082452297211e-02,1.564119458198547363e-01,2.775768339633941650e-01,6.397612690925598145e-01,5.064259767532348633e-01,-9.806455671787261963e-02,2.978262901306152344e-01,-8.520283102989196777e-01,8.987743854522705078e-01,5.450238585472106934e-01,-1.293873190879821777e-01,3.180479705333709717e-01,-4.559271037578582764e-01,-9.220963716506958008e-02,1.055529117584228516e+00,1.732729911804199219e+00,-6.556775569915771484e-01,-6.756814122200012207e-01,-1.884681880474090576e-01
-4.956670105457305908e-02,2.897043898701667786e-02,7.840810418128967285e-01,9.774276018142700195e-01,3.141835704445838928e-02,1.968224048614501953e-01,7.006493210792541504e-02,-5.465890169143676758e-01,-3.382015973329544067e-02,1.522543132305145264e-01,1.061310842633247375e-01,9.450554102659225464e-02,-7.280024886131286621e-02,-4.936423301696777344e-01,-3.311581015586853027e-01,-3.716118931770324707e-01,1.153193488717079163e-01,2.260673977434635162e-02,1.580761522054672241e-01,2.771333456039428711e-01,6.428867578506469727e-01,5.061843395233154297e-01,-9.865679591894149780e-02,2.998897433280944824e-01,-8.537110090255737305e-01,9.022673368453979492e-01,5.453173518180847168e-01,-1.342335194349288940e-01,3.193541765213012695e-01,-4.499652385711669922e-01,-9.585283696651458740e-02,1.059721827507019043e+00,1.740634799003601074e+00,-6.561201214790344238e-01,-6.892519593238830566e-01,-2.039144635200500488e-01
-5.058188736438751221e-02,3.041404485702514648e-02,7.841202616691589355e-01,9.772436618804931641e-01,3.337881714105606079e-02,1.983814388513565063e-01,6.727141141891479492e-02,-5.496474504470825195e-01,-3.728735446929931641e-02,1.588790267705917358e-01,1.055807620286941528e-01,9.717566519975662231e-02,-7.136157900094985962e-02,-5.014559626579284668e-01,-3.351050019264221191e-01,-3.639820814132690430e-01,1.152343600988388062e-01,2.699327655136585236e-02,1.592869311571121216e-01,2.762534916400909424e-01,6.468581557273864746e-01,5.063740015029907227e-01,-9.822561591863632202e-02,3.026907145977020264e-01,-8.550616502761840820e-01,9.044550061225891113e-01,5.450630187988281250e-01,-1.394898295402526855e-01,3.227115869522094727e-01,-4.454888701438903809e-01,-1.007385104894638062e-01,1.059662103652954102e+00,1.746832132339477539e+00,-6.524350047111511230e-01,-7.012335062026977539e-01,-2.238269001245498657e-01
-5.170781910419464111e-02,3.177224844694137573e-02,7.840813994407653809e-01,9.770525693893432617e-01,3.506458550691604614e-02,1.998888701200485229e-01,6.467784196138381958e-02,-5.529912114143371582e-01,-4.019463062286376953e-02,1.646739840507507324e-01,1.051059439778327942e-01,9.960105270147323608e-02,-7.052107155323028564e-02,-5.095224380493164062e-01,-3.381843268871307373e-01,-3.567478656768798828e-01,1.151330098509788513e-01,3.100600093603134155e-02,1.600255519151687622e-01,2.750750482082366943e-01,6.508668065071105957e-01,5.067030191421508789e-01,-9.715658426284790039e-02,3.051265478134155273e-01,-8.564472794532775879e-01,9.061899781227111816e-01,5.444610118865966797e-01,-1.446572542190551758e-01,3.276709616184234619e-01,-4.421982765197753906e-01,-1.067608222365379333e-01,1.054028272628784180e+00,1.749627947807312012e+00,-6.442009806632995605e-01,-7.114666700363159180e-01,-2.489772140979766846e-01
-5.292727798223495483e-02,3.303559869527816772e-02,7.840375304222106934e-01,9.768636822700500488e-01,3.647273778915405273e-02,2.013655453920364380e-01,6.212078779935836792e-02,-5.569333434104919434e-01,-4.233384132385253906e-02,1.698500812053680420e-01,1.050166413187980652e-01,1.018438339233398438e-01,-7.018794119358062744e-02,-5.177915096282958984e-01,-3.403337001800537109e-01,-3.497182726860046387e-01,1.150684580206871033e-01,3.476523607969284058e-02,1.601774841547012329e-01,2.740421295166015625e-01,6.541819572448730469e-01,5.071054697036743164e-01,-9.592137485742568970e-02,3.070371747016906738e-01,-8.571321964263916016e-01,9.089660644531250000e-01,5.420708060264587402e-01,-1.488205641508102417e-01,3.337570428848266602e-01,-4.395658373832702637e-01,-1.132583022117614746e-01,1.045097589492797852e+00,1.748076438903808594e+00,-6.329930424690246582e-01,-7.204471230506896973e-01,-2.791076302528381348e-01
-5.422768369317054749e-02,3.416432812809944153e-02,7.839729785919189453e-01,9.766905307769775391e-01,3.760217130184173584e-02,2.028284817934036255e-01,5.934873223304748535e-02,-5.613547563552856445e-01,-4.335104301571846008e-02,1.751363426446914673e-01,1.053567901253700256e-01,1.035356894135475159e-01,-7.000976800918579102e-02,-5.267627835273742676e-01,-3.415648043155670166e-01,-3.428993821144104004e-01,1.151643842458724976e-01,3.864536434412002563e-02,1.599621474742889404e-01,2.737460732460021973e-01,6.562771201133728027e-01,5.075269341468811035e-01,-9.452647715806961060e-02,3.084138929843902588e-01,-8.564745783805847168e-01,9.130781888961791992e-01,5.371525883674621582e-01,-1.517671197652816772e-01,3.397369384765625000e-01,-4.379612505435943604e-01,-1.203479915857315063e-01,1.034341335296630859e+00,1.741929173469543457e+00,-6.182368993759155273e-01,-7.282509207725524902e-01,-3.112843930721282959e-01
-5.565071851015090942e-02,3.497568517923355103e-02,7.839950919151306152e-01,9.765705466270446777e-01,3.851156309247016907e-02,2.040702253580093384e-01,5.641006678342819214e-02,-5.652917027473449707e-01,-4.315241053700447083e-02,1.800237447023391724e-01,1.059882417321205139e-01,1.049293279647827148e-01,-7.039595395326614380e-02,-5.352112650871276855e-01,-3.421041369438171387e-01,-3.369010686874389648e-01,1.153739467263221741e-01,4.269797727465629578e-02,1.598730981349945068e-01,2.738929390907287598e-01,6.567875742912292480e-01,5.079769492149353027e-01,-9.324431419372558594e-02,3.093310296535491943e-01,-8.548418283462524414e-01,9.187222719192504883e-01,5.299459695816040039e-01,-1.533299982547760010e-01,3.444219231605529785e-01,-4.357873797416687012e-01,-1.269110143184661865e-01,1.023798108100891113e+00,1.732567310333251953e+00,-6.002410650253295898e-01,-7.349532246589660645e-01,-3.443430066108703613e-01
-5.738834291696548462e-02,3.539716452360153198e-02,7.840888500213623047e-01,9.764963984489440918e-01,3.920929506421089172e-02,2.051970809698104858e-01,5.302430689334869385e-02,-5.684241652488708496e-01,-4.191400483250617981e-02,1.848784387111663818e-01,1.065724715590476990e-01,1.053822040557861328e-01,-7.112889736890792847e-02,-5.436394214630126953e-01,-3.418974876403808594e-01,-3.312789499759674072e-01,1.157839149236679077e-01,4.730036854743957520e-02,1.602091193199157715e-01,2.741622924804687500e-01,6.561725735664367676e-01,5.085054039955139160e-01,-9.054392576217651367e-02,3.101915121078491211e-01,-8.510623574256896973e-01,9.237982630729675293e-01,5.200238823890686035e-01,-1.550283133983612061e-01,3.472775220870971680e-01,-4.328986406326293945e-01,-1.327289789915084839e-01,1.014492511749267578e+00,1.720044255256652832e+00,-5.794757008552551270e-01,-7.426849603652954102e-01,-3.781013786792755127e-01
-5.925514549016952515e-02,3.560331836342811584e-02,7.841681838035583496e-01,9.764415621757507324e-01,3.956211358308792114e-02,2.062283903360366821e-01,4.966492205858230591e-02,-5.713746547698974609e-01,-4.008268937468528748e-02,1.890908777713775635e-01,1.069343984127044678e-01,1.052976697683334351e-01,-7.160931080579757690e-02,-5.516702532768249512e-01,-3.409903049468994141e-01,-3.267793357372283936e-01,1.163633912801742554e-01,5.234600976109504700e-02,1.605046093463897705e-01,2.737632095813751221e-01,6.552631855010986328e-01,5.093678236007690430e-01,-8.519031107425689697e-02,3.107774257659912109e-01,-8.467336297035217285e-01,9.273796081542968750e-01,5.086452364921569824e-01,-1.569057703018188477e-01,3.494096398353576660e-01,-4.282322227954864502e-01,-1.387424319982528687e-01,1.005752801895141602e+00,1.704675436019897461e+00,-5.567844510078430176e-01,-7.510166168212890625e-01,-4.144434630870819092e-01
-6.082645431160926819e-02,3.649125993251800537e-02,7.839561104774475098e-01,9.761350750923156738e-01,4.031934589147567749e-02,2.089555561542510986e-01,4.326970502734184265e-02,-5.818192362785339355e-01,-3.535516187548637390e-02,1.957698911428451538e-01,1.077766269445419312e-01,1.056896671652793884e-01,-6.916429102420806885e-02,-5.670177340507507324e-01,-3.387354612350463867e-01,-3.161117136478424072e-01,1.190056651830673218e-01,5.743500590324401855e-02,1.604042351245880127e-01,2.759412229061126709e-01,6.527423858642578125e-01,5.115398764610290527e-01,-7.748837769031524658e-02,3.202535212039947510e-01,-8.360567092895507812e-01,9.225888848304748535e-01,4.774553179740905762e-01,-1.595026552677154541e-01,3.551317453384399414e-01,-4.243391156196594238e-01,-1.517829895019531250e-01,9.939990639686584473e-01,1.675047039985656738e+00,-4.923378527164459229e-01,-7.734649181365966797e-01,-4.689697921276092529e-01
