4.914757795631885529e-03,-3.210556460544466972e-03,7.828313112258911133e-01,9.999002218246459961e-01,5.538254044950008392e-03,-1.296502072364091873e-02,8.801316143944859505e-04,8.133517950773239136e-02,1.267591118812561035e-01,4.201371073722839355e-01,1.251356303691864014e-01,-1.532843559980392456e-01,-1.108246520161628723e-01,3.328872472047805786e-02,-1.362701505422592163e-01,-1.920166760683059692e-01,1.448496431112289429e-01,-1.502414196729660034e-01,1.216620877385139465e-01,-5.841371044516563416e-02,-2.073640190064907074e-02,1.263392716646194458e-01,-9.923872351646423340e-02,2.719942629337310791e-01,-8.389828205108642578e-01,1.156791925430297852e+00,5.448328703641891479e-02,3.427525609731674194e-02,8.899684995412826538e-02,-1.597196459770202637e-01,-2.460207641124725342e-01,9.690101742744445801e-01,1.105924129486083984e+00,-1.299224942922592163e-01,3.507906943559646606e-02,-5.787910148501396179e-02
4.804247058928012848e-03,-3.217648714780807495e-03,7.829032540321350098e-01,9.998939037322998047e-01,5.516307894140481949e-03,-1.346670091152191162e-02,6.251818267628550529e-04,8.265636116266250610e-02,1.268247663974761963e-01,4.194656908512115479e-01,1.248057484626770020e-01,-1.545712053775787354e-01,-1.113415136933326721e-01,3.497251868247985840e-02,-1.360478103160858154e-01,-1.925204247236251831e-01,1.445070654153823853e-01,-1.492614150047302246e-01,1.227298527956008911e-01,-5.915466323494911194e-02,-1.968591660261154175e-02,1.257206350564956665e-01,-1.053216159343719482e-01,2.727283835411071777e-01,-8.543036580085754395e-01,1.149307847023010254e+00,6.501491367816925049e-02,3.654316440224647522e-02,8.494289219379425049e-02,-1.591365933418273926e-01,-2.465514987707138062e-01,9.684593677520751953e-01,1.106016039848327637e+00,-1.292133480310440063e-01,3.608411550521850586e-02,-5.797083675861358643e-02
4.573178477585315704e-03,-3.286983817815780640e-03,7.828286886215209961e-01,9.998860359191894531e-01,5.515078082680702209e-03,-1.400577556341886520e-02,1.127169234678149223e-03,8.367132395505905151e-02,1.265398412942886353e-01,4.174954295158386230e-01,1.245292797684669495e-01,-1.545785367488861084e-01,-1.111609190702438354e-01,3.711888566613197327e-02,-1.363756954669952393e-01,-1.945025920867919922e-01,1.441797465085983276e-01,-1.491355299949645996e-01,1.233374550938606262e-01,-6.232504546642303467e-02,-1.834369823336601257e-02,1.257186084985733032e-01,-1.155298426747322083e-01,2.742596864700317383e-01,-8.753077387809753418e-01,1.136362552642822266e+00,8.376748859882354736e-02,3.839464485645294189e-02,8.147358894348144531e-02,-1.586056649684906006e-01,-2.470130473375320435e-01,9.695485830307006836e-01,1.106255650520324707e+00,-1.250870823860168457e-01,3.691985830664634705e-02,-5.851684510707855225e-02
4.305996000766754150e-03,-3.297135466709733009e-03,7.827378511428833008e-01,9.998769164085388184e-01,5.555325187742710114e-03,-1.453105825930833817e-02,2.024143468588590622e-03,8.420208096504211426e-02,1.260116547346115112e-01,4.143868684768676758e-01,1.244521513581275940e-01,-1.542399525642395020e-01,-1.107147634029388428e-01,3.930737450718879700e-02,-1.367922425270080566e-01,-1.971495896577835083e-01,1.435966789722442627e-01,-1.491766422986984253e-01,1.235710754990577698e-01,-6.704480946063995361e-02,-1.714781299233436584e-02,1.259644478559494019e-01,-1.298839002847671509e-01,2.765451669692993164e-01,-9.022787809371948242e-01,1.117403507232666016e+00,1.081911846995353699e-01,4.156430810689926147e-02,7.981969416141510010e-02,-1.576395630836486816e-01,-2.472644299268722534e-01,9.711990952491760254e-01,1.106890082359313965e+00,-1.184546872973442078e-01,3.730187565088272095e-02,-5.990239977836608887e-02
4.000246524810791016e-03,-3.256242955103516579e-03,7.826898694038391113e-01,9.998673796653747559e-01,5.595153663307428360e-03,-1.494839321821928024e-02,3.236714750528335571e-03,8.411077409982681274e-02,1.254261583089828491e-01,4.108024239540100098e-01,1.243757233023643494e-01,-1.535624414682388306e-01,-1.104775890707969666e-01,4.124745354056358337e-02,-1.371363252401351929e-01,-1.996425092220306396e-01,1.426477581262588501e-01,-1.491037309169769287e-01,1.235691979527473450e-01,-7.316397130489349365e-02,-1.602500863373279572e-02,1.266257315874099731e-01,-1.487515866756439209e-01,2.789192795753479004e-01,-9.320127964019775391e-01,1.092670202255249023e+00,1.321212202310562134e-01,4.492188245058059692e-02,7.997836917638778687e-02,-1.563918590545654297e-01,-2.475936561822891235e-01,9.725970625877380371e-01,1.107491970062255859e+00,-1.110651567578315735e-01,3.757634386420249939e-02,-6.126212701201438904e-02
3.618170274421572685e-03,-3.116298466920852661e-03,7.826924920082092285e-01,9.998570084571838379e-01,5.619394592940807343e-03,-1.522121299058198929e-02,4.771810490638017654e-03,8.326302468776702881e-02,1.247413307428359985e-01,4.066713452339172363e-01,1.243411824107170105e-01,-1.524738073348999023e-01,-1.104229241609573364e-01,4.322222247719764709e-02,-1.374588757753372192e-01,-2.023793011903762817e-01,1.409561336040496826e-01,-1.486227661371231079e-01,1.236341148614883423e-01,-8.165798336267471313e-02,-1.489413063973188400e-02,1.279511302709579468e-01,-1.728574931621551514e-01,2.809731662273406982e-01,-9.641877412796020508e-01,1.062599897384643555e+00,1.555688530206680298e-01,4.761676862835884094e-02,8.055011928081512451e-02,-1.553974747657775879e-01,-2.481782436370849609e-01,9.744712710380554199e-01,1.107920885086059570e+00,-1.041004508733749390e-01,3.772794082760810852e-02,-6.255979090929031372e-02
3.186843590810894966e-03,-2.949333749711513519e-03,7.827589511871337891e-01,9.998477101325988770e-01,5.630271043628454208e-03,-1.525324583053588867e-02,6.342663429677486420e-03,8.137771487236022949e-02,1.240638196468353271e-01,4.027060866355895996e-01,1.245606765151023865e-01,-1.512396484613418579e-01,-1.104597151279449463e-01,4.460230842232704163e-02,-1.378204524517059326e-01,-2.052233964204788208e-01,1.389308422803878784e-01,-1.477908194065093994e-01,1.237725615501403809e-01,-9.220931679010391235e-02,-1.376221794635057449e-02,1.300784945487976074e-01,-2.004425525665283203e-01,2.818790376186370850e-01,-9.957805275917053223e-01,1.032216310501098633e+00,1.766140162944793701e-01,4.919191822409629822e-02,8.075192570686340332e-02,-1.551650613546371460e-01,-2.489989101886749268e-01,9.759752750396728516e-01,1.108497381210327148e+00,-9.868041425943374634e-02,3.739967569708824158e-02,-6.386991590261459351e-02
2.659593475982546806e-03,-2.820067573338747025e-03,7.828305363655090332e-01,9.998403787612915039e-01,5.646541714668273926e-03,-1.509023457765579224e-02,7.720130495727062225e-03,7.872305065393447876e-02,1.234090700745582581e-01,3.994186222553253174e-01,1.249610185623168945e-01,-1.501267850399017334e-01,-1.102822124958038330e-01,4.520801082253456116e-02,-1.381638348102569580e-01,-2.073808908462524414e-01,1.370145827531814575e-01,-1.468707621097564697e-01,1.240147575736045837e-01,-1.049692556262016296e-01,-1.258385553956031799e-02,1.330181062221527100e-01,-2.319861948490142822e-01,2.808507680892944336e-01,-1.028005480766296387e+00,1.003873586654663086e+00,1.951474249362945557e-01,5.008634924888610840e-02,7.951726019382476807e-02,-1.557793915271759033e-01,-2.499728351831436157e-01,9.763027429580688477e-01,1.109392166137695312e+00,-9.435111284255981445e-02,3.703119605779647827e-02,-6.509540230035781860e-02
1.965307164937257767e-03,-2.563276328146457672e-03,7.828747630119323730e-01,9.998353719711303711e-01,5.686427466571331024e-03,-1.484321430325508118e-02,8.748794905841350555e-03,7.594043761491775513e-02,1.226943358778953552e-01,3.971571624279022217e-01,1.253910660743713379e-01,-1.491518467664718628e-01,-1.096430197358131409e-01,4.506278783082962036e-02,-1.386427879333496094e-01,-2.086751908063888550e-01,1.356141418218612671e-01,-1.461417973041534424e-01,1.243374422192573547e-01,-1.197174787521362305e-01,-1.131628639996051788e-02,1.368739902973175049e-01,-2.676925957202911377e-01,2.773182988166809082e-01,-1.063472270965576172e+00,9.795881509780883789e-01,2.151551544666290283e-01,5.077718198299407959e-02,7.604765146970748901e-02,-1.573621481657028198e-01,-2.508937716484069824e-01,9.760539531707763672e-01,1.110534906387329102e+00,-8.969274163246154785e-02,3.706489503383636475e-02,-6.587780267000198364e-02
1.240404089912772179e-03,-2.350534312427043915e-03,7.828939557075500488e-01,9.998356699943542480e-01,5.759545136243104935e-03,-1.454442739486694336e-02,9.155656211078166962e-03,7.348929345607757568e-02,1.217858195304870605e-01,3.958447873592376709e-01,1.257778406143188477e-01,-1.481983661651611328e-01,-1.086487099528312683e-01,4.411476850509643555e-02,-1.393537819385528564e-01,-2.092912644147872925e-01,1.348026841878890991e-01,-1.455646902322769165e-01,1.246654540300369263e-01,-1.359699666500091553e-01,-9.967739693820476532e-03,1.416172683238983154e-01,-3.065458238124847412e-01,2.709378004074096680e-01,-1.102064490318298340e+00,9.617106318473815918e-01,2.372126281261444092e-01,5.155040323734283447e-02,7.037901878356933594e-02,-1.598890721797943115e-01,-2.518033981323242188e-01,9.750742316246032715e-01,1.111708164215087891e+00,-8.274599164724349976e-02,3.734731674194335938e-02,-6.635862588882446289e-02
4.724049649666994810e-04,-2.042703796178102493e-03,7.829125523567199707e-01,9.998432993888854980e-01,5.836653523147106171e-03,-1.418413035571575165e-02,8.838068693876266479e-03,7.164809107780456543e-02,1.208481043577194214e-01,3.957846462726593018e-01,1.259771138429641724e-01,-1.474137902259826660e-01,-1.075794100761413574e-01,4.220399260520935059e-02,-1.400635838508605957e-01,-2.087646871805191040e-01,1.344926953315734863e-01,-1.449674814939498901e-01,1.248126327991485596e-01,-1.528907865285873413e-01,-8.531485684216022491e-03,1.469126045703887939e-01,-3.467075526714324951e-01,2.619875371456146240e-01,-1.142055988311767578e+00,9.497798085212707520e-01,2.585807442665100098e-01,5.172912403941154480e-02,6.277534365653991699e-02,-1.629758924245834351e-01,-2.529931366443634033e-01,9.732358455657958984e-01,1.112713813781738281e+00,-7.471525669097900391e-02,3.744237497448921204e-02,-6.632673740386962891e-02
-3.268914588261395693e-04,-1.636149478144943714e-03,7.829411029815673828e-01,9.998584389686584473e-01,5.922384094446897507e-03,-1.376542076468467712e-02,7.656375877559185028e-03,7.056161761283874512e-02,1.199614107608795166e-01,3.973490893840789795e-01,1.259180009365081787e-01,-1.467240005731582642e-01,-1.064294651150703430e-01,3.946093469858169556e-02,-1.405897587537765503e-01,-2.067157477140426636e-01,1.344056427478790283e-01,-1.441808640956878662e-01,1.247072517871856689e-01,-1.703660339117050171e-01,-7.109276484698057175e-03,1.525816917419433594e-01,-3.885979950428009033e-01,2.503260970115661621e-01,-1.183443784713745117e+00,9.427488446235656738e-01,2.764491438865661621e-01,5.035997927188873291e-02,5.283483117818832397e-02,-1.665122807025909424e-01,-2.547332346439361572e-01,9.714721441268920898e-01,1.113172769546508789e+00,-6.742295622825622559e-02,3.727440163493156433e-02,-6.569417566061019897e-02
-1.095062820240855217e-03,-1.202487852424383163e-03,7.830004096031188965e-01,9.998775124549865723e-01,6.032299250364303589e-03,-1.327535230666399002e-02,5.689392331987619400e-03,6.996960192918777466e-02,1.191797703504562378e-01,4.004208147525787354e-01,1.253775805234909058e-01,-1.458756923675537109e-01,-1.053683087229728699e-01,3.607363626360893250e-02,-1.408228576183319092e-01,-2.028734385967254639e-01,1.343023329973220825e-01,-1.432649940252304077e-01,1.245130673050880432e-01,-1.877875328063964844e-01,-6.021819077432155609e-03,1.580637395381927490e-01,-4.304457604885101318e-01,2.358460873365402222e-01,-1.224213480949401855e+00,9.414748549461364746e-01,2.874114811420440674e-01,4.731564596295356750e-02,4.177551716566085815e-02,-1.704207658767700195e-01,-2.570112347602844238e-01,9.706163406372070312e-01,1.113290786743164062e+00,-6.266312301158905029e-02,3.702413290739059448e-02,-6.447152048349380493e-02
-1.793085830286145210e-03,-8.069636533036828041e-04,7.830687761306762695e-01,9.998954534530639648e-01,6.133887451142072678e-03,-1.274031586945056915e-02,3.026339923962950706e-03,6.977792829275131226e-02,1.186632812023162842e-01,4.049711823463439941e-01,1.243730112910270691e-01,-1.450873464345932007e-01,-1.043829992413520813e-01,3.220026195049285889e-02,-1.407877951860427856e-01,-1.975022554397583008e-01,1.343089789152145386e-01,-1.422166377305984497e-01,1.244617030024528503e-01,-2.047086507081985474e-01,-5.341873504221439362e-03,1.631514281034469604e-01,-4.708720445632934570e-01,2.184235602617263794e-01,-1.264428019523620605e+00,9.471676349639892578e-01,2.906044721603393555e-01,4.212180152535438538e-02,3.101797215640544891e-02,-1.746085882186889648e-01,-2.596369981765747070e-01,9.701083898544311523e-01,1.113160490989685059e+00,-6.093331798911094666e-02,3.697742149233818054e-02,-6.288334727287292480e-02
-2.398056909441947937e-03,-4.462252836674451828e-04,7.831376194953918457e-01,9.999061226844787598e-01,6.260212510824203491e-03,-1.218793075531721115e-02,-1.660877460381016135e-04,6.975033134222030640e-02,1.183277219533920288e-01,4.110016822814941406e-01,1.233148053288459778e-01,-1.445534825325012207e-01,-1.032844632863998413e-01,2.820939943194389343e-02,-1.407767683267593384e-01,-1.912995427846908569e-01,1.344025731086730957e-01,-1.412444710731506348e-01,1.247888952493667603e-01,-2.210407108068466187e-01,-5.224696360528469086e-03,1.678986251354217529e-01,-5.078485012054443359e-01,1.983763426542282104e-01,-1.302864432334899902e+00,9.610677957534790039e-01,2.882040143013000488e-01,3.594656288623809814e-02,2.016827650368213654e-02,-1.787229925394058228e-01,-2.622666656970977783e-01,9.701383113861083984e-01,1.112923026084899902e+00,-6.098973378539085388e-02,3.672043234109878540e-02,-6.160610169172286987e-02
-2.896920079365372658e-03,-9.467158815823495388e-05,7.831902503967285156e-01,9.999033808708190918e-01,6.413333583623170853e-03,-1.168167684227228165e-02,-3.950210288166999817e-03,7.002160698175430298e-02,1.181499958038330078e-01,4.186353683471679688e-01,1.223041415214538574e-01,-1.443805396556854248e-01,-1.022938638925552368e-01,2.417321503162384033e-02,-1.406412869691848755e-01,-1.840168535709381104e-01,1.345672756433486938e-01,-1.404600739479064941e-01,1.251166164875030518e-01,-2.368023395538330078e-01,-5.700534675270318985e-03,1.724667400121688843e-01,-5.405081510543823242e-01,1.762154847383499146e-01,-1.338912248611450195e+00,9.840637445449829102e-01,2.811546325683593750e-01,2.969099208712577820e-02,8.026579394936561584e-03,-1.826667040586471558e-01,-2.646204829216003418e-01,9.706740379333496094e-01,1.112372040748596191e+00,-6.149894744157791138e-02,3.650987893342971802e-02,-6.134547293186187744e-02
-3.268478671088814735e-03,2.378287608735263348e-04,7.832217812538146973e-01,9.998818635940551758e-01,6.552495993673801422e-03,-1.121467445045709610e-02,-8.212536573410034180e-03,7.069673389196395874e-02,1.182251423597335815e-01,4.272509217262268066e-01,1.213385984301567078e-01,-1.445552110671997070e-01,-1.015911549329757690e-01,1.990232616662979126e-02,-1.400716304779052734e-01,-1.756764501333236694e-01,1.348248422145843506e-01,-1.396509110927581787e-01,1.253820210695266724e-01,-2.519189417362213135e-01,-6.614422891288995743e-03,1.766289621591567993e-01,-5.685970783233642578e-01,1.526007503271102905e-01,-1.372403025627136230e+00,1.015491604804992676e+00,2.715097069740295410e-01,2.407610602676868439e-02,-6.060118321329355240e-03,-1.859832555055618286e-01,-2.664020657539367676e-01,9.714962840080261230e-01,1.111662030220031738e+00,-6.154538318514823914e-02,3.638856858015060425e-02,-6.179440021514892578e-02
-3.537240670993924141e-03,4.952218732796609402e-04,7.832388877868652344e-01,9.998376965522766113e-01,6.656902842223644257e-03,-1.082266122102737427e-02,-1.277480181306600571e-02,7.200451940298080444e-02,1.185785159468650818e-01,4.363779425621032715e-01,1.205084398388862610e-01,-1.450773179531097412e-01,-1.010565087199211121e-01,1.553884427994489670e-02,-1.390180289745330811e-01,-1.666567623615264893e-01,1.351871937513351440e-01,-1.387809664011001587e-01,1.255733519792556763e-01,-2.662833929061889648e-01,-7.986572571098804474e-03,1.803924739360809326e-01,-5.926985144615173340e-01,1.271508336067199707e-01,-1.405748724937438965e+00,1.055364608764648438e+00,2.601620554924011230e-01,1.855514757335186005e-02,-2.305450849235057831e-02,-1.887849867343902588e-01,-2.674371600151062012e-01,9.728987812995910645e-01,1.111273288726806641e+00,-6.199315190315246582e-02,3.636727854609489441e-02,-6.228773295879364014e-02
-3.685723990201950073e-03,6.273280014283955097e-04,7.832371592521667480e-01,9.997717738151550293e-01,6.753507070243358612e-03,-1.051565259695053101e-02,-1.732942275702953339e-02,7.393813878297805786e-02,1.190962195396423340e-01,4.456162750720977783e-01,1.195338815450668335e-01,-1.457755714654922485e-01,-1.006357967853546143e-01,1.164893060922622681e-02,-1.378479301929473877e-01,-1.580350846052169800e-01,1.354382336139678955e-01,-1.378892809152603149e-01,1.257936507463455200e-01,-2.798147201538085938e-01,-9.768781252205371857e-03,1.837936490774154663e-01,-6.121359467506408691e-01,1.005241200327873230e-01,-1.439346909523010254e+00,1.101924419403076172e+00,2.486032247543334961e-01,1.354518719017505646e-02,-4.329566285014152527e-02,-1.903304308652877808e-01,-2.677598297595977783e-01,9.742459654808044434e-01,1.110901713371276855e+00,-6.289258599281311035e-02,3.589165210723876953e-02,-6.263074278831481934e-02
-3.746644128113985062e-03,6.477433489635586739e-04,7.832248210906982422e-01,9.996922016143798828e-01,6.854360457509756088e-03,-1.031564828008413315e-02,-2.149569615721702576e-02,7.610712945461273193e-02,1.196336224675178528e-01,4.538780152797698975e-01,1.184806898236274719e-01,-1.464595347642898560e-01,-1.005454212427139282e-01,8.539789356291294098e-03,-1.367369592189788818e-01,-1.503203809261322021e-01,1.357271671295166016e-01,-1.371823400259017944e-01,1.259928792715072632e-01,-2.917219102382659912e-01,-1.177001930773258209e-02,1.868625432252883911e-01,-6.265867352485656738e-01,7.480540871620178223e-02,-1.471356511116027832e+00,1.149420499801635742e+00,2.382850199937820435e-01,9.117478504776954651e-03,-6.615440547466278076e-02,-1.909237354993820190e-01,-2.673493325710296631e-01,9.755513668060302734e-01,1.110691547393798828e+00,-6.487202644348144531e-02,3.495698049664497375e-02,-6.286765635013580322e-02
-3.754311939701437950e-03,5.779446219094097614e-04,7.831999063491821289e-01,9.996051192283630371e-01,6.955256685614585876e-03,-1.014254987239837646e-02,-2.526469528675079346e-02,7.809386402368545532e-02,1.202700212597846985e-01,4.613485634326934814e-01,1.175745576620101929e-01,-1.471137404441833496e-01,-1.006536036729812622e-01,5.934108048677444458e-03,-1.356091946363449097e-01,-1.432567089796066284e-01,1.359658092260360718e-01,-1.365129649639129639e-01,1.261834651231765747e-01,-3.023549914360046387e-01,-1.390157453715801239e-02,1.896147131919860840e-01,-6.371761560440063477e-01,5.113606154918670654e-02,-1.499779224395751953e+00,1.194893956184387207e+00,2.291757315397262573e-01,5.625382065773010254e-03,-8.929318934679031372e-02,-1.901035159826278687e-01,-2.662805318832397461e-01,9.755017757415771484e-01,1.110349893569946289e+00,-6.770854443311691284e-02,3.430412337183952332e-02,-6.325084716081619263e-02
-3.751778742298483849e-03,4.073206800967454910e-04,7.832013964653015137e-01,9.995172023773193359e-01,7.025038823485374451e-03,-1.002215314656496048e-02,-2.855781093239784241e-02,7.980727404356002808e-02,1.210943013429641724e-01,4.679257571697235107e-01,1.168998479843139648e-01,-1.477979570627212524e-01,-1.009187549352645874e-01,3.763648681342601776e-03,-1.343229115009307861e-01,-1.371450126171112061e-01,1.363146305084228516e-01,-1.360014230012893677e-01,1.260285675525665283e-01,-3.113552927970886230e-01,-1.606881618499755859e-02,1.922599077224731445e-01,-6.440626382827758789e-01,3.069317154586315155e-02,-1.523261666297912598e+00,1.235338807106018066e+00,2.201497405767440796e-01,2.877385588362812996e-03,-1.101813614368438721e-01,-1.882432252168655396e-01,-2.646301984786987305e-01,9.750778079032897949e-01,1.110208749771118164e+00,-7.116063684225082397e-02,3.391185402870178223e-02,-6.381364166736602783e-02
-3.584325313568115234e-03,4.276883555576205254e-05,7.832275032997131348e-01,9.994351267814636230e-01,7.035863585770130157e-03,-9.876826778054237366e-03,-3.134417906403541565e-02,8.115047961473464966e-02,1.220736429095268250e-01,4.734488427639007568e-01,1.164676249027252197e-01,-1.484450548887252808e-01,-1.011696904897689819e-01,2.001274609938263893e-03,-1.329047828912734985e-01,-1.321828961372375488e-01,1.364172995090484619e-01,-1.351529955863952637e-01,1.255566030740737915e-01,-3.185223042964935303e-01,-1.795436255633831024e-02,1.947391033172607422e-01,-6.483048796653747559e-01,1.392138004302978516e-02,-1.541476845741271973e+00,1.268913030624389648e+00,2.116397470235824585e-01,9.091928368434309959e-04,-1.275464445352554321e-01,-1.856069862842559814e-01,-2.624926865100860596e-01,9.752695560455322266e-01,1.111281156539916992e+00,-7.426428049802780151e-02,3.389545157551765442e-02,-6.422436237335205078e-02
-3.519160440191626549e-03,-2.339723432669416070e-04,7.832637429237365723e-01,9.993621706962585449e-01,6.981288082897663116e-03,-9.675048291683197021e-03,-3.365993872284889221e-02,8.231957256793975830e-02,1.231280118227005005e-01,4.785247445106506348e-01,1.159575507044792175e-01,-1.489503383636474609e-01,-1.015000566840171814e-01,3.669327707029879093e-04,-1.313581019639968872e-01,-1.277062892913818359e-01,1.362586319446563721e-01,-1.339500844478607178e-01,1.248494237661361694e-01,-3.241516649723052979e-01,-1.950738020241260529e-02,1.968401670455932617e-01,-6.507850289344787598e-01,2.536862739361822605e-04,-1.555530786514282227e+00,1.296360373497009277e+00,2.032578289508819580e-01,-2.921568520832806826e-04,-1.421149522066116333e-01,-1.825928092002868652e-01,-2.598533928394317627e-01,9.763747453689575195e-01,1.113833189010620117e+00,-7.694272696971893311e-02,3.414513915777206421e-02,-6.393747031688690186e-02
-3.446048591285943985e-03,-4.867565585300326347e-04,7.833223342895507812e-01,9.993007779121398926e-01,6.881896406412124634e-03,-9.444522671401500702e-03,-3.551541268825531006e-02,8.311873674392700195e-02,1.241675466299057007e-01,4.826246798038482666e-01,1.156308352947235107e-01,-1.495487540960311890e-01,-1.016162261366844177e-01,-9.740872774273157120e-04,-1.298499852418899536e-01,-1.238617151975631714e-01,1.359144896268844604e-01,-1.328488290309906006e-01,1.240238472819328308e-01,-3.283101618289947510e-01,-2.068912982940673828e-02,1.985784918069839478e-01,-6.516607999801635742e-01,-1.040649227797985077e-02,-1.565276503562927246e+00,1.317764282226562500e+00,1.942123174667358398e-01,-9.221981163136661053e-04,-1.540663093328475952e-01,-1.797160357236862183e-01,-2.570012509822845459e-01,9.776934385299682617e-01,1.117134332656860352e+00,-7.978675514459609985e-02,3.419585898518562317e-02,-6.283409148454666138e-02
-3.357489127665758133e-03,-7.151282625272870064e-04,7.833883762359619141e-01,9.992536306381225586e-01,6.794688757508993149e-03,-9.207713417708873749e-03,-3.689527884125709534e-02,8.363163471221923828e-02,1.249560117721557617e-01,4.853185117244720459e-01,1.154104322195053101e-01,-1.501039862632751465e-01,-1.017141565680503845e-01,-2.054447541013360023e-03,-1.285974085330963135e-01,-1.208525672554969788e-01,1.354612112045288086e-01,-1.318533569574356079e-01,1.234970241785049438e-01,-3.309457600116729736e-01,-2.142959274351596832e-02,1.998456716537475586e-01,-6.524515151977539062e-01,-1.836623810231685638e-02,-1.570847511291503906e+00,1.333037137985229492e+00,1.852967590093612671e-01,-1.305724144913256168e-03,-1.632562130689620972e-01,-1.772186458110809326e-01,-2.546388506889343262e-01,9.786859154701232910e-01,1.120398759841918945e+00,-8.243443071842193604e-02,3.414335101842880249e-02,-6.168896332383155823e-02
-3.232103539630770683e-03,-8.989249472506344318e-04,7.834582924842834473e-01,9.992191791534423828e-01,6.712275557219982147e-03,-9.063633158802986145e-03,-3.786517307162284851e-02,8.410132676362991333e-02,1.255361735820770264e-01,4.867363870143890381e-01,1.153031215071678162e-01,-1.503571420907974243e-01,-1.017093434929847717e-01,-2.684019040316343307e-03,-1.277692466974258423e-01,-1.190765053033828735e-01,1.349834948778152466e-01,-1.311180889606475830e-01,1.234167292714118958e-01,-3.322739303112030029e-01,-2.192444354295730591e-02,2.008367031812667847e-01,-6.535814404487609863e-01,-2.407806925475597382e-02,-1.573336362838745117e+00,1.343304395675659180e+00,1.787425130605697632e-01,-1.763978856615722179e-03,-1.702193319797515869e-01,-1.758198738098144531e-01,-2.529292404651641846e-01,9.789944291114807129e-01,1.123241662979125977e+00,-8.510559797286987305e-02,3.431412577629089355e-02,-6.110822781920433044e-02
-3.099984489381313324e-03,-9.817673126235604286e-04,7.835081815719604492e-01,9.991946220397949219e-01,6.651951465755701065e-03,-9.021917358040809631e-03,-3.852925449609756470e-02,8.476858586072921753e-02,1.258748024702072144e-01,4.874435365200042725e-01,1.151037663221359253e-01,-1.502675116062164307e-01,-1.017720997333526611e-01,-2.833919133991003036e-03,-1.272626668214797974e-01,-1.180975884199142456e-01,1.345044672489166260e-01,-1.305933743715286255e-01,1.237431168556213379e-01,-3.326911628246307373e-01,-2.229971438646316528e-02,2.017069905996322632e-01,-6.546843051910400391e-01,-2.775502949953079224e-02,-1.575474143028259277e+00,1.349932670593261719e+00,1.751721352338790894e-01,-2.197459340095520020e-03,-1.763431727886199951e-01,-1.756593585014343262e-01,-2.519596517086029053e-01,9.784616231918334961e-01,1.124972343444824219e+00,-8.714176714420318604e-02,3.515778109431266785e-02,-6.143367663025856018e-02
-2.986338920891284943e-03,-9.619771735742688179e-04,7.835674285888671875e-01,9.991804361343383789e-01,6.619428284466266632e-03,-9.012202732264995575e-03,-3.890186548233032227e-02,8.535142242908477783e-02,1.259607374668121338e-01,4.880432188510894775e-01,1.148647665977478027e-01,-1.498977094888687134e-01,-1.018077358603477478e-01,-2.784037264063954353e-03,-1.270916759967803955e-01,-1.176205947995185852e-01,1.341602951288223267e-01,-1.300226449966430664e-01,1.241587847471237183e-01,-3.326725661754608154e-01,-2.257450297474861145e-02,2.024724185466766357e-01,-6.552001237869262695e-01,-3.038642182946205139e-02,-1.577992081642150879e+00,1.354269027709960938e+00,1.731188297271728516e-01,-2.628286834806203842e-03,-1.815023422241210938e-01,-1.762766391038894653e-01,-2.515303790569305420e-01,9.767651557922363281e-01,1.125469565391540527e+00,-8.841057121753692627e-02,3.597285971045494080e-02,-6.202191114425659180e-02
-2.910642186179757118e-03,-8.755688322708010674e-04,7.836359143257141113e-01,9.991765022277832031e-01,6.615414749830961227e-03,-9.032729081809520721e-03,-3.899929299950599670e-02,8.567082881927490234e-02,1.257888674736022949e-01,4.884277880191802979e-01,1.145436987280845642e-01,-1.494962871074676514e-01,-1.020548418164253235e-01,-2.458310686051845551e-03,-1.271182596683502197e-01,-1.174547225236892700e-01,1.338500529527664185e-01,-1.295360475778579712e-01,1.243912503123283386e-01,-3.323080241680145264e-01,-2.275824919342994690e-02,2.032370865345001221e-01,-6.549936532974243164e-01,-3.254079446196556091e-02,-1.580748796463012695e+00,1.357487797737121582e+00,1.716417670249938965e-01,-2.701799385249614716e-03,-1.858590990304946899e-01,-1.773709356784820557e-01,-2.513321340084075928e-01,9.742924571037292480e-01,1.125025749206542969e+00,-8.871604502201080322e-02,3.628062829375267029e-02,-6.314821541309356689e-02
-2.882318105548620224e-03,-7.719894638285040855e-04,7.836862802505493164e-01,9.991759061813354492e-01,6.590011529624462128e-03,-9.097367525100708008e-03,-3.900381922721862793e-02,8.604197949171066284e-02,1.256624311208724976e-01,4.888030886650085449e-01,1.142316609621047974e-01,-1.492739021778106689e-01,-1.024385765194892883e-01,-1.995722996070981026e-03,-1.270723789930343628e-01,-1.174432411789894104e-01,1.337280571460723877e-01,-1.294279992580413818e-01,1.243549659848213196e-01,-3.314447999000549316e-01,-2.282940223813056946e-02,2.042483687400817871e-01,-6.547381877899169922e-01,-3.413058444857597351e-02,-1.583127975463867188e+00,1.359791994094848633e+00,1.691620647907257080e-01,-2.403615042567253113e-03,-1.895637661218643188e-01,-1.789881289005279541e-01,-2.512691020965576172e-01,9.718127846717834473e-01,1.123616814613342285e+00,-8.860318362712860107e-02,3.621065616607666016e-02,-6.389221549034118652e-02
-2.882048720493912697e-03,-6.416675169020891190e-04,7.837120294570922852e-01,9.991822242736816406e-01,6.590162869542837143e-03,-9.162157773971557617e-03,-3.882579132914543152e-02,8.637087792158126831e-02,1.254664957523345947e-01,4.886926114559173584e-01,1.141320392489433289e-01,-1.493617743253707886e-01,-1.025755405426025391e-01,-1.530320150777697563e-03,-1.272197663784027100e-01,-1.178308576345443726e-01,1.338539868593215942e-01,-1.297421306371688843e-01,1.242661699652671814e-01,-3.302169144153594971e-01,-2.278149686753749847e-02,2.053350955247879028e-01,-6.550398468971252441e-01,-3.535730764269828796e-02,-1.585009217262268066e+00,1.361120700836181641e+00,1.668675243854522705e-01,-2.202683361247181892e-03,-1.930720806121826172e-01,-1.810168474912643433e-01,-2.515583932399749756e-01,9.698349833488464355e-01,1.121415853500366211e+00,-8.892461657524108887e-02,3.585200384259223938e-02,-6.459527462720870972e-02
-2.853262005373835564e-03,-4.867169191129505634e-04,7.837150096893310547e-01,9.991999268531799316e-01,6.605822592973709106e-03,-9.274019859731197357e-03,-3.833831101655960083e-02,8.654992282390594482e-02,1.252658069133758545e-01,4.881280362606048584e-01,1.142376065254211426e-01,-1.497104912996292114e-01,-1.024800762534141541e-01,-8.641307358630001545e-04,-1.276443302631378174e-01,-1.189139038324356079e-01,1.341184526681900024e-01,-1.303997337818145752e-01,1.243291944265365601e-01,-3.289978802204132080e-01,-2.269296348094940186e-02,2.064347863197326660e-01,-6.555380225181579590e-01,-3.643998503684997559e-02,-1.586807131767272949e+00,1.361752271652221680e+00,1.646224260330200195e-01,-2.090125344693660736e-03,-1.963002532720565796e-01,-1.831678748130798340e-01,-2.520159780979156494e-01,9.682382941246032715e-01,1.119232058525085449e+00,-8.861774951219558716e-02,3.524236008524894714e-02,-6.528047472238540649e-02
-2.779949223622679710e-03,-3.631915315054357052e-04,7.836967110633850098e-01,9.992246031761169434e-01,6.632205098867416382e-03,-9.371795691549777985e-03,-3.766024857759475708e-02,8.640937507152557373e-02,1.250269711017608643e-01,4.870847761631011963e-01,1.144595071673393250e-01,-1.499902904033660889e-01,-1.022419854998588562e-01,-2.727919199969619513e-04,-1.281427443027496338e-01,-1.200487390160560608e-01,1.343768090009689331e-01,-1.308484822511672974e-01,1.244661062955856323e-01,-3.275667726993560791e-01,-2.256770804524421692e-02,2.074635922908782959e-01,-6.563704013824462891e-01,-3.771958872675895691e-02,-1.589243412017822266e+00,1.362501144409179688e+00,1.642940640449523926e-01,-1.836682786233723164e-03,-1.989374905824661255e-01,-1.852201372385025024e-01,-2.524046301841735840e-01,9.680055975914001465e-01,1.117762446403503418e+00,-8.941862732172012329e-02,3.455829992890357971e-02,-6.539085507392883301e-02
-2.669461769983172417e-03,-3.084516793023794889e-04,7.837076783180236816e-01,9.992525577545166016e-01,6.669130641967058182e-03,-9.445824660360813141e-03,-3.688688948750495911e-02,8.599227666854858398e-02,1.246747449040412903e-01,4.855518341064453125e-01,1.146738454699516296e-01,-1.501336842775344849e-01,-1.019744426012039185e-01,1.702651643427088857e-04,-1.285946816205978394e-01,-1.212327778339385986e-01,1.345851719379425049e-01,-1.311561614274978638e-01,1.247260123491287231e-01,-3.260788619518280029e-01,-2.252607978880405426e-02,2.082517743110656738e-01,-6.569129824638366699e-01,-3.900537639856338501e-02,-1.591970205307006836e+00,1.363458871841430664e+00,1.661211699247360229e-01,-1.699577085673809052e-03,-2.016587853431701660e-01,-1.871769726276397705e-01,-2.525140941143035889e-01,9.680912494659423828e-01,1.116786360740661621e+00,-9.107446670532226562e-02,3.442443907260894775e-02,-6.490958482027053833e-02
-2.574566286057233810e-03,-2.898708917200565338e-04,7.837374210357666016e-01,9.992829561233520508e-01,6.707618013024330139e-03,-9.537509642541408539e-03,-3.602321445941925049e-02,8.559954911470413208e-02,1.242940425872802734e-01,4.840394258499145508e-01,1.147347837686538696e-01,-1.501746624708175659e-01,-1.019082367420196533e-01,6.779727409593760967e-04,-1.290881484746932983e-01,-1.226044669747352600e-01,1.346762329339981079e-01,-1.313184946775436401e-01,1.250814944505691528e-01,-3.245145678520202637e-01,-2.251354604959487915e-02,2.088265419006347656e-01,-6.574254631996154785e-01,-4.030879959464073181e-02,-1.595201730728149414e+00,1.364767551422119141e+00,1.693760305643081665e-01,-1.927535282447934151e-03,-2.045872956514358521e-01,-1.888108551502227783e-01,-2.525786757469177246e-01,9.691278338432312012e-01,1.116009712219238281e+00,-9.301211684942245483e-02,3.440990671515464783e-02,-6.424683332443237305e-02
-2.521356800571084023e-03,-3.036268171854317188e-04,7.837513685226440430e-01,9.993145465850830078e-01,6.729698739945888519e-03,-9.673763066530227661e-03,-3.509332612156867981e-02,8.541427552700042725e-02,1.240487545728683472e-01,4.827270805835723877e-01,1.146109402179718018e-01,-1.499807685613632202e-01,-1.019127666950225830e-01,1.244103070348501205e-03,-1.295869499444961548e-01,-1.240798309445381165e-01,1.349366158246994019e-01,-1.315102726221084595e-01,1.251880377531051636e-01,-3.228747248649597168e-01,-2.245377562940120697e-02,2.095356583595275879e-01,-6.577620506286621094e-01,-4.150217026472091675e-02,-1.597862362861633301e+00,1.366378426551818848e+00,1.726669073104858398e-01,-2.151655033230781555e-03,-2.078322321176528931e-01,-1.903420686721801758e-01,-2.526976168155670166e-01,9.707291722297668457e-01,1.115667700767517090e+00,-9.519073367118835449e-02,3.403684124350547791e-02,-6.394451111555099487e-02
-2.494521439075469971e-03,-2.999824355356395245e-04,7.837553024291992188e-01,9.993430972099304199e-01,6.730391178280115128e-03,-9.898280724883079529e-03,-3.420666605234146118e-02,8.539324253797531128e-02,1.238754168152809143e-01,4.816906750202178955e-01,1.145519390702247620e-01,-1.498696655035018921e-01,-1.018464490771293640e-01,2.096072537824511528e-03,-1.299739181995391846e-01,-1.255971044301986694e-01,1.353232413530349731e-01,-1.319961249828338623e-01,1.252002120018005371e-01,-3.212743103504180908e-01,-2.250193804502487183e-02,2.102710306644439697e-01,-6.572206020355224609e-01,-4.259066283702850342e-02,-1.600476384162902832e+00,1.368296384811401367e+00,1.745368838310241699e-01,-2.248018048703670502e-03,-2.111666500568389893e-01,-1.918072998523712158e-01,-2.527118921279907227e-01,9.725433588027954102e-01,1.115416049957275391e+00,-9.730825573205947876e-02,3.369973227381706238e-02,-6.395619362592697144e-02
-2.427116036415100098e-03,-2.590103540569543839e-04,7.837514281272888184e-01,9.993717670440673828e-01,6.720222998410463333e-03,-1.026431843638420105e-02,-3.324910253286361694e-02,8.560791611671447754e-02,1.237467750906944275e-01,4.804377853870391846e-01,1.147240996360778809e-01,-1.500619500875473022e-01,-1.018744632601737976e-01,3.373362356796860695e-03,-1.303400695323944092e-01,-1.272093951702117920e-01,1.358280926942825317e-01,-1.328632384538650513e-01,1.251154839992523193e-01,-3.197021782398223877e-01,-2.266313321888446808e-02,2.109278440475463867e-01,-6.566000580787658691e-01,-4.372277483344078064e-02,-1.601963043212890625e+00,1.369656085968017578e+00,1.747018545866012573e-01,-1.845730701461434364e-03,-2.133973389863967896e-01,-1.931508183479309082e-01,-2.527852654457092285e-01,9.742041230201721191e-01,1.115204572677612305e+00,-9.890201687812805176e-02,3.349030390381813049e-02,-6.356555968523025513e-02
-2.286035800352692604e-03,-2.135317772626876831e-04,7.837244868278503418e-01,9.994029998779296875e-01,6.742609664797782898e-03,-1.075726933777332306e-02,-3.213172033429145813e-02,8.592824637889862061e-02,1.234921142458915710e-01,4.784327149391174316e-01,1.150382608175277710e-01,-1.504194289445877075e-01,-1.020624116063117981e-01,5.021759774535894394e-03,-1.308479905128479004e-01,-1.291870176792144775e-01,1.363961994647979736e-01,-1.339997649192810059e-01,1.249924376606941223e-01,-3.181602060794830322e-01,-2.287497930228710175e-02,2.113766521215438843e-01,-6.562295556068420410e-01,-4.494624212384223938e-02,-1.602419853210449219e+00,1.370277285575866699e+00,1.749297529458999634e-01,-8.884064154699444771e-04,-2.136263251304626465e-01,-1.942851543426513672e-01,-2.529023885726928711e-01,9.746321439743041992e-01,1.115159273147583008e+00,-9.949460625648498535e-02,3.328937292098999023e-02,-6.288110464811325073e-02
-2.101890277117490768e-03,-1.759595470502972603e-04,7.836664319038391113e-01,9.994363784790039062e-01,6.802625022828578949e-03,-1.128793228417634964e-02,-3.087496198713779449e-02,8.630242943763732910e-02,1.230905577540397644e-01,4.759446084499359131e-01,1.154153496026992798e-01,-1.506193578243255615e-01,-1.021591573953628540e-01,6.846521049737930298e-03,-1.314926743507385254e-01,-1.313310116529464722e-01,1.370328813791275024e-01,-1.353818923234939575e-01,1.248490586876869202e-01,-3.168939650058746338e-01,-2.308414317667484283e-02,2.115734666585922241e-01,-6.557508707046508789e-01,-4.620935395359992981e-02,-1.603219509124755859e+00,1.370710611343383789e+00,1.756910830736160278e-01,4.921954241581261158e-04,-2.119840979576110840e-01,-1.953667998313903809e-01,-2.528248727321624756e-01,9.751513600349426270e-01,1.115341067314147949e+00,-9.974116086959838867e-02,3.326445817947387695e-02,-6.247433647513389587e-02
-1.930894679389894009e-03,-1.476832258049398661e-04,7.836025357246398926e-01,9.994693994522094727e-01,6.883163470774888992e-03,-1.181548461318016052e-02,-2.956335246562957764e-02,8.669283241033554077e-02,1.226256340742111206e-01,4.731106162071228027e-01,1.158076822757720947e-01,-1.508121788501739502e-01,-1.020174250006675720e-01,8.663141168653964996e-03,-1.323558241128921509e-01,-1.338265091180801392e-01,1.379347592592239380e-01,-1.370333582162857056e-01,1.248285621404647827e-01,-3.156466186046600342e-01,-2.315364778041839600e-02,2.115417271852493286e-01,-6.549639701843261719e-01,-4.746920615434646606e-02,-1.604035973548889160e+00,1.370818138122558594e+00,1.772511005401611328e-01,1.561868586577475071e-03,-2.097653746604919434e-01,-1.961657106876373291e-01,-2.528618872165679932e-01,9.756383299827575684e-01,1.115490555763244629e+00,-1.002790853381156921e-01,3.337723016738891602e-02,-6.273560225963592529e-02
-1.804213039577007294e-03,-1.331664388999342918e-04,7.835639715194702148e-01,9.995012879371643066e-01,6.962406449019908905e-03,-1.234282460063695908e-02,-2.821944095194339752e-02,8.708645403385162354e-02,1.221356540918350220e-01,4.703502357006072998e-01,1.161967441439628601e-01,-1.509752720594406128e-01,-1.015341654419898987e-01,1.042521744966506958e-02,-1.332600116729736328e-01,-1.364707052707672119e-01,1.389870196580886841e-01,-1.386520415544509888e-01,1.250137537717819214e-01,-3.142699599266052246e-01,-2.305665053427219391e-02,2.113303691148757935e-01,-6.538615822792053223e-01,-4.868889972567558289e-02,-1.605217814445495605e+00,1.370753526687622070e+00,1.801004111766815186e-01,2.033241558820009232e-03,-2.076038122177124023e-01,-1.967065185308456421e-01,-2.529472708702087402e-01,9.763712882995605469e-01,1.115907430648803711e+00,-1.012920141220092773e-01,3.331937268376350403e-02,-6.311939656734466553e-02
-1.680500223301351070e-03,-1.337690337095409632e-04,7.835563421249389648e-01,9.995299577713012695e-01,7.062401156872510910e-03,-1.285239960998296738e-02,-2.692298591136932373e-02,8.747912943363189697e-02,1.215735152363777161e-01,4.676280021667480469e-01,1.165836155414581299e-01,-1.508802324533462524e-01,-1.011218056082725525e-01,1.217662729322910309e-02,-1.342097818851470947e-01,-1.391927450895309448e-01,1.399335265159606934e-01,-1.401091068983078003e-01,1.251543760299682617e-01,-3.127524554729461670e-01,-2.290580421686172485e-02,2.109227478504180908e-01,-6.529457569122314453e-01,-4.993997886776924133e-02,-1.605830669403076172e+00,1.370669722557067871e+00,1.840639710426330566e-01,1.913752406835556030e-03,-2.057273834943771362e-01,-1.969031393527984619e-01,-2.529205679893493652e-01,9.772355556488037109e-01,1.116527795791625977e+00,-1.027775481343269348e-01,3.329177945852279663e-02,-6.384320557117462158e-02
-1.512166811153292656e-03,-1.660024863667786121e-04,7.835411429405212402e-01,9.995562434196472168e-01,7.185680791735649109e-03,-1.334600802510976791e-02,-2.564183063805103302e-02,8.792001754045486450e-02,1.208951324224472046e-01,4.647310674190521240e-01,1.166740879416465759e-01,-1.507387906312942505e-01,-1.010260954499244690e-01,1.386710442602634430e-02,-1.352321505546569824e-01,-1.419860273599624634e-01,1.409824341535568237e-01,-1.417393684387207031e-01,1.250449866056442261e-01,-3.111024796962738037e-01,-2.277140133082866669e-02,2.103786617517471313e-01,-6.522453427314758301e-01,-5.149652063846588135e-02,-1.605037569999694824e+00,1.370711684226989746e+00,1.883085966110229492e-01,1.529717352241277695e-03,-2.040809839963912964e-01,-1.969316303730010986e-01,-2.526301741600036621e-01,9.787667393684387207e-01,1.117425203323364258e+00,-1.043469086289405823e-01,3.324425593018531799e-02,-6.449127942323684692e-02
-1.303915283642709255e-03,-2.019200765062123537e-04,7.835338115692138672e-01,9.995802044868469238e-01,7.301279343664646149e-03,-1.379809901118278503e-02,-2.440826222300529480e-02,8.850838243961334229e-02,1.201688125729560852e-01,4.618794023990631104e-01,1.164020746946334839e-01,-1.505738347768783569e-01,-1.011331528425216675e-01,1.562000066041946411e-02,-1.361564546823501587e-01,-1.447080820798873901e-01,1.418324410915374756e-01,-1.432294100522994995e-01,1.247210577130317688e-01,-3.094185590744018555e-01,-2.259333245456218719e-02,2.098949998617172241e-01,-6.514363884925842285e-01,-5.353658273816108704e-02,-1.604098916053771973e+00,1.371314525604248047e+00,1.925316005945205688e-01,9.970579994842410088e-04,-2.030011117458343506e-01,-1.972922533750534058e-01,-2.520428597927093506e-01,9.807994365692138672e-01,1.118646860122680664e+00,-1.060409024357795715e-01,3.312969207763671875e-02,-6.482777744531631470e-02
-1.085548894479870796e-03,-2.267192903673276305e-04,7.835440635681152344e-01,9.996030926704406738e-01,7.409274112433195114e-03,-1.425725501030683517e-02,-2.313931845128536224e-02,8.941592276096343994e-02,1.194885894656181335e-01,4.595425128936767578e-01,1.159733086824417114e-01,-1.506341993808746338e-01,-1.014322042465209961e-01,1.773335412144660950e-02,-1.369437426328659058e-01,-1.473168283700942993e-01,1.422619372606277466e-01,-1.444053351879119873e-01,1.244379803538322449e-01,-3.080403506755828857e-01,-2.248876169323921204e-02,2.096040546894073486e-01,-6.505318880081176758e-01,-5.609603598713874817e-02,-1.603519797325134277e+00,1.372624158859252930e+00,1.965832114219665527e-01,2.672657428774982691e-04,-2.019401788711547852e-01,-1.976959556341171265e-01,-2.512121498584747314e-01,9.837595820426940918e-01,1.119566679000854492e+00,-1.083614900708198547e-01,3.274854272603988647e-02,-6.505293399095535278e-02
-8.937668753787875175e-04,-2.645310014486312866e-04,7.835775017738342285e-01,9.996246099472045898e-01,7.521892897784709930e-03,-1.469081267714500427e-02,-2.186957187950611115e-02,9.021956473588943481e-02,1.189195066690444946e-01,4.573433399200439453e-01,1.155415177345275879e-01,-1.506727933883666992e-01,-1.016147360205650330e-01,1.989281922578811646e-02,-1.374999135732650757e-01,-1.495310217142105103e-01,1.424461156129837036e-01,-1.451475620269775391e-01,1.242816820740699768e-01,-3.064772486686706543e-01,-2.256453409790992737e-02,2.093695253133773804e-01,-6.491728425025939941e-01,-5.864547193050384521e-02,-1.602447271347045898e+00,1.373493313789367676e+00,2.009330987930297852e-01,1.166992751677753404e-05,-1.991223990917205811e-01,-1.981594711542129517e-01,-2.501840889453887939e-01,9.864205121994018555e-01,1.119705796241760254e+00,-1.114280819892883301e-01,3.235817700624465942e-02,-6.542215496301651001e-02
-7.000487530604004860e-04,-3.402329748496413231e-04,7.836360931396484375e-01,9.996449351310729980e-01,7.654050365090370178e-03,-1.509006414562463760e-02,-2.058567851781845093e-02,9.053938090801239014e-02,1.184149533510208130e-01,4.547659456729888916e-01,1.153088212013244629e-01,-1.504817157983779907e-01,-1.016269996762275696e-01,2.179135940968990326e-02,-1.380684673786163330e-01,-1.518417447805404663e-01,1.425917744636535645e-01,-1.457693427801132202e-01,1.240999773144721985e-01,-3.046605587005615234e-01,-2.279276028275489807e-02,2.087211906909942627e-01,-6.470764875411987305e-01,-6.092887371778488159e-02,-1.600590109825134277e+00,1.372656226158142090e+00,2.080017775297164917e-01,8.036945655476301908e-05,-1.950644701719284058e-01,-1.986381560564041138e-01,-2.491146475076675415e-01,9.877682924270629883e-01,1.118984580039978027e+00,-1.140647530555725098e-01,3.183808177709579468e-02,-6.621212512254714966e-02
-4.685576132033020258e-04,-4.512529994826763868e-04,7.836800813674926758e-01,9.996664524078369141e-01,7.845062762498855591e-03,-1.543532684445381165e-02,-1.916159689426422119e-02,9.047200530767440796e-02,1.178782060742378235e-01,4.520668685436248779e-01,1.153391227126121521e-01,-1.501790583133697510e-01,-1.014851853251457214e-01,2.354652062058448792e-02,-1.390066593885421753e-01,-1.546475142240524292e-01,1.427487134933471680e-01,-1.462804079055786133e-01,1.239917501807212830e-01,-3.025709390640258789e-01,-2.308786101639270782e-02,2.075809389352798462e-01,-6.445271968841552734e-01,-6.292814016342163086e-02,-1.597979664802551270e+00,1.369635701179504395e+00,2.172814756631851196e-01,3.968905366491526365e-04,-1.897914409637451172e-01,-1.989934444427490234e-01,-2.482872307300567627e-01,9.878780841827392578e-01,1.117941379547119141e+00,-1.157629117369651794e-01,3.089977055788040161e-02,-6.768100708723068237e-02
-2.210525708505883813e-04,-5.997192929498851299e-04,7.837035655975341797e-01,9.996865391731262207e-01,8.022649213671684265e-03,-1.580788567662239075e-02,-1.767831481993198395e-02,9.049527347087860107e-02,1.173631325364112854e-01,4.491219520568847656e-01,1.154906898736953735e-01,-1.502408832311630249e-01,-1.012957990169525146e-01,2.518475800752639771e-02,-1.400212049484252930e-01,-1.576856672763824463e-01,1.430824249982833862e-01,-1.469940990209579468e-01,1.241614595055580139e-01,-2.994551360607147217e-01,-2.312952280044555664e-02,2.060825228691101074e-01,-6.412065625190734863e-01,-6.396283209323883057e-02,-1.592571973800659180e+00,1.363741874694824219e+00,2.283302694559097290e-01,7.639271789230406284e-04,-1.826860159635543823e-01,-1.988656967878341675e-01,-2.477090954780578613e-01,9.872931241989135742e-01,1.117037892341613770e+00,-1.166105568408966064e-01,2.936367690563201904e-02,-6.952659040689468384e-02
2.861046232283115387e-05,-7.376520661637187004e-04,7.836935520172119141e-01,9.997064471244812012e-01,8.186349645256996155e-03,-1.614753715693950653e-02,-1.609976589679718018e-02,9.059714525938034058e-02,1.168431490659713745e-01,4.465126991271972656e-01,1.157579794526100159e-01,-1.504328846931457520e-01,-1.009753048419952393e-01,2.691222168505191803e-02,-1.408755928277969360e-01,-1.606839597225189209e-01,1.435902714729309082e-01,-1.477111428976058960e-01,1.245822682976722717e-01,-2.950200140476226807e-01,-2.276803925633430481e-02,2.044267952442169189e-01,-6.366258859634399414e-01,-6.360536813735961914e-02,-1.583314299583435059e+00,1.354055643081665039e+00,2.412934005260467529e-01,1.595774665474891663e-03,-1.718001663684844971e-01,-1.984049975872039795e-01,-2.471648603677749634e-01,9.868421554565429688e-01,1.117243766784667969e+00,-1.191144585609436035e-01,2.772980928421020508e-02,-7.127720862627029419e-02
2.667853259481489658e-04,-8.219928131438791752e-04,7.836186289787292480e-01,9.997231364250183105e-01,8.359166793525218964e-03,-1.647831499576568604e-02,-1.456932350993156433e-02,9.087666869163513184e-02,1.162127777934074402e-01,4.442374408245086670e-01,1.161138042807579041e-01,-1.507269293069839478e-01,-1.003513932228088379e-01,2.876527607440948486e-02,-1.415899693965911865e-01,-1.634535342454910278e-01,1.439885646104812622e-01,-1.482831239700317383e-01,1.251408755779266357e-01,-2.879682779312133789e-01,-2.188450470566749573e-02,2.022136002779006958e-01,-6.305193305015563965e-01,-6.060626730322837830e-02,-1.566485166549682617e+00,1.336867809295654297e+00,2.584530711174011230e-01,3.117465646937489510e-03,-1.553768962621688843e-01,-1.971383690834045410e-01,-2.469256222248077393e-01,9.859096407890319824e-01,1.119081020355224609e+00,-1.232741102576255798e-01,2.647632546722888947e-02,-7.294394820928573608e-02
5.241691251285374165e-04,-8.702856139279901981e-04,7.835066914558410645e-01,9.997348785400390625e-01,8.549824357032775879e-03,-1.674303598701953888e-02,-1.329292356967926025e-02,9.150990843772888184e-02,1.154000163078308105e-01,4.421822428703308105e-01,1.166474446654319763e-01,-1.510315537452697754e-01,-9.923993796110153198e-02,3.076080791652202606e-02,-1.423483937978744507e-01,-1.662577539682388306e-01,1.440391242504119873e-01,-1.487809121608734131e-01,1.259786635637283325e-01,-2.773845791816711426e-01,-2.028733678162097931e-02,1.987353563308715820e-01,-6.216804981231689453e-01,-5.286855995655059814e-02,-1.537060737609863281e+00,1.306792974472045898e+00,2.817327678203582764e-01,5.355085246264934540e-03,-1.318028122186660767e-01,-1.949053257703781128e-01,-2.473383694887161255e-01,9.833261370658874512e-01,1.122924089431762695e+00,-1.283792555332183838e-01,2.556811459362506866e-02,-7.422134280204772949e-02
7.946959231048822403e-04,-9.464627364650368690e-04,7.834080457687377930e-01,9.997417926788330078e-01,8.702632971107959747e-03,-1.689969003200531006e-02,-1.245028525590896606e-02,9.225847572088241577e-02,1.147443726658821106e-01,4.405844211578369141e-01,1.173050850629806519e-01,-1.517851501703262329e-01,-9.837588667869567871e-02,3.239370882511138916e-02,-1.430192738771438599e-01,-1.686757653951644897e-01,1.437131911516189575e-01,-1.490121930837631226e-01,1.268015354871749878e-01,-2.629491388797760010e-01,-1.777233555912971497e-02,1.935906112194061279e-01,-6.080299615859985352e-01,-3.755336999893188477e-02,-1.489442110061645508e+00,1.258409500122070312e+00,3.105258941650390625e-01,7.322285324335098267e-03,-9.734733402729034424e-02,-1.910167187452316284e-01,-2.485220283269882202e-01,9.771971106529235840e-01,1.128064632415771484e+00,-1.317871361970901489e-01,2.466974034905433655e-02,-7.537938654422760010e-02
1.093287952244281769e-03,-1.022242940962314606e-03,7.833086848258972168e-01,9.997472167015075684e-01,8.715000934898853302e-03,-1.684855110943317413e-02,-1.206626277416944504e-02,9.252213686704635620e-02,1.146446540951728821e-01,4.395696520805358887e-01,1.179837286472320557e-01,-1.529010534286499023e-01,-9.854754805564880371e-02,3.298756107687950134e-02,-1.431933641433715820e-01,-1.700290143489837646e-01,1.432022005319595337e-01,-1.490189731121063232e-01,1.273237615823745728e-01,-2.454307079315185547e-01,-1.432243641465902328e-02,1.868584454059600830e-01,-5.879839658737182617e-01,-1.283452473580837250e-02,-1.424640893936157227e+00,1.191561937332153320e+00,3.382636606693267822e-01,7.516557816416025162e-03,-5.232651904225349426e-02,-1.849226802587509155e-01,-2.505927681922912598e-01,9.669961333274841309e-01,1.133522033691406250e+00,-1.309122294187545776e-01,2.311251312494277954e-02,-7.635340839624404907e-02
1.419048290699720383e-03,-1.048242789693176746e-03,7.831947803497314453e-01,9.997517466545104980e-01,8.538495749235153198e-03,-1.669779233634471893e-02,-1.202610600739717484e-02,9.256124496459960938e-02,1.151858940720558167e-01,4.391545057296752930e-01,1.186404451727867126e-01,-1.540768444538116455e-01,-9.965398162603378296e-02,3.309274837374687195e-02,-1.427607536315917969e-01,-1.706821769475936890e-01,1.425902843475341797e-01,-1.487170457839965820e-01,1.274733543395996094e-01,-2.262407094240188599e-01,-1.028768531978130341e-02,1.794797927141189575e-01,-5.596043467521667480e-01,2.113535068929195404e-02,-1.350368499755859375e+00,1.111203193664550781e+00,3.571298718452453613e-01,5.281259305775165558e-03,-2.565298462286591530e-03,-1.772382110357284546e-01,-2.535385787487030029e-01,9.547216892242431641e-01,1.137621164321899414e+00,-1.263308525085449219e-01,2.136651799082756042e-02,-7.692804932594299316e-02
1.750500407069921494e-03,-1.069243764504790306e-03,7.830965518951416016e-01,9.997568130493164062e-01,8.237543515861034393e-03,-1.648685149848461151e-02,-1.211031898856163025e-02,9.261422604322433472e-02,1.161160171031951904e-01,4.390716254711151123e-01,1.191648915410041809e-01,-1.549643427133560181e-01,-1.010563522577285767e-01,3.334442153573036194e-02,-1.419183462858200073e-01,-1.708969324827194214e-01,1.418200284242630005e-01,-1.481104493141174316e-01,1.272562593221664429e-01,-2.062684744596481323e-01,-6.101914215832948685e-03,1.723142117261886597e-01,-5.222662687301635742e-01,6.199621409177780151e-02,-1.273879766464233398e+00,1.024547338485717773e+00,3.662437200546264648e-01,3.132394514977931976e-03,4.537096992135047913e-02,-1.689104288816452026e-01,-2.570953965187072754e-01,9.419323205947875977e-01,1.139463186264038086e+00,-1.226151883602142334e-01,2.018020860850811005e-02,-7.710700482130050659e-02
1.984489848837256432e-03,-1.102279638871550560e-03,7.830522060394287109e-01,9.997638463973999023e-01,7.875398732721805573e-03,-1.625049486756324768e-02,-1.209324598312377930e-02,9.239957481622695923e-02,1.173222362995147705e-01,4.386315345764160156e-01,1.197569593787193298e-01,-1.558480262756347656e-01,-1.023479998111724854e-01,3.341908752918243408e-02,-1.408986747264862061e-01,-1.711780726909637451e-01,1.413615643978118896e-01,-1.476650238037109375e-01,1.267966032028198242e-01,-1.872845292091369629e-01,-2.252462320029735565e-03,1.660753041505813599e-01,-4.789191484451293945e-01,1.050431728363037109e-01,-1.201773047447204590e+00,9.415589570999145508e-01,3.679254055023193359e-01,2.378174103796482086e-03,8.752506226301193237e-02,-1.613748818635940552e-01,-2.603341341018676758e-01,9.291778206825256348e-01,1.139273881912231445e+00,-1.209055781364440918e-01,1.993971504271030426e-02,-7.733538001775741577e-02
2.133243018761277199e-03,-1.175708603113889694e-03,7.830490469932556152e-01,9.997771978378295898e-01,7.562045007944107056e-03,-1.598952338099479675e-02,-1.151939388364553452e-02,9.157276898622512817e-02,1.185686290264129639e-01,4.377211332321166992e-01,1.204155460000038147e-01,-1.562642306089401245e-01,-1.034449040889739990e-01,3.350125625729560852e-02,-1.400814801454544067e-01,-1.720781475305557251e-01,1.412056535482406616e-01,-1.475895494222640991e-01,1.261675059795379639e-01,-1.697311848402023315e-01,8.628013310953974724e-04,1.606254130601882935e-01,-4.313998818397521973e-01,1.472914814949035645e-01,-1.136091709136962891e+00,8.679358363151550293e-01,3.645564317703247070e-01,2.937643555924296379e-03,1.238199993968009949e-01,-1.549682617187500000e-01,-2.626729309558868408e-01,9.165977835655212402e-01,1.138211727142333984e+00,-1.221274733543395996e-01,2.022843807935714722e-02,-7.813612371683120728e-02
2.232777886092662811e-03,-1.274123322218656540e-03,7.830584645271301270e-01,9.997966289520263672e-01,7.337079383432865143e-03,-1.574719510972499847e-02,-1.024073921144008636e-02,9.024946391582489014e-02,1.196004152297973633e-01,4.358915686607360840e-01,1.210250109434127808e-01,-1.561792790889739990e-01,-1.040360778570175171e-01,3.386497497558593750e-02,-1.396922469139099121e-01,-1.743012666702270508e-01,1.410807073116302490e-01,-1.476547569036483765e-01,1.258258670568466187e-01,-1.547470539808273315e-01,2.839674009010195732e-03,1.561522632837295532e-01,-3.856009244918823242e-01,1.839431822299957275e-01,-1.081297874450683594e+00,8.116885423660278320e-01,3.588986098766326904e-01,4.255127627402544022e-03,1.521553248167037964e-01,-1.495659202337265015e-01,-2.639755010604858398e-01,9.049675464630126953e-01,1.136685490608215332e+00,-1.240191981196403503e-01,2.054508030414581299e-02,-7.927691936492919922e-02
2.267705043777823448e-03,-1.398218097165226936e-03,7.830862402915954590e-01,9.998171329498291016e-01,7.150906138122081757e-03,-1.556668337434530258e-02,-8.497009053826332092e-03,8.864823728799819946e-02,1.204862073063850403e-01,4.331139922142028809e-01,1.216797903180122375e-01,-1.558727025985717773e-01,-1.042495816946029663e-01,3.440555185079574585e-02,-1.394832134246826172e-01,-1.774071007966995239e-01,1.409741044044494629e-01,-1.476211547851562500e-01,1.254880279302597046e-01,-1.407740414142608643e-01,3.925744444131851196e-03,1.525309532880783081e-01,-3.411508202552795410e-01,2.164179831743240356e-01,-1.033279180526733398e+00,7.695202827453613281e-01,3.504930734634399414e-01,4.714373033493757248e-03,1.755958497524261475e-01,-1.445860862731933594e-01,-2.644443213939666748e-01,8.936114311218261719e-01,1.134598493576049805e+00,-1.267687231302261353e-01,2.103179506957530975e-02,-7.998385280370712280e-02
2.227324992418289185e-03,-1.549281878396868706e-03,7.831054925918579102e-01,9.998369216918945312e-01,6.980763282626867294e-03,-1.536801271140575409e-02,-6.419449113309383392e-03,8.663032948970794678e-02,1.211371943354606628e-01,4.295100569725036621e-01,1.224056184291839600e-01,-1.556635946035385132e-01,-1.042586565017700195e-01,3.495971485972404480e-02,-1.394221633672714233e-01,-1.812069863080978394e-01,1.407642066478729248e-01,-1.473926454782485962e-01,1.251100301742553711e-01,-1.276746243238449097e-01,4.284507129341363907e-03,1.494928598403930664e-01,-2.988830506801605225e-01,2.447327226400375366e-01,-9.904981255531311035e-01,7.409102320671081543e-01,3.394897282123565674e-01,3.618364920839667320e-03,1.959202736616134644e-01,-1.401996463537216187e-01,-2.640574574470520020e-01,8.824850916862487793e-01,1.132472515106201172e+00,-1.290720403194427490e-01,2.123192138969898224e-02,-8.030316978693008423e-02
2.139914548024535179e-03,-1.710686949081718922e-03,7.830981612205505371e-01,9.998544454574584961e-01,6.812043022364377975e-03,-1.508812885731458664e-02,-4.116262774914503098e-03,8.431085944175720215e-02,1.216508373618125916e-01,4.253928065299987793e-01,1.230545789003372192e-01,-1.555729657411575317e-01,-1.042323634028434753e-01,3.529408946633338928e-02,-1.394285857677459717e-01,-1.852931529283523560e-01,1.405824869871139526e-01,-1.470704376697540283e-01,1.247802674770355225e-01,-1.155111417174339294e-01,3.990372642874717712e-03,1.470176875591278076e-01,-2.598651349544525146e-01,2.687037885189056396e-01,-9.531232118606567383e-01,7.251218557357788086e-01,3.256264328956604004e-01,-2.505800512153655291e-05,2.141820937395095825e-01,-1.367866545915603638e-01,-2.629636824131011963e-01,8.723882436752319336e-01,1.130149483680725098e+00,-1.308627724647521973e-01,2.112489379942417145e-02,-8.098119497299194336e-02
2.039927057921886444e-03,-1.872082008048892021e-03,7.830551266670227051e-01,9.998686313629150391e-01,6.656002253293991089e-03,-1.465830951929092407e-02,-1.868906896561384201e-03,8.178449422121047974e-02,1.220159530639648438e-01,4.212653040885925293e-01,1.235512644052505493e-01,-1.554045975208282471e-01,-1.043890416622161865e-01,3.503167256712913513e-02,-1.393944174051284790e-01,-1.889145374298095703e-01,1.406459361314773560e-01,-1.468942165374755859e-01,1.245752274990081787e-01,-1.042324826121330261e-01,3.089315723627805710e-03,1.448562294244766235e-01,-2.246845513582229614e-01,2.886666655540466309e-01,-9.202471971511840820e-01,7.222856283187866211e-01,3.090564012527465820e-01,-5.188678856939077377e-03,2.296023517847061157e-01,-1.346772313117980957e-01,-2.614439129829406738e-01,8.642762303352355957e-01,1.127630352973937988e+00,-1.318473666906356812e-01,2.079263702034950256e-02,-8.205003291368484497e-02
1.937191933393478394e-03,-2.026170026510953903e-03,7.830027341842651367e-01,9.998784661293029785e-01,6.521388888359069824e-03,-1.416148990392684937e-02,1.001134842226747423e-05,7.940763980150222778e-02,1.223092451691627502e-01,4.179033339023590088e-01,1.239278316497802734e-01,-1.549411118030548096e-01,-1.046114191412925720e-01,3.438119590282440186e-02,-1.393519937992095947e-01,-1.919950544834136963e-01,1.409578025341033936e-01,-1.468214243650436401e-01,1.245453283190727234e-01,-9.414416551589965820e-02,1.702158944681286812e-03,1.432187110185623169e-01,-1.947934329509735107e-01,3.037076294422149658e-01,-8.919969201087951660e-01,7.318136692047119141e-01,2.914060354232788086e-01,-1.058261469006538391e-02,2.401211112737655640e-01,-1.342432051897048950e-01,-2.598973810672760010e-01,8.587405681610107422e-01,1.125352978706359863e+00,-1.320851743221282959e-01,2.015764266252517700e-02,-8.344323188066482544e-02
1.839037053287029266e-03,-2.215090673416852951e-03,7.829500436782836914e-01,9.998857975006103516e-01,6.380040664225816727e-03,-1.361014414578676224e-02,1.569859450682997704e-03,7.699895650148391724e-02,1.226622909307479858e-01,4.150052964687347412e-01,1.242416426539421082e-01,-1.543586850166320801e-01,-1.048419326543807983e-01,3.361357748508453369e-02,-1.392687559127807617e-01,-1.949819773435592651e-01,1.412925571203231812e-01,-1.469261795282363892e-01,1.244520321488380432e-01,-8.461567759513854980e-02,-3.190537972841411829e-04,1.417723894119262695e-01,-1.670935600996017456e-01,3.148652315139770508e-01,-8.647612929344177246e-01,7.544156908988952637e-01,2.702925801277160645e-01,-1.572134345769882202e-02,2.454252392053604126e-01,-1.351265162229537964e-01,-2.581259906291961670e-01,8.554080724716186523e-01,1.123503923416137695e+00,-1.315432041883468628e-01,1.941829174757003784e-02,-8.470812439918518066e-02
1.775798620656132698e-03,-2.423161175101995468e-03,7.829149961471557617e-01,9.998909831047058105e-01,6.260903086513280869e-03,-1.305085420608520508e-02,2.908637048676609993e-03,7.471519708633422852e-02,1.230439692735671997e-01,4.125885665416717529e-01,1.244842633605003357e-01,-1.536716073751449585e-01,-1.050215810537338257e-01,3.279823064804077148e-02,-1.392324417829513550e-01,-1.975983530282974243e-01,1.416957378387451172e-01,-1.469786465167999268e-01,1.244125068187713623e-01,-7.591339945793151855e-02,-2.889498602598905563e-03,1.405515223741531372e-01,-1.425200402736663818e-01,3.212451636791229248e-01,-8.383148908615112305e-01,7.906777262687683105e-01,2.455811202526092529e-01,-1.893583498895168304e-02,2.451121658086776733e-01,-1.371213346719741821e-01,-2.563334703445434570e-01,8.558428287506103516e-01,1.122371077537536621e+00,-1.311019659042358398e-01,1.884101144969463348e-02,-8.589710295200347900e-02
1.789325615391135216e-03,-2.599389059469103813e-03,7.828745245933532715e-01,9.998937249183654785e-01,6.166382227092981339e-03,-1.258054748177528381e-02,4.042492713779211044e-03,7.307299226522445679e-02,1.233087778091430664e-01,4.106554090976715088e-01,1.244777515530586243e-01,-1.529073864221572876e-01,-1.051022186875343323e-01,3.225303441286087036e-02,-1.392060965299606323e-01,-1.999005377292633057e-01,1.422183811664581299e-01,-1.471363455057144165e-01,1.242667585611343384e-01,-6.815488636493682861e-02,-5.815980490297079086e-03,1.395427882671356201e-01,-1.217960044741630554e-01,3.225982189178466797e-01,-8.131471872329711914e-01,8.381056189537048340e-01,2.187539488077163696e-01,-1.927426643669605255e-02,2.402281016111373901e-01,-1.394762843847274780e-01,-2.546623945236206055e-01,8.593545556068420410e-01,1.121346592903137207e+00,-1.312206238508224487e-01,1.808387413620948792e-02,-8.645009249448776245e-02
1.928782090544700623e-03,-2.754574641585350037e-03,7.828425765037536621e-01,9.998940825462341309e-01,6.118242628872394562e-03,-1.224565226584672928e-02,4.945829976350069046e-03,7.215508818626403809e-02,1.234429031610488892e-01,4.091843366622924805e-01,1.243828013539314270e-01,-1.523069143295288086e-01,-1.051643714308738708e-01,3.188303112983703613e-02,-1.392563134431838989e-01,-2.018232196569442749e-01,1.430006772279739380e-01,-1.474043428897857666e-01,1.239524856209754944e-01,-6.135185062885284424e-02,-8.947363123297691345e-03,1.384764611721038818e-01,-1.042667403817176819e-01,3.197969496250152588e-01,-7.890926003456115723e-01,8.924150466918945312e-01,1.919212341308593750e-01,-1.600268483161926270e-02,2.315745204687118530e-01,-1.416476219892501831e-01,-2.530919611454010010e-01,8.647119402885437012e-01,1.119919061660766602e+00,-1.314375102519989014e-01,1.722098514437675476e-02,-8.620592951774597168e-02
2.208540681749582291e-03,-2.910351380705833435e-03,7.828294038772583008e-01,9.998919367790222168e-01,6.129281129688024521e-03,-1.202068384736776352e-02,5.836866330355405807e-03,7.164353877305984497e-02,1.233635991811752319e-01,4.078058600425720215e-01,1.241140887141227722e-01,-1.519136130809783936e-01,-1.051975563168525696e-01,3.169676661491394043e-02,-1.394235044717788696e-01,-2.036103308200836182e-01,1.438072770833969116e-01,-1.478417664766311646e-01,1.236281916499137878e-01,-5.552094057202339172e-02,-1.232074573636054993e-02,1.370391249656677246e-01,-8.897519856691360474e-02,3.139895200729370117e-01,-7.658534049987792969e-01,9.501904845237731934e-01,1.646696627140045166e-01,-1.046951208263635635e-02,2.199280709028244019e-01,-1.430271416902542114e-01,-2.512437701225280762e-01,8.709281682968139648e-01,1.118058085441589355e+00,-1.311836689710617065e-01,1.624567620456218719e-02,-8.546152710914611816e-02
2.600728301331400871e-03,-3.035443834960460663e-03,7.828202843666076660e-01,9.998872876167297363e-01,6.189285777509212494e-03,-1.191868726164102554e-02,6.721244659274816513e-03,7.145291566848754883e-02,1.230177581310272217e-01,4.063488543033599854e-01,1.236569359898567200e-01,-1.517152637243270874e-01,-1.052248552441596985e-01,3.186658769845962524e-02,-1.397079974412918091e-01,-2.052620202302932739e-01,1.445685327053070068e-01,-1.484036594629287720e-01,1.230984777212142944e-01,-5.074753239750862122e-02,-1.571431197226047516e-02,1.351764798164367676e-01,-7.490824162960052490e-02,3.064984083175659180e-01,-7.438706159591674805e-01,1.007063627243041992e+00,1.374193727970123291e-01,-3.579616779461503029e-03,2.063036859035491943e-01,-1.433293968439102173e-01,-2.491361796855926514e-01,8.772962689399719238e-01,1.115588545799255371e+00,-1.303324699401855469e-01,1.464968081563711166e-02,-8.517649769783020020e-02
3.068120917305350304e-03,-3.154008416458964348e-03,7.827787399291992188e-01,9.998809695243835449e-01,6.286460440605878830e-03,-1.195688173174858093e-02,7.449204102158546448e-03,7.175123691558837891e-02,1.225934922695159912e-01,4.050768315792083740e-01,1.231280267238616943e-01,-1.516303867101669312e-01,-1.053096950054168701e-01,3.252838924527168274e-02,-1.400395780801773071e-01,-2.065657824277877808e-01,1.452696472406387329e-01,-1.492072492837905884e-01,1.226640716195106506e-01,-4.657824337482452393e-02,-1.905344799160957336e-02,1.330029815435409546e-01,-6.120614707469940186e-02,2.987423837184906006e-01,-7.236559391021728516e-01,1.059692144393920898e+00,1.124941483139991760e-01,3.827043576166033745e-03,1.908414363861083984e-01,-1.425409913063049316e-01,-2.467465847730636597e-01,8.832650780677795410e-01,1.112628221511840820e+00,-1.299652755260467529e-01,1.279574912041425705e-02,-8.547832071781158447e-02
3.590218024328351021e-03,-3.294424619525671005e-03,7.827475070953369141e-01,9.998754262924194336e-01,6.346704438328742981e-03,-1.205915305763483047e-02,7.961043156683444977e-03,7.262238860130310059e-02,1.223398894071578979e-01,4.044159352779388428e-01,1.224894672632217407e-01,-1.517315059900283813e-01,-1.056678742170333862e-01,3.346768021583557129e-02,-1.400739997625350952e-01,-2.073548734188079834e-01,1.456333100795745850e-01,-1.499700248241424561e-01,1.221720278263092041e-01,-4.277631267905235291e-02,-2.210881747305393219e-02,1.304477304220199585e-01,-4.731342196464538574e-02,2.920207679271697998e-01,-7.067236900329589844e-01,1.104340076446533203e+00,9.105627238750457764e-02,1.011613477021455765e-02,1.757326424121856689e-01,-1.404336988925933838e-01,-2.438122928142547607e-01,8.881210088729858398e-01,1.109735608100891113e+00,-1.298077553510665894e-01,1.109166070818901062e-02,-8.530835062265396118e-02
4.127959720790386200e-03,-3.452099859714508057e-03,7.827509641647338867e-01,9.998711347579956055e-01,6.396762561053037643e-03,-1.215849816799163818e-02,8.306710980832576752e-03,7.377269864082336426e-02,1.222431510686874390e-01,4.044869542121887207e-01,1.219253763556480408e-01,-1.518854498863220215e-01,-1.060644909739494324e-01,3.427189216017723083e-02,-1.399808079004287720e-01,-2.074901014566421509e-01,1.458866447210311890e-01,-1.506603956222534180e-01,1.218300461769104004e-01,-3.927686065435409546e-02,-2.471986413002014160e-02,1.276128590106964111e-01,-3.388967365026473999e-02,2.868034839630126953e-01,-6.939482688903808594e-01,1.140051126480102539e+00,7.357771694660186768e-02,1.535147894173860550e-02,1.622717380523681641e-01,-1.374389082193374634e-01,-2.407156676054000854e-01,8.923010826110839844e-01,1.107235312461853027e+00,-1.301261484622955322e-01,9.709466248750686646e-03,-8.491686731576919556e-02
4.676075652241706848e-03,-3.592040855437517166e-03,7.827483415603637695e-01,9.998662471771240234e-01,6.437456700950860977e-03,-1.226329058408737183e-02,8.697963319718837738e-03,7.492748647928237915e-02,1.222745105624198914e-01,4.047060012817382812e-01,1.215952783823013306e-01,-1.521010249853134155e-01,-1.064234450459480286e-01,3.523726761341094971e-02,-1.399707198143005371e-01,-2.076569050550460815e-01,1.461960822343826294e-01,-1.516105383634567261e-01,1.214893236756324768e-01,-3.624962642788887024e-02,-2.704010158777236938e-02,1.246612891554832458e-01,-2.128422074019908905e-02,2.831344008445739746e-01,-6.854277253150939941e-01,1.168353557586669922e+00,6.005276739597320557e-02,1.975415647029876709e-02,1.500564217567443848e-01,-1.339764744043350220e-01,-2.376172989606857300e-01,8.963689804077148438e-01,1.105521321296691895e+00,-1.316015422344207764e-01,8.365774527192115784e-03,-8.445753902196884155e-02
5.184133537113666534e-03,-3.688306314870715141e-03,7.827185988426208496e-01,9.998595714569091797e-01,6.486288271844387054e-03,-1.240579877048730850e-02,9.211669676005840302e-03,7.587908208370208740e-02,1.222409754991531372e-01,4.043791890144348145e-01,1.215398609638214111e-01,-1.524107754230499268e-01,-1.066719889640808105e-01,3.652748838067054749e-02,-1.401687413454055786e-01,-2.082810848951339722e-01,1.465190500020980835e-01,-1.526992470026016235e-01,1.214136704802513123e-01,-3.389572724699974060e-02,-2.903266623616218567e-02,1.219576820731163025e-01,-1.029879227280616760e-02,2.806713581085205078e-01,-6.814804077148437500e-01,1.190440177917480469e+00,5.047921463847160339e-02,2.354747802019119263e-02,1.386992931365966797e-01,-1.302413791418075562e-01,-2.346664518117904663e-01,8.999138474464416504e-01,1.105291128158569336e+00,-1.328069716691970825e-01,7.029638160020112991e-03,-8.390869200229644775e-02
5.604335572570562363e-03,-3.700304077938199043e-03,7.826606035232543945e-01,9.998495578765869141e-01,6.555645726621150970e-03,-1.260337885469198227e-02,9.948599152266979218e-03,7.648255676031112671e-02,1.221003234386444092e-01,4.035777747631072998e-01,1.216724887490272522e-01,-1.527228802442550659e-01,-1.066983863711357117e-01,3.825774043798446655e-02,-1.405062228441238403e-01,-2.095189392566680908e-01,1.467867344617843628e-01,-1.539724618196487427e-01,1.216645240783691406e-01,-3.230381011962890625e-02,-3.073450922966003418e-02,1.198108792304992676e-01,-1.566903316415846348e-03,2.791119813919067383e-01,-6.818419694900512695e-01,1.206927299499511719e+00,4.547245427966117859e-02,2.674565650522708893e-02,1.287219524383544922e-01,-1.267436593770980835e-01,-2.320371419191360474e-01,9.034810066223144531e-01,1.106586217880249023e+00,-1.339387148618698120e-01,6.231985986232757568e-03,-8.301264792680740356e-02
5.940599832683801651e-03,-3.640226786956191063e-03,7.826069593429565430e-01,9.998366236686706543e-01,6.631898228079080582e-03,-1.276974286884069443e-02,1.093998830765485764e-02,7.648582011461257935e-02,1.218040585517883301e-01,4.021443426609039307e-01,1.219307109713554382e-01,-1.527862846851348877e-01,-1.066757068037986755e-01,4.004097729921340942e-02,-1.409536600112915039e-01,-2.111211568117141724e-01,1.467753499746322632e-01,-1.550010442733764648e-01,1.220948696136474609e-01,-3.114811703562736511e-02,-3.202635049819946289e-02,1.181559860706329346e-01,5.050020758062601089e-03,2.778186798095703125e-01,-6.845908164978027344e-01,1.218702673912048340e+00,4.457346722483634949e-02,2.957061119377613068e-02,1.200102046132087708e-01,-1.234522387385368347e-01,-2.298764884471893311e-01,9.062434434890747070e-01,1.109032392501831055e+00,-1.339089870452880859e-01,6.075698882341384888e-03,-8.159761130809783936e-02
6.139803212136030197e-03,-3.541029058396816254e-03,7.825912237167358398e-01,9.998225569725036621e-01,6.730426102876663208e-03,-1.294697355479001999e-02,1.191386207938194275e-02,7.618414610624313354e-02,1.212545558810234070e-01,4.005138278007507324e-01,1.221906468272209167e-01,-1.527767628431320190e-01,-1.064927279949188232e-01,4.171349108219146729e-02,-1.414607912302017212e-01,-2.124017328023910522e-01,1.464600712060928345e-01,-1.555294096469879150e-01,1.225429400801658630e-01,-2.974347025156021118e-02,-3.291456401348114014e-02,1.171037107706069946e-01,9.644754230976104736e-03,2.768392264842987061e-01,-6.875054836273193359e-01,1.225363373756408691e+00,4.471511393785476685e-02,3.130852058529853821e-02,1.137100532650947571e-01,-1.207481548190116882e-01,-2.285401374101638794e-01,9.093703627586364746e-01,1.112081050872802734e+00,-1.339296400547027588e-01,6.479487288743257523e-03,-7.966431975364685059e-02
6.200532428920269012e-03,-3.435910679399967194e-03,7.826045751571655273e-01,9.998079538345336914e-01,6.859072018414735794e-03,-1.315544638782739639e-02,1.280685234814882278e-02,7.573280483484268188e-02,1.204757988452911377e-01,3.988579213619232178e-01,1.225187629461288452e-01,-1.526046395301818848e-01,-1.060362309217453003e-01,4.307541251182556152e-02,-1.421907246112823486e-01,-2.136204391717910767e-01,1.460246890783309937e-01,-1.556112021207809448e-01,1.230090036988258362e-01,-2.831015922129154205e-02,-3.340533003211021423e-02,1.165585666894912720e-01,1.188214216381311417e-02,2.759643495082855225e-01,-6.898435950279235840e-01,1.227310299873352051e+00,4.459201171994209290e-02,3.144925087690353394e-02,1.103342026472091675e-01,-1.188646033406257629e-01,-2.282267510890960693e-01,9.122730493545532227e-01,1.114825963973999023e+00,-1.334758847951889038e-01,7.335487287491559982e-03,-7.788012921810150146e-02
6.139241624623537064e-03,-3.351233433932065964e-03,7.826209664344787598e-01,9.997927546501159668e-01,6.974011659622192383e-03,-1.342622563242912292e-02,1.362097822129726410e-02,7.552783191204071045e-02,1.197017282247543335e-01,3.974061012268066406e-01,1.229183003306388855e-01,-1.522926092147827148e-01,-1.053376868367195129e-01,4.411953315138816833e-02,-1.430050432682037354e-01,-2.148636132478713989e-01,1.459497213363647461e-01,-1.554704904556274414e-01,1.233247369527816772e-01,-2.704728767275810242e-02,-3.348440676927566528e-02,1.163456737995147705e-01,1.229211036115884781e-02,2.751032114028930664e-01,-6.910519599914550781e-01,1.225932955741882324e+00,4.356380552053451538e-02,3.024033457040786743e-02,1.092613339424133301e-01,-1.181968376040458679e-01,-2.288717627525329590e-01,9.155592918395996094e-01,1.116866588592529297e+00,-1.334811300039291382e-01,8.224793709814548492e-03,-7.597623020410537720e-02
6.005765870213508606e-03,-3.279787953943014145e-03,7.826237678527832031e-01,9.997786283493041992e-01,7.067249156534671783e-03,-1.370874792337417603e-02,1.431507244706153870e-02,7.563608139753341675e-02,1.190666183829307556e-01,3.959769308567047119e-01,1.232762560248374939e-01,-1.518261432647705078e-01,-1.045456603169441223e-01,4.497649893164634705e-02,-1.437740027904510498e-01,-2.162156999111175537e-01,1.460242867469787598e-01,-1.552200019359588623e-01,1.236018389463424683e-01,-2.626729942858219147e-02,-3.326152265071868896e-02,1.162381023168563843e-01,1.095635257661342621e-02,2.743144333362579346e-01,-6.921158432960510254e-01,1.222283124923706055e+00,4.273967817425727844e-02,2.835255861282348633e-02,1.097212806344032288e-01,-1.188981831073760986e-01,-2.303113639354705811e-01,9.190559387207031250e-01,1.117931127548217773e+00,-1.317600905895233154e-01,9.265142492949962616e-03,-7.412403076887130737e-02
5.848954431712627411e-03,-3.194055287167429924e-03,7.826207280158996582e-01,9.997637271881103516e-01,7.172143552452325821e-03,-1.401272229850292206e-02,1.499152742326259613e-02,7.594712078571319580e-02,1.185438707470893860e-01,3.947702348232269287e-01,1.235385388135910034e-01,-1.512985676527023315e-01,-1.038209050893783569e-01,4.592544585466384888e-02,-1.445334702730178833e-01,-2.177837044000625610e-01,1.459699273109436035e-01,-1.550065129995346069e-01,1.237861216068267822e-01,-2.602374181151390076e-02,-3.296584635972976685e-02,1.162065491080284119e-01,8.015715517103672028e-03,2.736248970031738281e-01,-6.929717659950256348e-01,1.217373847961425781e+00,4.146552830934524536e-02,2.677871845662593842e-02,1.111549958586692810e-01,-1.206833794713020325e-01,-2.323464751243591309e-01,9.223136305809020996e-01,1.117886900901794434e+00,-1.286913156509399414e-01,1.019691955298185349e-02,-7.264728844165802002e-02
5.687006749212741852e-03,-3.071895334869623184e-03,7.826454043388366699e-01,9.997469186782836914e-01,7.301828823983669281e-03,-1.432283036410808563e-02,1.573557406663894653e-02,7.593893259763717651e-02,1.180893257260322571e-01,3.935546875000000000e-01,1.239276453852653503e-01,-1.506932675838470459e-01,-1.029210835695266724e-01,4.702045768499374390e-02,-1.453028023242950439e-01,-2.195652872323989868e-01,1.456575989723205566e-01,-1.548558771610260010e-01,1.238920986652374268e-01,-2.616251260042190552e-02,-3.272186219692230225e-02,1.162981986999511719e-01,3.596748691052198410e-03,2.733600139617919922e-01,-6.938700079917907715e-01,1.211120963096618652e+00,3.926971182227134705e-02,2.553573623299598694e-02,1.136666387319564819e-01,-1.237955093383789062e-01,-2.349054217338562012e-01,9.258826971054077148e-01,1.117390513420104980e+00,-1.254648119211196899e-01,1.120022498071193695e-02,-7.142408192157745361e-02
5.515279714018106461e-03,-2.934891497716307640e-03,7.827100157737731934e-01,9.997306466102600098e-01,7.421073038130998611e-03,-1.463816314935684204e-02,1.640920154750347137e-02,7.570570707321166992e-02,1.178063973784446716e-01,3.927159011363983154e-01,1.243682280182838440e-01,-1.500878185033798218e-01,-1.019172146916389465e-01,4.806940257549285889e-02,-1.459626853466033936e-01,-2.211620807647705078e-01,1.451912671327590942e-01,-1.547406613826751709e-01,1.238129362463951111e-01,-2.638380229473114014e-02,-3.249298408627510071e-02,1.165366321802139282e-01,-1.731087919324636459e-03,2.735246717929840088e-01,-6.947200298309326172e-01,1.204167962074279785e+00,3.649125620722770691e-02,2.421378716826438904e-02,1.167809516191482544e-01,-1.274928003549575806e-01,-2.376591861248016357e-01,9.289973974227905273e-01,1.116838216781616211e+00,-1.233251169323921204e-01,1.245175208896398544e-02,-6.983012706041336060e-02
5.326037760823965073e-03,-2.824370749294757843e-03,7.827797532081604004e-01,9.997148513793945312e-01,7.548373192548751831e-03,-1.500960253179073334e-02,1.696833223104476929e-02,7.550438493490219116e-02,1.175387054681777954e-01,3.924060463905334473e-01,1.247365027666091919e-01,-1.492556333541870117e-01,-1.011852398514747620e-01,4.909735918045043945e-02,-1.465564668178558350e-01,-2.224351763725280762e-01,1.447064578533172607e-01,-1.547311097383499146e-01,1.237226948142051697e-01,-2.679454535245895386e-02,-3.236117586493492126e-02,1.170906871557235718e-01,-7.246574852615594864e-03,2.737809419631958008e-01,-6.959825158119201660e-01,1.198047041893005371e+00,3.520792722702026367e-02,2.338341064751148224e-02,1.193302050232887268e-01,-1.316126137971878052e-01,-2.402907609939575195e-01,9.314205646514892578e-01,1.116364836692810059e+00,-1.227046251296997070e-01,1.370469573885202408e-02,-6.844156980514526367e-02
5.099022760987281799e-03,-2.754848217591643333e-03,7.828377485275268555e-01,9.997032880783081055e-01,7.673826999962329865e-03,-1.541460771113634109e-02,1.722832024097442627e-02,7.559973001480102539e-02,1.172692030668258667e-01,3.929732143878936768e-01,1.250045001506805420e-01,-1.485465168952941895e-01,-1.006225645542144775e-01,4.982288554310798645e-02,-1.470641195774078369e-01,-2.230069339275360107e-01,1.445763707160949707e-01,-1.546478420495986938e-01,1.238036081194877625e-01,-2.714506536722183228e-02,-3.226240724325180054e-02,1.178782656788825989e-01,-1.281879376620054245e-02,2.738962471485137939e-01,-6.976627111434936523e-01,1.192289352416992188e+00,3.438624367117881775e-02,2.272583171725273132e-02,1.211034953594207764e-01,-1.359433680772781372e-01,-2.427880764007568359e-01,9.346344470977783203e-01,1.115080595016479492e+00,-1.239638179540634155e-01,1.450637076050043106e-02,-6.723905354738235474e-02
4.847901407629251480e-03,-2.751507097855210304e-03,7.828742861747741699e-01,9.996956586837768555e-01,7.813437841832637787e-03,-1.588867977261543274e-02,1.717869006097316742e-02,7.619911432266235352e-02,1.170619949698448181e-01,3.943532705307006836e-01,1.253198385238647461e-01,-1.481724083423614502e-01,-9.989827126264572144e-02,5.046056956052780151e-02,-1.476106643676757812e-01,-2.232223749160766602e-01,1.448608636856079102e-01,-1.542899757623672485e-01,1.240743994712829590e-01,-2.764962054789066315e-02,-3.226259350776672363e-02,1.188474372029304504e-01,-1.798845455050468445e-02,2.738508284091949463e-01,-6.999163627624511719e-01,1.186438560485839844e+00,3.391094133257865906e-02,2.178899198770523071e-02,1.223230510950088501e-01,-1.404568403959274292e-01,-2.448593676090240479e-01,9.388116002082824707e-01,1.113331913948059082e+00,-1.266919523477554321e-01,1.510599441826343536e-02,-6.694690138101577759e-02
4.616619087755680084e-03,-2.736730501055717468e-03,7.829260230064392090e-01,9.996910691261291504e-01,8.021994493901729584e-03,-1.632252894341945648e-02,1.693960651755332947e-02,7.684421539306640625e-02,1.168624982237815857e-01,3.963373303413391113e-01,1.254931092262268066e-01,-1.484360098838806152e-01,-9.862600266933441162e-02,5.070746317505836487e-02,-1.481298059225082397e-01,-2.227890491485595703e-01,1.453367024660110474e-01,-1.534950286149978638e-01,1.242880672216415405e-01,-2.849762886762619019e-02,-3.245857357978820801e-02,1.193340495228767395e-01,-2.242227084934711456e-02,2.737982571125030518e-01,-7.022606134414672852e-01,1.180636167526245117e+00,3.308120369911193848e-02,2.073966711759567261e-02,1.238073185086250305e-01,-1.443581581115722656e-01,-2.464807033538818359e-01,9.428679943084716797e-01,1.111719965934753418e+00,-1.297360956668853760e-01,1.576433703303337097e-02,-6.750203669071197510e-02
