-1.338787190616130829e-02,-4.194368608295917511e-03,7.822722196578979492e-01,9.997992515563964844e-01,1.382768619805574417e-02,1.435605157166719437e-02,2.046389505267143250e-03,2.282308414578437805e-02,1.626557856798171997e-01,5.378180742263793945e-01,1.158104762434959412e-01,-1.086261644959449768e-01,-1.222305297851562500e-01,-2.047571539878845215e-02,-2.247607409954071045e-01,-4.091358184814453125e-01,1.536703109741210938e-01,-1.174785271286964417e-01,1.376506984233856201e-01,-2.145477337762713432e-03,6.553348619490861893e-03,1.430577337741851807e-01,-1.386715769767761230e-01,2.894154787063598633e-01,-7.552682161331176758e-01,1.043392300605773926e+00,2.217251658439636230e-01,9.563534706830978394e-02,-1.279854774475097656e-01,-2.487605810165405273e-01,-2.429037392139434814e-01,9.081996679306030273e-01,1.100429058074951172e+00,7.228396087884902954e-02,1.773155927658081055e-01,1.190106347203254700e-01
-1.327688805758953094e-02,-4.579613450914621353e-03,7.822343111038208008e-01,9.997828602790832520e-01,1.428323891013860703e-02,1.355513185262680054e-02,6.816007196903228760e-03,2.069739066064357758e-02,1.603920906782150269e-01,5.271561145782470703e-01,1.164873242378234863e-01,-1.087305247783660889e-01,-1.214601323008537292e-01,-1.556076202541589737e-02,-2.270899862051010132e-01,-4.169830679893493652e-01,1.549867987632751465e-01,-1.195929646492004395e-01,1.388789713382720947e-01,1.516655785962939262e-03,7.433871738612651825e-03,1.438916623592376709e-01,-1.387789845466613770e-01,2.907507717609405518e-01,-7.544772028923034668e-01,1.039734840393066406e+00,2.217953354120254517e-01,9.759184718132019043e-02,-1.356825530529022217e-01,-2.629584968090057373e-01,-2.408211082220077515e-01,9.200973510742187500e-01,1.088139533996582031e+00,7.679921388626098633e-02,1.862784773111343384e-01,1.295062452554702759e-01
-1.328104455024003983e-02,-5.066870711743831635e-03,7.821380496025085449e-01,9.997317194938659668e-01,1.468118652701377869e-02,1.262268144637346268e-02,1.271370612084865570e-02,1.779859326779842377e-02,1.584943234920501709e-01,5.150229334831237793e-01,1.177941039204597473e-01,-1.072144508361816406e-01,-1.196606382727622986e-01,-9.271462447941303253e-03,-2.296632081270217896e-01,-4.279210269451141357e-01,1.556423902511596680e-01,-1.224326789379119873e-01,1.396565139293670654e-01,5.680600181221961975e-03,7.488436531275510788e-03,1.447701007127761841e-01,-1.382461339235305786e-01,2.931952178478240967e-01,-7.528116106986999512e-01,1.035240888595581055e+00,2.220109254121780396e-01,9.796333312988281250e-02,-1.424390077590942383e-01,-2.849073708057403564e-01,-2.369053065776824951e-01,9.417158961296081543e-01,1.060917615890502930e+00,9.078243374824523926e-02,1.976579874753952026e-01,1.424384117126464844e-01
-1.317965704947710037e-02,-5.610617343336343765e-03,7.820799946784973145e-01,9.996254444122314453e-01,1.499938778579235077e-02,1.154277846217155457e-02,1.976873725652694702e-02,1.434515975415706635e-02,1.568176299333572388e-01,5.012030005455017090e-01,1.196356117725372314e-01,-1.052460670471191406e-01,-1.180279925465583801e-01,-1.085772295482456684e-03,-2.316742092370986938e-01,-4.411565959453582764e-01,1.544624418020248413e-01,-1.246597170829772949e-01,1.409525871276855469e-01,1.160182245075702667e-02,5.530412774533033371e-03,1.452414691448211670e-01,-1.376033723354339600e-01,2.964106202125549316e-01,-7.498965263366699219e-01,1.032757759094238281e+00,2.240611314773559570e-01,1.001265421509742737e-01,-1.480215191841125488e-01,-3.164310157299041748e-01,-2.293325364589691162e-01,9.739820361137390137e-01,1.016357541084289551e+00,1.099528297781944275e-01,2.108893841505050659e-01,1.599486619234085083e-01
-1.309302821755409241e-02,-6.166476290673017502e-03,7.820636034011840820e-01,9.994520545005798340e-01,1.507630385458469391e-02,1.056747790426015854e-02,2.750511281192302704e-02,1.028319355100393295e-02,1.557298153638839722e-01,4.870598018169403076e-01,1.216266155242919922e-01,-1.028039604425430298e-01,-1.169319972395896912e-01,8.021405898034572601e-03,-2.326933741569519043e-01,-4.554338753223419189e-01,1.516367495059967041e-01,-1.258220523595809937e-01,1.425038278102874756e-01,1.978615112602710724e-02,1.692091696895658970e-03,1.451308280229568481e-01,-1.385284513235092163e-01,2.996550500392913818e-01,-7.460888028144836426e-01,1.033860445022583008e+00,2.261098325252532959e-01,1.036737039685249329e-01,-1.521455794572830200e-01,-3.589832484722137451e-01,-2.182719707489013672e-01,1.013299822807312012e+00,9.520971775054931641e-01,1.306197643280029297e-01,2.261566817760467529e-01,1.824938654899597168e-01
-1.301865093410015106e-02,-6.669374648481607437e-03,7.820926904678344727e-01,9.991961717605590820e-01,1.489212736487388611e-02,9.892290458083152771e-03,3.588046878576278687e-02,5.244925618171691895e-03,1.549582332372665405e-01,4.719239175319671631e-01,1.234567910432815552e-01,-9.959291666746139526e-02,-1.162256002426147461e-01,1.788102090358734131e-02,-2.325853556394577026e-01,-4.709675908088684082e-01,1.469309628009796143e-01,-1.259933561086654663e-01,1.439035087823867798e-01,3.057754971086978912e-02,-3.756993450224399567e-03,1.447594612836837769e-01,-1.407704353332519531e-01,3.031345605850219727e-01,-7.425059080123901367e-01,1.036995410919189453e+00,2.292895168066024780e-01,1.074324846267700195e-01,-1.557472199201583862e-01,-4.149161577224731445e-01,-2.036784738302230835e-01,1.053357839584350586e+00,8.688544034957885742e-01,1.548608839511871338e-01,2.428469955921173096e-01,2.083821296691894531e-01
-1.289669983088970184e-02,-7.143345661461353302e-03,7.821754217147827148e-01,9.988534450531005859e-01,1.460117474198341370e-02,9.710215032100677490e-03,4.454527050256729126e-02,-6.680704536847770214e-04,1.539428532123565674e-01,4.562734365463256836e-01,1.244976297020912170e-01,-9.570227563381195068e-02,-1.157054156064987183e-01,2.746828272938728333e-02,-2.318488806486129761e-01,-4.871428608894348145e-01,1.410638689994812012e-01,-1.256065666675567627e-01,1.450783461332321167e-01,4.374596849083900452e-02,-1.014555990695953369e-02,1.444963365793228149e-01,-1.436742693185806274e-01,3.065865635871887207e-01,-7.393097281455993652e-01,1.040376305580139160e+00,2.341196984052658081e-01,1.107751131057739258e-01,-1.582663953304290771e-01,-4.830268025398254395e-01,-1.857658773660659790e-01,1.084183931350708008e+00,7.779373526573181152e-01,1.891719102859497070e-01,2.567205727100372314e-01,2.320017069578170776e-01
-1.274527423083782196e-02,-7.607506588101387024e-03,7.822669744491577148e-01,9.984087347984313965e-01,1.440786849707365036e-02,9.917384944856166840e-03,5.361106991767883301e-02,-6.987625733017921448e-03,1.520261764526367188e-01,4.401311874389648438e-01,1.243267580866813660e-01,-9.122388809919357300e-02,-1.150406375527381897e-01,3.647143766283988953e-02,-2.313267886638641357e-01,-5.037959218025207520e-01,1.353524029254913330e-01,-1.252651512622833252e-01,1.465259492397308350e-01,5.887580290436744690e-02,-1.711907237768173218e-02,1.444781273603439331e-01,-1.469218432903289795e-01,3.096954226493835449e-01,-7.351704835891723633e-01,1.042787671089172363e+00,2.385373264551162720e-01,1.137667819857597351e-01,-1.597741544246673584e-01,-5.631377100944519043e-01,-1.639011055231094360e-01,1.100276708602905273e+00,6.885978579521179199e-01,2.387873381376266479e-01,2.641349434852600098e-01,2.494165897369384766e-01
-1.253806054592132568e-02,-7.888101041316986084e-03,7.823001146316528320e-01,9.978227615356445312e-01,1.433953922241926193e-02,1.030975766479969025e-02,6.354378163814544678e-02,-1.380194164812564850e-02,1.490458548069000244e-01,4.221918582916259766e-01,1.232667714357376099e-01,-8.639623224735260010e-02,-1.142748296260833740e-01,4.522939771413803101e-02,-2.317057102918624878e-01,-5.222337841987609863e-01,1.309499293565750122e-01,-1.256434172391891479e-01,1.488402187824249268e-01,7.517473399639129639e-02,-2.410260587930679321e-02,1.450945585966110229e-01,-1.498740315437316895e-01,3.120996654033660889e-01,-7.291863560676574707e-01,1.044064998626708984e+00,2.420853376388549805e-01,1.160083562135696411e-01,-1.604030728340148926e-01,-6.534973978996276855e-01,-1.369795799255371094e-01,1.097117662429809570e+00,6.102076768875122070e-01,3.039163649082183838e-01,2.649475336074829102e-01,2.570603787899017334e-01
-1.231911499053239822e-02,-8.191425353288650513e-03,7.822560667991638184e-01,9.970480799674987793e-01,1.432196702808141708e-02,1.066195033490657806e-02,7.467494904994964600e-02,-2.087243273854255676e-02,1.451536566019058228e-01,4.020748138427734375e-01,1.216879561543464661e-01,-8.149024099111557007e-02,-1.137421503663063049e-01,5.447178706526756287e-02,-2.329292595386505127e-01,-5.436404347419738770e-01,1.278907507658004761e-01,-1.269346326589584351e-01,1.517928838729858398e-01,9.194044768810272217e-02,-3.050852939486503601e-02,1.468460112810134888e-01,-1.526996642351150513e-01,3.135222792625427246e-01,-7.208880186080932617e-01,1.045316934585571289e+00,2.452190518379211426e-01,1.175135597586631775e-01,-1.594484448432922363e-01,-7.499449253082275391e-01,-1.058544069528579712e-01,1.075726866722106934e+00,5.515378713607788086e-01,3.789221346378326416e-01,2.602357268333435059e-01,2.530196011066436768e-01
-1.201230380684137344e-02,-8.443204686045646667e-03,7.821202278137207031e-01,9.960391521453857422e-01,1.422046404331922531e-02,1.094216480851173401e-02,8.708669990301132202e-02,-2.836232073605060577e-02,1.408306956291198730e-01,3.795368373394012451e-01,1.202790960669517517e-01,-7.692264020442962646e-02,-1.136083602905273438e-01,6.456476449966430664e-02,-2.344316542148590088e-01,-5.680543780326843262e-01,1.258472949266433716e-01,-1.291001588106155396e-01,1.547367721796035767e-01,1.086616888642311096e-01,-3.596651181578636169e-02,1.494384258985519409e-01,-1.555104851722717285e-01,3.141896724700927734e-01,-7.106025218963623047e-01,1.046293497085571289e+00,2.481076717376708984e-01,1.185119822621345520e-01,-1.573484241962432861e-01,-8.491821885108947754e-01,-7.375441491603851318e-02,1.043605804443359375e+00,5.165489315986633301e-01,4.519435465335845947e-01,2.500858306884765625e-01,2.364226132631301880e-01
-1.154758594930171967e-02,-8.675076998770236969e-03,7.819522023200988770e-01,9.947537183761596680e-01,1.398010831326246262e-02,1.128411199897527695e-02,1.007085666060447693e-01,-3.653930872678756714e-02,1.362078934907913208e-01,3.545000553131103516e-01,1.192379370331764221e-01,-7.246800512075424194e-02,-1.135469004511833191e-01,7.563211023807525635e-02,-2.355667799711227417e-01,-5.952666401863098145e-01,1.239372193813323975e-01,-1.316406130790710449e-01,1.574318856000900269e-01,1.253051906824111938e-01,-4.063704609870910645e-02,1.521337330341339111e-01,-1.584838181734085083e-01,3.146244287490844727e-01,-6.992560029029846191e-01,1.047260165214538574e+00,2.507166266441345215e-01,1.188190132379531860e-01,-1.549474149942398071e-01,-9.498447179794311523e-01,-4.459537938237190247e-02,1.007934331893920898e+00,5.034279823303222656e-01,5.137720704078674316e-01,2.359552234411239624e-01,2.079532146453857422e-01
-1.086819451302289963e-02,-8.940677158534526825e-03,7.818053960800170898e-01,9.931884407997131348e-01,1.371360663324594498e-02,1.181986276060342789e-02,1.151043772697448730e-01,-4.557863622903823853e-02,1.310625374317169189e-01,3.279428780078887939e-01,1.181007847189903259e-01,-6.791151314973831177e-02,-1.132546588778495789e-01,8.737246692180633545e-02,-2.362691015005111694e-01,-6.239255070686340332e-01,1.217759251594543457e-01,-1.345167458057403564e-01,1.598147600889205933e-01,1.411940455436706543e-01,-4.523200914263725281e-02,1.541287451982498169e-01,-1.612484604120254517e-01,3.152128458023071289e-01,-6.880725026130676270e-01,1.048861622810363770e+00,2.522241473197937012e-01,1.185694336891174316e-01,-1.521525532007217407e-01,-1.050385951995849609e+00,-2.136535756289958954e-02,9.733628034591674805e-01,5.077729821205139160e-01,5.581317543983459473e-01,2.201601564884185791e-01,1.725139468908309937e-01
-9.948085062205791473e-03,-9.295444935560226440e-03,7.816560268402099609e-01,9.913673400878906250e-01,1.345027424395084381e-02,1.252792403101921082e-02,1.298188567161560059e-01,-5.506872013211250305e-02,1.255600303411483765e-01,3.008039891719818115e-01,1.168202906847000122e-01,-6.339078396558761597e-02,-1.127316951751708984e-01,9.973313659429550171e-02,-2.365354150533676147e-01,-6.533387899398803711e-01,1.193438991904258728e-01,-1.375965923070907593e-01,1.619643718004226685e-01,1.565030962228775024e-01,-5.020755901932716370e-02,1.552520692348480225e-01,-1.636251360177993774e-01,3.160387873649597168e-01,-6.770554780960083008e-01,1.051833987236022949e+00,2.518266737461090088e-01,1.179187074303627014e-01,-1.484508663415908813e-01,-1.149911880493164062e+00,-4.102809354662895203e-03,9.415134191513061523e-01,5.257697701454162598e-01,5.827911496162414551e-01,2.042839378118515015e-01,1.349267214536666870e-01
-8.859946392476558685e-03,-9.734911844134330750e-03,7.814902663230895996e-01,9.893586635589599609e-01,1.323603838682174683e-02,1.334836333990097046e-02,1.442775279283523560e-01,-6.445296853780746460e-02,1.200060173869132996e-01,2.745571732521057129e-01,1.156632080674171448e-01,-5.923262983560562134e-02,-1.121674180030822754e-01,1.122491285204887390e-01,-2.363812178373336792e-01,-6.824417114257812500e-01,1.167947128415107727e-01,-1.408660709857940674e-01,1.639160215854644775e-01,1.716449409723281860e-01,-5.566741898655891418e-02,1.558063626289367676e-01,-1.655612140893936157e-01,3.171471953392028809e-01,-6.667096614837646484e-01,1.055728912353515625e+00,2.500890791416168213e-01,1.169072389602661133e-01,-1.439738273620605469e-01,-1.245815038681030273e+00,9.282208979129791260e-03,9.132944345474243164e-01,5.534253716468811035e-01,5.894299149513244629e-01,1.896671205759048462e-01,9.907272458076477051e-02
-7.628624793142080307e-03,-1.020779367536306381e-02,7.812837362289428711e-01,9.871789216995239258e-01,1.307645160704851151e-02,1.418093964457511902e-02,1.584479510784149170e-01,-7.333312928676605225e-02,1.143684238195419312e-01,2.488602250814437866e-01,1.145359650254249573e-01,-5.541967228055000305e-02,-1.118905618786811829e-01,1.251355409622192383e-01,-2.357062548398971558e-01,-7.111250758171081543e-01,1.139712259173393250e-01,-1.444341838359832764e-01,1.654775738716125488e-01,1.865901499986648560e-01,-6.174401566386222839e-02,1.562400162220001221e-01,-1.669383049011230469e-01,3.187372386455535889e-01,-6.561073660850524902e-01,1.060469388961791992e+00,2.467304319143295288e-01,1.154915019869804382e-01,-1.390095800161361694e-01,-1.337034344673156738e+00,2.165764197707176208e-02,8.886353969573974609e-01,5.882344245910644531e-01,5.805104374885559082e-01,1.771807819604873657e-01,6.774477660655975342e-02
-6.281615234911441803e-03,-1.066379249095916748e-02,7.810527086257934570e-01,9.848582744598388672e-01,1.293834857642650604e-02,1.509495452046394348e-02,1.722175478935241699e-01,-8.173759281635284424e-02,1.086490079760551453e-01,2.234552055597305298e-01,1.134366765618324280e-01,-5.202798545360565186e-02,-1.122231110930442810e-01,1.376474052667617798e-01,-2.345890998840332031e-01,-7.392264604568481445e-01,1.109211146831512451e-01,-1.478555947542190552e-01,1.669081449508666992e-01,2.012640237808227539e-01,-6.839159876108169556e-02,1.565953195095062256e-01,-1.680664718151092529e-01,3.207230567932128906e-01,-6.447826027870178223e-01,1.066699028015136719e+00,2.414068728685379028e-01,1.141079217195510864e-01,-1.336210668087005615e-01,-1.421809673309326172e+00,3.494279086589813232e-02,8.678842186927795410e-01,6.288070678710937500e-01,5.620378255844116211e-01,1.669094860553741455e-01,4.150217771530151367e-02
-4.866506904363632202e-03,-1.109290122985839844e-02,7.808051109313964844e-01,9.823976755142211914e-01,1.285935938358306885e-02,1.605322957038879395e-02,1.856657862663269043e-01,-8.965785801410675049e-02,1.027023568749427795e-01,1.984047889709472656e-01,1.123629137873649597e-01,-4.908603057265281677e-02,-1.130383387207984924e-01,1.495295017957687378e-01,-2.331820130348205566e-01,-7.670710682868957520e-01,1.078330203890800476e-01,-1.510643661022186279e-01,1.683851480484008789e-01,2.150438725948333740e-01,-7.548381388187408447e-02,1.571182310581207275e-01,-1.693678349256515503e-01,3.230355083942413330e-01,-6.332445740699768066e-01,1.074123382568359375e+00,2.354743331670761108e-01,1.128678396344184875e-01,-1.287621259689331055e-01,-1.496663689613342285e+00,4.897173121571540833e-02,8.510729670524597168e-01,6.718661785125732422e-01,5.412690639495849609e-01,1.589684188365936279e-01,2.102183178067207336e-02
-3.407420124858617783e-03,-1.151522807776927948e-02,7.805598974227905273e-01,9.797155857086181641e-01,1.283285859972238541e-02,1.709645427763462067e-02,1.992495507001876831e-01,-9.761065989732742310e-02,9.637256711721420288e-02,1.734153479337692261e-01,1.111765503883361816e-01,-4.628433659672737122e-02,-1.140586659312248230e-01,1.610905826091766357e-01,-2.314531654119491577e-01,-7.956707477569580078e-01,1.049024611711502075e-01,-1.541550904512405396e-01,1.702114343643188477e-01,2.274689078330993652e-01,-8.265313506126403809e-02,1.579818874597549438e-01,-1.708053201436996460e-01,3.256308734416961670e-01,-6.233234405517578125e-01,1.083038806915283203e+00,2.287452667951583862e-01,1.118550896644592285e-01,-1.243072673678398132e-01,-1.562138199806213379e+00,6.296847760677337646e-02,8.356562256813049316e-01,7.166844606399536133e-01,5.251364707946777344e-01,1.531578004360198975e-01,2.958800643682479858e-03
-1.968608237802982330e-03,-1.192983519285917282e-02,7.802846431732177734e-01,9.767650365829467773e-01,1.288022473454475403e-02,1.817358098924160004e-02,2.131522893905639648e-01,-1.055877506732940674e-01,8.943745493888854980e-02,1.480028182268142700e-01,1.099319681525230408e-01,-4.311867430806159973e-02,-1.154512017965316772e-01,1.724892407655715942e-01,-2.296895384788513184e-01,-8.248547911643981934e-01,1.024519801139831543e-01,-1.573786586523056030e-01,1.721496134996414185e-01,2.378379702568054199e-01,-8.958345651626586914e-02,1.590363830327987671e-01,-1.725434362888336182e-01,3.283563256263732910e-01,-6.155452132225036621e-01,1.092554569244384766e+00,2.226395457983016968e-01,1.106813922524452209e-01,-1.207344457507133484e-01,-1.616723179817199707e+00,7.569555938243865967e-02,8.202149271965026855e-01,7.616878747940063477e-01,5.136609077453613281e-01,1.485660821199417114e-01,-1.412429474294185638e-02
-5.590403452515602112e-04,-1.228355988860130310e-02,7.799897193908691406e-01,9.735187292098999023e-01,1.299064140766859055e-02,1.934337057173252106e-02,2.274165749549865723e-01,-1.138937622308731079e-01,8.182353526353836060e-02,1.222389861941337585e-01,1.088060885667800903e-01,-3.950709477066993713e-02,-1.167771518230438232e-01,1.835639625787734985e-01,-2.278341650962829590e-01,-8.546082973480224609e-01,1.002253592014312744e-01,-1.602538824081420898e-01,1.743523776531219482e-01,2.457893788814544678e-01,-9.601555764675140381e-02,1.600270718336105347e-01,-1.741087734699249268e-01,3.311942517757415771e-01,-6.107182502746582031e-01,1.101977944374084473e+00,2.170075476169586182e-01,1.095643118023872375e-01,-1.168993189930915833e-01,-1.661718606948852539e+00,8.684872090816497803e-02,8.037939667701721191e-01,8.048563599586486816e-01,5.072748064994812012e-01,1.446721106767654419e-01,-3.235077857971191406e-02
7.750851800665259361e-04,-1.254146732389926910e-02,7.796886563301086426e-01,9.699971079826354980e-01,1.315465103834867477e-02,2.053977549076080322e-02,2.418897598981857300e-01,-1.225263327360153198e-01,7.366184890270233154e-02,9.648976475000381470e-02,1.077900752425193787e-01,-3.563703224062919617e-02,-1.182217895984649658e-01,1.942669153213500977e-01,-2.258864790201187134e-01,-8.844941258430480957e-01,9.828542917966842651e-02,-1.631135195493698120e-01,1.767635196447372437e-01,2.513031065464019775e-01,-1.018678545951843262e-01,1.610142290592193604e-01,-1.758591681718826294e-01,3.338069021701812744e-01,-6.078652143478393555e-01,1.110464930534362793e+00,2.117879539728164673e-01,1.084088534116744995e-01,-1.134581267833709717e-01,-1.697804570198059082e+00,9.615902602672576904e-02,7.870472073554992676e-01,8.449527025222778320e-01,5.040431022644042969e-01,1.419174224138259888e-01,-5.126498639583587646e-02
2.161432756111025810e-03,-1.276847999542951584e-02,7.793916463851928711e-01,9.663179516792297363e-01,1.334069669246673584e-02,2.168200165033340454e-02,2.560889422893524170e-01,-1.307668834924697876e-01,6.518150120973587036e-02,7.138384133577346802e-02,1.069453805685043335e-01,-3.168636560440063477e-02,-1.197827011346817017e-01,2.047154903411865234e-01,-2.237795740365982056e-01,-9.139971137046813965e-01,9.625682979822158813e-02,-1.654940247535705566e-01,1.795372813940048218e-01,2.549230456352233887e-01,-1.067916080355644226e-01,1.620183289051055908e-01,-1.772399395704269409e-01,3.357193171977996826e-01,-6.059581637382507324e-01,1.117500901222229004e+00,2.064433991909027100e-01,1.073734611272811890e-01,-1.105411127209663391e-01,-1.725256681442260742e+00,1.029990613460540771e-01,7.719995975494384766e-01,8.804817795753479004e-01,5.016950964927673340e-01,1.393974125385284424e-01,-6.989768147468566895e-02
3.338071750476956367e-03,-1.273391582071781158e-02,7.791196703910827637e-01,9.626374244689941406e-01,1.354906056076288223e-02,2.268369868397712708e-02,2.695015966892242432e-01,-1.377747207880020142e-01,5.662075430154800415e-02,4.744595661759376526e-02,1.060815528035163879e-01,-2.780672721564769745e-02,-1.215553954243659973e-01,2.145554125308990479e-01,-2.216314375400543213e-01,-9.418454170227050781e-01,9.400722384452819824e-02,-1.672513186931610107e-01,1.824454218149185181e-01,2.570630013942718506e-01,-1.107275038957595825e-01,1.630728691816329956e-01,-1.775002926588058472e-01,3.367088437080383301e-01,-6.038680672645568848e-01,1.122806549072265625e+00,2.010718882083892822e-01,1.063490435481071472e-01,-1.078554317355155945e-01,-1.745525598526000977e+00,1.076839417219161987e-01,7.610179185867309570e-01,9.102588295936584473e-01,4.961791038513183594e-01,1.370943635702133179e-01,-8.585058897733688354e-02
4.407051950693130493e-03,-1.256344467401504517e-02,7.788888812065124512e-01,9.591577649116516113e-01,1.377889607101678848e-02,2.359179779887199402e-02,2.815490961074829102e-01,-1.437541097402572632e-01,4.837209358811378479e-02,2.532549388706684113e-02,1.054248064756393433e-01,-2.432762086391448975e-02,-1.231989786028862000e-01,2.232655733823776245e-01,-2.196611016988754272e-01,-9.668876528739929199e-01,9.176526963710784912e-02,-1.686007082462310791e-01,1.852631270885467529e-01,2.581813633441925049e-01,-1.137922927737236023e-01,1.639084219932556152e-01,-1.759340465068817139e-01,3.367783725261688232e-01,-6.007784605026245117e-01,1.127047538757324219e+00,1.961690038442611694e-01,1.055217757821083069e-01,-1.058460772037506104e-01,-1.760236620903015137e+00,1.099167019128799438e-01,7.548065781593322754e-01,9.343843460083007812e-01,4.855312705039978027e-01,1.356446892023086548e-01,-9.850196540355682373e-02
5.350069608539342880e-03,-1.229844149202108383e-02,7.787126302719116211e-01,9.561038613319396973e-01,1.405929401516914368e-02,2.442091144621372223e-02,2.916699647903442383e-01,-1.483237892389297485e-01,4.089159145951271057e-02,6.369972135871648788e-03,1.047935113310813904e-01,-2.110856026411056519e-02,-1.244703307747840881e-01,2.302242070436477661e-01,-2.183018177747726440e-01,-9.880623221397399902e-01,8.967974781990051270e-02,-1.693905442953109741e-01,1.880044490098953247e-01,2.590008974075317383e-01,-1.161610335111618042e-01,1.644056886434555054e-01,-1.729514449834823608e-01,3.359573185443878174e-01,-5.965886712074279785e-01,1.130328893661499023e+00,1.917250007390975952e-01,1.050058603286743164e-01,-1.046248823404312134e-01,-1.770878672599792480e+00,1.094470545649528503e-01,7.532657384872436523e-01,9.527845382690429688e-01,4.685359597206115723e-01,1.349193304777145386e-01,-1.065556928515434265e-01
6.220707669854164124e-03,-1.192526519298553467e-02,7.785841226577758789e-01,9.535685777664184570e-01,1.437117904424667358e-02,2.514192089438438416e-02,2.997804284095764160e-01,-1.517752707004547119e-01,3.445601463317871094e-02,-8.951389230787754059e-03,1.041753441095352173e-01,-1.802886463701725006e-02,-1.250130832195281982e-01,2.355507612228393555e-01,-2.175493836402893066e-01,-1.005089163780212402e+00,8.793394267559051514e-02,-1.694362014532089233e-01,1.904362589120864868e-01,2.594052851200103760e-01,-1.179009675979614258e-01,1.645817905664443970e-01,-1.690420210361480713e-01,3.347338438034057617e-01,-5.916817784309387207e-01,1.132811069488525391e+00,1.878106892108917236e-01,1.048467829823493958e-01,-1.036678254604339600e-01,-1.778762578964233398e+00,1.061128377914428711e-01,7.552682757377624512e-01,9.655841588973999023e-01,4.489937424659729004e-01,1.348535418510437012e-01,-1.108383163809776306e-01
7.011827081441879272e-03,-1.141561754047870636e-02,7.784665226936340332e-01,9.514991044998168945e-01,1.475865952670574188e-02,2.573161944746971130e-02,3.062182068824768066e-01,-1.541318297386169434e-01,2.887432835996150970e-02,-2.099101990461349487e-02,1.035712510347366333e-01,-1.532229408621788025e-02,-1.249709203839302063e-01,2.398478537797927856e-01,-2.174549996852874756e-01,-1.018305778503417969e+00,8.672000467777252197e-02,-1.691909581422805786e-01,1.928415447473526001e-01,2.593791484832763672e-01,-1.192353889346122742e-01,1.645480692386627197e-01,-1.645118594169616699e-01,3.331575393676757812e-01,-5.865716934204101562e-01,1.134723424911499023e+00,1.842378228902816772e-01,1.050955504179000854e-01,-1.026869341731071472e-01,-1.784585952758789062e+00,1.009141281247138977e-01,7.581292390823364258e-01,9.741884469985961914e-01,4.302369058132171631e-01,1.347084492444992065e-01,-1.132434234023094177e-01
7.691275328397750854e-03,-1.076137647032737732e-02,7.783505320549011230e-01,9.498440027236938477e-01,1.519213430583477020e-02,2.621143870055675507e-02,3.112531006336212158e-01,-1.556468456983566284e-01,2.398185431957244873e-02,-3.032951429486274719e-02,1.032155156135559082e-01,-1.338941697031259537e-02,-1.244904398918151855e-01,2.434329539537429810e-01,-2.179109156131744385e-01,-1.028475761413574219e+00,8.599261939525604248e-02,-1.686493903398513794e-01,1.950145214796066284e-01,2.592457234859466553e-01,-1.201766878366470337e-01,1.641044914722442627e-01,-1.594571769237518311e-01,3.312078416347503662e-01,-5.817105174064636230e-01,1.136258125305175781e+00,1.804302632808685303e-01,1.057880744338035583e-01,-1.014680936932563782e-01,-1.787650704383850098e+00,9.466999769210815430e-02,7.600036263465881348e-01,9.796829223632812500e-01,4.169662296772003174e-01,1.348751485347747803e-01,-1.153936162590980530e-01
8.241266943514347076e-03,-9.998805820941925049e-03,7.782552838325500488e-01,9.485799670219421387e-01,1.564058661460876465e-02,2.662293240427970886e-02,3.150279521942138672e-01,-1.565936356782913208e-01,1.967940479516983032e-02,-3.746258467435836792e-02,1.029631569981575012e-01,-1.244479790329933167e-02,-1.240627691149711609e-01,2.464840561151504517e-01,-2.187208831310272217e-01,-1.036133408546447754e+00,8.572556823492050171e-02,-1.681752055883407593e-01,1.969364732503890991e-01,2.592839300632476807e-01,-1.206384301185607910e-01,1.634104549884796143e-01,-1.544045209884643555e-01,3.288567066192626953e-01,-5.774538516998291016e-01,1.137322902679443359e+00,1.760880053043365479e-01,1.061604544520378113e-01,-1.004390642046928406e-01,-1.790427565574645996e+00,8.787829428911209106e-02,7.595984339714050293e-01,9.828435778617858887e-01,4.125940203666687012e-01,1.361307948827743530e-01,-1.183323711156845093e-01
8.732570335268974304e-03,-9.180570021271705627e-03,7.781755328178405762e-01,9.476246833801269531e-01,1.604516990482807159e-02,2.704202570021152496e-02,3.178343772888183594e-01,-1.573188155889511108e-01,1.603053882718086243e-02,-4.254929348826408386e-02,1.028845608234405518e-01,-1.214297860860824585e-02,-1.238212585449218750e-01,2.488297969102859497e-01,-2.198034226894378662e-01,-1.041970729827880859e+00,8.597654104232788086e-02,-1.681510955095291138e-01,1.984020620584487915e-01,2.592954933643341064e-01,-1.208356246352195740e-01,1.626865714788436890e-01,-1.497957408428192139e-01,3.265480995178222656e-01,-5.741105675697326660e-01,1.137450218200683594e+00,1.724868565797805786e-01,1.061776578426361084e-01,-9.996582567691802979e-02,-1.792375326156616211e+00,8.135746419429779053e-02,7.586331367492675781e-01,9.845598936080932617e-01,4.134226143360137939e-01,1.380616128444671631e-01,-1.230218037962913513e-01
9.188403375446796417e-03,-8.340199477970600128e-03,7.781120538711547852e-01,9.469249844551086426e-01,1.646143570542335510e-02,2.745011262595653534e-02,3.198572695255279541e-01,-1.576913744211196899e-01,1.283250097185373306e-02,-4.598928242921829224e-02,1.030437648296356201e-01,-1.218907814472913742e-02,-1.234145388007164001e-01,2.505711317062377930e-01,-2.212303727865219116e-01,-1.046065330505371094e+00,8.640167862176895142e-02,-1.682097464799880981e-01,1.998503059148788452e-01,2.589757442474365234e-01,-1.209511235356330872e-01,1.621280461549758911e-01,-1.462483108043670654e-01,3.245159983634948730e-01,-5.724173188209533691e-01,1.136933326721191406e+00,1.693443506956100464e-01,1.059603691101074219e-01,-1.001160070300102234e-01,-1.793399810791015625e+00,7.600189745426177979e-02,7.577009797096252441e-01,9.850149154663085938e-01,4.170944094657897949e-01,1.399756819009780884e-01,-1.280893534421920776e-01
9.655585512518882751e-03,-7.521413732320070267e-03,7.780556678771972656e-01,9.463921785354614258e-01,1.688706688582897186e-02,2.779962867498397827e-02,3.213779926300048828e-01,-1.578158736228942871e-01,1.003597676753997803e-02,-4.836391285061836243e-02,1.033141985535621643e-01,-1.233479939401149750e-02,-1.227578967809677124e-01,2.519340217113494873e-01,-2.228901535272598267e-01,-1.048983335494995117e+00,8.686546236276626587e-02,-1.681855916976928711e-01,2.012582868337631226e-01,2.583174407482147217e-01,-1.210587546229362488e-01,1.618281006813049316e-01,-1.440653651952743530e-01,3.228668868541717529e-01,-5.717516541481018066e-01,1.136106252670288086e+00,1.668326556682586670e-01,1.055656224489212036e-01,-1.003712415695190430e-01,-1.793727278709411621e+00,7.175042480230331421e-02,7.582866549491882324e-01,9.845293760299682617e-01,4.202099442481994629e-01,1.411062926054000854e-01,-1.324064731597900391e-01
1.011195499449968338e-02,-6.807069294154644012e-03,7.780107855796813965e-01,9.460332393646240234e-01,1.732557825744152069e-02,2.806250192224979401e-02,3.223870396614074707e-01,-1.575702279806137085e-01,7.700921967625617981e-03,-5.000000819563865662e-02,1.035636290907859802e-01,-1.269511971622705460e-02,-1.217988952994346619e-01,2.529676854610443115e-01,-2.247014641761779785e-01,-1.050773382186889648e+00,8.726043999195098877e-02,-1.678783595561981201e-01,2.026042789220809937e-01,2.576113641262054443e-01,-1.212080195546150208e-01,1.616412103176116943e-01,-1.432151496410369873e-01,3.216091692447662354e-01,-5.711938738822937012e-01,1.135437607765197754e+00,1.648729145526885986e-01,1.050292626023292542e-01,-1.000479981303215027e-01,-1.793893814086914062e+00,6.809823215007781982e-02,7.599352598190307617e-01,9.836599230766296387e-01,4.222311675548553467e-01,1.411785185337066650e-01,-1.355193555355072021e-01
1.055010594427585602e-02,-6.220970302820205688e-03,7.779877185821533203e-01,9.458480477333068848e-01,1.775484904646873474e-02,2.826269716024398804e-02,3.228893280029296875e-01,-1.570044755935668945e-01,5.853109527379274368e-03,-5.115687847137451172e-02,1.036560758948326111e-01,-1.304974872618913651e-02,-1.208084002137184143e-01,2.536930143833160400e-01,-2.264764606952667236e-01,-1.051450490951538086e+00,8.757875114679336548e-02,-1.674567759037017822e-01,2.039530575275421143e-01,2.571175098419189453e-01,-1.215624436736106873e-01,1.613380312919616699e-01,-1.431765109300613403e-01,3.208399415016174316e-01,-5.700868368148803711e-01,1.134703397750854492e+00,1.641985028982162476e-01,1.045572310686111450e-01,-9.920024126768112183e-02,-1.793585181236267090e+00,6.468569487333297729e-02,7.622404098510742188e-01,9.821325540542602539e-01,4.213831424713134766e-01,1.408397257328033447e-01,-1.375942230224609375e-01
1.093166600912809372e-02,-5.736777093261480331e-03,7.779983878135681152e-01,9.457833170890808105e-01,1.814172230660915375e-02,2.845375426113605499e-02,3.230406343936920166e-01,-1.564218252897262573e-01,4.397069104015827179e-03,-5.189842358231544495e-02,1.035709232091903687e-01,-1.355737447738647461e-02,-1.201572865247726440e-01,2.542360424995422363e-01,-2.279944568872451782e-01,-1.051339149475097656e+00,8.793423324823379517e-02,-1.671552360057830811e-01,2.052923887968063354e-01,2.569250762462615967e-01,-1.220244467258453369e-01,1.608908921480178833e-01,-1.437436640262603760e-01,3.205026090145111084e-01,-5.685808658599853516e-01,1.133826255798339844e+00,1.643172204494476318e-01,1.040651574730873108e-01,-9.834479540586471558e-02,-1.792403221130371094e+00,6.174598634243011475e-02,7.640352249145507812e-01,9.802591800689697266e-01,4.211151897907257080e-01,1.413874626159667969e-01,-1.391770988702774048e-01
1.127943955361843109e-02,-5.310988985002040863e-03,7.780103683471679688e-01,9.458121657371520996e-01,1.849836483597755432e-02,2.862507663667201996e-02,3.229205310344696045e-01,-1.557453721761703491e-01,3.224707674235105515e-03,-5.223486945033073425e-02,1.034228131175041199e-01,-1.402421761304140091e-02,-1.196587830781936646e-01,2.547602057456970215e-01,-2.293470054864883423e-01,-1.050394296646118164e+00,8.827473223209381104e-02,-1.670492291450500488e-01,2.063667327165603638e-01,2.568437159061431885e-01,-1.225494444370269775e-01,1.604225486516952515e-01,-1.445642262697219849e-01,3.205235004425048828e-01,-5.665335059165954590e-01,1.133013725280761719e+00,1.650456786155700684e-01,1.037806868553161621e-01,-9.762704372406005859e-02,-1.791183948516845703e+00,5.914025381207466125e-02,7.658463716506958008e-01,9.785519838333129883e-01,4.233182072639465332e-01,1.417239606380462646e-01,-1.405293792486190796e-01
1.166253257542848587e-02,-4.875409416854381561e-03,7.780175805091857910e-01,9.458776712417602539e-01,1.884898357093334198e-02,2.871657907962799072e-02,3.227003812789916992e-01,-1.548404991626739502e-01,2.227083547040820122e-03,-5.205607414245605469e-02,1.032305136322975159e-01,-1.448770146816968918e-02,-1.191368103027343750e-01,2.554646134376525879e-01,-2.305035144090652466e-01,-1.049296140670776367e+00,8.859875798225402832e-02,-1.671790182590484619e-01,2.073726952075958252e-01,2.569476664066314697e-01,-1.231192201375961304e-01,1.600378453731536865e-01,-1.457146704196929932e-01,3.208333551883697510e-01,-5.645867586135864258e-01,1.132420778274536133e+00,1.653838157653808594e-01,1.033683493733406067e-01,-9.651005268096923828e-02,-1.790248394012451172e+00,5.703285709023475647e-02,7.678926587104797363e-01,9.777301549911499023e-01,4.246488213539123535e-01,1.416235268115997314e-01,-1.401605159044265747e-01
1.211031898856163025e-02,-4.421141929924488068e-03,7.780075073242187500e-01,9.459075927734375000e-01,1.919023692607879639e-02,2.872780896723270416e-02,3.225914835929870605e-01,-1.537618935108184814e-01,1.420051092281937599e-03,-5.156081169843673706e-02,1.031804531812667847e-01,-1.508140470832586288e-02,-1.186733543872833252e-01,2.562951743602752686e-01,-2.313122600317001343e-01,-1.048293948173522949e+00,8.880021423101425171e-02,-1.673676669597625732e-01,2.079921960830688477e-01,2.569240629673004150e-01,-1.236866265535354614e-01,1.597467809915542603e-01,-1.470022350549697876e-01,3.213929831981658936e-01,-5.630445480346679688e-01,1.132000803947448730e+00,1.645974665880203247e-01,1.027181074023246765e-01,-9.511414170265197754e-02,-1.790199756622314453e+00,5.538333952426910400e-02,7.701817750930786133e-01,9.783467054367065430e-01,4.265938997268676758e-01,1.413399130105972290e-01,-1.389472037553787231e-01
1.260099466890096664e-02,-4.008550662547349930e-03,7.779522538185119629e-01,9.459078907966613770e-01,1.956421323120594025e-02,2.867000550031661987e-02,3.225734233856201172e-01,-1.525184065103530884e-01,6.389541667886078358e-04,-5.128707736730575562e-02,1.032766401767730713e-01,-1.567603461444377899e-02,-1.183684170246124268e-01,2.570720911026000977e-01,-2.319862991571426392e-01,-1.047283530235290527e+00,8.901990950107574463e-02,-1.676039397716522217e-01,2.083806693553924561e-01,2.569586634635925293e-01,-1.242406815290451050e-01,1.595892459154129028e-01,-1.484922766685485840e-01,3.220069408416748047e-01,-5.621197223663330078e-01,1.131568670272827148e+00,1.630459576845169067e-01,1.020876988768577576e-01,-9.414585679769515991e-02,-1.790514588356018066e+00,5.385365337133407593e-02,7.723966836929321289e-01,9.796130061149597168e-01,4.282076060771942139e-01,1.410183310508728027e-01,-1.374959200620651245e-01
1.308870036154985428e-02,-3.678613342344760895e-03,7.778608798980712891e-01,9.458727240562438965e-01,1.993758976459503174e-02,2.864439412951469421e-02,3.226558864116668701e-01,-1.514842361211776733e-01,-1.804491912480443716e-04,-5.141926184296607971e-02,1.035095974802970886e-01,-1.629897207021713257e-02,-1.181029304862022400e-01,2.576470971107482910e-01,-2.325170338153839111e-01,-1.046514272689819336e+00,8.922378718852996826e-02,-1.678175479173660278e-01,2.087348103523254395e-01,2.571324706077575684e-01,-1.248246729373931885e-01,1.593338847160339355e-01,-1.501566618680953979e-01,3.226134181022644043e-01,-5.613346099853515625e-01,1.131308197975158691e+00,1.614827513694763184e-01,1.019069403409957886e-01,-9.343244135379791260e-02,-1.790685772895812988e+00,5.204762145876884460e-02,7.746433019638061523e-01,9.810361862182617188e-01,4.288062453269958496e-01,1.411859691143035889e-01,-1.364118009805679321e-01
1.351987477391958237e-02,-3.413269529119133949e-03,7.777704000473022461e-01,9.457725882530212402e-01,2.031350135803222656e-02,2.860489115118980408e-02,3.229292631149291992e-01,-1.506602168083190918e-01,-1.122854184359312057e-03,-5.204794555902481079e-02,1.037504076957702637e-01,-1.674231700599193573e-02,-1.178159266710281372e-01,2.584596574306488037e-01,-2.330717295408248901e-01,-1.046417236328125000e+00,8.961465954780578613e-02,-1.682769805192947388e-01,2.092831283807754517e-01,2.572554051876068115e-01,-1.252765208482742310e-01,1.590142399072647095e-01,-1.520949453115463257e-01,3.230165541172027588e-01,-5.602418780326843262e-01,1.131207108497619629e+00,1.599600762128829956e-01,1.020074039697647095e-01,-9.308514744043350220e-02,-1.790047645568847656e+00,4.991651698946952820e-02,7.767283916473388672e-01,9.821439385414123535e-01,4.291104972362518311e-01,1.418687254190444946e-01,-1.358685642480850220e-01
1.387667562812566757e-02,-3.240022808313369751e-03,7.777015566825866699e-01,9.456423521041870117e-01,2.066780067980289459e-02,2.854096516966819763e-02,3.232938349246978760e-01,-1.500491201877593994e-01,-1.926689175888895988e-03,-5.233771726489067078e-02,1.040027365088462830e-01,-1.730164512991905212e-02,-1.174842566251754761e-01,2.594142258167266846e-01,-2.338322103023529053e-01,-1.047205686569213867e+00,9.035573899745941162e-02,-1.690304279327392578e-01,2.100556790828704834e-01,2.574442923069000244e-01,-1.254983693361282349e-01,1.585793942213058472e-01,-1.539754718542098999e-01,3.232066035270690918e-01,-5.592769384384155273e-01,1.130957007408142090e+00,1.588398069143295288e-01,1.018771082162857056e-01,-9.303905069828033447e-02,-1.789087295532226562e+00,4.784084483981132507e-02,7.785684466361999512e-01,9.829413294792175293e-01,4.298014044761657715e-01,1.428539752960205078e-01,-1.360940337181091309e-01
1.420173607766628265e-02,-3.139938693493604660e-03,7.776421904563903809e-01,9.454944133758544922e-01,2.102243155241012573e-02,2.842832542955875397e-02,3.237131237983703613e-01,-1.494498252868652344e-01,-2.759708557277917862e-03,-5.273611843585968018e-02,1.042564809322357178e-01,-1.793306879699230194e-02,-1.173368617892265320e-01,2.607944607734680176e-01,-2.345725297927856445e-01,-1.048659682273864746e+00,9.102656692266464233e-02,-1.699733287096023560e-01,2.109208256006240845e-01,2.574411630630493164e-01,-1.255282461643218994e-01,1.581808775663375854e-01,-1.554560214281082153e-01,3.231547772884368896e-01,-5.588937997817993164e-01,1.130593061447143555e+00,1.579924970865249634e-01,1.016407310962677002e-01,-9.290453046560287476e-02,-1.787923216819763184e+00,4.628676176071166992e-02,7.800173759460449219e-01,9.834692478179931641e-01,4.302785694599151611e-01,1.433798372745513916e-01,-1.366620510816574097e-01
1.455157808959484100e-02,-3.072861582040786743e-03,7.775734663009643555e-01,9.453101158142089844e-01,2.135967835783958435e-02,2.826097607612609863e-02,3.242435455322265625e-01,-1.487896740436553955e-01,-3.626253223046660423e-03,-5.361479893326759338e-02,1.043382585048675537e-01,-1.871066726744174957e-02,-1.174614056944847107e-01,2.624697089195251465e-01,-2.352114915847778320e-01,-1.050354719161987305e+00,9.177920967340469360e-02,-1.714148968458175659e-01,2.115667164325714111e-01,2.572273910045623779e-01,-1.253930479288101196e-01,1.579384058713912964e-01,-1.564246118068695068e-01,3.226877152919769287e-01,-5.588353872299194336e-01,1.130606174468994141e+00,1.572875380516052246e-01,1.012267693877220154e-01,-9.307146817445755005e-02,-1.786921858787536621e+00,4.493821412324905396e-02,7.813432812690734863e-01,9.843516349792480469e-01,4.307163953781127930e-01,1.436757147312164307e-01,-1.375559270381927490e-01
1.491771638393402100e-02,-3.021301701664924622e-03,7.774948477745056152e-01,9.451360106468200684e-01,2.170627564191818237e-02,2.802959457039833069e-02,3.247477710247039795e-01,-1.478035897016525269e-01,-4.489940125495195389e-03,-5.484061688184738159e-02,1.042104735970497131e-01,-1.945383474230766296e-02,-1.177476420998573303e-01,2.643614709377288818e-01,-2.357040196657180786e-01,-1.051641225814819336e+00,9.213699400424957275e-02,-1.727226227521896362e-01,2.121414691209793091e-01,2.568239569664001465e-01,-1.251591295003890991e-01,1.578286439180374146e-01,-1.571496725082397461e-01,3.216053545475006104e-01,-5.592100024223327637e-01,1.130975365638732910e+00,1.575049608945846558e-01,1.007467135787010193e-01,-9.357533603906631470e-02,-1.786140203475952148e+00,4.383820667862892151e-02,7.827208042144775391e-01,9.858629107475280762e-01,4.295301437377929688e-01,1.433537751436233521e-01,-1.381185203790664673e-01
1.523928437381982803e-02,-3.013676032423973083e-03,7.774341702461242676e-01,9.449839591979980469e-01,2.201544493436813354e-02,2.775072678923606873e-02,3.251930773258209229e-01,-1.467072665691375732e-01,-5.188692826777696609e-03,-5.602226406335830688e-02,1.040612161159515381e-01,-2.045618742704391479e-02,-1.182384416460990906e-01,2.663831710815429688e-01,-2.358567863702774048e-01,-1.052806138992309570e+00,9.209397435188293457e-02,-1.736173331737518311e-01,2.127089500427246094e-01,2.563297748565673828e-01,-1.247306093573570251e-01,1.578772217035293579e-01,-1.576633751392364502e-01,3.202205300331115723e-01,-5.603230595588684082e-01,1.132212996482849121e+00,1.582685858011245728e-01,1.003505811095237732e-01,-9.397148340940475464e-02,-1.785736799240112305e+00,4.336657002568244934e-02,7.834289669990539551e-01,9.877382516860961914e-01,4.293296337127685547e-01,1.432928740978240967e-01,-1.384486556053161621e-01
1.546742115169763565e-02,-3.075352637097239494e-03,7.773877382278442383e-01,9.448931813240051270e-01,2.228752337396144867e-02,2.744987234473228455e-02,3.254639208316802979e-01,-1.455053687095642090e-01,-5.629719235002994537e-03,-5.671565979719161987e-02,1.039027720689773560e-01,-2.126920223236083984e-02,-1.187027543783187866e-01,2.681658565998077393e-01,-2.358448207378387451e-01,-1.053425073623657227e+00,9.183236211538314819e-02,-1.739672422409057617e-01,2.133114188909530640e-01,2.558922171592712402e-01,-1.242256984114646912e-01,1.580096632242202759e-01,-1.580054461956024170e-01,3.186167478561401367e-01,-5.624330043792724609e-01,1.133867740631103516e+00,1.595304310321807861e-01,9.999435395002365112e-02,-9.393659234046936035e-02,-1.785521507263183594e+00,4.291357845067977905e-02,7.829418182373046875e-01,9.892501235008239746e-01,4.290711879730224609e-01,1.431654542684555054e-01,-1.390610039234161377e-01
1.561036054044961929e-02,-3.187593072652816772e-03,7.773715257644653320e-01,9.448707103729248047e-01,2.245937287807464600e-02,2.718395926058292389e-02,3.255394399166107178e-01,-1.444593816995620728e-01,-5.740135442465543747e-03,-5.707713589072227478e-02,1.039591133594512939e-01,-2.165970578789710999e-02,-1.189617663621902466e-01,2.690548002719879150e-01,-2.359049618244171143e-01,-1.053566217422485352e+00,9.185196459293365479e-02,-1.741794049739837646e-01,2.135436236858367920e-01,2.555605769157409668e-01,-1.235980615019798279e-01,1.579027473926544189e-01,-1.576858162879943848e-01,3.169048726558685303e-01,-5.650496482849121094e-01,1.135351657867431641e+00,1.596062034368515015e-01,9.989406168460845947e-02,-9.373349696397781372e-02,-1.784835934638977051e+00,4.231324791908264160e-02,7.815986871719360352e-01,9.899463057518005371e-01,4.295376241207122803e-01,1.429103463888168335e-01,-1.408414840698242188e-01
1.569906808435916901e-02,-3.299206495285034180e-03,7.773756980895996094e-01,9.448868632316589355e-01,2.257001399993896484e-02,2.700146660208702087e-02,3.255000710487365723e-01,-1.439397037029266357e-01,-5.795891862362623215e-03,-5.730278044939041138e-02,1.041216552257537842e-01,-2.160574868321418762e-02,-1.189428567886352539e-01,2.695018649101257324e-01,-2.360265552997589111e-01,-1.053878545761108398e+00,9.190847724676132202e-02,-1.740953326225280762e-01,2.135254144668579102e-01,2.554412484169006348e-01,-1.229218468070030212e-01,1.573636680841445923e-01,-1.572257429361343384e-01,3.153396844863891602e-01,-5.677109956741333008e-01,1.136825799942016602e+00,1.583959758281707764e-01,9.998732060194015503e-02,-9.359868615865707397e-02,-1.783678531646728516e+00,4.170892015099525452e-02,7.801223993301391602e-01,9.902082085609436035e-01,4.305112957954406738e-01,1.433143764734268188e-01,-1.425934582948684692e-01
1.573020219802856445e-02,-3.384260460734367371e-03,7.774130702018737793e-01,9.449642300605773926e-01,2.264504693448543549e-02,2.683937177062034607e-02,3.252837657928466797e-01,-1.435083299875259399e-01,-5.668953992426395416e-03,-5.704696476459503174e-02,1.042300537228584290e-01,-2.140944823622703552e-02,-1.186928525567054749e-01,2.696779072284698486e-01,-2.362475544214248657e-01,-1.053793668746948242e+00,9.220091998577117920e-02,-1.740349680185317993e-01,2.134860455989837646e-01,2.550928294658660889e-01,-1.220579668879508972e-01,1.566821336746215820e-01,-1.566115170717239380e-01,3.140673935413360596e-01,-5.705269575119018555e-01,1.138049483299255371e+00,1.569705307483673096e-01,9.978959709405899048e-02,-9.375479072332382202e-02,-1.782448053359985352e+00,4.158500209450721741e-02,7.787352204322814941e-01,9.909887313842773438e-01,4.326035976409912109e-01,1.440687477588653564e-01,-1.433257758617401123e-01
1.571445353329181671e-02,-3.427078481763601303e-03,7.774685621261596680e-01,9.451134204864501953e-01,2.271625027060508728e-02,2.664330415427684784e-02,3.248610198497772217e-01,-1.428406983613967896e-01,-5.429602693766355515e-03,-5.604573711752891541e-02,1.043295189738273621e-01,-2.138968929648399353e-02,-1.184743195772171021e-01,2.698531150817871094e-01,-2.367400974035263062e-01,-1.053300976753234863e+00,9.265753626823425293e-02,-1.739681810140609741e-01,2.135279178619384766e-01,2.543023228645324707e-01,-1.210903525352478027e-01,1.561389416456222534e-01,-1.558099687099456787e-01,3.130670189857482910e-01,-5.732054114341735840e-01,1.138781189918518066e+00,1.561070829629898071e-01,9.983488172292709351e-02,-9.299116581678390503e-02,-1.781559586524963379e+00,4.198952391743659973e-02,7.786312103271484375e-01,9.918844699859619141e-01,4.346106648445129395e-01,1.429403126239776611e-01,-1.427233219146728516e-01
1.565702632069587708e-02,-3.405552823096513748e-03,7.774984836578369141e-01,9.453101158142089844e-01,2.277615852653980255e-02,2.641854807734489441e-02,3.243025541305541992e-01,-1.421109288930892944e-01,-4.999706987291574478e-03,-5.411358550190925598e-02,1.045759245753288269e-01,-2.167829684913158417e-02,-1.181995794177055359e-01,2.699278295040130615e-01,-2.373612821102142334e-01,-1.052043199539184570e+00,9.324456006288528442e-02,-1.740181595087051392e-01,2.132795304059982300e-01,2.534354031085968018e-01,-1.200388595461845398e-01,1.560429781675338745e-01,-1.551311016082763672e-01,3.125029504299163818e-01,-5.757752656936645508e-01,1.138869524002075195e+00,1.553377658128738403e-01,9.986731410026550293e-02,-9.100971370935440063e-02,-1.781160593032836914e+00,4.263270646333694458e-02,7.793669104576110840e-01,9.925358891487121582e-01,4.357648491859436035e-01,1.409591585397720337e-01,-1.409503072500228882e-01
1.556629966944456100e-02,-3.333522006869316101e-03,7.774930596351623535e-01,9.455665349960327148e-01,2.282940037548542023e-02,2.620739862322807312e-02,3.235675394535064697e-01,-1.413905322551727295e-01,-4.558661021292209625e-03,-5.172011628746986389e-02,1.050046831369400024e-01,-2.220986224710941315e-02,-1.175141856074333191e-01,2.698653340339660645e-01,-2.380580455064773560e-01,-1.050380468368530273e+00,9.385842084884643555e-02,-1.741569340229034424e-01,2.128065377473831177e-01,2.526064217090606689e-01,-1.189763471484184265e-01,1.561210155487060547e-01,-1.543270647525787354e-01,3.122709989547729492e-01,-5.784596204757690430e-01,1.138615250587463379e+00,1.546281874179840088e-01,9.986662864685058594e-02,-8.861781656742095947e-02,-1.780906915664672852e+00,4.301621764898300171e-02,7.806809544563293457e-01,9.925672411918640137e-01,4.374148547649383545e-01,1.394011229276657104e-01,-1.390576660633087158e-01
1.542385481297969818e-02,-3.250925568863749504e-03,7.774734497070312500e-01,9.459121823310852051e-01,2.286505140364170074e-02,2.602249756455421448e-02,3.225681185722351074e-01,-1.407286375761032104e-01,-4.038720391690731049e-03,-4.903428629040718079e-02,1.055315211415290833e-01,-2.312598749995231628e-02,-1.166957914829254150e-01,2.694721221923828125e-01,-2.388886213302612305e-01,-1.048308730125427246e+00,9.453333914279937744e-02,-1.742660552263259888e-01,2.121907323598861694e-01,2.520149648189544678e-01,-1.179708465933799744e-01,1.562694609165191650e-01,-1.536895930767059326e-01,3.121280968189239502e-01,-5.812882184982299805e-01,1.138306617736816406e+00,1.549162417650222778e-01,9.963758289813995361e-02,-8.681196719408035278e-02,-1.780475139617919922e+00,4.355668276548385620e-02,7.813234329223632812e-01,9.920070767402648926e-01,4.373503923416137695e-01,1.388830691576004028e-01,-1.374436318874359131e-01
1.522698253393173218e-02,-3.131620585918426514e-03,7.774531245231628418e-01,9.463238120079040527e-01,2.284377627074718475e-02,2.592460438609123230e-02,3.213677406311035156e-01,-1.402443796396255493e-01,-3.514376934617757797e-03,-4.659348353743553162e-02,1.058889776468276978e-01,-2.395367808640003204e-02,-1.158254370093345642e-01,2.686641812324523926e-01,-2.398145794868469238e-01,-1.045882463455200195e+00,9.533777832984924316e-02,-1.743199825286865234e-01,2.115636616945266724e-01,2.514515519142150879e-01,-1.170484647154808044e-01,1.562774479389190674e-01,-1.532618999481201172e-01,3.120982348918914795e-01,-5.838459730148315430e-01,1.138077974319458008e+00,1.562694013118743896e-01,9.950553625822067261e-02,-8.585053682327270508e-02,-1.780121922492980957e+00,4.429265484213829041e-02,7.813301682472229004e-01,9.911131262779235840e-01,4.362271726131439209e-01,1.389710158109664917e-01,-1.359864026308059692e-01
1.498947106301784515e-02,-2.961013931781053543e-03,7.774476408958435059e-01,9.467498660087585449e-01,2.277791500091552734e-02,2.587948366999626160e-02,3.201188743114471436e-01,-1.398495584726333618e-01,-2.952651120722293854e-03,-4.445310309529304504e-02,1.060306429862976074e-01,-2.438599616289138794e-02,-1.152701154351234436e-01,2.675625085830688477e-01,-2.409790009260177612e-01,-1.043441414833068848e+00,9.616495668888092041e-02,-1.742082387208938599e-01,2.111763507127761841e-01,2.506991028785705566e-01,-1.162012442946434021e-01,1.562323421239852905e-01,-1.530089676380157471e-01,3.121969699859619141e-01,-5.862658619880676270e-01,1.137505054473876953e+00,1.585219949483871460e-01,9.954908490180969238e-02,-8.549774438142776489e-02,-1.780299782752990723e+00,4.527289047837257385e-02,7.803125977516174316e-01,9.897050857543945312e-01,4.335420727729797363e-01,1.390222609043121338e-01,-1.349667906761169434e-01
1.470106653869152069e-02,-2.779566450044512749e-03,7.774839997291564941e-01,9.472097754478454590e-01,2.270051464438438416e-02,2.584724687039852142e-02,3.187635838985443115e-01,-1.394443213939666748e-01,-2.281823661178350449e-03,-4.196419566869735718e-02,1.058699265122413635e-01,-2.445425651967525482e-02,-1.150052100419998169e-01,2.664301991462707520e-01,-2.421439290046691895e-01,-1.040780305862426758e+00,9.698281437158584595e-02,-1.740150153636932373e-01,2.109161168336868286e-01,2.498674094676971436e-01,-1.154397949576377869e-01,1.563734114170074463e-01,-1.531231850385665894e-01,3.125894963741302490e-01,-5.887129306793212891e-01,1.136929631233215332e+00,1.606944054365158081e-01,9.967920184135437012e-02,-8.537124842405319214e-02,-1.780727028846740723e+00,4.673563688993453979e-02,7.789334058761596680e-01,9.877882003784179688e-01,4.300893843173980713e-01,1.389951258897781372e-01,-1.331740170717239380e-01
1.433704793453216553e-02,-2.587958006188273430e-03,7.775562405586242676e-01,9.476864933967590332e-01,2.257372997701168060e-02,2.580840885639190674e-02,3.173557519912719727e-01,-1.390599161386489868e-01,-1.347965677268803120e-03,-3.900983184576034546e-02,1.055323183536529541e-01,-2.460834011435508728e-02,-1.150705590844154358e-01,2.650682628154754639e-01,-2.433164417743682861e-01,-1.038008093833923340e+00,9.790952503681182861e-02,-1.738473027944564819e-01,2.107987105846405029e-01,2.489829510450363159e-01,-1.147149130702018738e-01,1.565384864807128906e-01,-1.534430980682373047e-01,3.130136132240295410e-01,-5.908949375152587891e-01,1.136319875717163086e+00,1.628262847661972046e-01,9.978044778108596802e-02,-8.492537587881088257e-02,-1.781150698661804199e+00,4.845647886395454407e-02,7.773606181144714355e-01,9.855064749717712402e-01,4.274997711181640625e-01,1.387687176465988159e-01,-1.315275579690933228e-01
1.393784023821353912e-02,-2.397552598267793655e-03,7.776377201080322266e-01,9.482049345970153809e-01,2.241281233727931976e-02,2.580416388809680939e-02,3.158151507377624512e-01,-1.387699097394943237e-01,-2.217405417468398809e-04,-3.539332747459411621e-02,1.052141413092613220e-01,-2.468349598348140717e-02,-1.152986511588096619e-01,2.635609805583953857e-01,-2.443982511758804321e-01,-1.034817457199096680e+00,9.884950518608093262e-02,-1.737445443868637085e-01,2.107234001159667969e-01,2.480226755142211914e-01,-1.139658093452453613e-01,1.568521559238433838e-01,-1.537078320980072021e-01,3.132351636886596680e-01,-5.927033424377441406e-01,1.135855317115783691e+00,1.648857295513153076e-01,1.003130972385406494e-01,-8.412959426641464233e-02,-1.781157135963439941e+00,5.040839314460754395e-02,7.755705714225769043e-01,9.830099940299987793e-01,4.245118796825408936e-01,1.385495960712432861e-01,-1.295938491821289062e-01
1.352919451892375946e-02,-2.199336420744657516e-03,7.777204513549804688e-01,9.487889409065246582e-01,2.218650653958320618e-02,2.584996074438095093e-02,3.140686452388763428e-01,-1.388084292411804199e-01,1.060329377651214600e-03,-3.139130398631095886e-02,1.049984022974967957e-01,-2.475996129214763641e-02,-1.153335422277450562e-01,2.617293596267700195e-01,-2.452877759933471680e-01,-1.031325817108154297e+00,9.968060255050659180e-02,-1.734424680471420288e-01,2.108377963304519653e-01,2.471885532140731812e-01,-1.131871715188026428e-01,1.573754549026489258e-01,-1.539951562881469727e-01,3.132529556751251221e-01,-5.942937135696411133e-01,1.135628700256347656e+00,1.662532538175582886e-01,1.009006574749946594e-01,-8.321984112262725830e-02,-1.780604124069213867e+00,5.256053805351257324e-02,7.732853889465332031e-01,9.796530008316040039e-01,4.231454133987426758e-01,1.385549008846282959e-01,-1.286023110151290894e-01
1.310934312641620636e-02,-2.018069848418235779e-03,7.778165936470031738e-01,9.494453072547912598e-01,2.189567126333713531e-02,2.591184154152870178e-02,3.120943307876586914e-01,-1.389030963182449341e-01,2.522535622119903564e-03,-2.727198228240013123e-02,1.049299985170364380e-01,-2.470115385949611664e-02,-1.151662170886993408e-01,2.596722245216369629e-01,-2.458977699279785156e-01,-1.027235031127929688e+00,1.003094315528869629e-01,-1.727925091981887817e-01,2.106347978115081787e-01,2.465313971042633057e-01,-1.124347969889640808e-01,1.581505388021469116e-01,-1.540161818265914917e-01,3.131645321846008301e-01,-5.952416062355041504e-01,1.135275959968566895e+00,1.668553799390792847e-01,1.011711061000823975e-01,-8.241675049066543579e-02,-1.779633998870849609e+00,5.497214198112487793e-02,7.708964943885803223e-01,9.757837653160095215e-01,4.222256541252136230e-01,1.388050466775894165e-01,-1.284720152616500854e-01
1.263420097529888153e-02,-1.857002265751361847e-03,7.779399156570434570e-01,9.501640796661376953e-01,2.153549343347549438e-02,2.599200978875160217e-02,3.099175989627838135e-01,-1.390738040208816528e-01,4.182306583970785141e-03,-2.296877652406692505e-02,1.050472036004066467e-01,-2.479506842792034149e-02,-1.148872971534729004e-01,2.574797868728637695e-01,-2.462531477212905884e-01,-1.023025989532470703e+00,1.004932746291160583e-01,-1.715626269578933716e-01,2.102108150720596313e-01,2.460905909538269043e-01,-1.116000562906265259e-01,1.589778065681457520e-01,-1.537693589925765991e-01,3.129903376102447510e-01,-5.954819917678833008e-01,1.134807348251342773e+00,1.667563021183013916e-01,1.009540408849716187e-01,-8.169002085924148560e-02,-1.778424739837646484e+00,5.762502923607826233e-02,7.686722278594970703e-01,9.712877273559570312e-01,4.212760627269744873e-01,1.390146315097808838e-01,-1.282569468021392822e-01
1.210353150963783264e-02,-1.736180274747312069e-03,7.780758738517761230e-01,9.509333372116088867e-01,2.112093381583690643e-02,2.612490579485893250e-02,3.075667321681976318e-01,-1.393075585365295410e-01,6.041117478162050247e-03,-1.843256875872612000e-02,1.052949652075767517e-01,-2.508298121392726898e-02,-1.146125793457031250e-01,2.546713948249816895e-01,-2.466707378625869751e-01,-1.018021106719970703e+00,1.007282286882400513e-01,-1.700187176465988159e-01,2.094296663999557495e-01,2.456879019737243652e-01,-1.107247844338417053e-01,1.596062332391738892e-01,-1.532162278890609741e-01,3.128173351287841797e-01,-5.953816771507263184e-01,1.133766293525695801e+00,1.666509509086608887e-01,1.004718616604804993e-01,-8.062577247619628906e-02,-1.776959657669067383e+00,6.002367287874221802e-02,7.668522000312805176e-01,9.661570191383361816e-01,4.193844795227050781e-01,1.390995234251022339e-01,-1.279753893613815308e-01
1.153386011719703674e-02,-1.640606438741087914e-03,7.782033085823059082e-01,9.517974853515625000e-01,2.067257277667522430e-02,2.630594186484813690e-02,3.048970103263854980e-01,-1.394164264202117920e-01,8.126190863549709320e-03,-1.336780469864606857e-02,1.054981350898742676e-01,-2.552634663879871368e-02,-1.143933609127998352e-01,2.512651085853576660e-01,-2.471532225608825684e-01,-1.012067794799804688e+00,1.009675934910774231e-01,-1.684593707323074341e-01,2.085462808609008789e-01,2.453991919755935669e-01,-1.099422499537467957e-01,1.602277010679244995e-01,-1.526577621698379517e-01,3.126711249351501465e-01,-5.950480103492736816e-01,1.132627725601196289e+00,1.664690375328063965e-01,1.002693176269531250e-01,-7.936793565750122070e-02,-1.775608658790588379e+00,6.207362562417984009e-02,7.653654217720031738e-01,9.605309367179870605e-01,4.169831871986389160e-01,1.382075250148773193e-01,-1.274208873510360718e-01
1.095890346914529800e-02,-1.550828921608626842e-03,7.783252596855163574e-01,9.527977108955383301e-01,2.024826221168041229e-02,2.647237665951251984e-02,3.017708063125610352e-01,-1.392997205257415771e-01,1.044279243797063828e-02,-7.450290024280548096e-03,1.056400611996650696e-01,-2.600640617311000824e-02,-1.141768470406532288e-01,2.474364191293716431e-01,-2.478546798229217529e-01,-1.005012989044189453e+00,1.014295592904090881e-01,-1.670662313699722290e-01,2.078400105237960815e-01,2.450453639030456543e-01,-1.091956719756126404e-01,1.608767211437225342e-01,-1.521201282739639282e-01,3.124361038208007812e-01,-5.944552421569824219e-01,1.131720066070556641e+00,1.667018681764602661e-01,1.005199477076530457e-01,-7.859916239976882935e-02,-1.773843884468078613e+00,6.391395628452301025e-02,7.637512087821960449e-01,9.540486335754394531e-01,4.148201942443847656e-01,1.366747766733169556e-01,-1.265858858823776245e-01
1.037807296961545944e-02,-1.491969451308250427e-03,7.784534096717834473e-01,9.540060162544250488e-01,1.982804946601390839e-02,2.659167349338531494e-02,2.979466915130615234e-01,-1.388295143842697144e-01,1.322136819362640381e-02,-3.363330033607780933e-04,1.056458055973052979e-01,-2.673177793622016907e-02,-1.140975952148437500e-01,2.432607561349868774e-01,-2.485057115554809570e-01,-9.966715574264526367e-01,1.020528450608253479e-01,-1.660298556089401245e-01,2.070679068565368652e-01,2.446463853120803833e-01,-1.084743067622184753e-01,1.615117192268371582e-01,-1.514546275138854980e-01,3.121306598186492920e-01,-5.934059619903564453e-01,1.131238698959350586e+00,1.678709983825683594e-01,1.007143706083297729e-01,-7.871340215206146240e-02,-1.771388530731201172e+00,6.554283946752548218e-02,7.619172334671020508e-01,9.460424184799194336e-01,4.130255579948425293e-01,1.355506032705307007e-01,-1.258752197027206421e-01
9.820122271776199341e-03,-1.435150392353534698e-03,7.785977125167846680e-01,9.553443193435668945e-01,1.942551881074905396e-02,2.666554972529411316e-02,2.936475276947021484e-01,-1.381839215755462646e-01,1.618225499987602234e-02,7.456747349351644516e-03,1.057732850313186646e-01,-2.764936536550521851e-02,-1.141014620661735535e-01,2.387437075376510620e-01,-2.493561059236526489e-01,-9.874984025955200195e-01,1.030488088726997375e-01,-1.651465296745300293e-01,2.062248289585113525e-01,2.439312040805816650e-01,-1.078447476029396057e-01,1.621613353490829468e-01,-1.506400704383850098e-01,3.117958903312683105e-01,-5.920839905738830566e-01,1.131085991859436035e+00,1.699080169200897217e-01,1.011328399181365967e-01,-7.943376898765563965e-02,-1.768355727195739746e+00,6.688256561756134033e-02,7.603206634521484375e-01,9.371445178985595703e-01,4.114390313625335693e-01,1.340546160936355591e-01,-1.248102709650993347e-01
9.279295802116394043e-03,-1.327533042058348656e-03,7.787631750106811523e-01,9.568215608596801758e-01,1.904327236115932465e-02,2.664866857230663300e-02,2.888245880603790283e-01,-1.370897740125656128e-01,1.942401006817817688e-02,1.630166918039321899e-02,1.058638021349906921e-01,-2.861548587679862976e-02,-1.141127943992614746e-01,2.340550124645233154e-01,-2.502716779708862305e-01,-9.771862626075744629e-01,1.042166873812675476e-01,-1.642302274703979492e-01,2.052496671676635742e-01,2.429554164409637451e-01,-1.072792485356330872e-01,1.628203690052032471e-01,-1.496454179286956787e-01,3.114444315433502197e-01,-5.904723405838012695e-01,1.131438851356506348e+00,1.720934808254241943e-01,1.015078350901603699e-01,-8.034232258796691895e-02,-1.765027284622192383e+00,6.799729168415069580e-02,7.586866617202758789e-01,9.276241660118103027e-01,4.104126989841461182e-01,1.325126737356185913e-01,-1.241656765341758728e-01
8.752054534852504730e-03,-1.152942306362092495e-03,7.789360880851745605e-01,9.584842920303344727e-01,1.868599280714988708e-02,2.656289003789424896e-02,2.832897603511810303e-01,-1.354904472827911377e-01,2.300570532679557800e-02,2.645457722246646881e-02,1.061864867806434631e-01,-2.997536584734916687e-02,-1.140056401491165161e-01,2.287755459547042847e-01,-2.514751553535461426e-01,-9.652661681175231934e-01,1.054835021495819092e-01,-1.630304753780364990e-01,2.041594982147216797e-01,2.414041459560394287e-01,-1.068359911441802979e-01,1.634066849946975708e-01,-1.483583301305770874e-01,3.113436996936798096e-01,-5.884575247764587402e-01,1.131856441497802734e+00,1.742489784955978394e-01,1.018151864409446716e-01,-8.142288029193878174e-02,-1.761359572410583496e+00,6.919626891613006592e-02,7.568535804748535156e-01,9.174551367759704590e-01,4.098229110240936279e-01,1.307959705591201782e-01,-1.237341836094856262e-01
8.208529092371463776e-03,-9.426111355423927307e-04,7.791298031806945801e-01,9.603592157363891602e-01,1.835302263498306274e-02,2.640920691192150116e-02,2.769039571285247803e-01,-1.333048045635223389e-01,2.692785672843456268e-02,3.802970796823501587e-02,1.064636632800102234e-01,-3.168584033846855164e-02,-1.137224584817886353e-01,2.228761315345764160e-01,-2.527145743370056152e-01,-9.515537619590759277e-01,1.067004576325416565e-01,-1.617238223552703857e-01,2.030210942029953003e-01,2.392830997705459595e-01,-1.064445078372955322e-01,1.639260649681091309e-01,-1.468438357114791870e-01,3.115647435188293457e-01,-5.864166021347045898e-01,1.132509827613830566e+00,1.759178936481475830e-01,1.019935011863708496e-01,-8.299871534109115601e-02,-1.756761550903320312e+00,7.044040411710739136e-02,7.548108100891113281e-01,9.063594341278076172e-01,4.108400344848632812e-01,1.298707872629165649e-01,-1.231262087821960449e-01
7.578719872981309891e-03,-7.067831465974450111e-04,7.793331742286682129e-01,9.624678492546081543e-01,1.803166978061199188e-02,2.618826739490032196e-02,2.695269584655761719e-01,-1.303998380899429321e-01,3.128714486956596375e-02,5.114375054836273193e-02,1.068940535187721252e-01,-3.398475795984268188e-02,-1.131029576063156128e-01,2.163258492946624756e-01,-2.542256712913513184e-01,-9.358105659484863281e-01,1.080889403820037842e-01,-1.602340489625930786e-01,2.015447318553924561e-01,2.369753718376159668e-01,-1.060470044612884521e-01,1.642318218946456909e-01,-1.449349820613861084e-01,3.119067847728729248e-01,-5.844750404357910156e-01,1.132888793945312500e+00,1.775200515985488892e-01,1.021123081445693970e-01,-8.469994366168975830e-02,-1.750868678092956543e+00,7.145316153764724731e-02,7.527596354484558105e-01,8.940731287002563477e-01,4.140543043613433838e-01,1.280887573957443237e-01,-1.234430447220802307e-01
6.848931778222322464e-03,-4.188181483186781406e-04,7.795408964157104492e-01,9.648663401603698730e-01,1.775173284113407135e-02,2.580062672495841980e-02,2.608679234981536865e-01,-1.263459920883178711e-01,3.624981269240379333e-02,6.649947911500930786e-02,1.073232516646385193e-01,-3.672365471720695496e-02,-1.120111346244812012e-01,2.091557979583740234e-01,-2.558322250843048096e-01,-9.171932339668273926e-01,1.096390411257743835e-01,-1.586465984582901001e-01,1.999921351671218872e-01,2.343501895666122437e-01,-1.055228412151336670e-01,1.644914895296096802e-01,-1.424320191144943237e-01,3.123617768287658691e-01,-5.824409723281860352e-01,1.132571220397949219e+00,1.795141547918319702e-01,1.022699177265167236e-01,-8.671241998672485352e-02,-1.742182254791259766e+00,7.223124057054519653e-02,7.499318122863769531e-01,8.795073628425598145e-01,4.170100688934326172e-01,1.256089210510253906e-01,-1.244251877069473267e-01
6.116273812949657440e-03,-5.847058491781353951e-05,7.797712683677673340e-01,9.675548672676086426e-01,1.745600998401641846e-02,2.519541047513484955e-02,2.507948577404022217e-01,-1.210315376520156860e-01,4.217245802283287048e-02,8.473070710897445679e-02,1.077149063348770142e-01,-4.038344696164131165e-02,-1.109282225370407104e-01,2.012155055999755859e-01,-2.572766542434692383e-01,-8.955731391906738281e-01,1.113063320517539978e-01,-1.568651646375656128e-01,1.980664730072021484e-01,2.313538044691085815e-01,-1.046558916568756104e-01,1.646437346935272217e-01,-1.390989720821380615e-01,3.129028677940368652e-01,-5.800123214721679688e-01,1.132316589355468750e+00,1.818391531705856323e-01,1.024065241217613220e-01,-8.835915476083755493e-02,-1.732104659080505371e+00,7.266708463430404663e-02,7.457990050315856934e-01,8.621912002563476562e-01,4.203758239746093750e-01,1.229419261217117310e-01,-1.262366473674774170e-01
5.315785761922597885e-03,3.744693240150809288e-04,7.800510525703430176e-01,9.704963564872741699e-01,1.719503290951251984e-02,2.438864856958389282e-02,2.392621636390686035e-01,-1.143039539456367493e-01,4.872675240039825439e-02,1.059160009026527405e-01,1.081186532974243164e-01,-4.473574832081794739e-02,-1.095892488956451416e-01,1.921196430921554565e-01,-2.589287757873535156e-01,-8.709004521369934082e-01,1.135029718279838562e-01,-1.549509465694427490e-01,1.959211379289627075e-01,2.277650386095046997e-01,-1.034277677536010742e-01,1.646218746900558472e-01,-1.350286453962326050e-01,3.135055005550384521e-01,-5.774254798889160156e-01,1.132484674453735352e+00,1.834346204996109009e-01,1.026521250605583191e-01,-8.963146060705184937e-02,-1.717704772949218750e+00,7.244131714105606079e-02,7.402831315994262695e-01,8.418239355087280273e-01,4.222666919231414795e-01,1.197410970926284790e-01,-1.286800503730773926e-01
4.399161785840988159e-03,9.402483701705932617e-04,7.803587317466735840e-01,9.737246036529541016e-01,1.696268841624259949e-02,2.341129444539546967e-02,2.258861064910888672e-01,-1.060420274734497070e-01,5.590742826461791992e-02,1.307259351015090942e-01,1.084276214241981506e-01,-4.979776218533515930e-02,-1.080212667584419250e-01,1.813017576932907104e-01,-2.608289420604705811e-01,-8.424556255340576172e-01,1.162615716457366943e-01,-1.528126597404479980e-01,1.933150440454483032e-01,2.234232425689697266e-01,-1.019207313656806946e-01,1.644469797611236572e-01,-1.302489191293716431e-01,3.143182098865509033e-01,-5.745528340339660645e-01,1.133131861686706543e+00,1.838959157466888428e-01,1.028501763939857483e-01,-9.090963751077651978e-02,-1.699612498283386230e+00,7.119281589984893799e-02,7.330340743064880371e-01,8.181261420249938965e-01,4.209752678871154785e-01,1.162481680512428284e-01,-1.323252767324447632e-01
3.332575084641575813e-03,1.683207461610436440e-03,7.806768417358398438e-01,9.771739840507507324e-01,1.679633185267448425e-02,2.230452932417392731e-02,2.105977535247802734e-01,-9.631118178367614746e-02,6.347171217203140259e-02,1.590150743722915649e-01,1.086421459913253784e-01,-5.550381541252136230e-02,-1.062963604927062988e-01,1.688014566898345947e-01,-2.629709243774414062e-01,-8.101335763931274414e-01,1.194558739662170410e-01,-1.503310352563858032e-01,1.903845518827438354e-01,2.182386070489883423e-01,-1.000404357910156250e-01,1.641196757555007935e-01,-1.246110498905181885e-01,3.153037726879119873e-01,-5.719529390335083008e-01,1.134163618087768555e+00,1.822873502969741821e-01,1.026464626193046570e-01,-9.204987436532974243e-02,-1.676715016365051270e+00,6.875106692314147949e-02,7.236803174018859863e-01,7.915709614753723145e-01,4.167806208133697510e-01,1.122759282588958740e-01,-1.361330896615982056e-01
2.120668767020106316e-03,2.646829001605510712e-03,7.809759974479675293e-01,9.806913733482360840e-01,1.677261479198932648e-02,2.108431793749332428e-02,1.936971545219421387e-01,-8.535046130418777466e-02,7.105817645788192749e-02,1.907129734754562378e-01,1.085978001356124878e-01,-6.140182167291641235e-02,-1.043464168906211853e-01,1.546899676322937012e-01,-2.653970122337341309e-01,-7.742798924446105957e-01,1.232833713293075562e-01,-1.477804630994796753e-01,1.874191910028457642e-01,2.118274718523025513e-01,-9.789897501468658447e-02,1.640292108058929443e-01,-1.180772408843040466e-01,3.166182935237884521e-01,-5.697963237762451172e-01,1.135306596755981445e+00,1.794588416814804077e-01,1.021490767598152161e-01,-9.312447160482406616e-02,-1.648582577705383301e+00,6.470642983913421631e-02,7.122040390968322754e-01,7.630215287208557129e-01,4.097741842269897461e-01,1.079409345984458923e-01,-1.402972489595413208e-01
7.574978517368435860e-04,3.863613121211528778e-03,7.812827825546264648e-01,9.842261672019958496e-01,1.686421595513820648e-02,1.978101953864097595e-02,1.749948710203170776e-01,-7.301655411720275879e-02,7.857861369848251343e-02,2.263194024562835693e-01,1.085107773542404175e-01,-6.728250533342361450e-02,-1.024154722690582275e-01,1.385708451271057129e-01,-2.682047486305236816e-01,-7.343498468399047852e-01,1.277730911970138550e-01,-1.449120789766311646e-01,1.843514144420623779e-01,2.039676308631896973e-01,-9.536684304475784302e-02,1.642014235258102417e-01,-1.102125942707061768e-01,3.183865845203399658e-01,-5.671353340148925781e-01,1.135712862014770508e+00,1.769611090421676636e-01,1.016383096575737000e-01,-9.460062533617019653e-02,-1.614206433296203613e+00,5.800994858145713806e-02,6.982207298278808594e-01,7.338556051254272461e-01,4.013745784759521484e-01,1.014411523938179016e-01,-1.453390270471572876e-01
-7.408791570924222469e-04,5.297257099300622940e-03,7.816287279129028320e-01,9.876158833503723145e-01,1.707042567431926727e-02,1.843153312802314758e-02,1.548666507005691528e-01,-5.982424691319465637e-02,8.572428673505783081e-02,2.652207911014556885e-01,1.084301844239234924e-01,-7.300741225481033325e-02,-1.006352379918098450e-01,1.208304464817047119e-01,-2.709522843360900879e-01,-6.915009021759033203e-01,1.324934363365173340e-01,-1.413721293210983276e-01,1.814415454864501953e-01,1.950580775737762451e-01,-9.252124279737472534e-02,1.647774875164031982e-01,-1.016369089484214783e-01,3.206534981727600098e-01,-5.638489127159118652e-01,1.134232401847839355e+00,1.752915233373641968e-01,1.009402573108673096e-01,-9.592375159263610840e-02,-1.574458956718444824e+00,4.785456508398056030e-02,6.818470358848571777e-01,7.071135044097900391e-01,3.910468518733978271e-01,9.366272389888763428e-02,-1.504281461238861084e-01
-2.356030046939849854e-03,6.847873330116271973e-03,7.819619178771972656e-01,9.906284213066101074e-01,1.737267337739467621e-02,1.706321537494659424e-02,1.343964189291000366e-01,-4.652622714638710022e-02,9.194951504468917847e-02,3.047832250595092773e-01,1.084905192255973816e-01,-7.827904075384140015e-02,-9.936358779668807983e-02,1.026894077658653259e-01,-2.732840180397033691e-01,-6.486851572990417480e-01,1.367299258708953857e-01,-1.373712569475173950e-01,1.793339550495147705e-01,1.854793280363082886e-01,-8.951070159673690796e-02,1.656464785337448120e-01,-9.322018176317214966e-02,3.233658969402313232e-01,-5.611839890480041504e-01,1.130911588668823242e+00,1.757309138774871826e-01,9.979899227619171143e-02,-9.738108515739440918e-02,-1.531757235527038574e+00,3.391462564468383789e-02,6.616796851158142090e-01,6.881047487258911133e-01,3.800336420536041260e-01,8.560261130332946777e-02,-1.566952913999557495e-01
-4.037893842905759811e-03,8.461857214570045471e-03,7.822824716567993164e-01,9.931511878967285156e-01,1.768985390663146973e-02,1.568022184073925018e-02,1.144197583198547363e-01,-3.345034271478652954e-02,9.722428768873214722e-02,3.432704210281372070e-01,1.086825951933860779e-01,-8.287412673234939575e-02,-9.848778694868087769e-02,8.500547707080841064e-02,-2.749815881252288818e-01,-6.080196499824523926e-01,1.407669186592102051e-01,-1.332647949457168579e-01,1.778624057769775391e-01,1.754205226898193359e-01,-8.618333190679550171e-02,1.667980849742889404e-01,-8.563745766878128052e-02,3.265084326267242432e-01,-5.602594017982482910e-01,1.125981330871582031e+00,1.781413853168487549e-01,9.792665392160415649e-02,-9.926840662956237793e-02,-1.488034129142761230e+00,1.558958739042282104e-02,6.359823346138000488e-01,6.813080906867980957e-01,3.695610165596008301e-01,7.797571271657943726e-02,-1.660916060209274292e-01
-5.726076662540435791e-03,1.012488268315792084e-02,7.825623750686645508e-01,9.952149391174316406e-01,1.796481385827064514e-02,1.435977499932050705e-02,9.496425837278366089e-02,-2.077897079288959503e-02,1.017559021711349487e-01,3.799837231636047363e-01,1.092257574200630188e-01,-8.673908561468124390e-02,-9.807233512401580811e-02,6.771556288003921509e-02,-2.759988903999328613e-01,-5.698052048683166504e-01,1.445421427488327026e-01,-1.287466585636138916e-01,1.768447458744049072e-01,1.649391055107116699e-01,-8.252990990877151489e-02,1.681714057922363281e-01,-7.925915718078613281e-02,3.302949666976928711e-01,-5.622138381004333496e-01,1.119746208190917969e+00,1.838814765214920044e-01,9.534800052642822266e-02,-1.019096150994300842e-01,-1.445309877395629883e+00,-7.753788493573665619e-03,6.019669175148010254e-01,6.910511255264282227e-01,3.629061281681060791e-01,7.046423107385635376e-02,-1.839441359043121338e-01
-7.360856980085372925e-03,1.177785545587539673e-02,7.827833890914916992e-01,9.967890977859497070e-01,1.822573691606521606e-02,1.317899394780397415e-02,7.684876769781112671e-02,-9.351432323455810547e-03,1.056110039353370667e-01,4.139176011085510254e-01,1.102478057146072388e-01,-9.004434943199157715e-02,-9.788539260625839233e-02,5.162787437438964844e-02,-2.763868570327758789e-01,-5.351949930191040039e-01,1.476399302482604980e-01,-1.238613501191139221e-01,1.758909374475479126e-01,1.551928371191024780e-01,-7.883719354867935181e-02,1.698648929595947266e-01,-7.534221559762954712e-02,3.344946503639221191e-01,-5.670059919357299805e-01,1.113176822662353516e+00,1.917306035757064819e-01,9.232123941183090210e-02,-1.047895476222038269e-01,-1.405491232872009277e+00,-3.462687879800796509e-02,5.598033070564270020e-01,7.170392274856567383e-01,3.683337271213531494e-01,6.273626536130905151e-02,-2.150603085756301880e-01
-8.894433267414569855e-03,1.335868705064058304e-02,7.829445600509643555e-01,9.979470372200012207e-01,1.850776188075542450e-02,1.216138154268264771e-02,6.009436771273612976e-02,5.914744688197970390e-04,1.089977100491523743e-01,4.456884264945983887e-01,1.117114350199699402e-01,-9.297131747007369995e-02,-9.745475649833679199e-02,3.664451465010643005e-02,-2.761157155036926270e-01,-5.033316016197204590e-01,1.496859490871429443e-01,-1.183470636606216431e-01,1.745800524950027466e-01,1.472662836313247681e-01,-7.530759274959564209e-02,1.719070225954055786e-01,-7.421836256980895996e-02,3.389438390731811523e-01,-5.742420554161071777e-01,1.106002330780029297e+00,2.005952000617980957e-01,8.890386670827865601e-02,-1.068497076630592346e-01,-1.369035124778747559e+00,-6.373766064643859863e-02,5.122880339622497559e-01,7.539260387420654297e-01,3.913573324680328369e-01,5.390849709510803223e-02,-2.621402442455291748e-01
-1.029490679502487183e-02,1.474050246179103851e-02,7.830306291580200195e-01,9.987663626670837402e-01,1.877663470804691315e-02,1.123566459864377975e-02,4.457518458366394043e-02,9.551280178129673004e-03,1.123575940728187561e-01,4.763748645782470703e-01,1.134425550699234009e-01,-9.607679396867752075e-02,-9.675197303295135498e-02,2.263830043375492096e-02,-2.750970125198364258e-01,-4.737425148487091064e-01,1.507332324981689453e-01,-1.122688576579093933e-01,1.727997213602066040e-01,1.425747424364089966e-01,-7.194654643535614014e-02,1.741823256015777588e-01,-7.572615146636962891e-02,3.432963490486145020e-01,-5.824164152145385742e-01,1.097239017486572266e+00,2.096544057130813599e-01,8.527359366416931152e-02,-1.067060232162475586e-01,-1.334538340568542480e+00,-9.367297589778900146e-02,4.619656205177307129e-01,7.932130694389343262e-01,4.345234930515289307e-01,4.225230589509010315e-02,-3.258858323097229004e-01
-1.157221198081970215e-02,1.578972674906253815e-02,7.830137610435485840e-01,9.993098974227905273e-01,1.908007822930812836e-02,1.013736054301261902e-02,3.021415695548057556e-02,1.861048676073551178e-02,1.154873892664909363e-01,5.057984590530395508e-01,1.150270625948905945e-01,-9.934910386800765991e-02,-9.613058716058731079e-02,1.042948663234710693e-02,-2.735426127910614014e-01,-4.468416571617126465e-01,1.508232504129409790e-01,-1.061260327696800232e-01,1.710553616285324097e-01,1.412125229835510254e-01,-6.906159967184066772e-02,1.766974776983261108e-01,-7.902272790670394897e-02,3.468498289585113525e-01,-5.895046591758728027e-01,1.087856054306030273e+00,2.181110829114913940e-01,8.109881728887557983e-02,-1.036556959152221680e-01,-1.298217654228210449e+00,-1.233468130230903625e-01,4.131943881511688232e-01,8.261497616767883301e-01,4.896991252899169922e-01,2.862749062478542328e-02,-3.945733010768890381e-01
-1.275056879967451096e-02,1.643873378634452820e-02,7.829507589340209961e-01,9.996308684349060059e-01,1.934399455785751343e-02,8.928739465773105621e-03,1.685729436576366425e-02,2.799598127603530884e-02,1.183703616261482239e-01,5.331469774246215820e-01,1.164165884256362915e-01,-1.033909395337104797e-01,-9.525573253631591797e-02,3.759277460630983114e-04,-2.715767621994018555e-01,-4.234592020511627197e-01,1.505722850561141968e-01,-1.004334837198257446e-01,1.699319332838058472e-01,1.413167715072631836e-01,-6.708720326423645020e-02,1.786624044179916382e-01,-8.253962546586990356e-02,3.483518064022064209e-01,-5.919787287712097168e-01,1.078467130661010742e+00,2.225026935338973999e-01,7.531990855932235718e-02,-9.842275083065032959e-02,-1.252717614173889160e+00,-1.506841480731964111e-01,3.694452047348022461e-01,8.447141647338867188e-01,5.303566455841064453e-01,1.757450401782989502e-02,-4.515761733055114746e-01
-1.361708156764507294e-02,1.673908159136772156e-02,7.829324007034301758e-01,9.997586011886596680e-01,1.944798231124877930e-02,8.003193885087966919e-03,6.368144880980253220e-03,3.529492020606994629e-02,1.211748868227005005e-01,5.543127059936523438e-01,1.183135583996772766e-01,-1.088000833988189697e-01,-9.323569387197494507e-02,-6.638051010668277740e-03,-2.691802084445953369e-01,-4.075023531913757324e-01,1.492161899805068970e-01,-9.602940827608108521e-02,1.693580448627471924e-01,1.388826817274093628e-01,-6.622479110956192017e-02,1.786354035139083862e-01,-8.470955491065979004e-02,3.465856611728668213e-01,-5.879178643226623535e-01,1.070388436317443848e+00,2.183921635150909424e-01,6.735300272703170776e-02,-9.181006997823715210e-02,-1.194164395332336426e+00,-1.719768643379211426e-01,3.267661929130554199e-01,8.455567359924316406e-01,5.365930795669555664e-01,1.099620852619409561e-02,-4.991696476936340332e-01
-1.445880811661481857e-02,1.775073818862438202e-02,7.831658720970153809e-01,9.997791051864624023e-01,1.974308863282203674e-02,6.746992934495210648e-03,-2.548041520640254021e-03,3.793336451053619385e-02,1.238972470164299011e-01,5.688341856002807617e-01,1.202858015894889832e-01,-1.125519350171089172e-01,-8.790081739425659180e-02,-1.124851312488317490e-02,-2.686273753643035889e-01,-3.955413699150085449e-01,1.479375362396240234e-01,-9.055399149656295776e-02,1.692982017993927002e-01,1.310929805040359497e-01,-6.620805710554122925e-02,1.768155246973037720e-01,-8.799854665994644165e-02,3.456922173500061035e-01,-5.771031975746154785e-01,1.068787336349487305e+00,1.974788159132003784e-01,5.726978555321693420e-02,-8.197714388370513916e-02,-1.123301625251770020e+00,-1.875023096799850464e-01,2.874079644680023193e-01,8.363275527954101562e-01,5.237792730331420898e-01,3.986650612205266953e-03,-5.319933295249938965e-01
