-9.900204837322235107e-03,2.869245363399386406e-03,7.740417122840881348e-01,9.999393224716186523e-01,6.247924640774726868e-03,9.017180651426315308e-03,9.805081645026803017e-04,3.288513794541358948e-02,-7.317660748958587646e-02,-1.977347284555435181e-01,1.868807524442672729e-01,-2.457655370235443115e-01,3.924558870494365692e-03,-1.523535326123237610e-02,5.171494558453559875e-02,2.563059628009796143e-01,2.424265742301940918e-01,-2.688652873039245605e-01,-1.160748396068811417e-02,-3.705006092786788940e-02,-5.734426435083150864e-03,3.772384300827980042e-02,6.168039515614509583e-02,2.326120287179946899e-01,-4.704309403896331787e-01,1.048288941383361816e+00,4.628362953662872314e-01,-1.217322051525115967e-02,-2.982195094227790833e-02,-1.954022608697414398e-02,-1.880942434072494507e-01,4.922652840614318848e-01,1.000727415084838867e+00,-6.578366160392761230e-01,9.161324054002761841e-02,9.590465575456619263e-02
-1.032120548188686371e-02,2.954005729407072067e-03,7.740721702575683594e-01,9.999431371688842773e-01,6.345082540065050125e-03,8.535402826964855194e-03,7.311563822440803051e-04,3.453274443745613098e-02,-7.268480211496353149e-02,-1.969722360372543335e-01,1.848627775907516479e-01,-2.466260790824890137e-01,3.589660394936800003e-03,-1.400954462587833405e-02,4.955697059631347656e-02,2.537442147731781006e-01,2.438214123249053955e-01,-2.697174251079559326e-01,-1.032717432826757431e-02,-3.567619249224662781e-02,-4.967769142240285873e-03,3.586917370557785034e-02,6.480260193347930908e-02,2.313438057899475098e-01,-4.679343402385711670e-01,1.040301918983459473e+00,4.588960409164428711e-01,-1.176775433123111725e-02,-3.776681795716285706e-02,-1.754007674753665924e-02,-1.869677603244781494e-01,4.887334406375885010e-01,1.000075817108154297e+00,-6.450456380844116211e-01,9.540049731731414795e-02,9.808138012886047363e-02
-1.059693470597267151e-02,2.967932261526584625e-03,7.739124298095703125e-01,9.999427199363708496e-01,6.582562811672687531e-03,8.360153064131736755e-03,1.127549796365201473e-03,3.573029860854148865e-02,-7.376236468553543091e-02,-2.002729177474975586e-01,1.825921684503555298e-01,-2.458687424659729004e-01,3.871031338348984718e-03,-1.352917682379484177e-02,4.797878861427307129e-02,2.521556615829467773e-01,2.451574951410293579e-01,-2.713768482208251953e-01,-9.774919599294662476e-03,-3.553990647196769714e-02,-4.559399094432592392e-03,3.290705010294914246e-02,6.813069432973861694e-02,2.291635423898696899e-01,-4.621464014053344727e-01,1.030702829360961914e+00,4.541324079036712646e-01,-1.303028408437967300e-02,-4.631039500236511230e-02,-1.485856622457504272e-02,-1.843371391296386719e-01,4.806245565414428711e-01,9.973183870315551758e-01,-6.320681571960449219e-01,1.001143679022789001e-01,1.021867841482162476e-01
-1.064971182495355606e-02,3.055769018828868866e-03,7.737360596656799316e-01,9.999405741691589355e-01,6.824763026088476181e-03,8.294689469039440155e-03,1.864112680777907372e-03,3.709532320499420166e-02,-7.500762492418289185e-02,-2.047749161720275879e-01,1.796885728836059570e-01,-2.446160018444061279e-01,4.121330566704273224e-03,-1.295846235007047653e-02,4.691721126437187195e-02,2.509242594242095947e-01,2.462589591741561890e-01,-2.732013165950775146e-01,-9.953898377716541290e-03,-3.578502684831619263e-02,-4.843496251851320267e-03,2.917385473847389221e-02,7.215356081724166870e-02,2.272040843963623047e-01,-4.554714262485504150e-01,1.019607782363891602e+00,4.473993480205535889e-01,-1.379294414073228836e-02,-5.465951189398765564e-02,-1.168420352041721344e-02,-1.806213408708572388e-01,4.701293110847473145e-01,9.924825429916381836e-01,-6.139019727706909180e-01,1.046690195798873901e-01,1.072901710867881775e-01
-1.055128499865531921e-02,3.162061795592308044e-03,7.735785245895385742e-01,9.999355077743530273e-01,7.048974279314279556e-03,8.444907143712043762e-03,2.826526295393705368e-03,3.804482147097587585e-02,-7.609046995639801025e-02,-2.088593244552612305e-01,1.769592911005020142e-01,-2.432208359241485596e-01,3.984138369560241699e-03,-1.286925096064805984e-02,4.619496315717697144e-02,2.501911222934722900e-01,2.474690526723861694e-01,-2.748854756355285645e-01,-1.063052937388420105e-02,-3.588367626070976257e-02,-5.752479657530784607e-03,2.465073019266128540e-02,7.608570903539657593e-02,2.256304323673248291e-01,-4.482888281345367432e-01,1.007498025894165039e+00,4.346539080142974854e-01,-1.532821543514728546e-02,-6.235630437731742859e-02,-7.156711071729660034e-03,-1.760458648204803467e-01,4.562246501445770264e-01,9.843093156814575195e-01,-5.898016691207885742e-01,1.082773804664611816e-01,1.139388158917427063e-01
-1.031749416142702103e-02,3.336490131914615631e-03,7.734819650650024414e-01,9.999257326126098633e-01,7.261057384312152863e-03,8.953239768743515015e-03,3.967200405895709991e-03,3.841389715671539307e-02,-7.732418179512023926e-02,-2.130973637104034424e-01,1.744680255651473999e-01,-2.418149858713150024e-01,3.816208802163600922e-03,-1.337066665291786194e-02,4.601769521832466125e-02,2.503650486469268799e-01,2.490287125110626221e-01,-2.766916155815124512e-01,-1.179538946598768234e-02,-3.627485036849975586e-02,-7.327015977352857590e-03,1.916382461786270142e-02,8.121389895677566528e-02,2.245561331510543823e-01,-4.396018087863922119e-01,9.925586581230163574e-01,4.145799875259399414e-01,-1.921768672764301300e-02,-7.083743065595626831e-02,-8.836891502141952515e-04,-1.702888756990432739e-01,4.364894926548004150e-01,9.708808660507202148e-01,-5.535258650779724121e-01,1.104355826973915100e-01,1.215965002775192261e-01
-1.003652624785900116e-02,3.531316295266151428e-03,7.735078334808349609e-01,9.999107718467712402e-01,7.418118882924318314e-03,9.840696118772029877e-03,5.150980781763792038e-03,3.734495118260383606e-02,-7.876577973365783691e-02,-2.171274721622467041e-01,1.729290634393692017e-01,-2.408249676227569580e-01,4.056094214320182800e-03,-1.514478493481874466e-02,4.652083665132522583e-02,2.511498332023620605e-01,2.510079741477966309e-01,-2.781832218170166016e-01,-1.324989367276430130e-02,-3.711211681365966797e-02,-9.174739010632038116e-03,1.336074713617563248e-02,8.745922893285751343e-02,2.238498032093048096e-01,-4.287185668945312500e-01,9.757178425788879395e-01,3.817572891712188721e-01,-2.731460519134998322e-02,-7.857865840196609497e-02,7.314285263419151306e-03,-1.635239422321319580e-01,4.083831608295440674e-01,9.530039429664611816e-01,-4.916007816791534424e-01,1.076688691973686218e-01,1.289924681186676025e-01
-9.776886552572250366e-03,3.703323192894458771e-03,7.735857963562011719e-01,9.998911023139953613e-01,7.488014176487922668e-03,1.095539890229701996e-02,6.456955336034297943e-03,3.465072810649871826e-02,-8.025958389043807983e-02,-2.205455899238586426e-01,1.726738214492797852e-01,-2.405823767185211182e-01,4.709672182798385620e-03,-1.786574535071849823e-02,4.753428697586059570e-02,2.527753710746765137e-01,2.531132102012634277e-01,-2.793533205986022949e-01,-1.483175158500671387e-02,-3.848411887884140015e-02,-1.100061554461717606e-02,7.953270338475704193e-03,9.403309226036071777e-02,2.227796167135238647e-01,-4.139503538608551025e-01,9.585617184638977051e-01,3.219044804573059082e-01,-4.230567812919616699e-02,-8.318717032670974731e-02,1.782450824975967407e-02,-1.554893851280212402e-01,3.687885403633117676e-01,9.324336647987365723e-01,-3.817955255508422852e-01,9.624270349740982056e-02,1.368598192930221558e-01
-9.915033355355262756e-03,4.069638438522815704e-03,7.736086249351501465e-01,9.998708963394165039e-01,7.475323509424924850e-03,1.188971102237701416e-02,7.809180300682783127e-03,3.147630020976066589e-02,-8.182984590530395508e-02,-2.237107604742050171e-01,1.735707223415374756e-01,-2.408739775419235229e-01,5.688822362571954727e-03,-2.029269188642501831e-02,4.825936257839202881e-02,2.545753419399261475e-01,2.546325325965881348e-01,-2.805279791355133057e-01,-1.605854928493499756e-02,-3.945839405059814453e-02,-1.261764578521251678e-02,4.573117475956678391e-03,1.000654995441436768e-01,2.195964157581329346e-01,-3.918559551239013672e-01,9.448972344398498535e-01,2.226391881704330444e-01,-6.549376994371414185e-02,-8.098205178976058960e-02,3.028920106589794159e-02,-1.457433402538299561e-01,3.168247044086456299e-01,9.111393094062805176e-01,-2.031996250152587891e-01,7.215958088636398315e-02,1.474338918924331665e-01
-9.889387525618076324e-03,4.271898418664932251e-03,7.735079526901245117e-01,9.998573064804077148e-01,7.415461353957653046e-03,1.233117561787366867e-02,8.854012005031108856e-03,2.919666655361652374e-02,-8.334648609161376953e-02,-2.261705845594406128e-01,1.749799251556396484e-01,-2.409647554159164429e-01,6.533339153975248337e-03,-2.107985131442546844e-02,4.818893969058990479e-02,2.558945119380950928e-01,2.548114061355590820e-01,-2.816032469272613525e-01,-1.644489914178848267e-02,-3.883167728781700134e-02,-1.385304145514965057e-02,4.582002293318510056e-03,1.038881391286849976e-01,2.122256010770797729e-01,-3.584838509559631348e-01,9.385521411895751953e-01,7.533232867717742920e-02,-9.570765495300292969e-02,-7.036270201206207275e-02,4.271070659160614014e-02,-1.344971358776092529e-01,2.576521933078765869e-01,8.914957642555236816e-01,4.575163125991821289e-02,3.329124301671981812e-02,1.554780304431915283e-01
-1.006351690739393234e-02,4.586632829159498215e-03,7.733310461044311523e-01,9.998530149459838867e-01,7.303673774003982544e-03,1.238486636430025101e-02,9.336935356259346008e-03,2.737040631473064423e-02,-8.430887758731842041e-02,-2.264880985021591187e-01,1.767071783542633057e-01,-2.409138083457946777e-01,7.079716771841049194e-03,-2.109122648835182190e-02,4.769204184412956238e-02,2.568219304084777832e-01,2.551486194133758545e-01,-2.828475236892700195e-01,-1.649499125778675079e-02,-3.689133748412132263e-02,-1.408393960446119308e-02,6.902400869876146317e-03,1.045329198241233826e-01,2.008405774831771851e-01,-3.157086074352264404e-01,9.363081455230712891e-01,-1.138156428933143616e-01,-1.313819587230682373e-01,-5.976696312427520752e-02,5.207310616970062256e-02,-1.231024861335754395e-01,2.049730122089385986e-01,8.733325004577636719e-01,3.227216303348541260e-01,-7.088565733283758163e-03,1.493636369705200195e-01
-1.050656475126743317e-02,5.086816847324371338e-03,7.731564044952392578e-01,9.998582601547241211e-01,7.178174331784248352e-03,1.221144571900367737e-02,9.096272289752960205e-03,2.670005336403846741e-02,-8.479502052068710327e-02,-2.258658707141876221e-01,1.772070080041885376e-01,-2.402465045452117920e-01,7.460980210453271866e-03,-2.145136892795562744e-02,4.752005636692047119e-02,2.581050693988800049e-01,2.564238607883453369e-01,-2.832697927951812744e-01,-1.727235876023769379e-02,-3.534059226512908936e-02,-1.335813384503126144e-02,9.380970150232315063e-03,1.030845940113067627e-01,1.878767460584640503e-01,-2.713453173637390137e-01,9.271705150604248047e-01,-3.167590796947479248e-01,-1.711229234933853149e-01,-5.863798037171363831e-02,5.763224884867668152e-02,-1.144236624240875244e-01,1.676343530416488647e-01,8.541879653930664062e-01,5.608217716217041016e-01,-4.402333498001098633e-02,1.301483660936355591e-01
-1.123604737222194672e-02,5.587835330516099930e-03,7.730788588523864746e-01,9.998633265495300293e-01,7.151520345360040665e-03,1.227247528731822968e-02,8.465664461255073547e-03,2.662758529186248779e-02,-8.501147478818893433e-02,-2.252287566661834717e-01,1.748950779438018799e-01,-2.377711236476898193e-01,7.935437373816967010e-03,-2.336294949054718018e-02,4.790763556957244873e-02,2.602023780345916748e-01,2.582256793975830078e-01,-2.822443544864654541e-01,-1.901416853070259094e-02,-3.508628904819488525e-02,-1.261368114501237869e-02,1.052876934409141541e-02,1.013449802994728088e-01,1.750197261571884155e-01,-2.328081130981445312e-01,9.040211439132690430e-01,-5.087594985961914062e-01,-2.123431414365768433e-01,-6.285658478736877441e-02,6.030442938208580017e-02,-1.092542782425880432e-01,1.439262628555297852e-01,8.338123559951782227e-01,7.331635355949401855e-01,-7.904689759016036987e-02,1.100294888019561768e-01
-1.213359087705612183e-02,5.922028329223394394e-03,7.731673717498779297e-01,9.998608231544494629e-01,7.121739443391561508e-03,1.287107355892658234e-02,7.872605696320533752e-03,2.578797005116939545e-02,-8.502518385648727417e-02,-2.250313311815261841e-01,1.712309122085571289e-01,-2.342236638069152832e-01,8.300514891743659973e-03,-2.658939734101295471e-02,4.870731011033058167e-02,2.628940641880035400e-01,2.593987584114074707e-01,-2.798662781715393066e-01,-2.058288082480430603e-02,-3.554048761725425720e-02,-1.225672475993633270e-02,9.784612804651260376e-03,1.006342396140098572e-01,1.622472852468490601e-01,-1.997664719820022583e-01,8.681811094284057617e-01,-6.768994331359863281e-01,-2.543166875839233398e-01,-6.473227590322494507e-02,6.114996224641799927e-02,-1.054495573043823242e-01,1.269683092832565308e-01,8.107057213783264160e-01,8.502107262611389160e-01,-1.112567037343978882e-01,9.504146873950958252e-02
-1.295503415167331696e-02,5.995277315378189087e-03,7.733784914016723633e-01,9.998535513877868652e-01,7.049563806504011154e-03,1.371629256755113602e-02,7.416410371661186218e-03,2.408935688436031342e-02,-8.514897525310516357e-02,-2.256494760513305664e-01,1.680918037891387939e-01,-2.311857044696807861e-01,8.146435953676700592e-03,-2.991825528442859650e-02,4.954762384295463562e-02,2.654418051242828369e-01,2.595481872558593750e-01,-2.774296998977661133e-01,-2.106720581650733948e-02,-3.617049008607864380e-02,-1.219623349606990814e-02,8.062977343797683716e-03,1.003703996539115906e-01,1.502590775489807129e-01,-1.719389706850051880e-01,8.290598392486572266e-01,-8.069782853126525879e-01,-2.923499345779418945e-01,-6.220982223749160767e-02,6.165082007646560669e-02,-1.019262149930000305e-01,1.145869120955467224e-01,7.862653136253356934e-01,9.270262122154235840e-01,-1.410813927650451660e-01,8.371780067682266235e-02
-1.355289109051227570e-02,5.938843358308076859e-03,7.735574841499328613e-01,9.998464584350585938e-01,6.958384066820144653e-03,1.438339333981275558e-02,7.197900675237178802e-03,2.224752679467201233e-02,-8.545445650815963745e-02,-2.267794460058212280e-01,1.661662906408309937e-01,-2.294763624668121338e-01,7.674267981201410294e-03,-3.207759931683540344e-02,5.012962594628334045e-02,2.674159705638885498e-01,2.587336599826812744e-01,-2.756964862346649170e-01,-2.129459381103515625e-02,-3.683141246438026428e-02,-1.243265904486179352e-02,6.308428011834621429e-03,9.969078004360198975e-02,1.399530172348022461e-01,-1.493771225214004517e-01,7.924374341964721680e-01,-9.039860963821411133e-01,-3.238792717456817627e-01,-5.766956135630607605e-02,6.247498095035552979e-02,-9.876908361911773682e-02,1.062776222825050354e-01,7.619844079017639160e-01,9.749130010604858398e-01,-1.677555292844772339e-01,7.323242723941802979e-02
-1.395887136459350586e-02,5.892558023333549500e-03,7.736611962318420410e-01,9.998428225517272949e-01,6.836939603090286255e-03,1.478949282318353653e-02,6.991473957896232605e-03,2.081794477999210358e-02,-8.584038168191909790e-02,-2.281152307987213135e-01,1.652457714080810547e-01,-2.287085801362991333e-01,7.108304183930158615e-03,-3.316204249858856201e-02,5.069601163268089294e-02,2.690906524658203125e-01,2.573675513267517090e-01,-2.744853198528289795e-01,-2.139574289321899414e-02,-3.751475363969802856e-02,-1.284348778426647186e-02,4.496032372117042542e-03,9.913575649261474609e-02,1.307551562786102295e-01,-1.308298707008361816e-01,7.587278485298156738e-01,-9.809917807579040527e-01,-3.501084744930267334e-01,-5.237424373626708984e-02,6.363771110773086548e-02,-9.586352109909057617e-02,1.016335114836692810e-01,7.388608455657958984e-01,1.003962278366088867e+00,-1.914701014757156372e-01,6.291042268276214600e-02
-1.425703242421150208e-02,5.794805008918046951e-03,7.736995816230773926e-01,9.998433589935302734e-01,6.710635963827371597e-03,1.496974006295204163e-02,6.643327884376049042e-03,1.993241719901561737e-02,-8.588981628417968750e-02,-2.286439388990402222e-01,1.645728796720504761e-01,-2.283209413290023804e-01,6.542784627526998520e-03,-3.384007140994071960e-02,5.129689350724220276e-02,2.705923616886138916e-01,2.559239864349365234e-01,-2.735373973846435547e-01,-2.137751318514347076e-02,-3.803008049726486206e-02,-1.347195357084274292e-02,2.582096029072999954e-03,9.918656200170516968e-02,1.217698305845260620e-01,-1.151869669556617737e-01,7.255284190177917480e-01,-1.048568964004516602e+00,-3.740885555744171143e-01,-4.705105721950531006e-02,6.457058340311050415e-02,-9.297274053096771240e-02,9.928482770919799805e-02,7.169591784477233887e-01,1.023289442062377930e+00,-2.138401567935943604e-01,5.234355852007865906e-02
-1.445879973471164703e-02,5.586837884038686752e-03,7.736908197402954102e-01,9.998463392257690430e-01,6.638269405812025070e-03,1.499407645314931870e-02,6.201214157044887543e-03,1.978232152760028839e-02,-8.564668893814086914e-02,-2.287677228450775146e-01,1.633337289094924927e-01,-2.279593199491500854e-01,6.371395196765661240e-03,-3.422026336193084717e-02,5.168679729104042053e-02,2.716629207134246826e-01,2.549048066139221191e-01,-2.731069922447204590e-01,-2.086273394525051117e-02,-3.847729414701461792e-02,-1.443347148597240448e-02,4.984580446034669876e-04,1.000346094369888306e-01,1.128529086709022522e-01,-1.032115742564201355e-01,6.934771537780761719e-01,-1.107171654701232910e+00,-3.963845074176788330e-01,-4.170567914843559265e-02,6.559467315673828125e-02,-8.958151936531066895e-02,9.757333248853683472e-02,6.961641311645507812e-01,1.035362243652343750e+00,-2.344718426465988159e-01,4.178584367036819458e-02
-1.465270854532718658e-02,5.321289878338575363e-03,7.736630439758300781e-01,9.998500347137451172e-01,6.706259213387966156e-03,1.489222235977649689e-02,5.760002881288528442e-03,2.021887153387069702e-02,-8.526828885078430176e-02,-2.283583581447601318e-01,1.614400446414947510e-01,-2.272473275661468506e-01,6.508241407573223114e-03,-3.500799462199211121e-02,5.197637155652046204e-02,2.725149393081665039e-01,2.553535401821136475e-01,-2.735578119754791260e-01,-2.030324563384056091e-02,-3.887698426842689514e-02,-1.568000577390193939e-02,-1.575151341967284679e-03,1.005977764725685120e-01,1.046592444181442261e-01,-9.525752067565917969e-02,6.647338867187500000e-01,-1.156578302383422852e+00,-4.159726798534393311e-01,-3.608794882893562317e-02,6.623990088701248169e-02,-8.537596464157104492e-02,9.551092237234115601e-02,6.772900819778442383e-01,1.044098973274230957e+00,-2.527494430541992188e-01,3.138390555977821350e-02
-1.497445814311504364e-02,4.994549322873353958e-03,7.736182808876037598e-01,9.998514652252197266e-01,6.897476501762866974e-03,1.479722931981086731e-02,5.528784357011318207e-03,2.067973464727401733e-02,-8.513057231903076172e-02,-2.284885048866271973e-01,1.596851348876953125e-01,-2.261516004800796509e-01,6.914424709975719452e-03,-3.623638302087783813e-02,5.217519775032997131e-02,2.731243968009948730e-01,2.566970884799957275e-01,-2.745844423770904541e-01,-1.967064663767814636e-02,-3.956396505236625671e-02,-1.727446354925632477e-02,-3.823235863819718361e-03,1.006008461117744446e-01,9.717582911252975464e-02,-9.110578894615173340e-02,6.388983130455017090e-01,-1.198155403137207031e+00,-4.333486258983612061e-01,-2.920634858310222626e-02,6.735341250896453857e-02,-7.964575290679931641e-02,9.253776073455810547e-02,6.589547991752624512e-01,1.051903724670410156e+00,-2.700237333774566650e-01,2.056165039539337158e-02
-1.545781642198562622e-02,4.621621221303939819e-03,7.735905647277832031e-01,9.998497962951660156e-01,7.165589835494756699e-03,1.471345592290163040e-02,5.697562824934720993e-03,2.070861309766769409e-02,-8.508374541997909546e-02,-2.291751801967620850e-01,1.582013964653015137e-01,-2.250594198703765869e-01,7.136296946555376053e-03,-3.800099715590476990e-02,5.226332694292068481e-02,2.729876339435577393e-01,2.587231993675231934e-01,-2.760882079601287842e-01,-1.911698654294013977e-02,-4.059194028377532959e-02,-1.932288892567157745e-02,-6.031733471900224686e-03,9.984306246042251587e-02,9.051492810249328613e-02,-9.003863483667373657e-02,6.146684885025024414e-01,-1.234487771987915039e+00,-4.490985274314880371e-01,-2.061284519731998444e-02,6.917443126440048218e-02,-7.216477394104003906e-02,8.855215460062026978e-02,6.405321955680847168e-01,1.061353921890258789e+00,-2.876623272895812988e-01,9.789248928427696228e-03
-1.539784297347068787e-02,3.880623262375593185e-03,7.735355496406555176e-01,9.998431205749511719e-01,7.398202084004878998e-03,1.481695007532835007e-02,6.283309776335954666e-03,2.003203891217708588e-02,-8.523781597614288330e-02,-2.311975955963134766e-01,1.572109311819076538e-01,-2.240304499864578247e-01,7.317034993320703506e-03,-3.995439037680625916e-02,5.228056386113166809e-02,2.717656791210174561e-01,2.603508234024047852e-01,-2.772601544857025146e-01,-1.869199424982070923e-02,-4.190287366509437561e-02,-2.145418338477611542e-02,-8.379524573683738708e-03,9.819187968969345093e-02,8.452320843935012817e-02,-9.176693856716156006e-02,5.925192236900329590e-01,-1.264614343643188477e+00,-4.628487527370452881e-01,-1.018455252051353455e-02,7.158272713422775269e-02,-6.323838979005813599e-02,8.379308879375457764e-02,6.221403479576110840e-01,1.073006033897399902e+00,-3.049146234989166260e-01,-5.382461240515112877e-04
-1.581022329628467560e-02,3.562631551176309586e-03,7.734410762786865234e-01,9.998309612274169922e-01,7.564994506537914276e-03,1.508590113371610641e-02,7.297874893993139267e-03,1.900358870625495911e-02,-8.559019863605499268e-02,-2.346238046884536743e-01,1.564935892820358276e-01,-2.230145037174224854e-01,7.252761628478765488e-03,-4.181892424821853638e-02,5.225328356027603149e-02,2.699035406112670898e-01,2.614636421203613281e-01,-2.781835794448852539e-01,-1.860927417874336243e-02,-4.357502609491348267e-02,-2.348129451274871826e-02,-1.090357825160026550e-02,9.593220800161361694e-02,7.906463742256164551e-02,-9.590314328670501709e-02,5.722206830978393555e-01,-1.289591550827026367e+00,-4.743599295616149902e-01,1.635294640436768532e-03,7.476491481065750122e-02,-5.337341502308845520e-02,7.916469871997833252e-02,6.030024290084838867e-01,1.083823442459106445e+00,-3.221228718757629395e-01,-1.091483421623706818e-02
-1.628180406987667084e-02,3.309599123895168304e-03,7.733680605888366699e-01,9.998143911361694336e-01,7.656368426978588104e-03,1.544734463095664978e-02,8.599299937486648560e-03,1.747973263263702393e-02,-8.605691045522689819e-02,-2.390047460794448853e-01,1.559855192899703979e-01,-2.216962873935699463e-01,7.165815215557813644e-03,-4.317785799503326416e-02,5.216362699866294861e-02,2.677719295024871826e-01,2.615104317665100098e-01,-2.783536612987518311e-01,-1.912820897996425629e-02,-4.506544768810272217e-02,-2.528081461787223816e-02,-1.338061690330505371e-02,9.355416148900985718e-02,7.416507601737976074e-02,-1.013359054923057556e-01,5.528307557106018066e-01,-1.310025691986083984e+00,-4.833119809627532959e-01,1.284463983029127121e-02,7.786115258932113647e-02,-4.398091137409210205e-02,7.472521066665649414e-02,5.829279422760009766e-01,1.091982603073120117e+00,-3.378222584724426270e-01,-1.988041028380393982e-02
-1.677456684410572052e-02,3.180773928761482239e-03,7.733584642410278320e-01,9.997929334640502930e-01,7.727604359388351440e-03,1.597617566585540771e-02,9.958626702427864075e-03,1.592457853257656097e-02,-8.650597929954528809e-02,-2.434602230787277222e-01,1.549406051635742188e-01,-2.196956425905227661e-01,6.669395603239536285e-03,-4.453372955322265625e-02,5.196952447295188904e-02,2.662834823131561279e-01,2.606153786182403564e-01,-2.775676846504211426e-01,-1.977938972413539886e-02,-4.603132978081703186e-02,-2.675568126142024994e-02,-1.605543121695518494e-02,9.088154882192611694e-02,6.935878843069076538e-02,-1.071217581629753113e-01,5.320982933044433594e-01,-1.325806617736816406e+00,-4.904601573944091797e-01,2.096130326390266418e-02,8.053227514028549194e-02,-3.628143668174743652e-02,7.072821259498596191e-02,5.621477961540222168e-01,1.096139550209045410e+00,-3.517092764377593994e-01,-2.819721773266792297e-02
-1.734691858291625977e-02,3.311102744191884995e-03,7.734068036079406738e-01,9.997673034667968750e-01,7.821678183972835541e-03,1.669620536267757416e-02,1.119676418602466583e-02,1.405864395201206207e-02,-8.713485300540924072e-02,-2.475218623876571655e-01,1.537089198827743530e-01,-2.174623012542724609e-01,5.948611535131931305e-03,-4.651206731796264648e-02,5.172956734895706177e-02,2.654229104518890381e-01,2.603193521499633789e-01,-2.768756151199340820e-01,-2.052186056971549988e-02,-4.626097157597541809e-02,-2.809202484786510468e-02,-1.882669329643249512e-02,8.834299445152282715e-02,6.422361731529235840e-02,-1.121975034475326538e-01,5.077329874038696289e-01,-1.337514281272888184e+00,-4.961587488651275635e-01,2.552203647792339325e-02,8.207359910011291504e-02,-3.035458363592624664e-02,6.657419353723526001e-02,5.402492880821228027e-01,1.097854018211364746e+00,-3.632294535636901855e-01,-3.552293777465820312e-02
-1.791391521692276001e-02,3.569764085114002228e-03,7.734597325325012207e-01,9.997392892837524414e-01,7.994145154953002930e-03,1.750074885785579681e-02,1.229568570852279663e-02,1.207955460995435715e-02,-8.794833719730377197e-02,-2.504732310771942139e-01,1.524253636598587036e-01,-2.152892053127288818e-01,5.101567134261131287e-03,-4.916738346219062805e-02,5.131783708930015564e-02,2.649458646774291992e-01,2.612748444080352783e-01,-2.771931588649749756e-01,-2.107047662138938904e-02,-4.589324072003364563e-02,-2.939841523766517639e-02,-2.153220027685165405e-02,8.645465970039367676e-02,5.876554176211357117e-02,-1.167679801583290100e-01,4.799745082855224609e-01,-1.347025513648986816e+00,-5.008569955825805664e-01,2.888286113739013672e-02,8.271826803684234619e-02,-2.603790909051895142e-02,6.268612295389175415e-02,5.161785483360290527e-01,1.095636844635009766e+00,-3.723648190498352051e-01,-4.328052699565887451e-02
-1.829032972455024719e-02,3.697482869029045105e-03,7.734776139259338379e-01,9.997076988220214844e-01,8.240070194005966187e-03,1.838405244052410126e-02,1.336699258536100388e-02,9.922557510435581207e-03,-8.923464268445968628e-02,-2.532492578029632568e-01,1.513406038284301758e-01,-2.133096754550933838e-01,4.458654206246137619e-03,-5.277420580387115479e-02,5.083895847201347351e-02,2.647845149040222168e-01,2.640384733676910400e-01,-2.784885168075561523e-01,-2.146394178271293640e-02,-4.519841447472572327e-02,-3.064301609992980957e-02,-2.435220591723918915e-02,8.545529097318649292e-02,5.256298556923866272e-02,-1.209497973322868347e-01,4.494085907936096191e-01,-1.354968309402465820e+00,-5.051074028015136719e-01,3.151050209999084473e-02,8.313591778278350830e-02,-2.275988459587097168e-02,5.904275923967361450e-02,4.884738624095916748e-01,1.086361408233642578e+00,-3.793429434299468994e-01,-5.136125907301902771e-02
-1.862218603491783142e-02,3.797043114900588989e-03,7.734386920928955078e-01,9.996753931045532227e-01,8.510875515639781952e-03,1.928925514221191406e-02,1.430627144873142242e-02,7.628883235156536102e-03,-9.083876013755798340e-02,-2.559017837047576904e-01,1.504443287849426270e-01,-2.119089514017105103e-01,3.798149060457944870e-03,-5.721088498830795288e-02,5.040404945611953735e-02,2.647729218006134033e-01,2.682856917381286621e-01,-2.805848717689514160e-01,-2.196865901350975037e-02,-4.421505331993103027e-02,-3.172900900244712830e-02,-2.721143886446952820e-02,8.504514396190643311e-02,4.577454924583435059e-02,-1.250899136066436768e-01,4.169872403144836426e-01,-1.360408663749694824e+00,-5.082877874374389648e-01,3.301676735281944275e-02,8.383003622293472290e-02,-2.040041051805019379e-02,5.638057738542556763e-02,4.565773308277130127e-01,1.068177938461303711e+00,-3.848161995410919189e-01,-6.064586713910102844e-02
-1.903793960809707642e-02,3.978411667048931122e-03,7.733272910118103027e-01,9.996445178985595703e-01,8.787443861365318298e-03,2.017756365239620209e-02,1.504995767027139664e-02,5.113101098686456680e-03,-9.242376685142517090e-02,-2.580539584159851074e-01,1.497361212968826294e-01,-2.110344320535659790e-01,2.958171302452683449e-03,-6.258612126111984253e-02,5.019807070493698120e-02,2.646314203739166260e-01,2.741699814796447754e-01,-2.835510075092315674e-01,-2.282846719026565552e-02,-4.294459149241447449e-02,-3.261654078960418701e-02,-2.999921888113021851e-02,8.475792407989501953e-02,3.880761936306953430e-02,-1.294649690389633179e-01,3.828777372837066650e-01,-1.362969994544982910e+00,-5.102342963218688965e-01,3.497959673404693604e-02,8.473377674818038940e-02,-1.864225603640079498e-02,5.498977378010749817e-02,4.208903014659881592e-01,1.044867277145385742e+00,-3.901071250438690186e-01,-6.977877765893936157e-02
-1.953450217843055725e-02,4.183518234640359879e-03,7.731531858444213867e-01,9.996137022972106934e-01,9.106962010264396667e-03,2.110350131988525391e-02,1.562663540244102478e-02,2.441385528072714806e-03,-9.404931217432022095e-02,-2.598592936992645264e-01,1.490006595849990845e-01,-2.104143202304840088e-01,2.210129750892519951e-03,-6.876666098833084106e-02,5.012384057044982910e-02,2.646776735782623291e-01,2.813546657562255859e-01,-2.870903909206390381e-01,-2.392410859465599060e-02,-4.167362675070762634e-02,-3.335149958729743958e-02,-3.268930315971374512e-02,8.364389091730117798e-02,3.214808180928230286e-02,-1.343255192041397095e-01,3.492148816585540771e-01,-1.362233638763427734e+00,-5.110430121421813965e-01,3.646222501993179321e-02,8.559755235910415649e-02,-1.746448129415512085e-02,5.473123118281364441e-02,3.836813867092132568e-01,1.018393516540527344e+00,-3.945906758308410645e-01,-7.883705198764801025e-02
-2.008410915732383728e-02,4.295439459383487701e-03,7.729407548904418945e-01,9.995824694633483887e-01,9.472100995481014252e-03,2.201930806040763855e-02,1.613462716341018677e-02,-1.288816420128569007e-04,-9.563463926315307617e-02,-2.610726058483123779e-01,1.480545699596405029e-01,-2.097671031951904297e-01,1.561684766784310341e-03,-7.517584413290023804e-02,5.010354891419410706e-02,2.648332417011260986e-01,2.892929315567016602e-01,-2.909842729568481445e-01,-2.512990683317184448e-02,-4.052681103348731995e-02,-3.400030732154846191e-02,-3.527627512812614441e-02,8.167941123247146606e-02,2.594111859798431396e-02,-1.393792480230331421e-01,3.175740838050842285e-01,-1.359026432037353516e+00,-5.100587606430053711e-01,3.769674152135848999e-02,8.607508987188339233e-02,-1.638889126479625702e-02,5.562947317957878113e-02,3.469624817371368408e-01,9.908745884895324707e-01,-3.974898457527160645e-01,-8.826269954442977905e-02
-2.060997858643531799e-02,4.356816876679658890e-03,7.727110981941223145e-01,9.995480775833129883e-01,9.889544919133186340e-03,2.300490066409111023e-02,1.663149707019329071e-02,-2.427793107926845551e-03,-9.726920723915100098e-02,-2.622614800930023193e-01,1.465231478214263916e-01,-2.090346813201904297e-01,9.483941248618066311e-04,-8.187577873468399048e-02,5.016748607158660889e-02,2.654219865798950195e-01,2.978447973728179932e-01,-2.947423458099365234e-01,-2.608906105160713196e-02,-3.936802968382835388e-02,-3.470163047313690186e-02,-3.781216964125633240e-02,7.895833998918533325e-02,2.006811276078224182e-02,-1.432020664215087891e-01,2.883849442005157471e-01,-1.355718255043029785e+00,-5.072977542877197266e-01,3.897788748145103455e-02,8.630351722240447998e-02,-1.495081745088100433e-02,5.766550451517105103e-02,3.118498921394348145e-01,9.679908752441406250e-01,-3.995775580406188965e-01,-9.603648632764816284e-02
-2.105180546641349792e-02,4.338975064456462860e-03,7.725175619125366211e-01,9.995095729827880859e-01,1.034291740506887436e-02,2.404936775565147400e-02,1.718410104513168335e-02,-4.382966086268424988e-03,-9.883348643779754639e-02,-2.637531757354736328e-01,1.444654762744903564e-01,-2.083350867033004761e-01,7.319434371311217546e-05,-8.868942409753799438e-02,5.017081275582313538e-02,2.659905552864074707e-01,3.064934611320495605e-01,-2.985529601573944092e-01,-2.657751180231571198e-02,-3.861036896705627441e-02,-3.557180613279342651e-02,-4.045860469341278076e-02,7.619445770978927612e-02,1.483863592147827148e-02,-1.454358100891113281e-01,2.621675431728363037e-01,-1.353083610534667969e+00,-5.037537217140197754e-01,4.103397205471992493e-02,8.594311028718948364e-02,-1.293569151312112808e-02,6.064963340759277344e-02,2.793301641941070557e-01,9.501391649246215820e-01,-4.017697572708129883e-01,-1.022500097751617432e-01
-2.145179174840450287e-02,4.209600389003753662e-03,7.723428010940551758e-01,9.994680881500244141e-01,1.081631146371364594e-02,2.510662376880645752e-02,1.778049767017364502e-02,-6.473820656538009644e-03,-1.004371121525764465e-01,-2.655532658100128174e-01,1.423256695270538330e-01,-2.081242203712463379e-01,-1.105892937630414963e-03,-9.561040997505187988e-02,5.008374527096748352e-02,2.666273415088653564e-01,3.155660927295684814e-01,-3.026771247386932373e-01,-2.688029594719409943e-02,-3.785263001918792725e-02,-3.670375049114227295e-02,-4.313329607248306274e-02,7.339934259653091431e-02,1.019761711359024048e-02,-1.459808051586151123e-01,2.383114546537399292e-01,-1.348002672195434570e+00,-5.000442862510681152e-01,4.273385554552078247e-02,8.558886498212814331e-02,-1.052236091345548630e-02,6.428878009319305420e-02,2.489133626222610474e-01,9.353840351104736328e-01,-4.042970538139343262e-01,-1.075027510523796082e-01
-2.181597426533699036e-02,3.886331804096698761e-03,7.721317410469055176e-01,9.994251728057861328e-01,1.139175985008478165e-02,2.611329592764377594e-02,1.837589405477046967e-02,-8.511079475283622742e-03,-1.020720899105072021e-01,-2.671643495559692383e-01,1.401003301143646240e-01,-2.080066502094268799e-01,-2.368901157751679420e-03,-1.029920428991317749e-01,5.002834647893905640e-02,2.671931982040405273e-01,3.260713219642639160e-01,-3.077404201030731201e-01,-2.738840878009796143e-02,-3.695105388760566711e-02,-3.813640028238296509e-02,-4.575171321630477905e-02,6.980179250240325928e-02,6.265996024012565613e-03,-1.451602876186370850e-01,2.175348848104476929e-01,-1.339869737625122070e+00,-4.955136477947235107e-01,4.423537850379943848e-02,8.469957113265991211e-02,-8.127438835799694061e-03,6.846525520086288452e-02,2.209454029798507690e-01,9.213667511940002441e-01,-4.062312841415405273e-01,-1.126034408807754517e-01
-2.211707085371017456e-02,3.422036767005920410e-03,7.718488574028015137e-01,9.993851184844970703e-01,1.212413515895605087e-02,2.696471475064754486e-02,1.885024644434452057e-02,-1.031289994716644287e-02,-1.038249731063842773e-01,-2.683462798595428467e-01,1.380943059921264648e-01,-2.082207500934600830e-01,-3.558200551196932793e-03,-1.107439100742340088e-01,5.008193850517272949e-02,2.679010331630706787e-01,3.383598029613494873e-01,-3.140881061553955078e-01,-2.805936150252819061e-02,-3.582796454429626465e-02,-3.992650285363197327e-02,-4.830369353294372559e-02,6.603120267391204834e-02,2.523169619962573051e-03,-1.442997455596923828e-01,1.994118243455886841e-01,-1.329804658889770508e+00,-4.923224449157714844e-01,4.528762400150299072e-02,8.319340646266937256e-02,-5.649540107697248459e-03,7.305781543254852295e-02,1.950963437557220459e-01,9.067666530609130859e-01,-4.077463150024414062e-01,-1.165794581174850464e-01
-2.239071018993854523e-02,2.875801641494035721e-03,7.714590430259704590e-01,9.993492960929870605e-01,1.306096930056810379e-02,2.754656970500946045e-02,1.927643641829490662e-02,-1.128728222101926804e-02,-1.057354062795639038e-01,-2.691824138164520264e-01,1.364208459854125977e-01,-2.088224440813064575e-01,-4.851343575865030289e-03,-1.187736317515373230e-01,5.010414123535156250e-02,2.682574689388275146e-01,3.528448343276977539e-01,-3.217792212963104248e-01,-2.943088114261627197e-02,-3.458631038665771484e-02,-4.201366752386093140e-02,-5.071811005473136902e-02,6.178135052323341370e-02,-1.063538831658661366e-03,-1.441640555858612061e-01,1.830983608961105347e-01,-1.317795395851135254e+00,-4.902106523513793945e-01,4.503633826971054077e-02,8.070313185453414917e-02,-3.327284939587116241e-03,7.845905423164367676e-02,1.713100224733352661e-01,8.912885785102844238e-01,-4.089501202106475830e-01,-1.194630712270736694e-01
-2.268663421273231506e-02,2.235166262835264206e-03,7.709380388259887695e-01,9.993143677711486816e-01,1.436114776879549026e-02,2.788926288485527039e-02,1.966595835983753204e-02,-1.127913966774940491e-02,-1.080583408474922180e-01,-2.698143720626831055e-01,1.346967071294784546e-01,-2.098446786403656006e-01,-6.618500687181949615e-03,-1.277759373188018799e-01,4.991423338651657104e-02,2.679615914821624756e-01,3.704945147037506104e-01,-3.311774134635925293e-01,-3.127369284629821777e-02,-3.328285366296768188e-02,-4.467362165451049805e-02,-5.325371399521827698e-02,5.630528926849365234e-02,-4.735551308840513229e-03,-1.440641433000564575e-01,1.684094071388244629e-01,-1.304691195487976074e+00,-4.886642992496490479e-01,4.312362149357795715e-02,7.650713622570037842e-02,-1.071170205250382423e-03,8.350586146116256714e-02,1.492577940225601196e-01,8.741163015365600586e-01,-4.093715548515319824e-01,-1.222081333398818970e-01
-2.305001765489578247e-02,1.535593532025814056e-03,7.702757120132446289e-01,9.992762207984924316e-01,1.598891988396644592e-02,2.806555852293968201e-02,2.009299397468566895e-02,-1.051689870655536652e-02,-1.108344644308090210e-01,-2.706686258316040039e-01,1.329897940158843994e-01,-2.114542424678802490e-01,-8.810745552182197571e-03,-1.378422081470489502e-01,4.951582103967666626e-02,2.668772339820861816e-01,3.910458385944366455e-01,-3.420870602130889893e-01,-3.347628936171531677e-02,-3.192697837948799133e-02,-4.784719273447990417e-02,-5.588443949818611145e-02,4.974360764026641846e-02,-8.754300884902477264e-03,-1.429891884326934814e-01,1.553191393613815308e-01,-1.290951013565063477e+00,-4.874352514743804932e-01,4.059175774455070496e-02,7.090828567743301392e-02,1.296137808822095394e-03,8.845040947198867798e-02,1.289466023445129395e-01,8.573326468467712402e-01,-4.082506299018859863e-01,-1.247403919696807861e-01
-2.338884584605693817e-02,6.980146281421184540e-04,7.694976329803466797e-01,9.992320537567138672e-01,1.797024905681610107e-02,2.813199907541275024e-02,2.051742561161518097e-02,-9.187279269099235535e-03,-1.140603348612785339e-01,-2.716016471385955811e-01,1.310020536184310913e-01,-2.135628014802932739e-01,-1.136789191514253616e-02,-1.491224467754364014e-01,4.886328428983688354e-02,2.651587724685668945e-01,4.147091805934906006e-01,-3.548986017704010010e-01,-3.637102991342544556e-02,-3.021300584077835083e-02,-5.153851211071014404e-02,-5.835408717393875122e-02,4.241647571325302124e-02,-1.300259027630090714e-02,-1.405004411935806274e-01,1.419076621532440186e-01,-1.276382803916931152e+00,-4.863556027412414551e-01,3.849710524082183838e-02,6.474629789590835571e-02,3.634039079770445824e-03,9.317384660243988037e-02,1.092776358127593994e-01,8.422256708145141602e-01,-4.051732718944549561e-01,-1.263574957847595215e-01
-2.372492477297782898e-02,-5.270303227007389069e-04,7.687013149261474609e-01,9.991732239723205566e-01,2.031450346112251282e-02,2.821527048945426941e-02,2.107335068285465240e-02,-7.747441064566373825e-03,-1.178008839488029480e-01,-2.735111415386199951e-01,1.288269758224487305e-01,-2.160871028900146484e-01,-1.401710230857133865e-02,-1.612657904624938965e-01,4.820179194211959839e-02,2.630716562271118164e-01,4.400751292705535889e-01,-3.691193461418151855e-01,-4.023442789912223816e-02,-2.832432650029659271e-02,-5.556866899132728577e-02,-6.064065173268318176e-02,3.461437299847602844e-02,-1.727151125669479370e-02,-1.381024122238159180e-01,1.277800500392913818e-01,-1.260800242424011230e+00,-4.853710830211639404e-01,3.838795796036720276e-02,5.804903805255889893e-02,6.386600900441408157e-03,9.643563628196716309e-02,8.927572518587112427e-02,8.299985527992248535e-01,-4.027709662914276123e-01,-1.260776370763778687e-01
-2.415536530315876007e-02,-2.103751059621572495e-03,7.679305076599121094e-01,9.990857243537902832e-01,2.285107597708702087e-02,2.875570394098758698e-02,2.187563478946685791e-02,-7.340714335441589355e-03,-1.219124346971511841e-01,-2.777589261531829834e-01,1.265874654054641724e-01,-2.183975875377655029e-01,-1.650171354413032532e-02,-1.736093312501907349e-01,4.785963520407676697e-02,2.621829211711883545e-01,4.640341401100158691e-01,-3.826836943626403809e-01,-4.522115737199783325e-02,-2.684787660837173462e-02,-5.935361608862876892e-02,-6.294396519660949707e-02,2.585289999842643738e-02,-2.125443145632743835e-02,-1.354211866855621338e-01,1.144432052969932556e-01,-1.242275714874267578e+00,-4.845857620239257812e-01,3.947275876998901367e-02,5.065326020121574402e-02,1.022370532155036926e-02,9.775324165821075439e-02,6.983843445777893066e-02,8.205088376998901367e-01,-4.011645913124084473e-01,-1.245825663208961487e-01
-2.484776265919208527e-02,-4.003942944109439850e-03,7.668316960334777832e-01,9.989515542984008789e-01,2.583663351833820343e-02,3.011213615536689758e-02,2.283589541912078857e-02,-8.937230333685874939e-03,-1.266023218631744385e-01,-2.843038141727447510e-01,1.240450665354728699e-01,-2.216099947690963745e-01,-1.915629021823406219e-02,-1.880522966384887695e-01,4.712719842791557312e-02,2.616086602210998535e-01,4.879107177257537842e-01,-3.952747285366058350e-01,-5.085795372724533081e-02,-2.497967518866062164e-02,-6.261324882507324219e-02,-6.537886708974838257e-02,1.533552445471286774e-02,-2.505909837782382965e-02,-1.298366487026214600e-01,9.971709549427032471e-02,-1.210516691207885742e+00,-4.851917028427124023e-01,3.943407908082008362e-02,4.222464188933372498e-02,1.696658693253993988e-02,9.914545714855194092e-02,4.954827949404716492e-02,8.123330473899841309e-01,-3.976510465145111084e-01,-1.222925111651420593e-01
-2.513492107391357422e-02,-7.418256718665361404e-03,7.667630910873413086e-01,9.988558888435363770e-01,2.867600321769714355e-02,3.144032508134841919e-02,2.181950584053993225e-02,-6.664589513093233109e-03,-1.304480731487274170e-01,-2.932038307189941406e-01,1.201227530837059021e-01,-2.170187830924987793e-01,-1.909116283059120178e-02,-1.973434537649154663e-01,5.118311196565628052e-02,2.726981341838836670e-01,5.118768215179443359e-01,-4.136406481266021729e-01,-3.932984173297882080e-02,-1.618675328791141510e-02,-6.371784955263137817e-02,-6.225910410284996033e-02,1.577836647629737854e-02,-2.023523300886154175e-02,-1.229781955480575562e-01,8.300025016069412231e-02,-1.126679778099060059e+00,-4.508522450923919678e-01,2.337734587490558624e-02,3.357245400547981262e-02,2.098547294735908508e-02,8.892626315355300903e-02,3.888466581702232361e-02,7.862354516983032227e-01,-3.582975864410400391e-01,-1.072321459650993347e-01
-2.717530168592929840e-02,-8.641506545245647430e-03,7.657328844070434570e-01,9.986005425453186035e-01,3.054327890276908875e-02,3.468400239944458008e-02,2.571188658475875854e-02,-2.133768983185291290e-02,-1.336532384157180786e-01,-2.917129099369049072e-01,1.220525279641151428e-01,-2.137257009744644165e-01,-2.557389624416828156e-02,-2.149980366230010986e-01,4.341721907258033752e-02,2.522144317626953125e-01,5.179746150970458984e-01,-4.055841863155364990e-01,-5.588800087571144104e-02,-1.837158575654029846e-02,-6.426505744457244873e-02,-6.470312923192977905e-02,-9.596848860383033752e-03,-2.767908573150634766e-02,-1.316920369863510132e-01,7.977236062288284302e-02,-1.151279687881469727e+00,-4.914016127586364746e-01,2.463316544890403748e-02,1.324757747352123260e-02,3.232806175947189331e-02,1.017944812774658203e-01,1.998404972255229950e-02,7.947178483009338379e-01,-4.039070606231689453e-01,-1.200365275144577026e-01
-2.887007594108581543e-02,-1.203999761492013931e-02,7.659779787063598633e-01,9.981080889701843262e-01,3.311339393258094788e-02,3.967732191085815430e-02,3.330817073583602905e-02,-3.757936134934425354e-02,-1.389216929674148560e-01,-3.062609136104583740e-01,1.214888244867324829e-01,-2.001986056566238403e-01,-3.329049795866012573e-02,-2.338081747293472290e-01,3.808172047138214111e-02,2.408945560455322266e-01,5.309350490570068359e-01,-4.058477878570556641e-01,-6.344691663980484009e-02,-1.914280652999877930e-02,-6.529266387224197388e-02,-6.187204271554946899e-02,-1.609561406075954437e-02,-3.017539903521537781e-02,-1.407503336668014526e-01,8.626333624124526978e-02,-1.152057528495788574e+00,-4.861386120319366455e-01,1.494517736136913300e-02,1.823760685510933399e-03,4.755416885018348694e-02,9.972859919071197510e-02,3.780707716941833496e-03,7.763381600379943848e-01,-3.981341719627380371e-01,-1.267663091421127319e-01
-3.061050735414028168e-02,-1.531525701284408569e-02,7.664789557456970215e-01,9.974125027656555176e-01,3.558221086859703064e-02,4.468726739287376404e-02,4.364871606230735779e-02,-5.475750192999839783e-02,-1.451258808374404907e-01,-3.217167258262634277e-01,1.231521591544151306e-01,-1.843340396881103516e-01,-3.653217479586601257e-02,-2.498401850461959839e-01,3.077642433345317841e-02,2.269119620323181152e-01,5.364870429039001465e-01,-4.015331864356994629e-01,-6.816408038139343262e-02,-2.047087624669075012e-02,-6.706032156944274902e-02,-5.824929475784301758e-02,-2.146939560770988464e-02,-3.414156287908554077e-02,-1.533508598804473877e-01,9.624320268630981445e-02,-1.160534620285034180e+00,-4.783688783645629883e-01,1.353887282311916351e-02,-1.345761679112911224e-02,5.924627184867858887e-02,1.003630086779594421e-01,-1.201860234141349792e-02,7.160186171531677246e-01,-3.803131878376007080e-01,-1.452823579311370850e-01
-3.247665986418724060e-02,-1.854219287633895874e-02,7.674397230148315430e-01,9.965566992759704590e-01,3.767076507210731506e-02,4.989085346460342407e-02,5.446629226207733154e-02,-7.548690587282180786e-02,-1.524681299924850464e-01,-3.362530469894409180e-01,1.311033964157104492e-01,-1.698307543992996216e-01,-3.369812667369842529e-02,-2.658301591873168945e-01,2.298002131283283234e-02,2.096375823020935059e-01,5.382992029190063477e-01,-3.939149081707000732e-01,-7.085350155830383301e-02,-1.836641505360603333e-02,-6.833124160766601562e-02,-5.236947536468505859e-02,-3.197598457336425781e-02,-3.729545697569847107e-02,-1.641561686992645264e-01,9.939877688884735107e-02,-1.166146278381347656e+00,-4.737488925457000732e-01,9.881668724119663239e-03,-3.823749721050262451e-02,6.255291402339935303e-02,1.094285994768142700e-01,-2.777563594281673431e-02,6.256096959114074707e-01,-3.520953059196472168e-01,-1.638394594192504883e-01
-3.451467305421829224e-02,-2.173241972923278809e-02,7.684576511383056641e-01,9.956855773925781250e-01,3.997060656547546387e-02,5.438269302248954773e-02,6.367998570203781128e-02,-1.023436486721038818e-01,-1.628548651933670044e-01,-3.443346321582794189e-01,1.538996100425720215e-01,-1.593556553125381470e-01,-3.061878681182861328e-02,-2.811435759067535400e-01,1.385861169546842575e-02,1.925198435783386230e-01,5.417275428771972656e-01,-3.847206234931945801e-01,-6.781926006078720093e-02,-1.281511038541793823e-02,-6.852821260690689087e-02,-4.057382792234420776e-02,-5.306967720389366150e-02,-3.701080009341239929e-02,-1.685048043727874756e-01,9.285271167755126953e-02,-1.166486859321594238e+00,-4.627425968647003174e-01,-2.839576452970504761e-03,-7.190573960542678833e-02,5.585823580622673035e-02,1.345048993825912476e-01,-3.078667074441909790e-02,5.571962594985961914e-01,-3.215448856353759766e-01,-1.708764731884002686e-01
-3.686103597283363342e-02,-2.450002357363700867e-02,7.686107158660888672e-01,9.948361515998840332e-01,4.473613202571868896e-02,5.813745036721229553e-02,7.014022022485733032e-02,-1.492791026830673218e-01,-1.827373206615447998e-01,-3.153807818889617920e-01,2.255627810955047607e-01,-1.700304448604583740e-01,-2.532047964632511139e-02,-3.055693507194519043e-01,-8.932576747611165047e-04,1.771586835384368896e-01,5.617088675498962402e-01,-3.809400498867034912e-01,-6.137997657060623169e-02,-6.313568912446498871e-03,-6.997429579496383667e-02,-1.999656297266483307e-02,-7.265435159206390381e-02,-3.376876935362815857e-02,-1.693493425846099854e-01,7.966272532939910889e-02,-1.158777356147766113e+00,-4.558969140052795410e-01,-7.877441123127937317e-03,-1.043658256530761719e-01,4.282770305871963501e-02,1.771222352981567383e-01,-1.545647624880075455e-02,5.279201269149780273e-01,-3.020396828651428223e-01,-1.666623204946517944e-01
-4.012738913297653198e-02,-2.620946615934371948e-02,7.671166658401489258e-01,9.942705035209655762e-01,5.151570960879325867e-02,6.004381552338600159e-02,7.188257575035095215e-02,-2.039094269275665283e-01,-1.978370100259780884e-01,-2.171282172203063965e-01,3.646437525749206543e-01,-2.075942307710647583e-01,-3.102229675278067589e-03,-3.340517878532409668e-01,-1.439184695482254028e-02,1.730154007673263550e-01,6.037171483039855957e-01,-3.922248184680938721e-01,-5.778434500098228455e-02,3.959088586270809174e-03,-7.118615508079528809e-02,4.504779819399118423e-03,-9.453596174716949463e-02,-2.423003874719142914e-02,-1.674093306064605713e-01,6.108649820089340210e-02,-1.156084418296813965e+00,-4.540996849536895752e-01,-3.530677873641252518e-03,-1.427837163209915161e-01,2.548931911587715149e-02,2.276767194271087646e-01,6.532062776386737823e-03,5.140025019645690918e-01,-2.855233550071716309e-01,-1.557188034057617188e-01
-4.373668506741523743e-02,-2.778038568794727325e-02,7.641012072563171387e-01,9.939773082733154297e-01,5.931955575942993164e-02,5.990095436573028564e-02,7.001612335443496704e-02,-2.507440745830535889e-01,-1.996431946754455566e-01,-9.534996002912521362e-02,5.607324242591857910e-01,-2.438605576753616333e-01,1.967455632984638214e-02,-3.647737801074981689e-01,-2.612575888633728027e-02,1.747946888208389282e-01,6.595285534858703613e-01,-4.116913080215454102e-01,-5.381786450743675232e-02,1.340783853083848953e-02,-7.234045863151550293e-02,2.926603518426418304e-02,-1.174755766987800598e-01,-8.356972597539424896e-03,-1.573357433080673218e-01,2.963159233331680298e-02,-1.139401197433471680e+00,-4.491147696971893311e-01,3.182373940944671631e-03,-1.826003640890121460e-01,8.058937266469001770e-03,2.810176312923431396e-01,2.479987591505050659e-02,5.080020427703857422e-01,-2.668039202690124512e-01,-1.436629891395568848e-01
-4.749136418104171753e-02,-2.949117496609687805e-02,7.587824463844299316e-01,9.939180612564086914e-01,6.594564765691757202e-02,5.870788544416427612e-02,6.581386923789978027e-02,-2.750991880893707275e-01,-1.824597865343093872e-01,6.563899572938680649e-03,7.740434408187866211e-01,-2.675543725490570068e-01,4.017650336027145386e-02,-3.993335366249084473e-01,-3.105308674275875092e-02,1.804226487874984741e-01,7.248023152351379395e-01,-4.378041028976440430e-01,-4.689658805727958679e-02,1.894941739737987518e-02,-7.169126719236373901e-02,5.278174579143524170e-02,-1.434118002653121948e-01,1.892939023673534393e-02,-1.404093801975250244e-01,-1.535766385495662689e-02,-1.106132745742797852e+00,-4.428018927574157715e-01,2.043477492406964302e-03,-2.264381647109985352e-01,-7.233605254441499710e-03,3.410515785217285156e-01,3.741986304521560669e-02,5.013055801391601562e-01,-2.412883788347244263e-01,-1.288254261016845703e-01
-5.127097293734550476e-02,-3.147111088037490845e-02,7.508686184883117676e-01,9.939963817596435547e-01,6.994163244962692261e-02,5.797712877392768860e-02,6.097571924328804016e-02,-2.756208777427673340e-01,-1.473014354705810547e-01,7.812775671482086182e-02,9.692350625991821289e-01,-2.759917974472045898e-01,5.585275590419769287e-02,-4.401901662349700928e-01,-2.753406763076782227e-02,1.851982921361923218e-01,7.992167472839355469e-01,-4.691129624843597412e-01,-3.915763646364212036e-02,1.975736208260059357e-02,-6.815062463283538818e-02,7.318031787872314453e-02,-1.731579452753067017e-01,5.949531495571136475e-02,-1.173285171389579773e-01,-6.674570590257644653e-02,-1.066130638122558594e+00,-4.335648715496063232e-01,-9.212451986968517303e-03,-2.724548280239105225e-01,-1.905932836234569550e-02,4.070735871791839600e-01,4.180988669395446777e-02,4.847700297832489014e-01,-2.134116441011428833e-01,-1.103198006749153137e-01
-5.495361238718032837e-02,-3.345380723476409912e-02,7.406575679779052734e-01,9.941465258598327637e-01,7.133252918720245361e-02,5.783820897340774536e-02,5.691365152597427368e-02,-2.559245228767395020e-01,-1.150435805320739746e-01,1.104548200964927673e-01,1.119913458824157715e+00,-2.616226077079772949e-01,4.741382598876953125e-02,-4.856016039848327637e-01,-1.838851906359195709e-02,1.871180832386016846e-01,8.813433647155761719e-01,-5.030540227890014648e-01,-3.388838469982147217e-02,1.838259398937225342e-02,-6.170384213328361511e-02,9.046392142772674561e-02,-2.048241496086120605e-01,1.095486953854560852e-01,-9.031966328620910645e-02,-1.181173846125602722e-01,-1.026766061782836914e+00,-4.224111437797546387e-01,-2.241224795579910278e-02,-3.144180476665496826e-01,-2.669091336429119110e-02,4.729115068912506104e-01,3.367291763424873352e-02,4.555306732654571533e-01,-1.875182539224624634e-01,-9.052944928407669067e-02
-5.858393386006355286e-02,-3.510259836912155151e-02,7.284970283508300781e-01,9.942678213119506836e-01,7.161200046539306641e-02,5.819962546229362488e-02,5.399966984987258911e-02,-2.221744358539581299e-01,-9.654174745082855225e-02,1.154754161834716797e-01,1.219937562942504883e+00,-2.283992916345596313e-01,1.749697886407375336e-02,-5.339962840080261230e-01,-8.447177708148956299e-03,1.852054595947265625e-01,9.691175818443298340e-01,-5.406545400619506836e-01,-3.149853274226188660e-02,1.638494804501533508e-02,-5.466891452670097351e-02,1.057617291808128357e-01,-2.371818423271179199e-01,1.663522422313690186e-01,-6.174257397651672363e-02,-1.652131080627441406e-01,-9.920274615287780762e-01,-4.110854864120483398e-01,-3.347470611333847046e-02,-3.532638847827911377e-01,-3.071048855781555176e-02,5.346540212631225586e-01,1.509719993919134140e-02,4.160918295383453369e-01,-1.607959568500518799e-01,-6.816922128200531006e-02
-6.266920268535614014e-02,-3.652391955256462097e-02,7.146528363227844238e-01,9.942818880081176758e-01,7.170818746089935303e-02,5.934163928031921387e-02,5.234546586871147156e-02,-1.812635064125061035e-01,-9.654860943555831909e-02,1.013474985957145691e-01,1.272597074508666992e+00,-1.960022002458572388e-01,-2.713113650679588318e-02,-5.849108695983886719e-01,-9.731067693792283535e-04,1.800273805856704712e-01,1.059866189956665039e+00,-5.799010396003723145e-01,-3.103818930685520172e-02,1.451886724680662155e-02,-4.817228019237518311e-02,1.199763640761375427e-01,-2.707730233669281006e-01,2.279639244079589844e-01,-3.358007222414016724e-02,-2.061827480792999268e-01,-9.629828929901123047e-01,-3.990105688571929932e-01,-4.238228872418403625e-02,-3.912769556045532227e-01,-3.164767846465110779e-02,5.909276604652404785e-01,-9.845352731645107269e-03,3.708610832691192627e-01,-1.333018988370895386e-01,-3.900161385536193848e-02
-6.762963533401489258e-02,-3.799574822187423706e-02,6.994430422782897949e-01,9.941400885581970215e-01,7.242599874734878540e-02,6.144139915704727173e-02,5.162243917584419250e-02,-1.414782702922821045e-01,-1.091356351971626282e-01,8.138177543878555298e-02,1.291440248489379883e+00,-1.715427041053771973e-01,-7.593522965908050537e-02,-6.390581727027893066e-01,3.588782157748937607e-03,1.745263934135437012e-01,1.151725769042968750e+00,-6.180488467216491699e-01,-3.075885213911533356e-02,1.371085178107023239e-02,-4.340863972902297974e-02,1.340764760971069336e-01,-3.069730103015899658e-01,2.921752929687500000e-01,-6.733433343470096588e-03,-2.407033443450927734e-01,-9.363176226615905762e-01,-3.861185014247894287e-01,-4.628513753414154053e-02,-4.305851459503173828e-01,-2.932462841272354126e-02,6.405320763587951660e-01,-3.743351995944976807e-02,3.267209529876708984e-01,-1.077943518757820129e-01,-5.038865376263856888e-03
-7.359188050031661987e-02,-3.940977156162261963e-02,6.833658218383789062e-01,9.938846826553344727e-01,7.397000491619110107e-02,6.375781446695327759e-02,5.154254660010337830e-02,-1.074914783239364624e-01,-1.304488331079483032e-01,6.044142320752143860e-02,1.293376326560974121e+00,-1.576014757156372070e-01,-1.233506947755813599e-01,-6.944200992584228516e-01,5.293898284435272217e-03,1.703787595033645630e-01,1.243545413017272949e+00,-6.531602144241333008e-01,-2.955736592411994934e-02,1.478138845413923264e-02,-4.085831716656684875e-02,1.500519067049026489e-01,-3.456813991069793701e-01,3.583803772926330566e-01,1.830154098570346832e-02,-2.692880034446716309e-01,-9.046615958213806152e-01,-3.735565841197967529e-01,-4.261769354343414307e-02,-4.720529615879058838e-01,-2.437671832740306854e-02,6.864367723464965820e-01,-6.460630893707275391e-02,2.858428657054901123e-01,-8.228414505720138550e-02,3.072831965982913971e-02
-8.070254325866699219e-02,-4.051240533590316772e-02,6.659994125366210938e-01,9.936693310737609863e-01,7.480528205633163452e-02,6.590581685304641724e-02,5.178619176149368286e-02,-8.202024549245834351e-02,-1.458685696125030518e-01,4.454554617404937744e-02,1.296007394790649414e+00,-1.609123647212982178e-01,-1.601325571537017822e-01,-7.520424127578735352e-01,7.434190716594457626e-03,1.645866632461547852e-01,1.335247516632080078e+00,-6.858081221580505371e-01,-2.872100658714771271e-02,1.904185861349105835e-02,-3.719863295555114746e-02,1.693180948495864868e-01,-3.869039714336395264e-01,4.276875555515289307e-01,4.250903055071830750e-02,-2.938268780708312988e-01,-8.692201375961303711e-01,-3.607384264469146729e-01,-3.239032998681068420e-02,-5.171306729316711426e-01,-1.688524521887302399e-02,7.301364541053771973e-01,-8.906862139701843262e-02,2.480702847242355347e-01,-5.744134634733200073e-02,6.360183656215667725e-02
-8.890079706907272339e-02,-4.134635627269744873e-02,6.472279429435729980e-01,9.935350418090820312e-01,7.425142079591751099e-02,6.796609610319137573e-02,5.249242857098579407e-02,-6.808160245418548584e-02,-1.476051658391952515e-01,3.760233893990516663e-02,1.307309389114379883e+00,-1.879152208566665649e-01,-1.816053986549377441e-01,-8.130108118057250977e-01,1.111442409455776215e-02,1.549511104822158813e-01,1.425898075103759766e+00,-7.152053713798522949e-01,-2.766880951821804047e-02,2.617936208844184875e-02,-3.074340149760246277e-02,1.912451982498168945e-01,-4.305526316165924072e-01,4.991416931152343750e-01,6.771637499332427979e-02,-3.167712688446044922e-01,-8.289002776145935059e-01,-3.472057878971099854e-01,-1.369740720838308334e-02,-5.668183565139770508e-01,-7.307115942239761353e-03,7.735067605972290039e-01,-1.118816882371902466e-01,2.141601145267486572e-01,-3.408492356538772583e-02,9.343560039997100830e-02
-9.785377979278564453e-02,-4.208591580390930176e-02,6.271789073944091797e-01,9.935091733932495117e-01,7.194267958402633667e-02,7.016205042600631714e-02,5.330213904380798340e-02,-6.578997522592544556e-02,-1.299821585416793823e-01,4.240331053733825684e-02,1.336714029312133789e+00,-2.476020604372024536e-01,-1.825471967458724976e-01,-8.794064521789550781e-01,1.625866256654262543e-02,1.392288357019424438e-01,1.514515757560729980e+00,-7.410241961479187012e-01,-2.738455682992935181e-02,3.667913004755973816e-02,-2.063165977597236633e-02,2.154377549886703491e-01,-4.760058820247650146e-01,5.701058506965637207e-01,9.675712883472442627e-02,-3.395355343818664551e-01,-7.889537215232849121e-01,-3.323503136634826660e-01,9.221879765391349792e-03,-6.213660240173339844e-01,4.123878665268421173e-03,8.152205348014831543e-01,-1.337289214134216309e-01,1.835074573755264282e-01,-1.495435182005167007e-02,1.189646944403648376e-01
-1.070399507880210876e-01,-4.279489815235137939e-02,6.060511469841003418e-01,9.935677647590637207e-01,6.841538846492767334e-02,7.250650972127914429e-02,5.371362715959548950e-02,-7.292849570512771606e-02,-1.013512760400772095e-01,5.555762723088264465e-02,1.384770393371582031e+00,-3.308418095111846924e-01,-1.723867654800415039e-01,-9.498239755630493164e-01,2.201135084033012390e-02,1.195155680179595947e-01,1.600979566574096680e+00,-7.640455365180969238e-01,-2.718140371143817902e-02,4.982293024659156799e-02,-8.082777261734008789e-03,2.398879677057266235e-01,-5.222443938255310059e-01,6.367545723915100098e-01,1.287281662225723267e-01,-3.611311316490173340e-01,-7.509386539459228516e-01,-3.163781464099884033e-01,3.389125317335128784e-02,-6.783084869384765625e-01,1.608278229832649231e-02,8.531858325004577637e-01,-1.550354063510894775e-01,1.555667519569396973e-01,-2.707836451008915901e-03,1.394916027784347534e-01
-1.160435974597930908e-01,-4.322049766778945923e-02,5.843143463134765625e-01,9.936024546623229980e-01,6.487038731575012207e-02,7.507215440273284912e-02,5.394631624221801758e-02,-8.796997368335723877e-02,-7.809327542781829834e-02,6.558531522750854492e-02,1.442914366722106934e+00,-4.076212942600250244e-01,-1.631317883729934692e-01,-1.021175384521484375e+00,2.582461573183536530e-02,9.867185354232788086e-02,1.685138344764709473e+00,-7.819243669509887695e-01,-2.736090123653411865e-02,6.272824108600616455e-02,3.570526372641324997e-03,2.624993026256561279e-01,-5.662504434585571289e-01,6.957725286483764648e-01,1.624720394611358643e-01,-3.841525316238403320e-01,-7.157267928123474121e-01,-3.054806292057037354e-01,5.729817599058151245e-02,-7.381821274757385254e-01,2.621560730040073395e-02,8.857085108757019043e-01,-1.776241958141326904e-01,1.370211988687515259e-01,8.206208585761487484e-04,1.550174653530120850e-01
-1.242924928665161133e-01,-4.374464973807334900e-02,5.621663331985473633e-01,9.938089847564697266e-01,5.947015807032585144e-02,7.712524384260177612e-02,5.346613004803657532e-02,-1.080231368541717529e-01,-5.931853875517845154e-02,6.575173139572143555e-02,1.526066899299621582e+00,-4.947294294834136963e-01,-1.566715687513351440e-01,-1.092818856239318848e+00,3.159444779157638550e-02,7.430135458707809448e-02,1.764208793640136719e+00,-8.011099100112915039e-01,-3.147084638476371765e-02,7.548469305038452148e-02,1.817590370774269104e-02,2.814389467239379883e-01,-6.040669083595275879e-01,7.440873980522155762e-01,1.951510906219482422e-01,-4.046096503734588623e-01,-6.919620633125305176e-01,-2.908976376056671143e-01,7.714584469795227051e-02,-7.893996834754943848e-01,3.569334372878074646e-02,9.121224880218505859e-01,-1.961019039154052734e-01,1.152577847242355347e-01,2.149690408259630203e-03,1.669174581766128540e-01
-1.313388943672180176e-01,-4.426648467779159546e-02,5.405160784721374512e-01,9.940174818038940430e-01,5.470906943082809448e-02,7.847817987203598022e-02,5.270048603415489197e-02,-1.285858303308486938e-01,-4.606864601373672485e-02,6.320552527904510498e-02,1.614274382591247559e+00,-5.672294497489929199e-01,-1.537538021802902222e-01,-1.161547660827636719e+00,3.490907326340675354e-02,5.064204335212707520e-02,1.839271664619445801e+00,-8.178402781486511230e-01,-3.797255083918571472e-02,8.559491485357284546e-02,3.012025542557239532e-02,2.972332537174224854e-01,-6.324313282966613770e-01,7.810582518577575684e-01,2.265821546316146851e-01,-4.247401356697082520e-01,-6.735053658485412598e-01,-2.774991989135742188e-01,9.443964064121246338e-02,-8.335943222045898438e-01,4.303300008177757263e-02,9.330298900604248047e-01,-2.120467871427536011e-01,9.806822985410690308e-02,-1.707673189230263233e-03,1.766172796487808228e-01
-1.367265582084655762e-01,-4.470078647136688232e-02,5.201261639595031738e-01,9.942504763603210449e-01,5.100903660058975220e-02,7.862006872892379761e-02,5.179662257432937622e-02,-1.444849073886871338e-01,-4.056966677308082581e-02,5.666451528668403625e-02,1.698051214218139648e+00,-6.245303153991699219e-01,-1.557188183069229126e-01,-1.222378253936767578e+00,3.560045361518859863e-02,2.861797064542770386e-02,1.909161090850830078e+00,-8.330553174018859863e-01,-4.641836881637573242e-02,9.233761578798294067e-02,3.788118064403533936e-02,3.105057179927825928e-01,-6.509963274002075195e-01,8.065999150276184082e-01,2.549185752868652344e-01,-4.450716078281402588e-01,-6.576451063156127930e-01,-2.664196789264678955e-01,1.098833084106445312e-01,-8.693507313728332520e-01,4.817041009664535522e-02,9.497374296188354492e-01,-2.246406078338623047e-01,8.539111167192459106e-02,-6.138110533356666565e-03,1.854662597179412842e-01
-1.406195014715194702e-01,-4.516520351171493530e-02,5.012935996055603027e-01,9.944672584533691406e-01,4.872082546353340149e-02,7.782841473817825317e-02,5.102832242846488953e-02,-1.542464643716812134e-01,-4.122770205140113831e-02,4.907823354005813599e-02,1.773324489593505859e+00,-6.708814501762390137e-01,-1.593610644340515137e-01,-1.275591492652893066e+00,3.328241407871246338e-02,8.426222950220108032e-03,1.974037170410156250e+00,-8.470615744590759277e-01,-5.509391054511070251e-02,9.556783735752105713e-02,4.078194499015808105e-02,3.221720755100250244e-01,-6.616511344909667969e-01,8.211521506309509277e-01,2.800033688545227051e-01,-4.659863412380218506e-01,-6.390933990478515625e-01,-2.573654055595397949e-01,1.256584227085113525e-01,-8.971303105354309082e-01,5.082624778151512146e-02,9.641170501708984375e-01,-2.351371496915817261e-01,7.475999742746353149e-02,-1.165710296481847763e-02,1.949653476476669312e-01
-1.432328373193740845e-01,-4.555755108594894409e-02,4.845782518386840820e-01,9.946697354316711426e-01,4.751655831933021545e-02,7.609841227531433105e-02,5.082709342241287231e-02,-1.596696972846984863e-01,-4.599307477474212646e-02,4.060143977403640747e-02,1.839775323867797852e+00,-7.038530707359313965e-01,-1.638766378164291382e-01,-1.317885994911193848e+00,2.953079715371131897e-02,-8.263706229627132416e-03,2.031869888305664062e+00,-8.605363368988037109e-01,-6.198335066437721252e-02,9.530712664127349854e-02,3.904166817665100098e-02,3.319950103759765625e-01,-6.672174930572509766e-01,8.270795941352844238e-01,2.983961403369903564e-01,-4.870156049728393555e-01,-6.148452758789062500e-01,-2.513454854488372803e-01,1.435833424329757690e-01,-9.182974100112915039e-01,5.223137140274047852e-02,9.757325053215026855e-01,-2.423227578401565552e-01,6.789863109588623047e-02,-1.393065601587295532e-02,2.054584473371505737e-01
-1.448298394680023193e-01,-4.589953646063804626e-02,4.696865677833557129e-01,9.948688149452209473e-01,4.665923118591308594e-02,7.394628226757049561e-02,5.090039968490600586e-02,-1.598943918943405151e-01,-5.257389694452285767e-02,3.172191977500915527e-02,1.897001743316650391e+00,-7.289647459983825684e-01,-1.695303618907928467e-01,-1.352970480918884277e+00,2.490086108446121216e-02,-2.339696139097213745e-02,2.083178281784057617e+00,-8.722773194313049316e-01,-6.791950762271881104e-02,9.250307083129882812e-02,3.465846925973892212e-02,3.408900797367095947e-01,-6.703832149505615234e-01,8.265850543975830078e-01,3.110172152519226074e-01,-5.079671144485473633e-01,-5.826693177223205566e-01,-2.464023530483245850e-01,1.650750786066055298e-01,-9.356056451797485352e-01,5.219671130180358887e-02,9.870128631591796875e-01,-2.483132779598236084e-01,6.270667910575866699e-02,-1.684201136231422424e-02,2.173843085765838623e-01
-1.455545425415039062e-01,-4.599498212337493896e-02,4.570590257644653320e-01,9.950352311134338379e-01,4.638498276472091675e-02,7.153518497943878174e-02,5.134140700101852417e-02,-1.566885858774185181e-01,-5.921917408704757690e-02,2.463595382869243622e-02,1.943544268608093262e+00,-7.445452213287353516e-01,-1.737539321184158325e-01,-1.378912448883056641e+00,2.054960094392299652e-02,-3.368678316473960876e-02,2.126861095428466797e+00,-8.835645318031311035e-01,-7.104530185461044312e-02,8.844368159770965576e-02,2.759827673435211182e-02,3.484178185462951660e-01,-6.751846671104431152e-01,8.247367143630981445e-01,3.156589865684509277e-01,-5.249941349029541016e-01,-5.463160872459411621e-01,-2.430816292762756348e-01,1.879367083311080933e-01,-9.494609832763671875e-01,5.232379212975502014e-02,9.957355260848999023e-01,-2.516769766807556152e-01,6.018829718232154846e-02,-1.736803166568279266e-02,2.305374741554260254e-01
-1.458532214164733887e-01,-4.572583362460136414e-02,4.461791217327117920e-01,9.952267408370971680e-01,4.546771571040153503e-02,6.927492469549179077e-02,5.155001580715179443e-02,-1.500887274742126465e-01,-6.421308964490890503e-02,1.742813549935817719e-02,1.981578111648559570e+00,-7.574490308761596680e-01,-1.795254647731781006e-01,-1.399865865707397461e+00,1.734441705048084259e-02,-4.313985258340835571e-02,2.163772583007812500e+00,-8.930572271347045898e-01,-7.297872751951217651e-02,8.431198447942733765e-02,2.121413685381412506e-02,3.551279902458190918e-01,-6.840795874595642090e-01,8.244107365608215332e-01,3.137269020080566406e-01,-5.388200283050537109e-01,-5.079677104949951172e-01,-2.394256442785263062e-01,2.100259214639663696e-01,-9.626990556716918945e-01,5.328395590186119080e-02,1.003648996353149414e+00,-2.537532150745391846e-01,5.938346683979034424e-02,-1.736078597605228424e-02,2.417557984590530396e-01
-1.459344029426574707e-01,-4.516926780343055725e-02,4.372761547565460205e-01,9.953887462615966797e-01,4.460445791482925415e-02,6.746421754360198975e-02,5.157747119665145874e-02,-1.432537734508514404e-01,-6.643696874380111694e-02,1.394355110824108124e-02,2.011534929275512695e+00,-7.669456005096435547e-01,-1.827311664819717407e-01,-1.417040944099426270e+00,1.535295974463224411e-02,-4.984750226140022278e-02,2.193657875061035156e+00,-9.002732038497924805e-01,-7.350911945104598999e-02,8.094981312751770020e-02,1.508270017802715302e-02,3.612277805805206299e-01,-6.965618729591369629e-01,8.264763951301574707e-01,3.074316382408142090e-01,-5.504417419433593750e-01,-4.696109890937805176e-01,-2.361507862806320190e-01,2.307925522327423096e-01,-9.742124080657958984e-01,5.572306737303733826e-02,1.010788440704345703e+00,-2.552049458026885986e-01,6.096546724438667297e-02,-1.725236140191555023e-02,2.513475716114044189e-01
-1.461635977029800415e-01,-4.490220546722412109e-02,4.299029111862182617e-01,9.955210089683532715e-01,4.365336522459983826e-02,6.617209315299987793e-02,5.151318386197090149e-02,-1.374624818563461304e-01,-6.794517487287521362e-02,1.205008476972579956e-02,2.037011146545410156e+00,-7.739067673683166504e-01,-1.852718740701675415e-01,-1.431557655334472656e+00,1.374331861734390259e-02,-5.539355427026748657e-02,2.218160152435302734e+00,-9.059448838233947754e-01,-7.380457222461700439e-02,7.774892449378967285e-02,9.351990185678005219e-03,3.673829436302185059e-01,-7.129893302917480469e-01,8.312772512435913086e-01,2.977797985076904297e-01,-5.612538456916809082e-01,-4.290392398834228516e-01,-2.340135723352432251e-01,2.509696185588836670e-01,-9.852112531661987305e-01,5.987224727869033813e-02,1.018449544906616211e+00,-2.567955255508422852e-01,6.321457773447036743e-02,-1.625580713152885437e-02,2.588640153408050537e-01
-1.467221975326538086e-01,-4.481133073568344116e-02,4.240631163120269775e-01,9.956285357475280762e-01,4.289104416966438293e-02,6.531701236963272095e-02,5.116559192538261414e-02,-1.337781399488449097e-01,-6.801532953977584839e-02,1.331479568034410477e-02,2.058749675750732422e+00,-7.783825397491455078e-01,-1.862618029117584229e-01,-1.443870067596435547e+00,1.312169991433620453e-02,-5.943651124835014343e-02,2.237393856048583984e+00,-9.091759324073791504e-01,-7.359328866004943848e-02,7.498268038034439087e-02,3.973499871790409088e-03,3.737506270408630371e-01,-7.316524982452392578e-01,8.383501768112182617e-01,2.865882515907287598e-01,-5.730227231979370117e-01,-3.859118819236755371e-01,-2.326596975326538086e-01,2.711485624313354492e-01,-9.937657117843627930e-01,6.613602489233016968e-02,1.027029037475585938e+00,-2.593941986560821533e-01,6.678299605846405029e-02,-1.506804954260587692e-02,2.659738361835479736e-01
-1.475229561328887939e-01,-4.443198442459106445e-02,4.196413457393646240e-01,9.957004785537719727e-01,4.260948672890663147e-02,6.463066488504409790e-02,5.087149515748023987e-02,-1.329175084829330444e-01,-6.832811981439590454e-02,1.658932678401470184e-02,2.077632427215576172e+00,-7.807052135467529297e-01,-1.858219355344772339e-01,-1.453213214874267578e+00,1.315779611468315125e-02,-6.142400205135345459e-02,2.251953601837158203e+00,-9.108470082283020020e-01,-7.176739722490310669e-02,7.124209403991699219e-02,-1.873467233963310719e-03,3.807602524757385254e-01,-7.505657672882080078e-01,8.467559814453125000e-01,2.741516530513763428e-01,-5.863547921180725098e-01,-3.409024477005004883e-01,-2.328966856002807617e-01,2.911221385002136230e-01,-9.995967149734497070e-01,7.459696382284164429e-02,1.036875247955322266e+00,-2.626705467700958252e-01,7.084866613149642944e-02,-1.321830600500106812e-02,2.732556462287902832e-01
-1.486592888832092285e-01,-4.373565316200256348e-02,4.164197742938995361e-01,9.957239031791687012e-01,4.286537691950798035e-02,6.410622596740722656e-02,5.086144804954528809e-02,-1.352176517248153687e-01,-6.928995251655578613e-02,2.183781191706657410e-02,2.094767332077026367e+00,-7.808211445808410645e-01,-1.843939572572708130e-01,-1.461916685104370117e+00,1.392518542706966400e-02,-6.106153875589370728e-02,2.262585163116455078e+00,-9.084759950637817383e-01,-6.802485883235931396e-02,6.625276803970336914e-02,-7.878375239670276642e-03,3.890941441059112549e-01,-7.693703770637512207e-01,8.556388616561889648e-01,2.606896162033081055e-01,-6.021878719329833984e-01,-2.895296216011047363e-01,-2.340974509716033936e-01,3.125328719615936279e-01,-1.002964854240417480e+00,8.445949852466583252e-02,1.048857688903808594e+00,-2.666213214397430420e-01,7.519453763961791992e-02,-1.317568682134151459e-02,2.815210223197937012e-01
-1.502379179000854492e-01,-4.280900955200195312e-02,4.145721495151519775e-01,9.957219362258911133e-01,4.367164522409439087e-02,6.346362829208374023e-02,5.101936310529708862e-02,-1.402961760759353638e-01,-6.983403116464614868e-02,3.042270056903362274e-02,2.109670639038085938e+00,-7.772262692451477051e-01,-1.805308610200881958e-01,-1.469549417495727539e+00,1.557994633913040161e-02,-5.794257670640945435e-02,2.269198656082153320e+00,-9.017843008041381836e-01,-6.163545697927474976e-02,5.980509147047996521e-02,-1.381210237741470337e-02,3.982275128364562988e-01,-7.882920503616333008e-01,8.662145137786865234e-01,2.454507052898406982e-01,-6.187039017677307129e-01,-2.343787997961044312e-01,-2.347280830144882202e-01,3.343262672424316406e-01,-1.005344986915588379e+00,9.514860808849334717e-02,1.064196586608886719e+00,-2.713005542755126953e-01,8.023433387279510498e-02,-1.304045040160417557e-02,2.922538518905639648e-01
-1.524007022380828857e-01,-4.152245074510574341e-02,4.139194190502166748e-01,9.957696199417114258e-01,4.429708421230316162e-02,6.253902614116668701e-02,5.069044604897499084e-02,-1.465795636177062988e-01,-7.003021240234375000e-02,4.076521098613739014e-02,2.122045278549194336e+00,-7.683919668197631836e-01,-1.759820580482482910e-01,-1.474727511405944824e+00,1.914456486701965332e-02,-5.413056910037994385e-02,2.271703243255615234e+00,-8.931290507316589355e-01,-5.238554626703262329e-02,5.247855186462402344e-02,-1.809148117899894714e-02,4.072450101375579834e-01,-8.061205744743347168e-01,8.784320354461669922e-01,2.286381572484970093e-01,-6.344140768051147461e-01,-1.851210743188858032e-01,-2.348616421222686768e-01,3.511523604393005371e-01,-1.006887435913085938e+00,1.036904156208038330e-01,1.080099582672119141e+00,-2.755170762538909912e-01,8.728940039873123169e-02,-1.148109417408704758e-02,3.060657382011413574e-01
-1.552502810955047607e-01,-3.984489664435386658e-02,4.134266078472137451e-01,9.959461092948913574e-01,4.315637424588203430e-02,6.145225092768669128e-02,4.952338710427284241e-02,-1.520957648754119873e-01,-6.832073628902435303e-02,4.952427372336387634e-02,2.134864091873168945e+00,-7.587300539016723633e-01,-1.733421534299850464e-01,-1.479202508926391602e+00,2.500306069850921631e-02,-5.266448855400085449e-02,2.271644115447998047e+00,-8.841870427131652832e-01,-4.295505210757255554e-02,4.549698904156684875e-02,-1.768132112920284271e-02,4.156807363033294678e-01,-8.258050680160522461e-01,8.923570513725280762e-01,2.090088725090026855e-01,-6.459661126136779785e-01,-1.536443829536437988e-01,-2.341154217720031738e-01,3.614186048507690430e-01,-1.007758617401123047e+00,1.051593422889709473e-01,1.091312646865844727e+00,-2.806606888771057129e-01,9.577164053916931152e-02,-7.922035641968250275e-03,3.211191594600677490e-01
-1.585846394300460815e-01,-3.781643882393836975e-02,4.123932719230651855e-01,9.961911439895629883e-01,4.026559367775917053e-02,6.071230024099349976e-02,4.791537299752235413e-02,-1.565925031900405884e-01,-6.455973535776138306e-02,5.603875219821929932e-02,2.149265289306640625e+00,-7.542936205863952637e-01,-1.724623441696166992e-01,-1.485607862472534180e+00,3.093621879816055298e-02,-5.356880649924278259e-02,2.270902633666992188e+00,-8.765705823898315430e-01,-3.523885458707809448e-02,3.853223100304603577e-02,-1.374108530580997467e-02,4.231556355953216553e-01,-8.458262681961059570e-01,9.070751667022705078e-01,1.860796213150024414e-01,-6.517232656478881836e-01,-1.380313634872436523e-01,-2.307648509740829468e-01,3.678211867809295654e-01,-1.010983109474182129e+00,9.658353030681610107e-02,1.092652797698974609e+00,-2.886474430561065674e-01,1.029885485768318176e-01,-2.486804034560918808e-03,3.336291015148162842e-01
-1.619751006364822388e-01,-3.562802448868751526e-02,4.108721613883972168e-01,9.964265823364257812e-01,3.661007434129714966e-02,6.030311062932014465e-02,4.644596576690673828e-02,-1.606563180685043335e-01,-5.990155786275863647e-02,6.108217313885688782e-02,2.164944171905517578e+00,-7.557774782180786133e-01,-1.717775762081146240e-01,-1.494334459304809570e+00,3.606666997075080872e-02,-5.540619045495986938e-02,2.270505905151367188e+00,-8.692811727523803711e-01,-2.866692654788494110e-02,3.089951165020465851e-02,-9.178103879094123840e-03,4.295888841152191162e-01,-8.630737066268920898e-01,9.206112623214721680e-01,1.607154905796051025e-01,-6.546012759208679199e-01,-1.335950791835784912e-01,-2.243684232234954834e-01,3.742067217826843262e-01,-1.018531084060668945e+00,7.969353348016738892e-02,1.082586884498596191e+00,-2.996829450130462646e-01,1.123659536242485046e-01,5.297136958688497543e-03,3.425715267658233643e-01
-1.651285439729690552e-01,-3.343985229730606079e-02,4.090978205204010010e-01,9.966478347778320312e-01,3.259331360459327698e-02,6.007279455661773682e-02,4.496737197041511536e-02,-1.635327935218811035e-01,-5.360519886016845703e-02,6.619179248809814453e-02,2.181447505950927734e+00,-7.616627216339111328e-01,-1.697613447904586792e-01,-1.503987073898315430e+00,4.085673391819000244e-02,-5.774490535259246826e-02,2.269842147827148438e+00,-8.621316552162170410e-01,-2.321706339716911316e-02,2.348764985799789429e-02,-4.921494051814079285e-03,4.343716502189636230e-01,-8.771971464157104492e-01,9.318642020225524902e-01,1.353989541530609131e-01,-6.572176814079284668e-01,-1.357244551181793213e-01,-2.172787636518478394e-01,3.801801800727844238e-01,-1.029075026512145996e+00,5.801513418555259705e-02,1.063963890075683594e+00,-3.106455802917480469e-01,1.269163638353347778e-01,1.718069426715373993e-02,3.512997627258300781e-01
-1.678365617990493774e-01,-3.132174909114837646e-02,4.071943759918212891e-01,9.968566298484802246e-01,2.859849669039249420e-02,5.994559079408645630e-02,4.319154843688011169e-02,-1.646167635917663574e-01,-4.663079604506492615e-02,7.204797118902206421e-02,2.197432518005371094e+00,-7.705065011978149414e-01,-1.678810119628906250e-01,-1.514657258987426758e+00,4.564457386732101440e-02,-6.037986651062965393e-02,2.269438505172729492e+00,-8.540615439414978027e-01,-1.885342784225940704e-02,1.755998283624649048e-02,-1.026735058985650539e-03,4.373563230037689209e-01,-8.895023465156555176e-01,9.392979741096496582e-01,1.124601438641548157e-01,-6.604309678077697754e-01,-1.369881331920623779e-01,-2.100553065538406372e-01,3.857397735118865967e-01,-1.040481925010681152e+00,3.597942739725112915e-02,1.040805459022521973e+00,-3.195669949054718018e-01,1.420558840036392212e-01,2.910387888550758362e-02,3.593592047691345215e-01
-1.701159179210662842e-01,-2.946826815605163574e-02,4.054972827434539795e-01,9.970342516899108887e-01,2.534587495028972626e-02,5.975197255611419678e-02,4.135169088840484619e-02,-1.642689108848571777e-01,-4.113205149769783020e-02,7.745137810707092285e-02,2.210233688354492188e+00,-7.790412902832031250e-01,-1.669114679098129272e-01,-1.523613452911376953e+00,4.973538592457771301e-02,-6.269641965627670288e-02,2.269696712493896484e+00,-8.469393849372863770e-01,-1.436768751591444016e-02,1.300378516316413879e-02,1.560388482175767422e-03,4.388981461524963379e-01,-8.983078002929687500e-01,9.421926736831665039e-01,9.459010511636734009e-02,-6.640991568565368652e-01,-1.362046003341674805e-01,-2.042058408260345459e-01,3.904588222503662109e-01,-1.050384163856506348e+00,1.885883137583732605e-02,1.019333362579345703e+00,-3.242173194885253906e-01,1.542340964078903198e-01,3.932470083236694336e-02,3.671067655086517334e-01
-1.722017973661422729e-01,-2.773609757423400879e-02,4.037435650825500488e-01,9.971996545791625977e-01,2.245428413152694702e-02,5.963994562625885010e-02,3.913744539022445679e-02,-1.620897203683853149e-01,-3.674779832363128662e-02,8.344937860965728760e-02,2.220321655273437500e+00,-7.879679799079895020e-01,-1.663804501295089722e-01,-1.532705783843994141e+00,5.345939472317695618e-02,-6.429579108953475952e-02,2.270690917968750000e+00,-8.397275805473327637e-01,-1.015520561486482620e-02,9.930327534675598145e-03,3.361862851306796074e-03,4.401916861534118652e-01,-9.077185392379760742e-01,9.424226880073547363e-01,7.935110479593276978e-02,-6.662668585777282715e-01,-1.338565945625305176e-01,-1.987292319536209106e-01,3.958071768283843994e-01,-1.060259103775024414e+00,4.804451484233140945e-03,1.001132726669311523e+00,-3.256585896015167236e-01,1.623208224773406982e-01,4.798730090260505676e-02,3.747623264789581299e-01
-1.741281449794769287e-01,-2.602104283869266510e-02,4.020947515964508057e-01,9.973385334014892578e-01,1.962097734212875366e-02,5.954140424728393555e-02,3.722547739744186401e-02,-1.578027904033660889e-01,-3.208801150321960449e-02,8.915740251541137695e-02,2.228379964828491211e+00,-7.986062765121459961e-01,-1.648274809122085571e-01,-1.542063593864440918e+00,5.623286217451095581e-02,-6.598230451345443726e-02,2.271667957305908203e+00,-8.326209783554077148e-01,-6.888892035931348801e-03,7.239589933305978775e-03,4.911282099783420563e-03,4.417032599449157715e-01,-9.176804423332214355e-01,9.409786462783813477e-01,6.652638316154479980e-02,-6.669214963912963867e-01,-1.324160099029541016e-01,-1.927351504564285278e-01,4.014728367328643799e-01,-1.070685029029846191e+00,-6.934766191989183426e-03,9.855632781982421875e-01,-3.241641223430633545e-01,1.666977852582931519e-01,5.570193380117416382e-02,3.825818002223968506e-01
-1.758235543966293335e-01,-2.420669235289096832e-02,3.999828398227691650e-01,9.974481463432312012e-01,1.624375581741333008e-02,5.971391871571540833e-02,3.560377284884452820e-02,-1.513667553663253784e-01,-2.769455127418041229e-02,9.201004356145858765e-02,2.235953092575073242e+00,-8.125330209732055664e-01,-1.622743308544158936e-01,-1.553649187088012695e+00,5.817092955112457275e-02,-6.915830820798873901e-02,2.272802829742431641e+00,-8.256984949111938477e-01,-3.888313192874193192e-03,3.931166138499975204e-03,6.676723714917898178e-03,4.426893293857574463e-01,-9.294741153717041016e-01,9.393145442008972168e-01,5.780142173171043396e-02,-6.661753058433532715e-01,-1.375779658555984497e-01,-1.886369436979293823e-01,4.090076684951782227e-01,-1.084603071212768555e+00,-1.801443472504615784e-02,9.692791700363159180e-01,-3.194582462310791016e-01,1.698445230722427368e-01,6.538818776607513428e-02,3.915235996246337891e-01
