-1.188891381025314331e-02,5.283358972519636154e-03,7.824216485023498535e-01,9.999493360519409180e-01,8.483929559588432312e-03,-4.842181224375963211e-03,2.433955669403076172e-03,6.918524950742721558e-02,1.866002529859542847e-01,4.737989306449890137e-01,1.583824753761291504e-01,-1.380714923143386841e-01,-1.298478543758392334e-01,1.528752595186233521e-02,-2.479697018861770630e-01,-3.724630773067474365e-01,2.010028511285781860e-01,-1.444132179021835327e-01,1.703984141349792480e-01,-2.868200652301311493e-02,-2.810545638203620911e-02,1.147573515772819519e-01,-9.080670028924942017e-02,4.575278162956237793e-01,-7.855285406112670898e-01,9.717405438423156738e-01,2.135820388793945312e-01,-2.224602364003658295e-02,-9.977485984563827515e-02,-1.713483631610870361e-01,-4.280113577842712402e-01,8.792809844017028809e-01,8.103975653648376465e-01,-8.555459976196289062e-02,1.512579917907714844e-01,-4.988158121705055237e-02
-1.154763437807559967e-02,5.253949668258428574e-03,7.823584675788879395e-01,9.999421238899230957e-01,8.742118254303932190e-03,-5.450093653053045273e-03,3.100316040217876434e-03,7.046435028314590454e-02,1.855818033218383789e-01,4.708457589149475098e-01,1.575981825590133667e-01,-1.395365446805953979e-01,-1.302473247051239014e-01,1.725948974490165710e-02,-2.484006732702255249e-01,-3.727018535137176514e-01,2.023475617170333862e-01,-1.456867158412933350e-01,1.710029542446136475e-01,-2.760942839086055756e-02,-2.990558929741382599e-02,1.130505353212356567e-01,-9.014146775007247925e-02,4.578422009944915771e-01,-7.837653756141662598e-01,9.719471931457519531e-01,2.109086513519287109e-01,-2.013465762138366699e-02,-1.054797843098640442e-01,-1.723898500204086304e-01,-4.290120303630828857e-01,8.696554899215698242e-01,7.756015062332153320e-01,-8.015434443950653076e-02,1.559596508741378784e-01,-4.950616508722305298e-02
-1.122316811233758926e-02,5.063870456069707870e-03,7.822546958923339844e-01,9.999322295188903809e-01,8.926901966333389282e-03,-6.151305045932531357e-03,4.234357271343469620e-03,7.189710438251495361e-02,1.848549097776412964e-01,4.676326215267181396e-01,1.567086577415466309e-01,-1.395189017057418823e-01,-1.304518729448318481e-01,2.029366604983806610e-02,-2.488263547420501709e-01,-3.748295307159423828e-01,2.023503184318542480e-01,-1.469056159257888794e-01,1.714285612106323242e-01,-2.843140065670013428e-02,-3.269585222005844116e-02,1.104075908660888672e-01,-8.687324821949005127e-02,4.588020145893096924e-01,-7.797632813453674316e-01,9.713456630706787109e-01,2.102666199207305908e-01,-1.988887786865234375e-02,-1.103159338235855103e-01,-1.734240651130676270e-01,-4.315876662731170654e-01,8.532439470291137695e-01,7.153163552284240723e-01,-6.576899439096450806e-02,1.631502062082290649e-01,-5.081398040056228638e-02
-1.071611698716878891e-02,4.769767168909311295e-03,7.821797728538513184e-01,9.999186396598815918e-01,9.012942202389240265e-03,-6.943082902580499649e-03,5.761824082583189011e-03,7.306834310293197632e-02,1.844774931669235229e-01,4.637165963649749756e-01,1.560461670160293579e-01,-1.393265277147293091e-01,-1.307677626609802246e-01,2.520577609539031982e-02,-2.485039681196212769e-01,-3.783095180988311768e-01,1.994897127151489258e-01,-1.469612419605255127e-01,1.719250231981277466e-01,-3.063336201012134552e-02,-3.727608919143676758e-02,1.064746305346488953e-01,-8.214156329631805420e-02,4.600928723812103271e-01,-7.746407985687255859e-01,9.726147055625915527e-01,2.102192342281341553e-01,-1.893159933388233185e-02,-1.132649108767509460e-01,-1.749242693185806274e-01,-4.373852014541625977e-01,8.300070762634277344e-01,6.248393654823303223e-01,-4.754201322793960571e-02,1.728347837924957275e-01,-5.005844309926033020e-02
-1.016864739358425140e-02,4.410473629832267761e-03,7.821732759475708008e-01,9.999038577079772949e-01,8.886787109076976776e-03,-7.737138774245977402e-03,7.315592840313911438e-03,7.425072044134140015e-02,1.848656535148620605e-01,4.607076644897460938e-01,1.553766876459121704e-01,-1.388022899627685547e-01,-1.311624497175216675e-01,3.117157891392707825e-02,-2.469914853572845459e-01,-3.811445236206054688e-01,1.942457407712936401e-01,-1.454976946115493774e-01,1.723997294902801514e-01,-3.335471078753471375e-02,-4.340995848178863525e-02,1.017231196165084839e-01,-7.772102952003479004e-02,4.615831673145294189e-01,-7.689344286918640137e-01,9.767939448356628418e-01,2.092783600091934204e-01,-1.747932657599449158e-02,-1.142377257347106934e-01,-1.790423393249511719e-01,-4.482952356338500977e-01,8.023927211761474609e-01,5.048025250434875488e-01,-3.137819468975067139e-02,1.840366721153259277e-01,-4.330261424183845520e-02
-9.647658094763755798e-03,4.085204564034938812e-03,7.822299003601074219e-01,9.998900890350341797e-01,8.585216477513313293e-03,-8.493466302752494812e-03,8.598961867392063141e-03,7.569605112075805664e-02,1.859191060066223145e-01,4.592214524745941162e-01,1.546488553285598755e-01,-1.375873833894729614e-01,-1.314188838005065918e-01,3.779909387230873108e-02,-2.443200796842575073e-01,-3.826412558555603027e-01,1.869935691356658936e-01,-1.426737755537033081e-01,1.727412045001983643e-01,-3.630199655890464783e-02,-5.085634440183639526e-02,9.653667360544204712e-02,-7.353026419878005981e-02,4.638293981552124023e-01,-7.633243799209594727e-01,9.827939271926879883e-01,2.083796709775924683e-01,-1.627906598150730133e-02,-1.142384633421897888e-01,-1.898981630802154541e-01,-4.654259979724884033e-01,7.735723257064819336e-01,3.594610691070556641e-01,-2.025523595511913300e-02,1.941291242837905884e-01,-3.102094680070877075e-02
-9.210931137204170227e-03,3.789297770708799362e-03,7.823345065116882324e-01,9.998798966407775879e-01,8.258533664047718048e-03,-9.070235304534435272e-03,9.471646510064601898e-03,7.703065127134323120e-02,1.871821284294128418e-01,4.589007496833801270e-01,1.537846028804779053e-01,-1.359356939792633057e-01,-1.315910518169403076e-01,4.396674036979675293e-02,-2.411864995956420898e-01,-3.830162584781646729e-01,1.788113415241241455e-01,-1.393052339553833008e-01,1.728595495223999023e-01,-3.914198279380798340e-02,-5.901112034916877747e-02,9.118567407131195068e-02,-6.926841288805007935e-02,4.668854475021362305e-01,-7.581518888473510742e-01,9.888868927955627441e-01,2.084218859672546387e-01,-1.580007374286651611e-02,-1.130622550845146179e-01,-2.100473940372467041e-01,-4.880043566226959229e-01,7.436831593513488770e-01,2.017308175563812256e-01,-7.178645115345716476e-03,1.983940303325653076e-01,-1.940312050282955170e-02
-8.911368437111377716e-03,3.522552782669663429e-03,7.824016213417053223e-01,9.998736381530761719e-01,8.061906322836875916e-03,-9.560293518006801605e-03,9.813930839300155640e-03,7.862915843725204468e-02,1.880750805139541626e-01,4.593455493450164795e-01,1.523426026105880737e-01,-1.342364847660064697e-01,-1.316461861133575439e-01,4.908728227019309998e-02,-2.382114082574844360e-01,-3.820349574089050293e-01,1.708478182554244995e-01,-1.362657994031906128e-01,1.732225716114044189e-01,-4.208112135529518127e-02,-6.776763498783111572e-02,8.551231771707534790e-02,-6.485959142446517944e-02,4.707469642162322998e-01,-7.525696754455566406e-01,9.936271905899047852e-01,2.078981697559356689e-01,-1.574059948325157166e-02,-1.113566979765892029e-01,-2.418097406625747681e-01,-5.162295103073120117e-01,7.059496641159057617e-01,3.508057445287704468e-02,2.197506837546825409e-02,1.970161944627761841e-01,-1.731778495013713837e-02
-8.720501326024532318e-03,3.452588804066181183e-03,7.824043631553649902e-01,9.998690485954284668e-01,8.032706566154956818e-03,-1.010603178292512894e-02,9.760140441358089447e-03,8.086802065372467041e-02,1.885338425636291504e-01,4.603648483753204346e-01,1.504766345024108887e-01,-1.328838467597961426e-01,-1.317699998617172241e-01,5.294413864612579346e-02,-2.359766662120819092e-01,-3.804183006286621094e-01,1.640635579824447632e-01,-1.341177970170974731e-01,1.741450875997543335e-01,-4.531269520521163940e-02,-7.660146802663803101e-02,8.004409819841384888e-02,-5.983104184269905090e-02,4.754343628883361816e-01,-7.458240985870361328e-01,9.957626461982727051e-01,2.072405219078063965e-01,-1.580830104649066925e-02,-1.100092381238937378e-01,-2.857609093189239502e-01,-5.494310855865478516e-01,6.511682868003845215e-01,-1.312905400991439819e-01,7.863669842481613159e-02,1.942484080791473389e-01,-3.341857343912124634e-02
-8.613863959908485413e-03,3.358164569362998009e-03,7.823359966278076172e-01,9.998646974563598633e-01,8.099936880171298981e-03,-1.080072391778230667e-02,9.398181922733783722e-03,8.390565961599349976e-02,1.885749846696853638e-01,4.621479809284210205e-01,1.484620273113250732e-01,-1.319269388914108276e-01,-1.323463469743728638e-01,5.563541129231452942e-02,-2.346416860818862915e-01,-3.788289129734039307e-01,1.590168178081512451e-01,-1.329324394464492798e-01,1.754740625619888306e-01,-4.886348918080329895e-02,-8.491589874029159546e-02,7.548531889915466309e-02,-5.372570827603340149e-02,4.805923998355865479e-01,-7.374034523963928223e-01,9.949919581413269043e-01,2.084566652774810791e-01,-1.449467707425355911e-02,-1.098631918430328369e-01,-3.426336944103240967e-01,-5.861281752586364746e-01,5.767691731452941895e-01,-2.813806831836700439e-01,1.602925360202789307e-01,1.956253051757812500e-01,-7.288835942745208740e-02
-8.562156930565834045e-03,3.413617378100752831e-03,7.822109460830688477e-01,9.998623728752136230e-01,8.138846606016159058e-03,-1.158003415912389755e-02,8.656061254441738129e-03,8.734556287527084351e-02,1.885181814432144165e-01,4.647948741912841797e-01,1.470912545919418335e-01,-1.316045075654983521e-01,-1.331183314323425293e-01,5.716279894113540649e-02,-2.337777614593505859e-01,-3.765706419944763184e-01,1.560789346694946289e-01,-1.326685547828674316e-01,1.768330335617065430e-01,-5.274064466357231140e-02,-9.210233390331268311e-02,7.142721861600875854e-02,-4.626560211181640625e-02,4.856331050395965576e-01,-7.275616526603698730e-01,9.908089637756347656e-01,2.113461792469024658e-01,-1.124662440270185471e-02,-1.122041046619415283e-01,-4.184940457344055176e-01,-6.265912055969238281e-01,4.915401339530944824e-01,-3.984879553318023682e-01,2.424879968166351318e-01,2.008416503667831421e-01,-1.284798979759216309e-01
-8.530166000127792358e-03,3.661219961941242218e-03,7.820637822151184082e-01,9.998612999916076660e-01,8.064352907240390778e-03,-1.230417191982269287e-02,7.807325571775436401e-03,9.064967930316925049e-02,1.883436143398284912e-01,4.675153195858001709e-01,1.461731493473052979e-01,-1.316917836666107178e-01,-1.337962150573730469e-01,5.837712064385414124e-02,-2.326823174953460693e-01,-3.740717768669128418e-01,1.536105275154113770e-01,-1.323262453079223633e-01,1.781675964593887329e-01,-5.777131393551826477e-02,-9.770019352436065674e-02,6.690577417612075806e-02,-3.724225237965583801e-02,4.900672733783721924e-01,-7.165465950965881348e-01,9.844554066658020020e-01,2.139821350574493408e-01,-7.491342723369598389e-03,-1.171157211065292358e-01,-5.224658250808715820e-01,-6.742327213287353516e-01,4.074485301971435547e-01,-4.715059995651245117e-01,3.022139966487884521e-01,2.041370719671249390e-01,-1.844327598810195923e-01
-8.433815091848373413e-03,3.993156831711530685e-03,7.819961309432983398e-01,9.998590946197509766e-01,7.914929650723934174e-03,-1.276991982012987137e-02,7.491846103221178055e-03,9.265285730361938477e-02,1.877683252096176147e-01,4.684856235980987549e-01,1.448769271373748779e-01,-1.315779983997344971e-01,-1.341593265533447266e-01,5.992169305682182312e-02,-2.313627451658248901e-01,-3.727570772171020508e-01,1.501873135566711426e-01,-1.314232796430587769e-01,1.793330162763595581e-01,-6.508079916238784790e-02,-1.014421805739402771e-01,6.132473051548004150e-02,-2.660531923174858093e-02,4.931646883487701416e-01,-7.044966816902160645e-01,9.772813916206359863e-01,2.159486413002014160e-01,-5.291534122079610825e-03,-1.220313161611557007e-01,-6.597266793251037598e-01,-7.324638366699218750e-01,3.408854305744171143e-01,-4.918707013130187988e-01,3.377154171466827393e-01,2.046845257282257080e-01,-2.259955853223800659e-01
-8.174736984074115753e-03,4.270716570317745209e-03,7.820685505867004395e-01,9.998558163642883301e-01,7.720662746578454971e-03,-1.297004614025354385e-02,7.783404551446437836e-03,9.323076903820037842e-02,1.871725022792816162e-01,4.675538241863250732e-01,1.434406191110610962e-01,-1.313263475894927979e-01,-1.340382993221282959e-01,6.197246536612510681e-02,-2.302613854408264160e-01,-3.730794787406921387e-01,1.464049965143203735e-01,-1.300600320100784302e-01,1.800276935100555420e-01,-7.414495944976806641e-02,-1.029578447341918945e-01,5.535515397787094116e-02,-1.496214512735605240e-02,4.943743050098419189e-01,-6.899371147155761719e-01,9.698856472969055176e-01,2.173294574022293091e-01,-5.764899775385856628e-03,-1.241046413779258728e-01,-8.296335339546203613e-01,-7.998692393302917480e-01,3.028164505958557129e-01,-4.611220955848693848e-01,3.621776103973388672e-01,2.011300921440124512e-01,-2.538760602474212646e-01
-7.716555614024400711e-03,4.423249047249555588e-03,7.822640538215637207e-01,9.998493790626525879e-01,7.578410208225250244e-03,-1.304775290191173553e-02,8.577452972531318665e-03,9.282400459051132202e-02,1.870342940092086792e-01,4.661382138729095459e-01,1.428523957729339600e-01,-1.312974393367767334e-01,-1.332764774560928345e-01,6.453301757574081421e-02,-2.296829819679260254e-01,-3.748851418495178223e-01,1.437322795391082764e-01,-1.290732473134994507e-01,1.800259500741958618e-01,-8.217965811491012573e-02,-1.026217490434646606e-01,5.076826736330986023e-02,-5.170165095478296280e-03,4.934097230434417725e-01,-6.744347214698791504e-01,9.635295271873474121e-01,2.180487364530563354e-01,-8.428765460848808289e-03,-1.229237765073776245e-01,-1.020739555358886719e+00,-8.709266185760498047e-01,2.972766458988189697e-01,-3.904929459095001221e-01,3.886127173900604248e-01,1.933044642210006714e-01,-2.761916816234588623e-01
-7.014461793005466461e-03,4.460634663701057434e-03,7.824907302856445312e-01,9.998355507850646973e-01,7.510893978178501129e-03,-1.321104541420936584e-02,9.898923337459564209e-03,9.284014999866485596e-02,1.872543990612030029e-01,4.648004174232482910e-01,1.425851285457611084e-01,-1.310596913099288940e-01,-1.322131156921386719e-01,6.787515431642532349e-02,-2.293845117092132568e-01,-3.775756359100341797e-01,1.424501389265060425e-01,-1.295540332794189453e-01,1.793810427188873291e-01,-8.676380664110183716e-02,-1.025471389293670654e-01,4.837081208825111389e-02,-6.676829070784151554e-05,4.909240305423736572e-01,-6.603720784187316895e-01,9.608514308929443359e-01,2.177262902259826660e-01,-1.094430778175592422e-02,-1.205767318606376648e-01,-1.217233657836914062e+00,-9.434846043586730957e-01,3.163346946239471436e-01,-2.926582694053649902e-01,4.196890294551849365e-01,1.838425695896148682e-01,-2.967922091484069824e-01
-6.033365614712238312e-03,4.363199230283498764e-03,7.827256917953491211e-01,9.998158812522888184e-01,7.390799000859260559e-03,-1.347864884883165359e-02,1.147922407835721970e-02,9.429089725017547607e-02,1.876677274703979492e-01,4.633253216743469238e-01,1.412425488233566284e-01,-1.300126463174819946e-01,-1.317173987627029419e-01,7.182802259922027588e-02,-2.287771552801132202e-01,-3.802564442157745361e-01,1.417599320411682129e-01,-1.311317682266235352e-01,1.789840012788772583e-01,-8.838817477226257324e-02,-1.046948730945587158e-01,4.671886935830116272e-02,1.643157214857637882e-03,4.881193935871124268e-01,-6.481689214706420898e-01,9.639781117439270020e-01,2.177877426147460938e-01,-1.169442757964134216e-02,-1.181273460388183594e-01,-1.407873272895812988e+00,-1.011216759681701660e+00,3.535597026348114014e-01,-1.814471632242202759e-01,4.492090046405792236e-01,1.741992980241775513e-01,-3.133187592029571533e-01
-4.799215123057365417e-03,4.071250092238187790e-03,7.829735279083251953e-01,9.997921586036682129e-01,7.169423624873161316e-03,-1.384771242737770081e-02,1.313426438719034195e-02,9.711296111345291138e-02,1.883219927549362183e-01,4.614461660385131836e-01,1.386828720569610596e-01,-1.283544003963470459e-01,-1.320542544126510620e-01,7.633472979068756104e-02,-2.275760620832443237e-01,-3.826671242713928223e-01,1.409911066293716431e-01,-1.331159621477127075e-01,1.789072453975677490e-01,-8.837577700614929199e-02,-1.090245172381401062e-01,4.442349076271057129e-02,1.333440188318490982e-03,4.857190549373626709e-01,-6.386118531227111816e-01,9.728231430053710938e-01,2.195652723312377930e-01,-1.046136859804391861e-02,-1.158313304185867310e-01,-1.590933918952941895e+00,-1.071496129035949707e+00,4.131185710430145264e-01,-5.925567448139190674e-02,4.720283746719360352e-01,1.662494093179702759e-01,-3.235030770301818848e-01
-3.376530250534415245e-03,3.519617253914475441e-03,7.831963300704956055e-01,9.997646212577819824e-01,6.854434963315725327e-03,-1.431141700595617294e-02,1.479855366051197052e-02,1.010919213294982910e-01,1.893125474452972412e-01,4.595304429531097412e-01,1.351789683103561401e-01,-1.263082325458526611e-01,-1.332685053348541260e-01,8.144718408584594727e-02,-2.257968038320541382e-01,-3.850417435169219971e-01,1.400334239006042480e-01,-1.349435746669769287e-01,1.791575103998184204e-01,-8.804894983768463135e-02,-1.158151328563690186e-01,4.083444178104400635e-02,1.005413592793047428e-03,4.843233823776245117e-01,-6.323300600051879883e-01,9.861674308776855469e-01,2.227322161197662354e-01,-7.482348475605249405e-03,-1.145801246166229248e-01,-1.764403939247131348e+00,-1.121758818626403809e+00,4.942399263381958008e-01,7.329865545034408569e-02,4.885989129543304443e-01,1.617169678211212158e-01,-3.266915977001190186e-01
-1.893182517960667610e-03,2.689703134819865227e-03,7.833437323570251465e-01,9.997301101684570312e-01,6.505091674625873566e-03,-1.488482486456632614e-02,1.660773530602455139e-02,1.054425984621047974e-01,1.905838251113891602e-01,4.570222795009613037e-01,1.317825019359588623e-01,-1.242017596960067749e-01,-1.353296935558319092e-01,8.692111074924468994e-02,-2.236631661653518677e-01,-3.876514136791229248e-01,1.392410099506378174e-01,-1.366694867610931396e-01,1.790812462568283081e-01,-8.876261860132217407e-02,-1.252789795398712158e-01,3.564463928341865540e-02,2.562716836109757423e-03,4.845399260520935059e-01,-6.277896165847778320e-01,1.001911878585815430e+00,2.279095351696014404e-01,-4.020197317004203796e-03,-1.148330941796302795e-01,-1.928379654884338379e+00,-1.158830881118774414e+00,5.948478579521179199e-01,2.122970521450042725e-01,5.027395486831665039e-01,1.608035117387771606e-01,-3.240196108818054199e-01
-4.035894526168704033e-04,1.644961303099989891e-03,7.834179997444152832e-01,9.996894598007202148e-01,6.129832472652196884e-03,-1.545201614499092102e-02,1.856444217264652252e-02,1.095466241240501404e-01,1.922708153724670410e-01,4.543507397174835205e-01,1.289672553539276123e-01,-1.223284378647804260e-01,-1.378340721130371094e-01,9.239305555820465088e-02,-2.212898582220077515e-01,-3.906963467597961426e-01,1.386307030916213989e-01,-1.381065249443054199e-01,1.785879582166671753e-01,-9.111041575670242310e-02,-1.367547065019607544e-01,2.839119173586368561e-02,6.596362218260765076e-03,4.862358272075653076e-01,-6.237140297889709473e-01,1.018690109252929688e+00,2.337255477905273438e-01,-2.148699568351730704e-04,-1.155176162719726562e-01,-2.079865455627441406e+00,-1.183576345443725586e+00,7.075434923171997070e-01,3.511701822280883789e-01,5.174331665039062500e-01,1.624106317758560181e-01,-3.173332214355468750e-01
1.027311896905303001e-03,4.649657057598233223e-04,7.834523320198059082e-01,9.996437430381774902e-01,5.743616260588169098e-03,-1.591123081743717194e-02,2.064632251858711243e-02,1.128692924976348877e-01,1.945456266403198242e-01,4.519842863082885742e-01,1.266044676303863525e-01,-1.208997368812561035e-01,-1.408029049634933472e-01,9.751311689615249634e-02,-2.187047600746154785e-01,-3.942464888095855713e-01,1.381335258483886719e-01,-1.398043632507324219e-01,1.775455772876739502e-01,-9.510324895381927490e-02,-1.492166370153427124e-01,1.884450949728488922e-02,1.268095523118972778e-02,4.886972010135650635e-01,-6.193267703056335449e-01,1.035515904426574707e+00,2.382196485996246338e-01,3.816961077973246574e-03,-1.164323687553405762e-01,-2.214716196060180664e+00,-1.196586370468139648e+00,8.220363259315490723e-01,4.838243722915649414e-01,5.337688922882080078e-01,1.678777933120727539e-01,-3.075148761272430420e-01
2.471425104886293411e-03,-8.521921699866652489e-04,7.834542393684387207e-01,9.995979666709899902e-01,5.299831740558147430e-03,-1.616511121392250061e-02,2.268507517874240875e-02,1.154457405209541321e-01,1.973156332969665527e-01,4.499345719814300537e-01,1.248050183057785034e-01,-1.199126243591308594e-01,-1.439973413944244385e-01,1.021025255322456360e-01,-2.159364819526672363e-01,-3.979963064193725586e-01,1.374138593673706055e-01,-1.414649933576583862e-01,1.763094216585159302e-01,-9.981021285057067871e-02,-1.613451987504959106e-01,7.309131789952516556e-03,1.979399845004081726e-02,4.908422529697418213e-01,-6.148123145103454590e-01,1.051901340484619141e+00,2.411063760519027710e-01,8.165723644196987152e-03,-1.176574602723121643e-01,-2.325356483459472656e+00,-1.198981523513793945e+00,9.241614937782287598e-01,6.031830906867980957e-01,5.503331422805786133e-01,1.758052259683609009e-01,-2.973406016826629639e-01
3.714309306815266609e-03,-2.006373368203639984e-03,7.834579348564147949e-01,9.995542168617248535e-01,4.760953597724437714e-03,-1.633343659341335297e-02,2.453413605690002441e-02,1.175175681710243225e-01,2.002466470003128052e-01,4.478928446769714355e-01,1.233428642153739929e-01,-1.192101165652275085e-01,-1.472831070423126221e-01,1.062714010477066040e-01,-2.127814292907714844e-01,-4.011626243591308594e-01,1.362103223800659180e-01,-1.429275423288345337e-01,1.750807017087936401e-01,-1.046218648552894592e-01,-1.724017709493637085e-01,-5.136613734066486359e-03,2.747149020433425903e-02,4.919982850551605225e-01,-6.103661656379699707e-01,1.068352937698364258e+00,2.434157431125640869e-01,1.219723932445049286e-02,-1.193721070885658264e-01,-2.411988019943237305e+00,-1.195065021514892578e+00,1.009483575820922852e+00,7.027396559715270996e-01,5.636634826660156250e-01,1.843467503786087036e-01,-2.897830307483673096e-01
4.857188090682029724e-03,-3.031789790838956833e-03,7.834835052490234375e-01,9.995137453079223633e-01,4.182468634098768234e-03,-1.650852151215076447e-02,2.612043544650077820e-02,1.191848590970039368e-01,2.031482458114624023e-01,4.458344578742980957e-01,1.224044263362884521e-01,-1.189843416213989258e-01,-1.503772735595703125e-01,1.103401184082031250e-01,-2.093988955020904541e-01,-4.037560224533081055e-01,1.346081644296646118e-01,-1.443529576063156128e-01,1.739824861288070679e-01,-1.092039644718170166e-01,-1.820023953914642334e-01,-1.747606880962848663e-02,3.609165921807289124e-02,4.919898808002471924e-01,-6.058043241500854492e-01,1.085025429725646973e+00,2.450628727674484253e-01,1.562392059713602066e-02,-1.215462386608123779e-01,-2.478353023529052734e+00,-1.187668800354003906e+00,1.080289006233215332e+00,7.833886146545410156e-01,5.702284574508666992e-01,1.933132261037826538e-01,-2.852748334407806396e-01
5.893254652619361877e-03,-3.868398489430546761e-03,7.834996581077575684e-01,9.994822740554809570e-01,3.623084165155887604e-03,-1.673180609941482544e-02,2.724043279886245728e-02,1.210177913308143616e-01,2.057261317968368530e-01,4.440499544143676758e-01,1.218536049127578735e-01,-1.192436218261718750e-01,-1.528454720973968506e-01,1.140966266393661499e-01,-2.061940878629684448e-01,-4.055441021919250488e-01,1.328756511211395264e-01,-1.454471051692962646e-01,1.731875836849212646e-01,-1.129215657711029053e-01,-1.895525306463241577e-01,-2.856967039406299591e-02,4.414157941937446594e-02,4.908606410026550293e-01,-6.010905504226684570e-01,1.100465416908264160e+00,2.451778799295425415e-01,1.799003221094608307e-02,-1.241267919540405273e-01,-2.525659084320068359e+00,-1.180071711540222168e+00,1.134194731712341309e+00,8.448124527931213379e-01,5.705096125602722168e-01,2.009704709053039551e-01,-2.827755808830261230e-01
6.847431883215904236e-03,-4.471182823181152344e-03,7.834882140159606934e-01,9.994601607322692871e-01,3.112964332103729248e-03,-1.710963062942028046e-02,2.787325531244277954e-02,1.232949122786521912e-01,2.079001218080520630e-01,4.427120089530944824e-01,1.216278895735740662e-01,-1.195268705487251282e-01,-1.544821858406066895e-01,1.175359934568405151e-01,-2.035743445158004761e-01,-4.064926803112030029e-01,1.314737051725387573e-01,-1.461497396230697632e-01,1.726698577404022217e-01,-1.154906675219535828e-01,-1.951366811990737915e-01,-3.733642399311065674e-02,5.075275897979736328e-02,4.889814555644989014e-01,-5.965499877929687500e-01,1.113137960433959961e+00,2.444400936365127563e-01,1.942400448024272919e-02,-1.267186552286148071e-01,-2.556769847869873047e+00,-1.173397660255432129e+00,1.171924352645874023e+00,8.901764750480651855e-01,5.669016242027282715e-01,2.067455798387527466e-01,-2.798923254013061523e-01
7.686886005103588104e-03,-4.826211370527744293e-03,7.834575772285461426e-01,9.994460940361022949e-01,2.715168986469507217e-03,-1.763777621090412140e-02,2.808856032788753510e-02,1.260437667369842529e-01,2.094722241163253784e-01,4.419202506542205811e-01,1.214511841535568237e-01,-1.196031868457794189e-01,-1.556064933538436890e-01,1.207861378788948059e-01,-2.016241401433944702e-01,-4.067094326019287109e-01,1.304716616868972778e-01,-1.467320919036865234e-01,1.725393235683441162e-01,-1.172852590680122375e-01,-1.994317173957824707e-01,-4.392028599977493286e-02,5.611539259552955627e-02,4.867092967033386230e-01,-5.920696258544921875e-01,1.122885346412658691e+00,2.427711784839630127e-01,2.026236988604068756e-02,-1.285924911499023438e-01,-2.576929092407226562e+00,-1.168444991111755371e+00,1.198125720024108887e+00,9.245994687080383301e-01,5.651057958602905273e-01,2.117351591587066650e-01,-2.767714560031890869e-01
8.377232588827610016e-03,-4.949369467794895172e-03,7.834209203720092773e-01,9.994371533393859863e-01,2.422595629468560219e-03,-1.826352812349796295e-02,2.803316898643970490e-02,1.289371550083160400e-01,2.105573415756225586e-01,4.417703151702880859e-01,1.214890405535697937e-01,-1.195468157529830933e-01,-1.564237177371978760e-01,1.236565113067626953e-01,-2.003421783447265625e-01,-4.063180685043334961e-01,1.299240440130233765e-01,-1.470630466938018799e-01,1.724966466426849365e-01,-1.183720976114273071e-01,-2.026358246803283691e-01,-4.876991733908653259e-02,6.082377582788467407e-02,4.841360151767730713e-01,-5.870222449302673340e-01,1.130146980285644531e+00,2.406249493360519409e-01,2.068269811570644379e-02,-1.297633498907089233e-01,-2.589289903640747070e+00,-1.164720773696899414e+00,1.216544389724731445e+00,9.519332051277160645e-01,5.647754669189453125e-01,2.161311358213424683e-01,-2.737634479999542236e-01
8.941246196627616882e-03,-4.871079232543706894e-03,7.833752036094665527e-01,9.994297027587890625e-01,2.231067279353737831e-03,-1.886077784001827240e-02,2.792003750801086426e-02,1.314954012632369995e-01,2.110662460327148438e-01,4.416859745979309082e-01,1.214251369237899780e-01,-1.195778623223304749e-01,-1.573159992694854736e-01,1.261681467294692993e-01,-1.996732652187347412e-01,-4.056277275085449219e-01,1.296395510435104370e-01,-1.472334861755371094e-01,1.726205497980117798e-01,-1.186223402619361877e-01,-2.047338187694549561e-01,-5.220080539584159851e-02,6.436935812234878540e-02,4.813881218433380127e-01,-5.820953845977783203e-01,1.134903669357299805e+00,2.387053221464157104e-01,2.112248539924621582e-02,-1.300982981920242310e-01,-2.597612857818603516e+00,-1.161177873611450195e+00,1.229461431503295898e+00,9.749148488044738770e-01,5.647909045219421387e-01,2.206385433673858643e-01,-2.690806090831756592e-01
9.433655999600887299e-03,-4.661550279706716537e-03,7.833334207534790039e-01,9.994233250617980957e-01,2.096813870593905449e-03,-1.944765262305736542e-02,2.775768563151359558e-02,1.337609589099884033e-01,2.112535387277603149e-01,4.419444501399993896e-01,1.212430596351623535e-01,-1.198155805468559265e-01,-1.582733243703842163e-01,1.284311264753341675e-01,-1.992582082748413086e-01,-4.047929346561431885e-01,1.296336054801940918e-01,-1.475418508052825928e-01,1.727526038885116577e-01,-1.182249635457992554e-01,-2.062146514654159546e-01,-5.458150431513786316e-02,6.680659204721450806e-02,4.790129959583282471e-01,-5.776942372322082520e-01,1.137486815452575684e+00,2.377130240201950073e-01,2.157201990485191345e-02,-1.298325657844543457e-01,-2.603158712387084961e+00,-1.159077167510986328e+00,1.239063382148742676e+00,9.936614632606506348e-01,5.665843486785888672e-01,2.246632725000381470e-01,-2.642943263053894043e-01
9.852974675595760345e-03,-4.351490177214145660e-03,7.833028435707092285e-01,9.994155168533325195e-01,2.050239127129316330e-03,-2.001030556857585907e-02,2.764125913381576538e-02,1.358344256877899170e-01,2.110895812511444092e-01,4.422367811203002930e-01,1.211069375276565552e-01,-1.203306466341018677e-01,-1.588987708091735840e-01,1.303469240665435791e-01,-1.992551088333129883e-01,-4.038010537624359131e-01,1.299433112144470215e-01,-1.478872895240783691e-01,1.730192303657531738e-01,-1.175225526094436646e-01,-2.072008252143859863e-01,-5.608651041984558105e-02,6.783135235309600830e-02,4.771955311298370361e-01,-5.744405984878540039e-01,1.138868212699890137e+00,2.367785423994064331e-01,2.193750999867916107e-02,-1.295022815465927124e-01,-2.606040000915527344e+00,-1.157872796058654785e+00,1.245837211608886719e+00,1.008896231651306152e+00,5.703710913658142090e-01,2.272207736968994141e-01,-2.593213319778442383e-01
1.025577448308467865e-02,-3.994231577962636948e-03,7.832715511322021484e-01,9.994040727615356445e-01,2.049476839601993561e-03,-2.059790492057800293e-02,2.762305922806262970e-02,1.377722471952438354e-01,2.107628732919692993e-01,4.425367414951324463e-01,1.209821179509162903e-01,-1.211591586470603943e-01,-1.591234058141708374e-01,1.323546916246414185e-01,-1.995204687118530273e-01,-4.032949507236480713e-01,1.303295642137527466e-01,-1.482363641262054443e-01,1.734780669212341309e-01,-1.168705150485038757e-01,-2.080004513263702393e-01,-5.703556910157203674e-02,6.836321949958801270e-02,4.761451780796051025e-01,-5.727982521057128906e-01,1.140050649642944336e+00,2.359095960855484009e-01,2.226326800882816315e-02,-1.294382661581039429e-01,-2.607608079910278320e+00,-1.157530784606933594e+00,1.250666856765747070e+00,1.020864963531494141e+00,5.755810141563415527e-01,2.300648838281631470e-01,-2.551331818103790283e-01
1.062260568141937256e-02,-3.668373450636863708e-03,7.832058072090148926e-01,9.993904829025268555e-01,2.086286665871739388e-03,-2.114623039960861206e-02,2.769733592867851257e-02,1.395475417375564575e-01,2.102898210287094116e-01,4.424767494201660156e-01,1.210025921463966370e-01,-1.222605630755424500e-01,-1.588699072599411011e-01,1.340672075748443604e-01,-1.999890208244323730e-01,-4.029980003833770752e-01,1.308231502771377563e-01,-1.484693735837936401e-01,1.741340458393096924e-01,-1.162377074360847473e-01,-2.087279409170150757e-01,-5.765143036842346191e-02,6.810813397169113159e-02,4.757946431636810303e-01,-5.723516345024108887e-01,1.141789317131042480e+00,2.360426783561706543e-01,2.261500619351863861e-02,-1.290963143110275269e-01,-2.608811140060424805e+00,-1.157627344131469727e+00,1.253854155540466309e+00,1.031031131744384766e+00,5.810950994491577148e-01,2.327517271041870117e-01,-2.511985301971435547e-01
1.095656864345073700e-02,-3.423148300498723984e-03,7.831540107727050781e-01,9.993788003921508789e-01,2.156530274078249931e-03,-2.157511748373508453e-02,2.778266556560993195e-02,1.409474015235900879e-01,2.097156196832656860e-01,4.422084987163543701e-01,1.209789291024208069e-01,-1.232049465179443359e-01,-1.584269404411315918e-01,1.353404223918914795e-01,-2.005160599946975708e-01,-4.026728868484497070e-01,1.312756538391113281e-01,-1.487999558448791504e-01,1.749177128076553345e-01,-1.159934103488922119e-01,-2.096139937639236450e-01,-5.844226107001304626e-02,6.778508424758911133e-02,4.760727286338806152e-01,-5.720596313476562500e-01,1.144134759902954102e+00,2.367462366819381714e-01,2.286098152399063110e-02,-1.289728581905364990e-01,-2.609207391738891602e+00,-1.158023357391357422e+00,1.256732583045959473e+00,1.039179563522338867e+00,5.840330719947814941e-01,2.356454282999038696e-01,-2.476852834224700928e-01
1.123742107301950455e-02,-3.249404253438115120e-03,7.831329107284545898e-01,9.993680119514465332e-01,2.227737568318843842e-03,-2.191866002976894379e-02,2.789604477584362030e-02,1.419598758220672607e-01,2.091398686170578003e-01,4.418025910854339600e-01,1.207473054528236389e-01,-1.239736676216125488e-01,-1.582120954990386963e-01,1.364139169454574585e-01,-2.010843306779861450e-01,-4.025232493877410889e-01,1.315257847309112549e-01,-1.490630060434341431e-01,1.757636219263076782e-01,-1.158887818455696106e-01,-2.104424685239791870e-01,-5.947455391287803650e-02,6.755093485116958618e-02,4.769053161144256592e-01,-5.718937516212463379e-01,1.146415352821350098e+00,2.380392700433731079e-01,2.304495312273502350e-02,-1.294202506542205811e-01,-2.610328912734985352e+00,-1.157748818397521973e+00,1.259506702423095703e+00,1.046672701835632324e+00,5.852842330932617188e-01,2.391799837350845337e-01,-2.446059882640838623e-01
1.148557197302579880e-02,-3.122542286291718483e-03,7.831256985664367676e-01,9.993590116500854492e-01,2.280152868479490280e-03,-2.223324775695800781e-02,2.796405553817749023e-02,1.430041193962097168e-01,2.086398899555206299e-01,4.413806200027465820e-01,1.203747019171714783e-01,-1.244097352027893066e-01,-1.581949442625045776e-01,1.374419033527374268e-01,-2.016253620386123657e-01,-4.020740985870361328e-01,1.318249553442001343e-01,-1.493985056877136230e-01,1.761894971132278442e-01,-1.156826764345169067e-01,-2.110654115676879883e-01,-6.027290597558021545e-02,6.718129664659500122e-02,4.781901538372039795e-01,-5.712508559226989746e-01,1.148685932159423828e+00,2.393600791692733765e-01,2.311220951378345490e-02,-1.298973858356475830e-01,-2.611048936843872070e+00,-1.157541513442993164e+00,1.262267351150512695e+00,1.053140878677368164e+00,5.860138535499572754e-01,2.431647330522537231e-01,-2.406685501337051392e-01
1.174882985651493073e-02,-2.972031012177467346e-03,7.831156849861145020e-01,9.993522763252258301e-01,2.298783278092741966e-03,-2.258398570120334625e-02,2.792244404554367065e-02,1.441924571990966797e-01,2.082425802946090698e-01,4.413039982318878174e-01,1.199581846594810486e-01,-1.248855516314506531e-01,-1.582290083169937134e-01,1.386473327875137329e-01,-2.019733488559722900e-01,-4.015491008758544922e-01,1.320856809616088867e-01,-1.498258709907531738e-01,1.764356791973114014e-01,-1.153604239225387573e-01,-2.115435749292373657e-01,-6.092131882905960083e-02,6.716193258762359619e-02,4.798387885093688965e-01,-5.711107254028320312e-01,1.151021242141723633e+00,2.399283051490783691e-01,2.318044006824493408e-02,-1.299664378166198730e-01,-2.612598657608032227e+00,-1.157026052474975586e+00,1.265542864799499512e+00,1.059738278388977051e+00,5.868149399757385254e-01,2.469761669635772705e-01,-2.360417097806930542e-01
1.205477956682443619e-02,-2.780120819807052612e-03,7.831050753593444824e-01,9.993444085121154785e-01,2.288796240463852882e-03,-2.301075495779514313e-02,2.785623632371425629e-02,1.455905735492706299e-01,2.080087214708328247e-01,4.415880739688873291e-01,1.196868941187858582e-01,-1.254506111145019531e-01,-1.582378298044204712e-01,1.399691253900527954e-01,-2.021135538816452026e-01,-4.009512364864349365e-01,1.324430853128433228e-01,-1.503104716539382935e-01,1.763842254877090454e-01,-1.149921789765357971e-01,-2.118338048458099365e-01,-6.138422340154647827e-02,6.722717732191085815e-02,4.817091226577758789e-01,-5.710563659667968750e-01,1.153033137321472168e+00,2.388209700584411621e-01,2.321141585707664490e-02,-1.293117552995681763e-01,-2.614427089691162109e+00,-1.156200408935546875e+00,1.269458174705505371e+00,1.066612243652343750e+00,5.902456641197204590e-01,2.500653564929962158e-01,-2.317355871200561523e-01
1.239243336021900177e-02,-2.573532517999410629e-03,7.830660343170166016e-01,9.993340969085693359e-01,2.300912514328956604e-03,-2.351537719368934631e-02,2.780417725443840027e-02,1.471173465251922607e-01,2.078019082546234131e-01,4.418119192123413086e-01,1.196030899882316589e-01,-1.260848492383956909e-01,-1.582336723804473877e-01,1.412472873926162720e-01,-2.021860331296920776e-01,-4.002812802791595459e-01,1.328921616077423096e-01,-1.507129520177841187e-01,1.762485504150390625e-01,-1.144170463085174561e-01,-2.119786143302917480e-01,-6.167488172650337219e-02,6.690749526023864746e-02,4.836846590042114258e-01,-5.714002847671508789e-01,1.154782772064208984e+00,2.372089177370071411e-01,2.341766282916069031e-02,-1.281244307756423950e-01,-2.616868495941162109e+00,-1.154866456985473633e+00,1.273844599723815918e+00,1.073492050170898438e+00,5.952702760696411133e-01,2.521334886550903320e-01,-2.280176281929016113e-01
1.273026969283819199e-02,-2.387230750173330307e-03,7.829976677894592285e-01,9.993225932121276855e-01,2.334591001272201538e-03,-2.401615306735038757e-02,2.778711169958114624e-02,1.485876888036727905e-01,2.076591998338699341e-01,4.419892132282257080e-01,1.197374984622001648e-01,-1.268139481544494629e-01,-1.581605225801467896e-01,1.424415111541748047e-01,-2.022527903318405151e-01,-3.996838331222534180e-01,1.334484815597534180e-01,-1.510088145732879639e-01,1.760783046483993530e-01,-1.138070747256278992e-01,-2.120582610368728638e-01,-6.205595284700393677e-02,6.665256619453430176e-02,4.856407046318054199e-01,-5.716875195503234863e-01,1.156746149063110352e+00,2.356636673212051392e-01,2.395164035260677338e-02,-1.267130225896835327e-01,-2.618147850036621094e+00,-1.153636455535888672e+00,1.277840852737426758e+00,1.079396605491638184e+00,6.007909178733825684e-01,2.532365024089813232e-01,-2.241816222667694092e-01
1.300993282347917557e-02,-2.242949325591325760e-03,7.829332351684570312e-01,9.993090629577636719e-01,2.415541093796491623e-03,-2.448776178061962128e-02,2.785410732030868530e-02,1.497727483510971069e-01,2.075010240077972412e-01,4.418492615222930908e-01,1.199822798371315002e-01,-1.273868083953857422e-01,-1.579042077064514160e-01,1.434150934219360352e-01,-2.025615125894546509e-01,-3.992027938365936279e-01,1.343144625425338745e-01,-1.514999419450759888e-01,1.758530437946319580e-01,-1.133203953504562378e-01,-2.120151519775390625e-01,-6.247835233807563782e-02,6.645162403583526611e-02,4.872424900531768799e-01,-5.715572237968444824e-01,1.158939599990844727e+00,2.345322519540786743e-01,2.467910200357437134e-02,-1.259337365627288818e-01,-2.618116617202758789e+00,-1.151782274246215820e+00,1.280499219894409180e+00,1.085093259811401367e+00,6.056375503540039062e-01,2.546228170394897461e-01,-2.198677808046340942e-01
1.319299824535846710e-02,-2.170454477891325951e-03,7.828785181045532227e-01,9.992931485176086426e-01,2.515169326215982437e-03,-2.496347576379776001e-02,2.799492329359054565e-02,1.507198512554168701e-01,2.074418663978576660e-01,4.417095184326171875e-01,1.203146576881408691e-01,-1.280904263257980347e-01,-1.574703305959701538e-01,1.443541646003723145e-01,-2.030085921287536621e-01,-3.991383314132690430e-01,1.353213191032409668e-01,-1.522501856088638306e-01,1.757870912551879883e-01,-1.128894537687301636e-01,-2.118267714977264404e-01,-6.267955154180526733e-02,6.640734523534774780e-02,4.884301722049713135e-01,-5.717008709907531738e-01,1.160588502883911133e+00,2.344200760126113892e-01,2.521329745650291443e-02,-1.255437582731246948e-01,-2.618351221084594727e+00,-1.149211883544921875e+00,1.282257080078125000e+00,1.090239644050598145e+00,6.100549697875976562e-01,2.571570277214050293e-01,-2.160877436399459839e-01
1.331897079944610596e-02,-2.168381586670875549e-03,7.828242182731628418e-01,9.992766976356506348e-01,2.625724067911505699e-03,-2.546305954456329346e-02,2.812095358967781067e-02,1.516752392053604126e-01,2.074054032564163208e-01,4.414319694042205811e-01,1.206912472844123840e-01,-1.288472115993499756e-01,-1.571848541498184204e-01,1.454409062862396240e-01,-2.035082727670669556e-01,-3.992766439914703369e-01,1.362757384777069092e-01,-1.533468216657638550e-01,1.757363975048065186e-01,-1.124438568949699402e-01,-2.114252448081970215e-01,-6.249067932367324829e-02,6.601881980895996094e-02,4.891758859157562256e-01,-5.722125172615051270e-01,1.161437511444091797e+00,2.350862324237823486e-01,2.564265206456184387e-02,-1.251615285873413086e-01,-2.619584798812866211e+00,-1.145607113838195801e+00,1.282895088195800781e+00,1.095208764076232910e+00,6.126409173011779785e-01,2.601070106029510498e-01,-2.127538770437240601e-01
1.345102488994598389e-02,-2.225335454568266869e-03,7.827652096748352051e-01,9.992609024047851562e-01,2.721559954807162285e-03,-2.598779089748859406e-02,2.819355204701423645e-02,1.528953462839126587e-01,2.073249220848083496e-01,4.410411119461059570e-01,1.207457184791564941e-01,-1.296324729919433594e-01,-1.571856737136840820e-01,1.466753184795379639e-01,-2.039654999971389771e-01,-3.994780182838439941e-01,1.373658627271652222e-01,-1.549512296915054321e-01,1.755953133106231689e-01,-1.119256913661956787e-01,-2.108806669712066650e-01,-6.214063614606857300e-02,6.558041274547576904e-02,4.894043505191802979e-01,-5.731428861618041992e-01,1.161789178848266602e+00,2.360357791185379028e-01,2.609602175652980804e-02,-1.251926124095916748e-01,-2.620595932006835938e+00,-1.141828775405883789e+00,1.282635927200317383e+00,1.100373744964599609e+00,6.153445839881896973e-01,2.633971571922302246e-01,-2.092955559492111206e-01
1.359066087752580643e-02,-2.300217514857649803e-03,7.827060818672180176e-01,9.992483854293823242e-01,2.794544212520122528e-03,-2.650676108896732330e-02,2.814817056059837341e-02,1.545020341873168945e-01,2.072003930807113647e-01,4.407763183116912842e-01,1.205174401402473450e-01,-1.304821372032165527e-01,-1.573566198348999023e-01,1.483483016490936279e-01,-2.041620612144470215e-01,-3.994380831718444824e-01,1.380100101232528687e-01,-1.565833240747451782e-01,1.754325032234191895e-01,-1.115631833672523499e-01,-2.102121263742446899e-01,-6.171368062496185303e-02,6.521719694137573242e-02,4.889802336692810059e-01,-5.747724175453186035e-01,1.161982297897338867e+00,2.373724877834320068e-01,2.659817226231098175e-02,-1.253445297479629517e-01,-2.621180772781372070e+00,-1.138205289840698242e+00,1.282169818878173828e+00,1.105770349502563477e+00,6.196579933166503906e-01,2.659168839454650879e-01,-2.063379883766174316e-01
1.369106955826282501e-02,-2.385105704888701439e-03,7.826640009880065918e-01,9.992371201515197754e-01,2.822369337081909180e-03,-2.703661657869815826e-02,2.804016880691051483e-02,1.561602503061294556e-01,2.073132097721099854e-01,4.411385655403137207e-01,1.202971637248992920e-01,-1.314577460289001465e-01,-1.576160043478012085e-01,1.503533869981765747e-01,-2.040148675441741943e-01,-3.994742035865783691e-01,1.380809694528579712e-01,-1.579545140266418457e-01,1.753130704164505005e-01,-1.114153116941452026e-01,-2.094471901655197144e-01,-6.130843609571456909e-02,6.453040987253189087e-02,4.880810379981994629e-01,-5.771359801292419434e-01,1.162403702735900879e+00,2.382836788892745972e-01,2.714853920042514801e-02,-1.257353872060775757e-01,-2.622395992279052734e+00,-1.134569525718688965e+00,1.282340764999389648e+00,1.111978054046630859e+00,6.258243918418884277e-01,2.682707011699676514e-01,-2.035893499851226807e-01
1.371419522911310196e-02,-2.486277138814330101e-03,7.826439738273620605e-01,9.992294311523437500e-01,2.829907927662134171e-03,-2.745738439261913300e-02,2.790376543998718262e-02,1.573881506919860840e-01,2.075833827257156372e-01,4.418243467807769775e-01,1.202916353940963745e-01,-1.321604847908020020e-01,-1.577287763357162476e-01,1.521019488573074341e-01,-2.036002874374389648e-01,-3.993107974529266357e-01,1.377845406532287598e-01,-1.588725000619888306e-01,1.751895695924758911e-01,-1.113817617297172546e-01,-2.086975574493408203e-01,-6.086037680506706238e-02,6.318039447069168091e-02,4.869107007980346680e-01,-5.795782208442687988e-01,1.163071036338806152e+00,2.374216467142105103e-01,2.721092291176319122e-02,-1.254818588495254517e-01,-2.624171733856201172e+00,-1.131270408630371094e+00,1.283112525939941406e+00,1.118178009986877441e+00,6.325088143348693848e-01,2.701633572578430176e-01,-2.009006589651107788e-01
1.370226219296455383e-02,-2.604162087664008141e-03,7.826389670372009277e-01,9.992287158966064453e-01,2.822867827489972115e-03,-2.769829519093036652e-02,2.769063413143157959e-02,1.579938977956771851e-01,2.078309655189514160e-01,4.424434006214141846e-01,1.205229088664054871e-01,-1.322388797998428345e-01,-1.576648801565170288e-01,1.527451872825622559e-01,-2.031760066747665405e-01,-3.989002704620361328e-01,1.375412344932556152e-01,-1.593327224254608154e-01,1.749192625284194946e-01,-1.115294247865676880e-01,-2.079428434371948242e-01,-6.075458973646163940e-02,6.205291301012039185e-02,4.856158196926116943e-01,-5.813451409339904785e-01,1.163515448570251465e+00,2.353916168212890625e-01,2.687412314116954803e-02,-1.252384781837463379e-01,-2.625141859054565430e+00,-1.128562688827514648e+00,1.283593416213989258e+00,1.123329877853393555e+00,6.396546363830566406e-01,2.714969217777252197e-01,-1.982484757900238037e-01
1.368870213627815247e-02,-2.693762537091970444e-03,7.826232910156250000e-01,9.992278218269348145e-01,2.861743094399571419e-03,-2.776324748992919922e-02,2.765438333153724670e-02,1.577974557876586914e-01,2.078857123851776123e-01,4.426215887069702148e-01,1.208694279193878174e-01,-1.317709833383560181e-01,-1.575026363134384155e-01,1.527592241764068604e-01,-2.031441330909729004e-01,-3.988167941570281982e-01,1.373188495635986328e-01,-1.592538654804229736e-01,1.746371388435363770e-01,-1.117376834154129028e-01,-2.072926014661788940e-01,-6.089661270380020142e-02,6.058126315474510193e-02,4.843083620071411133e-01,-5.830422639846801758e-01,1.163784146308898926e+00,2.327117770910263062e-01,2.651244215667247772e-02,-1.253419071435928345e-01,-2.626334905624389648e+00,-1.126090764999389648e+00,1.284666061401367188e+00,1.127585887908935547e+00,6.456009745597839355e-01,2.729716002941131592e-01,-1.950721144676208496e-01
1.364218723028898239e-02,-2.753820270299911499e-03,7.826305627822875977e-01,9.992298483848571777e-01,2.914275741204619408e-03,-2.776576392352581024e-02,2.757411077618598938e-02,1.573830991983413696e-01,2.077716439962387085e-01,4.424757659435272217e-01,1.210198476910591125e-01,-1.309291869401931763e-01,-1.573978066444396973e-01,1.522986888885498047e-01,-2.032972276210784912e-01,-3.985490202903747559e-01,1.372824758291244507e-01,-1.589039266109466553e-01,1.745366603136062622e-01,-1.118781864643096924e-01,-2.065111994743347168e-01,-6.104311719536781311e-02,5.876651778817176819e-02,4.829566478729248047e-01,-5.844067931175231934e-01,1.163441658020019531e+00,2.302372008562088013e-01,2.621637471020221710e-02,-1.254608780145645142e-01,-2.627276182174682617e+00,-1.123182654380798340e+00,1.285936355590820312e+00,1.131524443626403809e+00,6.502789855003356934e-01,2.760111689567565918e-01,-1.917882114648818970e-01
1.354084443300962448e-02,-2.778734080493450165e-03,7.826740741729736328e-01,9.992348551750183105e-01,2.968482905998826027e-03,-2.775543741881847382e-02,2.739742025732994080e-02,1.571231931447982788e-01,2.075977623462677002e-01,4.426177442073822021e-01,1.210501268506050110e-01,-1.299811601638793945e-01,-1.574698090553283691e-01,1.518113017082214355e-01,-2.035043686628341675e-01,-3.980811238288879395e-01,1.375693678855895996e-01,-1.586327403783798218e-01,1.745633333921432495e-01,-1.120167970657348633e-01,-2.055360823869705200e-01,-6.079180166125297546e-02,5.727691203355789185e-02,4.816186130046844482e-01,-5.856195092201232910e-01,1.162815093994140625e+00,2.292538583278656006e-01,2.597196400165557861e-02,-1.249233707785606384e-01,-2.628596067428588867e+00,-1.120516657829284668e+00,1.288118124008178711e+00,1.134732961654663086e+00,6.550874710083007812e-01,2.795630693435668945e-01,-1.887459158897399902e-01
1.338558830320835114e-02,-2.750990912318229675e-03,7.827295064926147461e-01,9.992418289184570312e-01,3.008900210261344910e-03,-2.778637409210205078e-02,2.710286527872085571e-02,1.570875793695449829e-01,2.075302451848983765e-01,4.434795379638671875e-01,1.210695952177047729e-01,-1.292433291673660278e-01,-1.576361656188964844e-01,1.511165946722030640e-01,-2.036055624485015869e-01,-3.971258103847503662e-01,1.381003111600875854e-01,-1.583824157714843750e-01,1.744242608547210693e-01,-1.119870021939277649e-01,-2.043810635805130005e-01,-6.023728102445602417e-02,5.643459782004356384e-02,4.805022180080413818e-01,-5.868231058120727539e-01,1.162018656730651855e+00,2.288232743740081787e-01,2.557109855115413666e-02,-1.232476308941841125e-01,-2.630225419998168945e+00,-1.118001699447631836e+00,1.290683984756469727e+00,1.137219429016113281e+00,6.584676504135131836e-01,2.834306657314300537e-01,-1.855790466070175171e-01
1.319465786218643188e-02,-2.665271051228046417e-03,7.827538251876831055e-01,9.992485046386718750e-01,3.061245428398251534e-03,-2.783829346299171448e-02,2.679648436605930328e-02,1.572311967611312866e-01,2.074346393346786499e-01,4.447382688522338867e-01,1.211375892162322998e-01,-1.287166029214859009e-01,-1.575149297714233398e-01,1.503767371177673340e-01,-2.037841528654098511e-01,-3.960342109203338623e-01,1.387396156787872314e-01,-1.583071202039718628e-01,1.743415594100952148e-01,-1.118613258004188538e-01,-2.031517177820205688e-01,-5.964558571577072144e-02,5.593415722250938416e-02,4.795604646205902100e-01,-5.877805948257446289e-01,1.160998821258544922e+00,2.291173934936523438e-01,2.518413402140140533e-02,-1.212242469191551208e-01,-2.630870342254638672e+00,-1.116561532020568848e+00,1.292793750762939453e+00,1.138902664184570312e+00,6.620750427246093750e-01,2.872514128684997559e-01,-1.820579618215560913e-01
1.295827515423297882e-02,-2.555876737460494041e-03,7.827715873718261719e-01,9.992563724517822266e-01,3.131292061880230904e-03,-2.790756151080131531e-02,2.642074599862098694e-02,1.573866009712219238e-01,2.072146385908126831e-01,4.461205303668975830e-01,1.211693212389945984e-01,-1.285485327243804932e-01,-1.573356091976165771e-01,1.495857536792755127e-01,-2.041359692811965942e-01,-3.949039280414581299e-01,1.392792612314224243e-01,-1.582156717777252197e-01,1.742596626281738281e-01,-1.117395982146263123e-01,-2.019860446453094482e-01,-5.909274145960807800e-02,5.562442168593406677e-02,4.787588119506835938e-01,-5.884342193603515625e-01,1.159769177436828613e+00,2.302078157663345337e-01,2.473921887576580048e-02,-1.195294186472892761e-01,-2.630739450454711914e+00,-1.115874886512756348e+00,1.293861269950866699e+00,1.139586687088012695e+00,6.640609502792358398e-01,2.913902401924133301e-01,-1.785915046930313110e-01
1.268131658434867859e-02,-2.422017743811011314e-03,7.827854752540588379e-01,9.992678761482238770e-01,3.179540392011404037e-03,-2.792344056069850922e-02,2.596022933721542358e-02,1.574671566486358643e-01,2.068793475627899170e-01,4.471205174922943115e-01,1.210393831133842468e-01,-1.284855157136917114e-01,-1.571581661701202393e-01,1.485282033681869507e-01,-2.045445293188095093e-01,-3.936372399330139160e-01,1.398857384920120239e-01,-1.580866128206253052e-01,1.739861071109771729e-01,-1.117512285709381104e-01,-2.007787376642227173e-01,-5.859789997339248657e-02,5.551259964704513550e-02,4.782325029373168945e-01,-5.882653594017028809e-01,1.158292055130004883e+00,2.314714342355728149e-01,2.454586699604988098e-02,-1.183453500270843506e-01,-2.630027532577514648e+00,-1.115740299224853516e+00,1.293887376785278320e+00,1.140111684799194336e+00,6.649059057235717773e-01,2.962693870067596436e-01,-1.751159876585006714e-01
1.237297989428043365e-02,-2.250563818961381912e-03,7.827986478805541992e-01,9.992825388908386230e-01,3.210609545931220055e-03,-2.791364118456840515e-02,2.539701946079730988e-02,1.573987603187561035e-01,2.064928263425827026e-01,4.477405846118927002e-01,1.208722889423370361e-01,-1.283202022314071655e-01,-1.570947468280792236e-01,1.472742110490798950e-01,-2.049417346715927124e-01,-3.924402892589569092e-01,1.403767764568328857e-01,-1.576910167932510376e-01,1.737835407257080078e-01,-1.122063100337982178e-01,-1.996068954467773438e-01,-5.818138271570205688e-02,5.615173652768135071e-02,4.780198335647583008e-01,-5.877360105514526367e-01,1.156500458717346191e+00,2.326785922050476074e-01,2.465839684009552002e-02,-1.173386871814727783e-01,-2.629324197769165039e+00,-1.115716218948364258e+00,1.293274164199829102e+00,1.140228509902954102e+00,6.650763750076293945e-01,3.009959161281585693e-01,-1.725460588932037354e-01
1.203498616814613342e-02,-2.087689936161041260e-03,7.828035950660705566e-01,9.992966055870056152e-01,3.230100497603416443e-03,-2.790459990501403809e-02,2.484279125928878784e-02,1.573100388050079346e-01,2.061633020639419556e-01,4.485215246677398682e-01,1.206592246890068054e-01,-1.280418336391448975e-01,-1.571999043226242065e-01,1.461991965770721436e-01,-2.051813304424285889e-01,-3.912901878356933594e-01,1.406059265136718750e-01,-1.571985781192779541e-01,1.736644953489303589e-01,-1.126056089997291565e-01,-1.986199319362640381e-01,-5.780776962637901306e-02,5.678093805909156799e-02,4.782762825489044189e-01,-5.872907042503356934e-01,1.155031800270080566e+00,2.336790263652801514e-01,2.523668296635150909e-02,-1.165096759796142578e-01,-2.630114078521728516e+00,-1.115620851516723633e+00,1.292802810668945312e+00,1.140676617622375488e+00,6.645752787590026855e-01,3.051535785198211670e-01,-1.699592769145965576e-01
1.163641829043626785e-02,-1.935496926307678223e-03,7.828279137611389160e-01,9.993104338645935059e-01,3.212979529052972794e-03,-2.791356295347213745e-02,2.427402511239051819e-02,1.573284417390823364e-01,2.059588879346847534e-01,4.494360685348510742e-01,1.204609870910644531e-01,-1.278982013463973999e-01,-1.574330776929855347e-01,1.452557891607284546e-01,-2.052786201238632202e-01,-3.902553021907806396e-01,1.407276988029479980e-01,-1.567497104406356812e-01,1.736770421266555786e-01,-1.129590570926666260e-01,-1.978273838758468628e-01,-5.769052729010581970e-02,5.739609897136688232e-02,4.787161350250244141e-01,-5.867220163345336914e-01,1.153949618339538574e+00,2.344460338354110718e-01,2.581960707902908325e-02,-1.153431683778762817e-01,-2.631247520446777344e+00,-1.115696310997009277e+00,1.293100476264953613e+00,1.140907764434814453e+00,6.639915704727172852e-01,3.080971837043762207e-01,-1.678235679864883423e-01
1.119952648878097534e-02,-1.822609920054674149e-03,7.828682065010070801e-01,9.993232488632202148e-01,3.211217932403087616e-03,-2.793601900339126587e-02,2.371469885110855103e-02,1.572561264038085938e-01,2.057996094226837158e-01,4.506962597370147705e-01,1.201593056321144104e-01,-1.275584697723388672e-01,-1.578657627105712891e-01,1.444267928600311279e-01,-2.054138034582138062e-01,-3.891798853874206543e-01,1.408501416444778442e-01,-1.564287543296813965e-01,1.737970709800720215e-01,-1.132565140724182129e-01,-1.971466839313507080e-01,-5.769472941756248474e-02,5.805159360170364380e-02,4.789620041847229004e-01,-5.856851339340209961e-01,1.153350949287414551e+00,2.346434891223907471e-01,2.656105719506740570e-02,-1.139571592211723328e-01,-2.632249832153320312e+00,-1.116243839263916016e+00,1.294252753257751465e+00,1.141044378280639648e+00,6.616771817207336426e-01,3.096366226673126221e-01,-1.660097241401672363e-01
1.076699886471033096e-02,-1.743976608850061893e-03,7.829021215438842773e-01,9.993361234664916992e-01,3.200220642611384392e-03,-2.795052900910377502e-02,2.314793691039085388e-02,1.569729894399642944e-01,2.058157324790954590e-01,4.521570503711700439e-01,1.198857724666595459e-01,-1.271420866250991821e-01,-1.581688672304153442e-01,1.437556594610214233e-01,-2.054239362478256226e-01,-3.882748782634735107e-01,1.406816542148590088e-01,-1.559060364961624146e-01,1.741515398025512695e-01,-1.136622056365013123e-01,-1.966419219970703125e-01,-5.781417712569236755e-02,5.879270657896995544e-02,4.789427518844604492e-01,-5.847288370132446289e-01,1.153161287307739258e+00,2.341796904802322388e-01,2.749846875667572021e-02,-1.130107417702674866e-01,-2.634046792984008789e+00,-1.116915941238403320e+00,1.296514630317687988e+00,1.141590595245361328e+00,6.612209081649780273e-01,3.110079169273376465e-01,-1.643248349428176880e-01
1.033625472337007523e-02,-1.694454578682780266e-03,7.829440236091613770e-01,9.993481040000915527e-01,3.158777020871639252e-03,-2.798226289451122284e-02,2.259071543812751770e-02,1.566967219114303589e-01,2.060188502073287964e-01,4.533966481685638428e-01,1.197912320494651794e-01,-1.264729052782058716e-01,-1.582296788692474365e-01,1.429790407419204712e-01,-2.052455097436904907e-01,-3.871399760246276855e-01,1.404466331005096436e-01,-1.550966650247573853e-01,1.742400377988815308e-01,-1.139746010303497314e-01,-1.962765902280807495e-01,-5.769795551896095276e-02,5.970497056841850281e-02,4.786652326583862305e-01,-5.835162401199340820e-01,1.153117895126342773e+00,2.330968528985977173e-01,2.807120606303215027e-02,-1.126344949007034302e-01,-2.635698556900024414e+00,-1.117883443832397461e+00,1.298521518707275391e+00,1.141719341278076172e+00,6.612309813499450684e-01,3.118810653686523438e-01,-1.636218577623367310e-01
9.869761765003204346e-03,-1.661739894188940525e-03,7.829841375350952148e-01,9.993583559989929199e-01,3.089416772127151489e-03,-2.803875319659709930e-02,2.207148075103759766e-02,1.563633829355239868e-01,2.063025385141372681e-01,4.543167948722839355e-01,1.199223622679710388e-01,-1.260057836771011353e-01,-1.580577790737152100e-01,1.421833485364913940e-01,-2.049884796142578125e-01,-3.863646388053894043e-01,1.401333808898925781e-01,-1.541075259447097778e-01,1.741723567247390747e-01,-1.142139807343482971e-01,-1.960410773754119873e-01,-5.735646560788154602e-02,6.071033701300621033e-02,4.783387482166290283e-01,-5.821897983551025391e-01,1.152881741523742676e+00,2.322199642658233643e-01,2.810125425457954407e-02,-1.126252859830856323e-01,-2.636824607849121094e+00,-1.119383096694946289e+00,1.299685359001159668e+00,1.141549348831176758e+00,6.623073220252990723e-01,3.131682276725769043e-01,-1.634665429592132568e-01
9.385956451296806335e-03,-1.641439157538115978e-03,7.830219268798828125e-01,9.993684291839599609e-01,3.001144155859947205e-03,-2.807671763002872467e-02,2.157402597367763519e-02,1.559705585241317749e-01,2.065941691398620605e-01,4.548704326152801514e-01,1.201611086726188660e-01,-1.258031725883483887e-01,-1.577991396188735962e-01,1.409415304660797119e-01,-2.047692686319351196e-01,-3.855618834495544434e-01,1.400997936725616455e-01,-1.529938727617263794e-01,1.739103347063064575e-01,-1.142814010381698608e-01,-1.958687305450439453e-01,-5.682344362139701843e-02,6.174069643020629883e-02,4.780801534652709961e-01,-5.805720090866088867e-01,1.152013182640075684e+00,2.319033443927764893e-01,2.764988876879215240e-02,-1.122819408774375916e-01,-2.637404203414916992e+00,-1.121310472488403320e+00,1.299947142601013184e+00,1.141070365905761719e+00,6.630414724349975586e-01,3.143809139728546143e-01,-1.627917885780334473e-01
8.905820548534393311e-03,-1.636839471757411957e-03,7.830292582511901855e-01,9.993798136711120605e-01,2.908765804022550583e-03,-2.805417031049728394e-02,2.108264714479446411e-02,1.555174142122268677e-01,2.068900913000106812e-01,4.554363787174224854e-01,1.203599497675895691e-01,-1.257121264934539795e-01,-1.576039046049118042e-01,1.392524987459182739e-01,-2.045641839504241943e-01,-3.845561742782592773e-01,1.403376907110214233e-01,-1.520585566759109497e-01,1.735092699527740479e-01,-1.141320466995239258e-01,-1.958700269460678101e-01,-5.650347471237182617e-02,6.252340972423553467e-02,4.779284298419952393e-01,-5.791685581207275391e-01,1.151290059089660645e+00,2.314803600311279297e-01,2.747487090528011322e-02,-1.117506772279739380e-01,-2.636985063552856445e+00,-1.123167753219604492e+00,1.300007939338684082e+00,1.140830874443054199e+00,6.653739809989929199e-01,3.158639967441558838e-01,-1.616171449422836304e-01
8.451478555798530579e-03,-1.649515936151146889e-03,7.830148339271545410e-01,9.993920326232910156e-01,2.834168029949069023e-03,-2.799324318766593933e-02,2.058648504316806793e-02,1.551250070333480835e-01,2.071301490068435669e-01,4.560637474060058594e-01,1.204356774687767029e-01,-1.254948973655700684e-01,-1.575832515954971313e-01,1.374986469745635986e-01,-2.043986320495605469e-01,-3.835397064685821533e-01,1.406933665275573730e-01,-1.511996537446975708e-01,1.731696873903274536e-01,-1.138448640704154968e-01,-1.960314512252807617e-01,-5.635385587811470032e-02,6.345000118017196655e-02,4.776905477046966553e-01,-5.779453516006469727e-01,1.150966644287109375e+00,2.317519038915634155e-01,2.801309153437614441e-02,-1.119500026106834412e-01,-2.636471271514892578e+00,-1.124797821044921875e+00,1.300794243812561035e+00,1.140690565109252930e+00,6.672609448432922363e-01,3.180722594261169434e-01,-1.594911664724349976e-01
8.030007593333721161e-03,-1.721738954074680805e-03,7.829818129539489746e-01,9.994045495986938477e-01,2.739853924140334129e-03,-2.792976982891559601e-02,2.007441222667694092e-02,1.548033207654953003e-01,2.074028402566909790e-01,4.567405879497528076e-01,1.202640235424041748e-01,-1.251743435859680176e-01,-1.579126268625259399e-01,1.360279619693756104e-01,-2.040815353393554688e-01,-3.827829360961914062e-01,1.409480869770050049e-01,-1.506678313016891479e-01,1.728204786777496338e-01,-1.136537715792655945e-01,-1.963141709566116333e-01,-5.640728771686553955e-02,6.504663079977035522e-02,4.774864614009857178e-01,-5.765846371650695801e-01,1.151003122329711914e+00,2.327200472354888916e-01,2.880465425550937653e-02,-1.131269112229347229e-01,-2.636667966842651367e+00,-1.126047134399414062e+00,1.302292823791503906e+00,1.140769839286804199e+00,6.685912013053894043e-01,3.215342164039611816e-01,-1.567501574754714966e-01
7.668463513255119324e-03,-1.843216479755938053e-03,7.829586863517761230e-01,9.994171261787414551e-01,2.624368527904152870e-03,-2.783966436982154846e-02,1.958294399082660675e-02,1.543929427862167358e-01,2.077494114637374878e-01,4.572767913341522217e-01,1.201387271285057068e-01,-1.248193904757499695e-01,-1.584102213382720947e-01,1.347495764493942261e-01,-2.036414295434951782e-01,-3.820473253726959229e-01,1.412047892808914185e-01,-1.503395289182662964e-01,1.726452857255935669e-01,-1.136165708303451538e-01,-1.965985000133514404e-01,-5.650177970528602600e-02,6.693275272846221924e-02,4.772082269191741943e-01,-5.752204060554504395e-01,1.151442646980285645e+00,2.337445765733718872e-01,2.956423908472061157e-02,-1.146930381655693054e-01,-2.637781858444213867e+00,-1.127271771430969238e+00,1.304467916488647461e+00,1.140687346458435059e+00,6.699305772781372070e-01,3.251474499702453613e-01,-1.535987854003906250e-01
7.362946867942810059e-03,-1.975006423890590668e-03,7.829366922378540039e-01,9.994292855262756348e-01,2.495142398402094841e-03,-2.777595259249210358e-02,1.906234957277774811e-02,1.542567610740661621e-01,2.082048505544662476e-01,4.579577744007110596e-01,1.199653372168540955e-01,-1.244300231337547302e-01,-1.589659750461578369e-01,1.337185651063919067e-01,-2.031043916940689087e-01,-3.810983300209045410e-01,1.415213644504547119e-01,-1.501704603433609009e-01,1.724506169557571411e-01,-1.137735396623611450e-01,-1.969876736402511597e-01,-5.672423169016838074e-02,6.900827586650848389e-02,4.769234657287597656e-01,-5.738548040390014648e-01,1.152199268341064453e+00,2.344692051410675049e-01,3.020499832928180695e-02,-1.160734444856643677e-01,-2.638508081436157227e+00,-1.128842949867248535e+00,1.305391430854797363e+00,1.140510082244873047e+00,6.702415347099304199e-01,3.288419544696807861e-01,-1.498947292566299438e-01
7.122639566659927368e-03,-2.118776785209774971e-03,7.829186916351318359e-01,9.994406700134277344e-01,2.353113843128085136e-03,-2.779641188681125641e-02,1.844203099608421326e-02,1.544337570667266846e-01,2.087980806827545166e-01,4.589074552059173584e-01,1.199971735477447510e-01,-1.244345009326934814e-01,-1.594422757625579834e-01,1.328534632921218872e-01,-2.025013715028762817e-01,-3.798165619373321533e-01,1.418706774711608887e-01,-1.500548720359802246e-01,1.721955239772796631e-01,-1.139754578471183777e-01,-1.975044608116149902e-01,-5.697965994477272034e-02,7.134882360696792603e-02,4.768602252006530762e-01,-5.726646780967712402e-01,1.153043746948242188e+00,2.349823117256164551e-01,3.068676590919494629e-02,-1.171474829316139221e-01,-2.637645006179809570e+00,-1.131040573120117188e+00,1.304843544960021973e+00,1.139262199401855469e+00,6.721360683441162109e-01,3.315094709396362305e-01,-1.470787674188613892e-01
6.957512348890304565e-03,-2.294886158779263496e-03,7.829042673110961914e-01,9.994493126869201660e-01,2.233692444860935211e-03,-2.787524089217185974e-02,1.786206476390361786e-02,1.546662002801895142e-01,2.093928456306457520e-01,4.598327279090881348e-01,1.199859678745269775e-01,-1.245641782879829407e-01,-1.598455607891082764e-01,1.321016103029251099e-01,-2.020171582698822021e-01,-3.785528242588043213e-01,1.421417593955993652e-01,-1.501832604408264160e-01,1.720374524593353271e-01,-1.141966134309768677e-01,-1.981134116649627686e-01,-5.741647258400917053e-02,7.373062521219253540e-02,4.769400656223297119e-01,-5.719304084777832031e-01,1.153893947601318359e+00,2.345958650112152100e-01,3.124531917273998260e-02,-1.183648109436035156e-01,-2.636678457260131836e+00,-1.132602930068969727e+00,1.303184509277343750e+00,1.138616919517517090e+00,6.765012741088867188e-01,3.340301215648651123e-01,-1.442059725522994995e-01
6.815040484070777893e-03,-2.468507271260023117e-03,7.829011678695678711e-01,9.994583129882812500e-01,2.125588711351156235e-03,-2.800719439983367920e-02,1.715314015746116638e-02,1.550848782062530518e-01,2.098273187875747681e-01,4.607710540294647217e-01,1.199831366539001465e-01,-1.248807758092880249e-01,-1.601337641477584839e-01,1.314152032136917114e-01,-2.016118317842483521e-01,-3.771520853042602539e-01,1.424640417098999023e-01,-1.503340154886245728e-01,1.717723757028579712e-01,-1.143970638513565063e-01,-1.987760812044143677e-01,-5.788073688745498657e-02,7.617279887199401855e-02,4.770988225936889648e-01,-5.708305835723876953e-01,1.154347062110900879e+00,2.339189499616622925e-01,3.157374262809753418e-02,-1.193156242370605469e-01,-2.634521007537841797e+00,-1.134743213653564453e+00,1.301697492599487305e+00,1.136820077896118164e+00,6.837328076362609863e-01,3.355065584182739258e-01,-1.418349593877792358e-01
6.664476823061704636e-03,-2.640420803800225258e-03,7.828862667083740234e-01,9.994648098945617676e-01,2.036426449194550514e-03,-2.820249088108539581e-02,1.644983515143394470e-02,1.556912213563919067e-01,2.101714462041854858e-01,4.614837169647216797e-01,1.200057640671730042e-01,-1.252230554819107056e-01,-1.602023243904113770e-01,1.310428529977798462e-01,-2.012279182672500610e-01,-3.756540715694427490e-01,1.426784247159957886e-01,-1.506440341472625732e-01,1.716356128454208374e-01,-1.145422831177711487e-01,-1.993571072816848755e-01,-5.835970491170883179e-02,7.845847308635711670e-02,4.771079123020172119e-01,-5.692707300186157227e-01,1.154256582260131836e+00,2.339594662189483643e-01,3.204329684376716614e-02,-1.202892288565635681e-01,-2.632579326629638672e+00,-1.136952757835388184e+00,1.300097942352294922e+00,1.134686470031738281e+00,6.915001273155212402e-01,3.372473716735839844e-01,-1.387783885002136230e-01
6.551326252520084381e-03,-2.819562098011374474e-03,7.828552722930908203e-01,9.994655251502990723e-01,1.916102832183241844e-03,-2.849988639354705811e-02,1.589576900005340576e-02,1.565179526805877686e-01,2.106394618749618530e-01,4.622794389724731445e-01,1.199816390872001648e-01,-1.258004009723663330e-01,-1.604325324296951294e-01,1.312911212444305420e-01,-2.005728334188461304e-01,-3.744796216487884521e-01,1.424965262413024902e-01,-1.510111242532730103e-01,1.714294999837875366e-01,-1.149409860372543335e-01,-1.998408734798431396e-01,-5.891630798578262329e-02,8.090673387050628662e-02,4.771268069744110107e-01,-5.674632191658020020e-01,1.154221534729003906e+00,2.338956892490386963e-01,3.255248069763183594e-02,-1.211443543434143066e-01,-2.631965875625610352e+00,-1.138968706130981445e+00,1.299866914749145508e+00,1.132606983184814453e+00,6.998465061187744141e-01,3.398004770278930664e-01,-1.352881640195846558e-01
6.431367248296737671e-03,-3.015805967152118683e-03,7.828397154808044434e-01,9.994636774063110352e-01,1.799763529561460018e-03,-2.882303111255168915e-02,1.543713174760341644e-02,1.573398858308792114e-01,2.110966891050338745e-01,4.630985558032989502e-01,1.199652329087257385e-01,-1.264204233884811401e-01,-1.605394780635833740e-01,1.315155476331710815e-01,-1.999223083257675171e-01,-3.734252452850341797e-01,1.423499137163162231e-01,-1.513856053352355957e-01,1.712635755538940430e-01,-1.154037490487098694e-01,-2.001446336507797241e-01,-5.964317545294761658e-02,8.285203576087951660e-02,4.771783649921417236e-01,-5.660941004753112793e-01,1.154392600059509277e+00,2.331839501857757568e-01,3.324335440993309021e-02,-1.220398917794227600e-01,-2.632477283477783203e+00,-1.140772223472595215e+00,1.299675941467285156e+00,1.131261706352233887e+00,7.060902714729309082e-01,3.435902297496795654e-01,-1.309582442045211792e-01
6.288915406912565231e-03,-3.196117933839559555e-03,7.828225493431091309e-01,9.994619488716125488e-01,1.683462178334593773e-03,-2.914559282362461090e-02,1.495268195867538452e-02,1.582748740911483765e-01,2.115399837493896484e-01,4.641721248626708984e-01,1.199040487408638000e-01,-1.270749717950820923e-01,-1.605930775403976440e-01,1.315099298954010010e-01,-1.992950886487960815e-01,-3.722988665103912354e-01,1.424554735422134399e-01,-1.518861502408981323e-01,1.709135174751281738e-01,-1.159915775060653687e-01,-2.003624141216278076e-01,-6.058283522725105286e-02,8.431363850831985474e-02,4.772762060165405273e-01,-5.653018355369567871e-01,1.154801845550537109e+00,2.313241958618164062e-01,3.382350876927375793e-02,-1.234290301799774170e-01,-2.633108377456665039e+00,-1.142150521278381348e+00,1.299485802650451660e+00,1.131253480911254883e+00,7.111275196075439453e-01,3.476865291595458984e-01,-1.253292560577392578e-01
6.099412217736244202e-03,-3.332553198561072350e-03,7.827908992767333984e-01,9.994624853134155273e-01,1.580339507199823856e-03,-2.948747389018535614e-02,1.423749700188636780e-02,1.594961732625961304e-01,2.118481397628784180e-01,4.654649496078491211e-01,1.197699904441833496e-01,-1.278643906116485596e-01,-1.605578958988189697e-01,1.313636451959609985e-01,-1.987929195165634155e-01,-3.710100352764129639e-01,1.427388042211532593e-01,-1.523187160491943359e-01,1.706350743770599365e-01,-1.165134608745574951e-01,-2.004674375057220459e-01,-6.146581098437309265e-02,8.521854132413864136e-02,4.773236513137817383e-01,-5.655670762062072754e-01,1.155403017997741699e+00,2.278469502925872803e-01,3.433944284915924072e-02,-1.248516216874122620e-01,-2.633432626724243164e+00,-1.143220305442810059e+00,1.298410892486572266e+00,1.132103919982910156e+00,7.156013846397399902e-01,3.532525002956390381e-01,-1.179952844977378845e-01
5.853435955941677094e-03,-3.367942525073885918e-03,7.827494740486145020e-01,9.994629621505737305e-01,1.529061002656817436e-03,-2.987680025398731232e-02,1.337432302534580231e-02,1.608880907297134399e-01,2.120464444160461426e-01,4.672107100486755371e-01,1.195353418588638306e-01,-1.285899281501770020e-01,-1.603219658136367798e-01,1.313270330429077148e-01,-1.984964907169342041e-01,-3.697746098041534424e-01,1.431465744972229004e-01,-1.527065336704254150e-01,1.705836802721023560e-01,-1.170888319611549377e-01,-2.005262523889541626e-01,-6.203621253371238708e-02,8.571803569793701172e-02,4.774783253669738770e-01,-5.670480132102966309e-01,1.156190872192382812e+00,2.234353125095367432e-01,3.483692184090614319e-02,-1.259373873472213745e-01,-2.633622169494628906e+00,-1.143651604652404785e+00,1.297801136970520020e+00,1.133685946464538574e+00,7.214756011962890625e-01,3.604898154735565186e-01,-1.094281077384948730e-01
5.540784914046525955e-03,-3.301205812022089958e-03,7.827140688896179199e-01,9.994639158248901367e-01,1.495123491622507572e-03,-3.022396378219127655e-02,1.249671261757612228e-02,1.620378792285919189e-01,2.121046483516693115e-01,4.690405428409576416e-01,1.194044426083564758e-01,-1.290794909000396729e-01,-1.600821167230606079e-01,1.310557574033737183e-01,-1.983699500560760498e-01,-3.684415817260742188e-01,1.436396688222885132e-01,-1.527460664510726929e-01,1.705759912729263306e-01,-1.177277714014053345e-01,-2.004054784774780273e-01,-6.216967105865478516e-02,8.593579381704330444e-02,4.777222275733947754e-01,-5.689448118209838867e-01,1.157231330871582031e+00,2.195789515972137451e-01,3.490066155791282654e-02,-1.269048005342483521e-01,-2.633019924163818359e+00,-1.144376039505004883e+00,1.297325730323791504e+00,1.135127425193786621e+00,7.277166843414306641e-01,3.687798380851745605e-01,-9.950811415910720825e-02
5.131034180521965027e-03,-3.127182601019740105e-03,7.827218770980834961e-01,9.994654059410095215e-01,1.474605291150510311e-03,-3.053448721766471863e-02,1.159537769854068756e-02,1.627756506204605103e-01,2.120497524738311768e-01,4.712044894695281982e-01,1.193422451615333557e-01,-1.294050365686416626e-01,-1.597495675086975098e-01,1.304079741239547729e-01,-1.983663290739059448e-01,-3.668140172958374023e-01,1.440576612949371338e-01,-1.521494686603546143e-01,1.706499755382537842e-01,-1.180911362171173096e-01,-2.000710517168045044e-01,-6.194312497973442078e-02,8.557663857936859131e-02,4.782485961914062500e-01,-5.707892179489135742e-01,1.157833337783813477e+00,2.162568569183349609e-01,3.479138761758804321e-02,-1.274198591709136963e-01,-2.632618904113769531e+00,-1.144859075546264648e+00,1.297217607498168945e+00,1.136166572570800781e+00,7.338795661926269531e-01,3.789064586162567139e-01,-8.903686702251434326e-02
4.606398753821849823e-03,-2.888138638809323311e-03,7.827546000480651855e-01,9.994667172431945801e-01,1.479712082073092461e-03,-3.083349764347076416e-02,1.065293513238430023e-02,1.631133556365966797e-01,2.118567675352096558e-01,4.734991490840911865e-01,1.193512082099914551e-01,-1.296103000640869141e-01,-1.594108194112777710e-01,1.293392479419708252e-01,-1.985898166894912720e-01,-3.649106919765472412e-01,1.443438529968261719e-01,-1.510588377714157104e-01,1.708363145589828491e-01,-1.181899532675743103e-01,-1.993848681449890137e-01,-6.133805960416793823e-02,8.469334989786148071e-02,4.788590669631958008e-01,-5.726985931396484375e-01,1.157999157905578613e+00,2.136123180389404297e-01,3.456186875700950623e-02,-1.274081170558929443e-01,-2.632102966308593750e+00,-1.144742369651794434e+00,1.296356678009033203e+00,1.137786388397216797e+00,7.386221885681152344e-01,3.908950388431549072e-01,-7.708802819252014160e-02
3.972103353589773178e-03,-2.599248196929693222e-03,7.828127741813659668e-01,9.994668960571289062e-01,1.501621212810277939e-03,-3.113589808344841003e-02,9.706160053610801697e-03,1.632506251335144043e-01,2.115305215120315552e-01,4.759551286697387695e-01,1.193946897983551025e-01,-1.297039538621902466e-01,-1.589536964893341064e-01,1.278437376022338867e-01,-1.990096122026443481e-01,-3.630372881889343262e-01,1.449843049049377441e-01,-1.500543355941772461e-01,1.709640473127365112e-01,-1.180377751588821411e-01,-1.982954442501068115e-01,-6.034676358103752136e-02,8.338458836078643799e-02,4.792449176311492920e-01,-5.744919180870056152e-01,1.157665967941284180e+00,2.115704715251922607e-01,3.418276086449623108e-02,-1.268637329339981079e-01,-2.631806373596191406e+00,-1.143982291221618652e+00,1.295490264892578125e+00,1.139684200286865234e+00,7.416697144508361816e-01,4.053097963333129883e-01,-6.327775120735168457e-02
3.256859723478555679e-03,-2.280010376125574112e-03,7.828661799430847168e-01,9.994676709175109863e-01,1.534405862912535667e-03,-3.140908852219581604e-02,8.688407950103282928e-03,1.634252816438674927e-01,2.111719846725463867e-01,4.784591495990753174e-01,1.194266825914382935e-01,-1.296804994344711304e-01,-1.585079878568649292e-01,1.259124279022216797e-01,-1.995084136724472046e-01,-3.611381053924560547e-01,1.460153311491012573e-01,-1.492864787578582764e-01,1.709846258163452148e-01,-1.176822930574417114e-01,-1.967158466577529907e-01,-5.898737534880638123e-02,8.195540308952331543e-02,4.792864322662353516e-01,-5.762252211570739746e-01,1.156728386878967285e+00,2.100924998521804810e-01,3.321532905101776123e-02,-1.255632489919662476e-01,-2.630353927612304688e+00,-1.143279194831848145e+00,1.294438600540161133e+00,1.142255544662475586e+00,7.448114752769470215e-01,4.226394891738891602e-01,-4.590037092566490173e-02
2.472829539328813553e-03,-1.915289787575602531e-03,7.829050421714782715e-01,9.994683861732482910e-01,1.609535655006766319e-03,-3.167987242341041565e-02,7.534669712185859680e-03,1.637030243873596191e-01,2.107902169227600098e-01,4.812401533126831055e-01,1.195242553949356079e-01,-1.296708285808563232e-01,-1.580949425697326660e-01,1.235395371913909912e-01,-2.001279592514038086e-01,-3.592020273208618164e-01,1.474290937185287476e-01,-1.487900018692016602e-01,1.709122359752655029e-01,-1.169202253222465515e-01,-1.948083192110061646e-01,-5.716560035943984985e-02,8.019088208675384521e-02,4.789704084396362305e-01,-5.774659514427185059e-01,1.155446529388427734e+00,2.082659155130386353e-01,3.174876421689987183e-02,-1.235295608639717102e-01,-2.626641035079956055e+00,-1.143013477325439453e+00,1.292645454406738281e+00,1.145409464836120605e+00,7.499997019767761230e-01,4.439917504787445068e-01,-2.270654216408729553e-02
1.621241215616464615e-03,-1.486856606788933277e-03,7.829309701919555664e-01,9.994701147079467773e-01,1.745420857332646847e-03,-3.189377486705780029e-02,6.266678217798471451e-03,1.636788845062255859e-01,2.103652507066726685e-01,4.841672182083129883e-01,1.198703050613403320e-01,-1.297087222337722778e-01,-1.575756222009658813e-01,1.205327436327934265e-01,-2.008976638317108154e-01,-3.570143580436706543e-01,1.491575241088867188e-01,-1.484695523977279663e-01,1.707938313484191895e-01,-1.155867204070091248e-01,-1.926210969686508179e-01,-5.482213944196701050e-02,7.797022163867950439e-02,4.783140420913696289e-01,-5.776084661483764648e-01,1.153148412704467773e+00,2.053719758987426758e-01,2.978369966149330139e-02,-1.204920187592506409e-01,-2.619828224182128906e+00,-1.143479466438293457e+00,1.288915157318115234e+00,1.148192524909973145e+00,7.591830492019653320e-01,4.710147380828857422e-01,8.428057655692100525e-03
6.853605154901742935e-04,-1.041760551743209362e-03,7.829171419143676758e-01,9.994719624519348145e-01,1.892050029709935188e-03,-3.206207230687141418e-02,4.923990927636623383e-03,1.633763909339904785e-01,2.099964171648025513e-01,4.873224496841430664e-01,1.205832436680793762e-01,-1.300441473722457886e-01,-1.569168120622634888e-01,1.169424951076507568e-01,-2.018578648567199707e-01,-3.546724319458007812e-01,1.513239592313766479e-01,-1.483953297138214111e-01,1.705308556556701660e-01,-1.134474873542785645e-01,-1.901435106992721558e-01,-5.187398195266723633e-02,7.535497844219207764e-02,4.771857857704162598e-01,-5.757656693458557129e-01,1.149476528167724609e+00,2.001976519823074341e-01,2.746319025754928589e-02,-1.167111322283744812e-01,-2.608565330505371094e+00,-1.145564556121826172e+00,1.280641317367553711e+00,1.149147033691406250e+00,7.718721628189086914e-01,5.061873793601989746e-01,5.147177726030349731e-02
-3.501088940538465977e-04,-6.842645234428346157e-04,7.828329801559448242e-01,9.994726181030273438e-01,2.078556921333074570e-03,-3.219622373580932617e-02,3.682257374748587608e-03,1.628820896148681641e-01,2.096066027879714966e-01,4.904741942882537842e-01,1.215692758560180664e-01,-1.307777911424636841e-01,-1.562909632921218872e-01,1.131990402936935425e-01,-2.033135294914245605e-01,-3.528357148170471191e-01,1.539906412363052368e-01,-1.489982306957244873e-01,1.702022254467010498e-01,-1.104828864336013794e-01,-1.874226331710815430e-01,-4.836712777614593506e-02,7.228773087263107300e-02,4.749936163425445557e-01,-5.722467899322509766e-01,1.145731568336486816e+00,1.926800161600112915e-01,2.540592476725578308e-02,-1.129095256328582764e-01,-2.593667268753051758e+00,-1.147963404655456543e+00,1.267407774925231934e+00,1.149191260337829590e+00,7.869445085525512695e-01,5.514688491821289062e-01,1.107937917113304138e-01
-1.479760161601006985e-03,-4.640785919036716223e-04,7.826920747756958008e-01,9.994721412658691406e-01,2.289304975420236588e-03,-3.231950104236602783e-02,2.371080685406923294e-03,1.623277366161346436e-01,2.092785388231277466e-01,4.938206374645233154e-01,1.229545474052429199e-01,-1.325939446687698364e-01,-1.555699110031127930e-01,1.091849505901336670e-01,-2.049892991781234741e-01,-3.509519398212432861e-01,1.574573963880538940e-01,-1.502525657415390015e-01,1.698473393917083740e-01,-1.069041043519973755e-01,-1.846414208412170410e-01,-4.468194395303726196e-02,7.002118974924087524e-02,4.716315865516662598e-01,-5.654416680335998535e-01,1.141972303390502930e+00,1.832259595394134521e-01,2.432179450988769531e-02,-1.095264703035354614e-01,-2.575633287429809570e+00,-1.149336576461791992e+00,1.248760461807250977e+00,1.148494720458984375e+00,7.990925312042236328e-01,5.984678268432617188e-01,1.745095551013946533e-01
-2.665221225470304489e-03,-2.736912865657359362e-04,7.825904488563537598e-01,9.994661808013916016e-01,2.556043677031993866e-03,-3.256297856569290161e-02,7.629408501088619232e-04,1.621171832084655762e-01,2.088296264410018921e-01,4.970279335975646973e-01,1.244478225708007812e-01,-1.348206847906112671e-01,-1.546268463134765625e-01,1.051864624023437500e-01,-2.064857482910156250e-01,-3.483425974845886230e-01,1.612873375415802002e-01,-1.515473872423171997e-01,1.695247888565063477e-01,-1.033950001001358032e-01,-1.823471486568450928e-01,-4.120063409209251404e-02,7.036948204040527344e-02,4.678858518600463867e-01,-5.561202764511108398e-01,1.138841152191162109e+00,1.742013692855834961e-01,2.409369312226772308e-02,-1.074318438768386841e-01,-2.554736137390136719e+00,-1.149142622947692871e+00,1.225210070610046387e+00,1.146386027336120605e+00,8.033673763275146484e-01,6.361203193664550781e-01,2.256737500429153442e-01
-3.367890138179063797e-03,3.697637002915143967e-04,7.829936742782592773e-01,9.994109272956848145e-01,2.992111258208751678e-03,-3.411190211772918701e-02,-2.301336266100406647e-03,1.615065932273864746e-01,2.103737592697143555e-01,5.071138143539428711e-01,1.244724690914154053e-01,-1.351156234741210938e-01,-1.527391970157623291e-01,1.015566512942314148e-01,-2.104765474796295166e-01,-3.444748520851135254e-01,1.655852049589157104e-01,-1.549000442028045654e-01,1.702331006526947021e-01,-9.530188888311386108e-02,-1.807068437337875366e-01,-3.626098483800888062e-02,7.392125576734542847e-02,4.670293629169464111e-01,-5.381169915199279785e-01,1.136545538902282715e+00,1.543252021074295044e-01,2.589251659810543060e-02,-1.070522367954254150e-01,-2.541665077209472656e+00,-1.141350626945495605e+00,1.199898123741149902e+00,1.150173187255859375e+00,8.262744545936584473e-01,6.834775209426879883e-01,2.850942909717559814e-01
