-6.394804269075393677e-02,-1.342435088008642197e-02,7.465432882308959961e-01,9.998446702957153320e-01,3.675350453704595566e-03,1.635179296135902405e-02,-5.447284784168004990e-03,-4.747956991195678711e-01,1.275500208139419556e-01,1.647196263074874878e-01,1.117695868015289307e-01,2.984242141246795654e-02,-1.554386764764785767e-01,3.001842498779296875e-01,-6.873898953199386597e-02,-2.884071171283721924e-01,2.710299789905548096e-01,-4.273703694343566895e-01,1.780396103858947754e-01,2.041265219449996948e-01,9.718916378915309906e-03,2.745319306850433350e-01,3.763493299484252930e-01,5.114699006080627441e-01,-4.510532319545745850e-01,1.207798480987548828e+00,4.440585076808929443e-01,-9.608230739831924438e-02,9.526765346527099609e-02,-3.223877251148223877e-01,-5.533800125122070312e-01,6.471446752548217773e-01,9.450833797454833984e-01,-3.534579575061798096e-01,-1.330454740673303604e-02,-2.430462837219238281e-02
-3.483154997229576111e-02,-1.051355712115764618e-02,7.434799671173095703e-01,9.997037053108215332e-01,1.134360674768686295e-02,1.622243784368038177e-02,-1.416467130184173584e-02,-4.635383486747741699e-01,9.584683924913406372e-02,1.745505630970001221e-01,1.659985780715942383e-01,2.017387934029102325e-02,-1.369813531637191772e-01,3.160941898822784424e-01,-9.946664422750473022e-02,-2.610686421394348145e-01,3.283880949020385742e-01,-4.235621690750122070e-01,1.817467808723449707e-01,2.227341383695602417e-01,-7.325857412070035934e-03,2.575378119945526123e-01,4.163846075534820557e-01,5.014397501945495605e-01,-4.353391230106353760e-01,1.216277480125427246e+00,4.478649795055389404e-01,-9.265185147523880005e-02,7.857195287942886353e-02,-3.093317747116088867e-01,-5.532049536705017090e-01,6.300411820411682129e-01,9.388082623481750488e-01,-3.533515930175781250e-01,-1.430078409612178802e-02,-2.657542563974857330e-02
-8.547194302082061768e-04,-7.327504921704530716e-03,7.414132356643676758e-01,9.992346167564392090e-01,2.911774627864360809e-02,1.909416913986206055e-02,-1.782630197703838348e-02,-4.874799549579620361e-01,5.443247035145759583e-02,1.900705546140670776e-01,2.913905978202819824e-01,5.704978108406066895e-02,-8.594566583633422852e-02,3.055994808673858643e-01,-1.608092337846755981e-01,-2.384117245674133301e-01,4.429081678390502930e-01,-4.107055664062500000e-01,1.842396259307861328e-01,2.271903455257415771e-01,-5.076023936271667480e-02,2.341270446777343750e-01,4.501902461051940918e-01,4.885312914848327637e-01,-4.097298681735992432e-01,1.227461934089660645e+00,4.594728946685791016e-01,-9.393132477998733521e-02,4.754524677991867065e-02,-2.815996408462524414e-01,-5.404766201972961426e-01,6.053544282913208008e-01,9.435943365097045898e-01,-3.491760194301605225e-01,-9.917406365275382996e-03,-3.574036061763763428e-02
3.334390372037887573e-02,-3.652436425909399986e-03,7.427672743797302246e-01,9.986870884895324707e-01,4.639108106493949890e-02,1.498107146471738815e-02,-1.573390699923038483e-02,-4.758076369762420654e-01,2.214306406676769257e-02,2.161913812160491943e-01,3.936099708080291748e-01,2.826001122593879700e-02,-4.425968974828720093e-02,2.848343253135681152e-01,-2.324784100055694580e-01,-2.348717749118804932e-01,6.160250902175903320e-01,-3.504050374031066895e-01,1.823293566703796387e-01,2.195472866296768188e-01,-9.730934351682662964e-02,2.197913080453872681e-01,4.641073048114776611e-01,4.793273210525512695e-01,-3.925781846046447754e-01,1.238096117973327637e+00,4.635054171085357666e-01,-9.263999015092849731e-02,2.088424563407897949e-02,-2.408592253923416138e-01,-5.097720026969909668e-01,5.876979231834411621e-01,9.567241668701171875e-01,-3.324603438377380371e-01,-5.871520843356847763e-03,-4.288823157548904419e-02
6.639757752418518066e-02,2.220119349658489227e-04,7.461529374122619629e-01,9.982912540435791016e-01,5.676588416099548340e-02,6.967177614569664001e-03,-1.198910456150770187e-02,-4.315511584281921387e-01,-4.351471085101366043e-03,2.270097732543945312e-01,4.480716288089752197e-01,-2.695206366479396820e-02,-2.487953007221221924e-02,2.278662621974945068e-01,-3.006888031959533691e-01,-2.347882539033889771e-01,8.460064530372619629e-01,-2.491196542978286743e-01,1.483346968889236450e-01,2.062033861875534058e-01,-1.299863904714584351e-01,2.127389311790466309e-01,4.518196284770965576e-01,4.718897342681884766e-01,-3.842524886131286621e-01,1.244447112083435059e+00,4.609513878822326660e-01,-8.648456633090972900e-02,1.671071723103523254e-02,-1.927321404218673706e-01,-4.743724167346954346e-01,5.854355096817016602e-01,9.748588800430297852e-01,-3.286702334880828857e-01,-2.397545846179127693e-03,-3.812111541628837585e-02
9.969786554574966431e-02,4.025996662676334381e-03,7.506236433982849121e-01,9.978662133216857910e-01,6.432420015335083008e-02,-1.082212664186954498e-03,-1.114891562610864639e-02,-3.629864156246185303e-01,-2.802997455000877380e-02,2.368837893009185791e-01,4.543377459049224854e-01,-7.390663027763366699e-02,-1.930595748126506805e-02,1.350641250610351562e-01,-3.705218136310577393e-01,-2.238165289163589478e-01,1.089655399322509766e+00,-1.400278955698013306e-01,8.579678088426589966e-02,1.910087317228317261e-01,-1.576485037803649902e-01,2.091346532106399536e-01,4.284409880638122559e-01,4.612354040145874023e-01,-3.808829486370086670e-01,1.237261652946472168e+00,4.662902653217315674e-01,-8.075337111949920654e-02,2.162445150315761566e-02,-1.543153226375579834e-01,-4.417951107025146484e-01,6.080718040466308594e-01,9.926373362541198730e-01,-3.391214013099670410e-01,1.017982373014092445e-03,-1.904474385082721710e-02
1.319384723901748657e-01,7.400306873023509979e-03,7.550598978996276855e-01,9.975190162658691406e-01,6.916902214288711548e-02,-6.118040531873703003e-03,-1.157594844698905945e-02,-2.907717823982238770e-01,-4.837160930037498474e-02,2.449618875980377197e-01,4.291836321353912354e-01,-1.090284213423728943e-01,-1.978278346359729767e-02,3.976541012525558472e-02,-4.166615307331085205e-01,-2.103573530912399292e-01,1.271829843521118164e+00,-1.304573863744735718e-01,5.146945267915725708e-02,1.686441898345947266e-01,-1.796770691871643066e-01,2.066102772951126099e-01,3.973246812820434570e-01,4.493106305599212646e-01,-3.860169947147369385e-01,1.218637824058532715e+00,4.869802892208099365e-01,-7.733343541622161865e-02,3.334436193108558655e-02,-1.246544718742370605e-01,-4.166494309902191162e-01,6.454677581787109375e-01,1.002989411354064941e+00,-3.591590225696563721e-01,-2.485804958269000053e-03,5.684589967131614685e-03
1.616503000259399414e-01,1.051421463489532471e-02,7.602315545082092285e-01,9.975286126136779785e-01,6.848971545696258545e-02,-1.013971399515867233e-02,-1.195657625794410706e-02,-2.151869833469390869e-01,-5.880029127001762390e-02,2.467756420373916626e-01,3.875504136085510254e-01,-1.362330019474029541e-01,-2.233655378222465515e-02,-5.227849632501602173e-02,-4.174465239048004150e-01,-1.931378394365310669e-01,1.374002695083618164e+00,-1.891393512487411499e-01,5.108219012618064880e-02,1.388012021780014038e-01,-1.877801269292831421e-01,2.050162404775619507e-01,3.549962937831878662e-01,4.386289715766906738e-01,-3.942386806011199951e-01,1.191672444343566895e+00,5.097134709358215332e-01,-7.980626821517944336e-02,5.650236085057258606e-02,-9.580393135547637939e-02,-3.962253332138061523e-01,6.774441003799438477e-01,1.010258913040161133e+00,-3.690159618854522705e-01,-1.392969954758882523e-02,2.387779206037521362e-02
1.893550604581832886e-01,1.341249328106641769e-02,7.651642560958862305e-01,9.977921247482299805e-01,6.389924883842468262e-02,-1.461530663073062897e-02,-1.068411301821470261e-02,-1.384612321853637695e-01,-6.104036420583724976e-02,2.429401576519012451e-01,3.432441055774688721e-01,-1.594672948122024536e-01,-2.598808892071247101e-02,-1.406613588333129883e-01,-3.993719518184661865e-01,-1.926849782466888428e-01,1.402378916740417480e+00,-2.472357749938964844e-01,6.046899408102035522e-02,1.023988053202629089e-01,-1.844404041767120361e-01,2.072183191776275635e-01,3.026059269905090332e-01,4.290072321891784668e-01,-3.983784019947052002e-01,1.159669518470764160e+00,5.192246437072753906e-01,-8.538889884948730469e-02,8.667623996734619141e-02,-6.836995482444763184e-02,-3.783610761165618896e-01,6.897224783897399902e-01,1.023470759391784668e+00,-3.605641126632690430e-01,-2.742283977568149567e-02,3.225595131516456604e-02
2.154647707939147949e-01,1.581491157412528992e-02,7.687734961509704590e-01,9.981002807617187500e-01,5.843169614672660828e-02,-1.806981675326824188e-02,-7.423041388392448425e-03,-6.693343073129653931e-02,-6.063388660550117493e-02,2.354180514812469482e-01,3.025485575199127197e-01,-1.802949905395507812e-01,-2.908083423972129822e-02,-2.257619351148605347e-01,-3.888424634933471680e-01,-2.166051417589187622e-01,1.363479971885681152e+00,-2.860772311687469482e-01,6.605569273233413696e-02,6.175896152853965759e-02,-1.762827038764953613e-01,2.133777439594268799e-01,2.378792017698287964e-01,4.216589629650115967e-01,-3.987425565719604492e-01,1.123132944107055664e+00,5.163598060607910156e-01,-9.284704923629760742e-02,1.140991896390914917e-01,-4.372599720954895020e-02,-3.642776906490325928e-01,6.798736453056335449e-01,1.039939165115356445e+00,-3.364541530609130859e-01,-3.994070366024971008e-02,3.258357569575309753e-02
2.415935844182968140e-01,1.770372688770294189e-02,7.702371478080749512e-01,9.983482360839843750e-01,5.404004082083702087e-02,-1.922672986984252930e-02,-3.285804297775030136e-03,-4.902933724224567413e-03,-6.027637422084808350e-02,2.283389419317245483e-01,2.689824104309082031e-01,-2.021501362323760986e-01,-3.208777680993080139e-02,-3.049569725990295410e-01,-3.887835144996643066e-01,-2.551574409008026123e-01,1.264280557632446289e+00,-3.060669600963592529e-01,6.130454689264297485e-02,2.090305089950561523e-02,-1.670214086771011353e-01,2.216721475124359131e-01,1.609817743301391602e-01,4.200328588485717773e-01,-4.020685851573944092e-01,1.081899404525756836e+00,5.091568231582641602e-01,-9.931220859289169312e-02,1.329607367515563965e-01,-2.139048278331756592e-02,-3.552490174770355225e-01,6.543494462966918945e-01,1.056683063507080078e+00,-3.032039999961853027e-01,-5.002736672759056091e-02,2.523780241608619690e-02
2.685802280902862549e-01,1.899372413754463196e-02,7.697172760963439941e-01,9.985417723655700684e-01,5.084685608744621277e-02,-1.813096925616264343e-02,4.232977516949176788e-04,4.796950519084930420e-02,-5.942316353321075439e-02,2.256914377212524414e-01,2.414688915014266968e-01,-2.263839393854141235e-01,-3.637549653649330139e-02,-3.732572197914123535e-01,-3.855056464672088623e-01,-2.957086265087127686e-01,1.110810518264770508e+00,-3.042685985565185547e-01,5.296863242983818054e-02,-1.653457060456275940e-02,-1.575697660446166992e-01,2.295751720666885376e-01,7.888945192098617554e-02,4.269413650035858154e-01,-4.107212722301483154e-01,1.037088751792907715e+00,5.039086937904357910e-01,-1.029316633939743042e-01,1.437926590442657471e-01,-2.065059263259172440e-03,-3.517525792121887207e-01,6.275804638862609863e-01,1.074407935142517090e+00,-2.699781060218811035e-01,-5.606723949313163757e-02,1.287007331848144531e-02
2.965274155139923096e-01,1.948224194347858429e-02,7.677528262138366699e-01,9.986870884895324707e-01,4.899159818887710571e-02,-1.462186407297849655e-02,3.197556128725409508e-03,9.479352086782455444e-02,-5.910656973719596863e-02,2.268052995204925537e-01,2.142015844583511353e-01,-2.508289217948913574e-01,-4.185116663575172424e-02,-4.244421720504760742e-01,-3.699078857898712158e-01,-3.309530019760131836e-01,9.001637101173400879e-01,-2.639776468276977539e-01,4.938771203160285950e-02,-4.977178573608398438e-02,-1.490526646375656128e-01,2.336251437664031982e-01,4.745959304273128510e-04,4.412278532981872559e-01,-4.185755550861358643e-01,9.874556064605712891e-01,4.996898174285888672e-01,-1.051976531744003296e-01,1.509729772806167603e-01,1.371475402265787125e-02,-3.528313338756561279e-01,6.087020039558410645e-01,1.095504879951477051e+00,-2.468549758195877075e-01,-5.671148002147674561e-02,-2.187771024182438850e-03
3.252621293067932129e-01,1.897909305989742279e-02,7.647330760955810547e-01,9.987865090370178223e-01,4.804299399256706238e-02,-9.208639152348041534e-03,5.706358700990676880e-03,1.391033232212066650e-01,-5.953465029597282410e-02,2.256520688533782959e-01,1.865550428628921509e-01,-2.727442383766174316e-01,-4.901734739542007446e-02,-4.506474137306213379e-01,-3.357676863670349121e-01,-3.466789424419403076e-01,6.314486861228942871e-01,-1.816259920597076416e-01,5.314734578132629395e-02,-8.034265041351318359e-02,-1.409234702587127686e-01,2.311032116413116455e-01,-6.944209337234497070e-02,4.599526524543762207e-01,-4.215898811817169189e-01,9.334942698478698730e-01,4.891952574253082275e-01,-1.137106195092201233e-01,1.616212725639343262e-01,2.849914506077766418e-02,-3.560519814491271973e-01,5.960912704467773438e-01,1.114910006523132324e+00,-2.374342083930969238e-01,-5.436916276812553406e-02,-1.658543571829795837e-02
3.552373945713043213e-01,1.729871146380901337e-02,7.604275345802307129e-01,9.987415075302124023e-01,4.865203052759170532e-02,-4.658149089664220810e-03,1.125591434538364410e-02,1.855294257402420044e-01,-6.070484593510627747e-02,2.149932235479354858e-01,1.647543609142303467e-01,-2.936971485614776611e-01,-5.752665549516677856e-02,-4.476576149463653564e-01,-2.816734313964843750e-01,-3.071123659610748291e-01,3.374929726123809814e-01,-9.985583275556564331e-02,8.893110603094100952e-02,-1.111012101173400879e-01,-1.352537274360656738e-01,2.235356569290161133e-01,-1.277877092361450195e-01,4.823943674564361572e-01,-4.209478497505187988e-01,8.801237940788269043e-01,4.681785404682159424e-01,-1.302509605884552002e-01,1.751848161220550537e-01,4.778365418314933777e-02,-3.615988492965698242e-01,5.852143168449401855e-01,1.126845359802246094e+00,-2.378869503736495972e-01,-5.246270447969436646e-02,-2.623865567147731781e-02
3.873728513717651367e-01,1.469696871936321259e-02,7.535703182220458984e-01,9.982994794845581055e-01,5.340715125203132629e-02,-4.892245866358280182e-03,2.284618094563484192e-02,2.370783835649490356e-01,-6.416824460029602051e-02,1.976910531520843506e-01,1.579211801290512085e-01,-3.156013488769531250e-01,-7.096426934003829956e-02,-4.375603795051574707e-01,-2.509118020534515381e-01,-2.468655407428741455e-01,1.221520751714706421e-01,-6.037921085953712463e-02,1.433608382940292358e-01,-1.491712331771850586e-01,-1.389508992433547974e-01,2.165438085794448853e-01,-1.727087497711181641e-01,5.075412988662719727e-01,-4.158236384391784668e-01,8.340995907783508301e-01,4.399302601814270020e-01,-1.460624039173126221e-01,1.905542165040969849e-01,7.322719693183898926e-02,-3.665967881679534912e-01,5.722680687904357910e-01,1.130516886711120605e+00,-2.417677491903305054e-01,-5.153907462954521179e-02,-3.564233705401420593e-02
4.210813641548156738e-01,1.184139586985111237e-02,7.463945150375366211e-01,9.978908896446228027e-01,5.603376775979995728e-02,-6.638774648308753967e-03,3.209333121776580811e-02,2.867549061775207520e-01,-5.669216439127922058e-02,1.923922002315521240e-01,1.621878296136856079e-01,-3.358477950096130371e-01,-9.461778402328491211e-02,-4.615862369537353516e-01,-2.467224895954132080e-01,-2.038244605064392090e-01,1.107816472649574280e-01,-8.600368350744247437e-02,1.769853383302688599e-01,-1.828190535306930542e-01,-1.379172801971435547e-01,2.109113931655883789e-01,-2.075262367725372314e-01,5.315759778022766113e-01,-4.083426594734191895e-01,7.987403869628906250e-01,4.259596467018127441e-01,-1.639059782028198242e-01,2.155368328094482422e-01,1.022140607237815857e-01,-3.702167570590972900e-01,5.531912446022033691e-01,1.129350185394287109e+00,-2.468297779560089111e-01,-5.591382831335067749e-02,-5.213702842593193054e-02
4.550103545188903809e-01,8.471826091408729553e-03,7.413915991783142090e-01,9.984902739524841309e-01,4.695018008351325989e-02,-3.287390340119600296e-03,2.832056209444999695e-02,3.234693706035614014e-01,-2.621942944824695587e-02,2.096012234687805176e-01,1.781631559133529663e-01,-3.545245230197906494e-01,-1.237538903951644897e-01,-4.620764255523681641e-01,-2.086089104413986206e-01,-2.068909704685211182e-01,1.394258588552474976e-01,-4.857061430811882019e-02,1.714391261339187622e-01,-1.949140429496765137e-01,-1.100889667868614197e-01,2.012728899717330933e-01,-2.242569327354431152e-01,5.520440340042114258e-01,-4.022685289382934570e-01,7.732949852943420410e-01,4.045005440711975098e-01,-1.708898395299911499e-01,2.396322339773178101e-01,1.253276020288467407e-01,-3.738821148872375488e-01,5.336648821830749512e-01,1.132878303527832031e+00,-2.486488074064254761e-01,-5.875574424862861633e-02,-6.662362068891525269e-02
4.897399544715881348e-01,3.966253250837326050e-03,7.394794821739196777e-01,9.993093013763427734e-01,3.004515357315540314e-02,4.047368653118610382e-03,2.148999460041522980e-02,3.404825031757354736e-01,2.410892024636268616e-02,2.211146503686904907e-01,2.246554940938949585e-01,-3.584791123867034912e-01,-1.525381505489349365e-01,-5.261166691780090332e-01,-1.712326258420944214e-01,-1.909568309783935547e-01,3.173223733901977539e-01,2.981460094451904297e-02,1.227165386080741882e-01,-2.040043026208877563e-01,-6.417445838451385498e-02,1.822621971368789673e-01,-2.199314832687377930e-01,5.642318725585937500e-01,-3.860348761081695557e-01,7.537428736686706543e-01,3.870354294776916504e-01,-1.791701763868331909e-01,2.502463161945343018e-01,1.419311016798019409e-01,-3.731742799282073975e-01,5.258802175521850586e-01,1.143947958946228027e+00,-2.472431957721710205e-01,-5.949609726667404175e-02,-6.937836855649948120e-02
5.252908468246459961e-01,-1.241598278284072876e-03,7.369453907012939453e-01,9.996521472930908203e-01,2.062547206878662109e-02,6.052732351236045361e-04,1.642503216862678528e-02,3.542865216732025146e-01,6.572855263948440552e-02,2.316935956478118896e-01,3.386726379394531250e-01,-3.399142622947692871e-01,-1.645905822515487671e-01,-5.652911663055419922e-01,-1.570666879415512085e-01,-1.790299266576766968e-01,5.129639506340026855e-01,-3.866130113601684570e-02,7.461024820804595947e-02,-2.191958874464035034e-01,-3.867255896329879761e-02,1.762624382972717285e-01,-1.906754523515701294e-01,5.659307837486267090e-01,-3.747217655181884766e-01,7.585234642028808594e-01,3.841995894908905029e-01,-1.845880746841430664e-01,2.636038064956665039e-01,1.533487737178802490e-01,-3.711022138595581055e-01,5.236812233924865723e-01,1.155770182609558105e+00,-2.515714764595031738e-01,-5.969408899545669556e-02,-6.849958002567291260e-02
5.609363317489624023e-01,-7.822687737643718719e-03,7.364546060562133789e-01,9.998007416725158691e-01,1.193805597722530365e-02,-6.158465985208749771e-03,1.476690452545881271e-02,3.375335633754730225e-01,1.157480180263519287e-01,2.324860095977783203e-01,5.233676433563232422e-01,-2.881911695003509521e-01,-1.610086262226104736e-01,-5.482361912727355957e-01,-1.377043873071670532e-01,-1.789876818656921387e-01,6.255304217338562012e-01,-1.193296387791633606e-01,4.405697435140609741e-02,-2.311168164014816284e-01,-1.995645649731159210e-02,1.718729138374328613e-01,-1.559606790542602539e-01,5.671025514602661133e-01,-3.816861808300018311e-01,7.808149456977844238e-01,3.922617435455322266e-01,-1.807447373867034912e-01,2.610354423522949219e-01,1.650373488664627075e-01,-3.619265556335449219e-01,5.180711150169372559e-01,1.164824962615966797e+00,-2.478565126657485962e-01,-5.917738005518913269e-02,-7.095481455326080322e-02
5.955534577369689941e-01,-1.514979358762502670e-02,7.382203340530395508e-01,9.997795820236206055e-01,3.381631337106227875e-03,-1.209059543907642365e-02,1.683022081851959229e-02,2.795267105102539062e-01,1.722338944673538208e-01,2.163149118423461914e-01,7.577045559883117676e-01,-2.056242078542709351e-01,-1.345958709716796875e-01,-5.044645071029663086e-01,-1.171172037720680237e-01,-1.945522129535675049e-01,6.803578734397888184e-01,-1.975424736738204956e-01,1.657502539455890656e-02,-2.404353618621826172e-01,-5.313571076840162277e-03,1.684696078300476074e-01,-1.225506141781806946e-01,5.665847659111022949e-01,-4.051047861576080322e-01,8.117409944534301758e-01,4.152481853961944580e-01,-1.715730726718902588e-01,2.432601749897003174e-01,1.725567877292633057e-01,-3.442541658878326416e-01,5.152062177658081055e-01,1.174824357032775879e+00,-2.438314259052276611e-01,-5.826514214277267456e-02,-6.810034811496734619e-02
6.304306387901306152e-01,-2.281475439667701721e-02,7.412484288215637207e-01,9.996629953384399414e-01,-4.720455966889858246e-03,-1.542976405471563339e-02,2.033579535782337189e-02,2.060085684061050415e-01,2.503363192081451416e-01,2.234823256731033325e-01,9.895488023757934570e-01,-1.311080455780029297e-01,-8.528768271207809448e-02,-4.476570487022399902e-01,-9.545779973268508911e-02,-2.166385799646377563e-01,6.950359940528869629e-01,-2.583057880401611328e-01,-2.052529482170939445e-03,-2.422945052385330200e-01,7.906850427389144897e-03,1.680372655391693115e-01,-9.750990569591522217e-02,5.613607764244079590e-01,-4.380556344985961914e-01,8.424539566040039062e-01,4.467285275459289551e-01,-1.615425050258636475e-01,2.124139666557312012e-01,1.754236370325088501e-01,-3.251487612724304199e-01,5.217130184173583984e-01,1.181112527847290039e+00,-2.397202700376510620e-01,-5.823002755641937256e-02,-6.320197135210037231e-02
6.611014604568481445e-01,-2.859009429812431335e-02,7.443894147872924805e-01,9.995709061622619629e-01,-1.117602922022342682e-02,-1.652366667985916138e-02,2.144703827798366547e-02,1.420872956514358521e-01,3.495008945465087891e-01,2.756828367710113525e-01,1.173010587692260742e+00,-1.557611972093582153e-01,-1.214626990258693695e-02,-3.896348476409912109e-01,-7.296139001846313477e-02,-2.340671718120574951e-01,6.906000375747680664e-01,-3.022024929523468018e-01,-1.593234576284885406e-02,-2.342556864023208618e-01,1.949764974415302277e-02,1.690384894609451294e-01,-7.592905312776565552e-02,5.514099001884460449e-01,-4.711891710758209229e-01,8.733457922935485840e-01,4.788141548633575439e-01,-1.504163295030593872e-01,1.838879734277725220e-01,1.692275404930114746e-01,-3.106771111488342285e-01,5.434615612030029297e-01,1.184865117073059082e+00,-2.387202680110931396e-01,-6.013298407196998596e-02,-5.918738245964050293e-02
6.919355392456054688e-01,-3.307987004518508911e-02,7.487783432006835938e-01,9.995790719985961914e-01,-1.383251324295997620e-02,-1.719266362488269806e-02,1.883343607187271118e-02,7.658594846725463867e-02,4.076204001903533936e-01,3.172378242015838623e-01,1.291847229003906250e+00,-2.317530661821365356e-01,3.353622183203697205e-02,-3.260492682456970215e-01,-5.239962041378021240e-02,-2.387938648462295532e-01,6.666411757469177246e-01,-3.358107209205627441e-01,-2.695310674607753754e-02,-2.149473130702972412e-01,2.477588504552841187e-02,1.706760972738265991e-01,-4.989210143685340881e-02,5.354058146476745605e-01,-4.961743056774139404e-01,9.071370959281921387e-01,5.037887096405029297e-01,-1.423201411962509155e-01,1.607522070407867432e-01,1.494645476341247559e-01,-3.017387986183166504e-01,5.722997188568115234e-01,1.187162876129150391e+00,-2.474640458822250366e-01,-6.149865686893463135e-02,-5.716605484485626221e-02
7.224562168121337891e-01,-3.640937432646751404e-02,7.544541954994201660e-01,9.996518492698669434e-01,-1.400793436914682388e-02,-1.729080826044082642e-02,1.417546719312667847e-02,-3.212035633623600006e-03,4.169337153434753418e-01,3.356866240501403809e-01,1.345893383026123047e+00,-2.811575829982757568e-01,4.567316919565200806e-02,-2.547380626201629639e-01,-3.274961933493614197e-02,-2.327215969562530518e-01,6.187721490859985352e-01,-3.571023643016815186e-01,-3.162359818816184998e-02,-1.879801601171493530e-01,2.656893618404865265e-02,1.715840697288513184e-01,-2.129277959465980530e-02,5.125431418418884277e-01,-5.119925737380981445e-01,9.464921355247497559e-01,5.166471600532531738e-01,-1.371610462665557861e-01,1.384126394987106323e-01,1.194227933883666992e-01,-2.970695197582244873e-01,5.982278585433959961e-01,1.191136837005615234e+00,-2.597966492176055908e-01,-6.021819636225700378e-02,-5.791020020842552185e-02
7.524577975273132324e-01,-3.873779624700546265e-02,7.605146169662475586e-01,9.997331500053405762e-01,-1.275759469717741013e-02,-1.732839085161685944e-02,8.403510786592960358e-03,-8.976548165082931519e-02,3.969656527042388916e-01,3.433335423469543457e-01,1.335907220840454102e+00,-2.980145215988159180e-01,3.954641520977020264e-02,-1.768662631511688232e-01,-1.492132991552352905e-02,-2.202382087707519531e-01,5.513276457786560059e-01,-3.652031421661376953e-01,-3.096671402454376221e-02,-1.565071791410446167e-01,2.592322416603565216e-02,1.718094199895858765e-01,9.327401407063007355e-03,4.860318899154663086e-01,-5.205106139183044434e-01,9.925158619880676270e-01,5.232069492340087891e-01,-1.313687413930892944e-01,1.145511269569396973e-01,8.236907422542572021e-02,-2.960111200809478760e-01,6.153872609138488770e-01,1.196331381797790527e+00,-2.694164216518402100e-01,-5.732104927301406860e-02,-6.048141419887542725e-02
7.819779515266418457e-01,-4.058903828263282776e-02,7.655624747276306152e-01,9.997931718826293945e-01,-1.094622258096933365e-02,-1.704665832221508026e-02,1.802334561944007874e-03,-1.740371733903884888e-01,3.648827373981475830e-01,3.468018174171447754e-01,1.266997814178466797e+00,-2.919594049453735352e-01,2.206865884363651276e-02,-9.685264527797698975e-02,2.053717616945505142e-04,-2.059152275323867798e-01,4.722028672695159912e-01,-3.636849224567413330e-01,-2.667803131043910980e-02,-1.239909604191780090e-01,2.370068058371543884e-02,1.708172410726547241e-01,4.513587802648544312e-02,4.601672291755676270e-01,-5.215699076652526855e-01,1.038101196289062500e+00,5.246324539184570312e-01,-1.244589760899543762e-01,8.984943479299545288e-02,4.231424257159233093e-02,-2.984038591384887695e-01,6.185686588287353516e-01,1.195268988609313965e+00,-2.715063989162445068e-01,-5.529406294226646423e-02,-6.418479233980178833e-02
8.115277886390686035e-01,-4.237706959247589111e-02,7.687621116638183594e-01,9.998136758804321289e-01,-9.987350553274154663e-03,-1.578984782099723816e-02,-4.865809809416532516e-03,-2.514900565147399902e-01,3.340621590614318848e-01,3.474701941013336182e-01,1.151552200317382812e+00,-2.770019173622131348e-01,3.743037814274430275e-03,-1.901921816170215607e-02,1.323752943426370621e-02,-1.951662302017211914e-01,3.901588618755340576e-01,-3.567794561386108398e-01,-2.009909413754940033e-02,-9.265621006488800049e-02,2.247649803757667542e-02,1.689610034227371216e-01,8.560837805271148682e-02,4.373886287212371826e-01,-5.138277411460876465e-01,1.075237154960632324e+00,5.193842649459838867e-01,-1.186146512627601624e-01,6.745024770498275757e-02,2.896521007642149925e-03,-3.041926622390747070e-01,6.055439114570617676e-01,1.182208657264709473e+00,-2.615494728088378906e-01,-5.766457319259643555e-02,-7.037977129220962524e-02
8.408229947090148926e-01,-4.400625079870223999e-02,7.698864340782165527e-01,9.997865557670593262e-01,-1.072139572352170944e-02,-1.363061089068651199e-02,-1.122921891510486603e-02,-3.173758685588836670e-01,3.105590939521789551e-01,3.445540666580200195e-01,1.002890825271606445e+00,-2.579447329044342041e-01,-1.003796327859163284e-02,5.444910004734992981e-02,2.560394443571567535e-02,-1.886297315359115601e-01,3.133054375648498535e-01,-3.483200073242187500e-01,-1.237181108444929123e-02,-6.240393966436386108e-02,2.397095225751399994e-02,1.669929772615432739e-01,1.284314543008804321e-01,4.187408089637756348e-01,-4.987565875053405762e-01,1.099653959274291992e+00,5.106101036071777344e-01,-1.154899597167968750e-01,5.201454833149909973e-02,-3.305338323116302490e-02,-3.132050633430480957e-01,5.804023146629333496e-01,1.158949375152587891e+00,-2.409786731004714966e-01,-6.640731543302536011e-02,-8.067966997623443604e-02
8.701791763305664062e-01,-4.499576985836029053e-02,7.690206766128540039e-01,9.997184276580810547e-01,-1.216299738734960556e-02,-1.065975148230791092e-02,-1.736038364470005035e-02,-3.699604272842407227e-01,2.947388589382171631e-01,3.451296389102935791e-01,8.276402354240417480e-01,-2.225122451782226562e-01,-1.714067533612251282e-02,1.215207949280738831e-01,3.519567102193832397e-02,-1.832415461540222168e-01,2.500436902046203613e-01,-3.441383242607116699e-01,-3.370084334164857864e-03,-3.280064836144447327e-02,2.635749056935310364e-02,1.645809262990951538e-01,1.727428734302520752e-01,4.044632315635681152e-01,-4.815911054611206055e-01,1.114406347274780273e+00,5.024231672286987305e-01,-1.153434589505195618e-01,4.411148652434349060e-02,-6.551653146743774414e-02,-3.246333897113800049e-01,5.493834018707275391e-01,1.130421876907348633e+00,-2.167496532201766968e-01,-7.963693886995315552e-02,-9.279300272464752197e-02
9.013680815696716309e-01,-4.503460973501205444e-02,7.662699818611145020e-01,9.996290206909179688e-01,-1.203746628016233444e-02,-7.175052538514137268e-03,-2.335553243756294250e-02,-4.055106937885284424e-01,2.761624455451965332e-01,3.542672693729400635e-01,6.297002434730529785e-01,-1.661844998598098755e-01,-1.768659986555576324e-02,1.773983091115951538e-01,3.603243455290794373e-02,-1.753520667552947998e-01,2.120486795902252197e-01,-3.524202108383178711e-01,7.660473696887493134e-03,-4.976543597877025604e-03,2.521680854260921478e-02,1.615506559610366821e-01,2.159644067287445068e-01,3.940955102443695068e-01,-4.673463404178619385e-01,1.125555753707885742e+00,4.957495331764221191e-01,-1.162544637918472290e-01,3.906999528408050537e-02,-9.530095756053924561e-02,-3.372151255607604980e-01,5.217576026916503906e-01,1.102317571640014648e+00,-1.980553865432739258e-01,-9.181455522775650024e-02,-1.039831563830375671e-01
9.336061477661132812e-01,-4.399420320987701416e-02,7.617872953414916992e-01,9.994606971740722656e-01,-1.083355303853750229e-02,-4.700492136180400848e-03,-3.064093738794326782e-02,-4.183003008365631104e-01,2.460554689168930054e-01,3.661478161811828613e-01,4.094285666942596436e-01,-1.092265322804450989e-01,-2.528824657201766968e-02,2.238419204950332642e-01,2.931448630988597870e-02,-1.619790345430374146e-01,2.021452933549880981e-01,-3.735709190368652344e-01,2.037927322089672089e-02,2.424496971070766449e-02,2.173416502773761749e-02,1.608230769634246826e-01,2.570109665393829346e-01,3.862839043140411377e-01,-4.569921493530273438e-01,1.135630607604980469e+00,4.870833754539489746e-01,-1.153501719236373901e-01,3.271941095590591431e-02,-1.240349039435386658e-01,-3.507562577724456787e-01,5.063650608062744141e-01,1.080093026161193848e+00,-1.859053820371627808e-01,-9.972146898508071899e-02,-1.116436198353767395e-01
9.663174152374267578e-01,-4.214707762002944946e-02,7.556613087654113770e-01,9.989972114562988281e-01,-1.326094940304756165e-02,-4.881444387137889862e-03,-4.248372465372085571e-02,-4.113612473011016846e-01,2.223757952451705933e-01,3.739854991436004639e-01,1.915077418088912964e-01,-7.395801693201065063e-02,-5.768820270895957947e-02,2.702410817146301270e-01,2.691939659416675568e-02,-1.402547508478164673e-01,2.024005949497222900e-01,-3.913364708423614502e-01,3.337169811129570007e-02,6.030927225947380066e-02,2.624970301985740662e-02,1.636670082807540894e-01,2.915626168251037598e-01,3.793796002864837646e-01,-4.471819400787353516e-01,1.144454598426818848e+00,4.746113419532775879e-01,-1.117425933480262756e-01,2.834209427237510681e-02,-1.495737582445144653e-01,-3.673798441886901855e-01,5.058548450469970703e-01,1.067291498184204102e+00,-1.829249709844589233e-01,-1.049542129039764404e-01,-1.129837185144424438e-01
1.000854134559631348e+00,-3.993454575538635254e-02,7.484251260757446289e-01,9.979170560836791992e-01,-2.430591732263565063e-02,-7.945713587105274200e-03,-5.922568216919898987e-02,-4.371134340763092041e-01,2.372394502162933350e-01,3.438037037849426270e-01,1.138408780097961426e-01,-9.531274437904357910e-02,-1.138381585478782654e-01,3.285929858684539795e-01,3.827359154820442200e-02,-1.156761348247528076e-01,1.901712715625762939e-01,-3.873752653598785400e-01,4.847356304526329041e-02,9.944649040699005127e-02,4.840624332427978516e-02,1.669717580080032349e-01,3.250185847282409668e-01,3.724230825901031494e-01,-4.339163005352020264e-01,1.155787587165832520e+00,4.622716903686523438e-01,-1.091579273343086243e-01,2.245363965630531311e-02,-1.723662465810775757e-01,-3.842649161815643311e-01,5.138461589813232422e-01,1.063161849975585938e+00,-1.897805631160736084e-01,-1.019797474145889282e-01,-1.088035255670547485e-01
1.035760641098022461e+00,-3.698078170418739319e-02,7.427034974098205566e-01,9.970203042030334473e-01,-3.381437063217163086e-02,-1.041055377572774887e-02,-6.854769587516784668e-02,-4.567931294441223145e-01,2.418445646762847900e-01,3.010986149311065674e-01,1.148754730820655823e-01,-1.167320162057876587e-01,-1.615459024906158447e-01,3.860841393470764160e-01,4.095387086272239685e-02,-9.743614494800567627e-02,1.923926472663879395e-01,-3.698629140853881836e-01,6.498398631811141968e-02,1.222408413887023926e-01,6.539972871541976929e-02,1.647005975246429443e-01,3.591654896736145020e-01,3.643220961093902588e-01,-4.178444147109985352e-01,1.175838470458984375e+00,4.519562423229217529e-01,-1.017645150423049927e-01,2.049009315669536591e-02,-1.779197901487350464e-01,-3.979201018810272217e-01,5.234975814819335938e-01,1.062221527099609375e+00,-1.949744969606399536e-01,-9.579610824584960938e-02,-1.060559973120689392e-01
1.071740627288818359e+00,-3.368512541055679321e-02,7.397252917289733887e-01,9.976465106010437012e-01,-2.266158349812030792e-02,-5.354176275432109833e-03,-6.449266523122787476e-02,-4.279932081699371338e-01,1.873311847448348999e-01,3.037759363651275635e-01,1.024545952677726746e-01,-3.357831016182899475e-02,-1.422764211893081665e-01,3.853819966316223145e-01,1.576270675286650658e-03,-9.198200702667236328e-02,2.851405143737792969e-01,-3.746407628059387207e-01,9.291716665029525757e-02,1.220588684082031250e-01,3.744984418153762817e-02,1.471297442913055420e-01,3.780578076839447021e-01,3.588681221008300781e-01,-3.960193991661071777e-01,1.205006003379821777e+00,4.546420276165008545e-01,-9.093075245618820190e-02,5.999596323817968369e-03,-1.695056259632110596e-01,-4.047885537147521973e-01,5.313594937324523926e-01,1.058539390563964844e+00,-2.030737698078155518e-01,-9.206496179103851318e-02,-9.832152724266052246e-02
1.108534574508666992e+00,-3.044546581804752350e-02,7.400766611099243164e-01,9.983932375907897949e-01,9.236693382263183594e-03,3.958297893404960632e-03,-5.576699227094650269e-02,-4.403897225856781006e-01,9.622236341238021851e-02,2.988176047801971436e-01,1.516003757715225220e-01,1.315038204193115234e-01,-5.246642604470252991e-02,3.293178081512451172e-01,-8.426750451326370239e-02,-8.975578844547271729e-02,4.773040413856506348e-01,-3.634507060050964355e-01,1.273882538080215454e-01,1.184022203087806702e-01,-3.792228177189826965e-02,1.187882497906684875e-01,3.858495354652404785e-01,3.584365546703338623e-01,-3.849124908447265625e-01,1.234024047851562500e+00,4.509701728820800781e-01,-8.896837383508682251e-02,-1.101762615144252777e-02,-1.439581662416458130e-01,-3.980284333229064941e-01,5.269064903259277344e-01,1.055370569229125977e+00,-2.171949893236160278e-01,-8.997509628534317017e-02,-9.087772667407989502e-02
1.148321747779846191e+00,-2.716654725372791290e-02,7.418315410614013672e-01,9.984062910079956055e-01,3.219578042626380920e-02,-1.060705399140715599e-03,-4.633751884102821350e-02,-4.498594105243682861e-01,4.799974337220191956e-02,2.968031466007232666e-01,3.010482192039489746e-01,1.200466528534889221e-01,1.184228225611150265e-03,2.785160839557647705e-01,-1.590471565723419189e-01,-9.017848223447799683e-02,7.100176811218261719e-01,-2.711077630519866943e-01,1.441918909549713135e-01,1.159626469016075134e-01,-9.751097857952117920e-02,1.137834861874580383e-01,3.792652189731597900e-01,3.694964945316314697e-01,-3.866722583770751953e-01,1.254870653152465820e+00,4.468328058719635010e-01,-8.624222129583358765e-02,-3.037942014634609222e-02,-1.043830811977386475e-01,-3.804683089256286621e-01,5.174643993377685547e-01,1.051949501037597656e+00,-2.173408567905426025e-01,-8.466502279043197632e-02,-8.821580559015274048e-02
1.185341596603393555e+00,-2.431041933596134186e-02,7.437913417816162109e-01,9.978720545768737793e-01,4.984520748257637024e-02,-1.441483013331890106e-02,-3.948539867997169495e-02,-4.143029749393463135e-01,5.712489131838083267e-03,3.016529083251953125e-01,3.965216875076293945e-01,4.486911743879318237e-02,3.464636579155921936e-02,2.047677636146545410e-01,-2.249321192502975464e-01,-8.591941744089126587e-02,9.706309437751770020e-01,-1.301586925983428955e-01,1.461337953805923462e-01,1.150711923837661743e-01,-1.430024355649948120e-01,1.295063644647598267e-01,3.593821227550506592e-01,3.867775499820709229e-01,-3.920514285564422607e-01,1.256775379180908203e+00,4.421391785144805908e-01,-8.728054910898208618e-02,-3.357379883527755737e-02,-6.938331574201583862e-02,-3.654772341251373291e-01,5.230867862701416016e-01,1.054451942443847656e+00,-2.295308113098144531e-01,-8.168591558933258057e-02,-7.212003320455551147e-02
1.219153404235839844e+00,-2.173960395157337189e-02,7.459442019462585449e-01,9.969652295112609863e-01,6.177840754389762878e-02,-2.895059250295162201e-02,-3.749118745326995850e-02,-3.539237678050994873e-01,-2.594215050339698792e-02,3.063091039657592773e-01,4.468012154102325439e-01,-2.621245011687278748e-02,4.482408240437507629e-02,1.089437901973724365e-01,-3.055848479270935059e-01,-1.026448309421539307e-01,1.221325516700744629e+00,1.633968553505837917e-03,1.189205348491668701e-01,1.141912937164306641e-01,-1.735573858022689819e-01,1.490731835365295410e-01,3.320701420307159424e-01,4.037580490112304688e-01,-4.002672731876373291e-01,1.245426177978515625e+00,4.415529370307922363e-01,-9.199319034814834595e-02,-1.972939632833003998e-02,-5.021353438496589661e-02,-3.560587465763092041e-01,5.545087456703186035e-01,1.061208009719848633e+00,-2.466281950473785400e-01,-7.844430953264236450e-02,-5.385359749197959900e-02
1.251116156578063965e+00,-1.930452883243560791e-02,7.485532760620117188e-01,9.958865046501159668e-01,7.185891270637512207e-02,-4.110922291874885559e-02,-3.682890906929969788e-02,-2.782738208770751953e-01,-6.080067157745361328e-02,3.121131956577301025e-01,4.490035176277160645e-01,-8.064204454421997070e-02,4.527389630675315857e-02,1.227297261357307434e-02,-4.000023305416107178e-01,-1.297786682844161987e-01,1.413798570632934570e+00,-2.145186066627502441e-02,6.221865862607955933e-02,1.044676452875137329e-01,-1.981733739376068115e-01,1.673662811517715454e-01,2.978788316249847412e-01,4.185394942760467529e-01,-4.150153696537017822e-01,1.229627370834350586e+00,4.438226819038391113e-01,-9.838552027940750122e-02,7.889604195952415466e-03,-3.984461724758148193e-02,-3.533885776996612549e-01,6.011940836906433105e-01,1.063438773155212402e+00,-2.659066021442413330e-01,-7.740329205989837646e-02,-4.554068669676780701e-02
1.281842350959777832e+00,-1.723080314695835114e-02,7.526869773864746094e-01,9.950289130210876465e-01,7.707321643829345703e-02,-5.342282354831695557e-02,-3.351400047540664673e-02,-1.907343566417694092e-01,-9.095203131437301636e-02,3.078335225582122803e-01,4.227601587772369385e-01,-1.199005097150802612e-01,4.372039809823036194e-02,-7.464633882045745850e-02,-4.561108052730560303e-01,-1.433420479297637939e-01,1.519761085510253906e+00,-1.127602905035018921e-01,1.546075567603111267e-02,8.426513522863388062e-02,-2.102007269859313965e-01,1.859171539545059204e-01,2.545755207538604736e-01,4.290862083435058594e-01,-4.281143844127655029e-01,1.214091062545776367e+00,4.477909207344055176e-01,-1.060133725404739380e-01,3.605552017688751221e-02,-2.810933813452720642e-02,-3.518670797348022461e-01,6.372132301330566406e-01,1.062650561332702637e+00,-2.784314155578613281e-01,-7.834322750568389893e-02,-4.486447945237159729e-02
1.311772346496582031e+00,-1.580032892525196075e-02,7.572449445724487305e-01,9.946655631065368652e-01,7.606043666601181030e-02,-6.493878364562988281e-02,-2.526207640767097473e-02,-1.058907285332679749e-01,-1.082854047417640686e-01,2.881839573383331299e-01,3.936186432838439941e-01,-1.516599059104919434e-01,3.941707313060760498e-02,-1.481053233146667480e-01,-4.763943254947662354e-01,-1.713695675134658813e-01,1.537521004676818848e+00,-1.980381458997726440e-01,-9.321917779743671417e-03,5.508246645331382751e-02,-2.075689882040023804e-01,2.027700841426849365e-01,2.008101493120193481e-01,4.343951344490051270e-01,-4.397138953208923340e-01,1.198651313781738281e+00,4.492490589618682861e-01,-1.105248406529426575e-01,5.601954460144042969e-02,-1.573532447218894958e-02,-3.480104804039001465e-01,6.550551652908325195e-01,1.067267179489135742e+00,-2.784723341464996338e-01,-7.965755462646484375e-02,-4.718110710382461548e-02
1.340775847434997559e+00,-1.463403366506099701e-02,7.608610987663269043e-01,9.946438670158386230e-01,7.202564179897308350e-02,-7.282327115535736084e-02,-1.387992687523365021e-02,-3.380401059985160828e-02,-1.157746538519859314e-01,2.609027624130249023e-01,3.695280253887176514e-01,-1.792080551385879517e-01,3.355330601334571838e-02,-2.157954573631286621e-01,-4.842187166213989258e-01,-2.188075780868530273e-01,1.483573079109191895e+00,-2.589710056781768799e-01,-1.848686113953590393e-02,2.335481718182563782e-02,-1.977102011442184448e-01,2.151837944984436035e-01,1.401546597480773926e-01,4.360181689262390137e-01,-4.517198204994201660e-01,1.179683446884155273e+00,4.496031701564788818e-01,-1.123524308204650879e-01,6.665174663066864014e-02,-6.470738910138607025e-03,-3.419736027717590332e-01,6.575000286102294922e-01,1.075803756713867188e+00,-2.741021513938903809e-01,-8.010160177946090698e-02,-4.704252630472183228e-02
1.367942214012145996e+00,-1.373216137290000916e-02,7.626020908355712891e-01,9.946323037147521973e-01,6.955311447381973267e-02,-7.658313214778900146e-02,-1.989387907087802887e-03,2.569884061813354492e-02,-1.223736405372619629e-01,2.354329675436019897e-01,3.479866683483123779e-01,-2.037299871444702148e-01,2.775448188185691833e-02,-2.812413573265075684e-01,-4.887288212776184082e-01,-2.691044807434082031e-01,1.373820185661315918e+00,-2.960650920867919922e-01,-1.516597438603639603e-02,-5.163475871086120605e-03,-1.895366758108139038e-01,2.245725989341735840e-01,7.458814233541488647e-02,4.360205829143524170e-01,-4.672750830650329590e-01,1.153205275535583496e+00,4.491975009441375732e-01,-1.132113635540008545e-01,7.483512908220291138e-02,-3.728070878423750401e-04,-3.360868990421295166e-01,6.508399844169616699e-01,1.084647893905639648e+00,-2.718121111392974854e-01,-7.895189523696899414e-02,-4.793623834848403931e-02
1.393437385559082031e+00,-1.347237825393676758e-02,7.624180912971496582e-01,9.945517778396606445e-01,6.947544962167739868e-02,-7.718846946954727173e-02,9.050358086824417114e-03,7.261834293603897095e-02,-1.290390640497207642e-01,2.163052260875701904e-01,3.353035151958465576e-01,-2.325952202081680298e-01,2.370901219546794891e-02,-3.403812348842620850e-01,-4.841982722282409668e-01,-3.095973134040832520e-01,1.217741489410400391e+00,-3.067395389080047607e-01,-2.922585234045982361e-03,-2.808954939246177673e-02,-1.848271787166595459e-01,2.319504469633102417e-01,9.739796631038188934e-03,4.359768629074096680e-01,-4.843998849391937256e-01,1.119417428970336914e+00,4.491147100925445557e-01,-1.159050688147544861e-01,8.847942203283309937e-02,2.208806108683347702e-03,-3.323647379875183105e-01,6.442880034446716309e-01,1.092176914215087891e+00,-2.704308032989501953e-01,-7.634027302265167236e-02,-5.464092642068862915e-02
1.418494224548339844e+00,-1.414507254958152771e-02,7.606402635574340820e-01,9.944211244583129883e-01,7.157128304243087769e-02,-7.507822662591934204e-02,1.917075179517269135e-02,1.102814450860023499e-01,-1.357469260692596436e-01,2.028195112943649292e-01,3.296432495117187500e-01,-2.656564414501190186e-01,2.112963050603866577e-02,-3.856089115142822266e-01,-4.718094468116760254e-01,-3.374150693416595459e-01,1.021319150924682617e+00,-2.814143002033233643e-01,1.411679200828075409e-02,-4.648073390126228333e-02,-1.837060600519180298e-01,2.362825423479080200e-01,-4.799861088395118713e-02,4.364813268184661865e-01,-5.002799630165100098e-01,1.080556392669677734e+00,4.505400955677032471e-01,-1.216853857040405273e-01,1.096147596836090088e-01,1.541075180284678936e-03,-3.310720920562744141e-01,6.411306262016296387e-01,1.096998691558837891e+00,-2.706000506877899170e-01,-7.187553495168685913e-02,-6.706971675157546997e-02
1.444822192192077637e+00,-1.570972427725791931e-02,7.582322359085083008e-01,9.942966103553771973e-01,7.458449900150299072e-02,-7.039772719144821167e-02,2.925110049545764923e-02,1.415757089853286743e-01,-1.416511684656143188e-01,1.883368492126464844e-01,3.266054689884185791e-01,-2.962856888771057129e-01,1.738155260682106018e-02,-4.120545089244842529e-01,-4.471698105335235596e-01,-3.438161611557006836e-01,7.857933044433593750e-01,-2.183032333850860596e-01,3.152956441044807434e-02,-6.342700123786926270e-02,-1.837399899959564209e-01,2.343942373991012573e-01,-9.663137048482894897e-02,4.366963505744934082e-01,-5.162333250045776367e-01,1.039499163627624512e+00,4.518882930278778076e-01,-1.331455111503601074e-01,1.345785558223724365e-01,2.312913537025451660e-03,-3.303841054439544678e-01,6.390433907508850098e-01,1.094246268272399902e+00,-2.721060216426849365e-01,-6.842447817325592041e-02,-7.917030900716781616e-02
1.473710179328918457e+00,-1.818475499749183655e-02,7.559985518455505371e-01,9.939962625503540039e-01,7.750059664249420166e-02,-6.490910053253173828e-02,4.185562953352928162e-02,1.700794547796249390e-01,-1.446679681539535522e-01,1.658693104982376099e-01,3.278342187404632568e-01,-3.205972909927368164e-01,1.222835853695869446e-02,-4.135774672031402588e-01,-4.072729051113128662e-01,-3.087008297443389893e-01,5.318858623504638672e-01,-1.542962044477462769e-01,6.477902084589004517e-02,-8.163931220769882202e-02,-1.831027269363403320e-01,2.257819771766662598e-01,-1.381767690181732178e-01,4.371373057365417480e-01,-5.337811708450317383e-01,1.002254128456115723e+00,4.490369856357574463e-01,-1.480966359376907349e-01,1.536059975624084473e-01,8.016444742679595947e-03,-3.297544419765472412e-01,6.362875103950500488e-01,1.082719922065734863e+00,-2.739410996437072754e-01,-6.943164020776748657e-02,-8.604951202869415283e-02
1.505120635032653809e+00,-2.103177458047866821e-02,7.527420520782470703e-01,9.931254982948303223e-01,8.161631226539611816e-02,-6.164738535881042480e-02,5.692274123430252075e-02,2.012724876403808594e-01,-1.458997726440429688e-01,1.385059356689453125e-01,3.354877233505249023e-01,-3.387641906738281250e-01,5.534141790121793747e-03,-3.883294463157653809e-01,-3.766180276870727539e-01,-2.716223299503326416e-01,3.034487068653106689e-01,-1.162484213709831238e-01,1.069254800677299500e-01,-1.012809574604034424e-01,-1.843019276857376099e-01,2.159382402896881104e-01,-1.650039255619049072e-01,4.399622976779937744e-01,-5.488088726997375488e-01,9.727473258972167969e-01,4.462604522705078125e-01,-1.627498418092727661e-01,1.655630767345428467e-01,1.839284226298332214e-02,-3.293153345584869385e-01,6.368240118026733398e-01,1.068785905838012695e+00,-2.723594903945922852e-01,-7.294477522373199463e-02,-8.720108121633529663e-02
1.535793185234069824e+00,-2.407367713749408722e-02,7.483549118041992188e-01,9.912800788879394531e-01,9.027421474456787109e-02,-6.178303062915802002e-02,7.346612215042114258e-02,2.330654561519622803e-01,-1.513154804706573486e-01,1.213849782943725586e-01,3.558099269866943359e-01,-3.470450341701507568e-01,-6.029319018125534058e-03,-3.429194092750549316e-01,-3.861059248447418213e-01,-2.755616605281829834e-01,1.592536717653274536e-01,-9.818760305643081665e-02,1.819154024124145508e-01,-1.177071705460548401e-01,-1.936457157135009766e-01,2.092826515436172485e-01,-1.860724687576293945e-01,4.436570703983306885e-01,-5.705598592758178711e-01,9.501959681510925293e-01,4.452621638774871826e-01,-1.703257262706756592e-01,1.812997460365295410e-01,3.100325725972652435e-02,-3.289251029491424561e-01,6.395161151885986328e-01,1.061848878860473633e+00,-2.756417095661163330e-01,-7.682622224092483521e-02,-9.211061894893646240e-02
1.563970923423767090e+00,-2.767765708267688751e-02,7.471829652786254883e-01,9.918423891067504883e-01,8.079731464385986328e-02,-5.839396640658378601e-02,7.943931221961975098e-02,2.260313928127288818e-01,-1.150177717208862305e-01,1.156819313764572144e-01,4.340998828411102295e-01,-3.701594769954681396e-01,-2.011833898723125458e-02,-3.415343463420867920e-01,-3.613181114196777344e-01,-2.801445126533508301e-01,1.875868886709213257e-01,-4.784886911511421204e-02,1.639546155929565430e-01,-1.167601421475410461e-01,-1.608207821846008301e-01,2.038423120975494385e-01,-2.010081261396408081e-01,4.427579045295715332e-01,-5.841409564018249512e-01,9.360882043838500977e-01,4.403173923492431641e-01,-1.808716803789138794e-01,1.912526935338973999e-01,3.172777220606803894e-02,-3.294903934001922607e-01,6.516973376274108887e-01,1.068051815032958984e+00,-2.808985710144042969e-01,-7.877489924430847168e-02,-9.297890216112136841e-02
1.591866731643676758e+00,-3.162532672286033630e-02,7.478947639465332031e-01,9.928210973739624023e-01,6.471667438745498657e-02,-5.566884949803352356e-02,8.377934992313385010e-02,2.016708552837371826e-01,-6.236127763986587524e-02,1.082514822483062744e-01,5.477331876754760742e-01,-3.669356107711791992e-01,-3.483567386865615845e-02,-3.676255345344543457e-01,-3.289339840412139893e-01,-2.589755952358245850e-01,2.881492376327514648e-01,4.321085289120674133e-02,1.282324045896530151e-01,-1.143105477094650269e-01,-1.105759814381599426e-01,2.010455727577209473e-01,-1.972979754209518433e-01,4.374376237392425537e-01,-5.783438682556152344e-01,9.253168702125549316e-01,4.422839879989624023e-01,-1.913205683231353760e-01,2.001606225967407227e-01,2.276572585105895996e-02,-3.314259350299835205e-01,6.686753034591674805e-01,1.094892024993896484e+00,-2.896110415458679199e-01,-7.812196016311645508e-02,-8.148239552974700928e-02
1.619239330291748047e+00,-3.600308299064636230e-02,7.493416666984558105e-01,9.926840662956237793e-01,5.638861283659934998e-02,-5.799785628914833069e-02,8.963766694068908691e-02,1.715299189090728760e-01,-2.277642861008644104e-02,1.085990667343139648e-01,6.939102411270141602e-01,-3.251072466373443604e-01,-4.276200756430625916e-02,-3.606422543525695801e-01,-3.289347589015960693e-01,-2.800303995609283447e-01,3.730712532997131348e-01,4.660287871956825256e-02,1.202227622270584106e-01,-1.126523315906524658e-01,-7.765278220176696777e-02,2.011631280183792114e-01,-1.847944706678390503e-01,4.283546209335327148e-01,-5.718691349029541016e-01,9.234696030616760254e-01,4.325975775718688965e-01,-1.937538832426071167e-01,2.139216512441635132e-01,1.645461469888687134e-02,-3.332099914550781250e-01,6.759327650070190430e-01,1.127661466598510742e+00,-2.967383861541748047e-01,-7.213679701089859009e-02,-7.599034160375595093e-02
1.644825696945190430e+00,-4.014655202627182007e-02,7.510589957237243652e-01,9.926645755767822266e-01,4.408533498644828796e-02,-5.905136466026306152e-02,9.584572166204452515e-02,1.074859127402305603e-01,3.312524035573005676e-02,1.124363914132118225e-01,8.781464099884033203e-01,-2.656293511390686035e-01,-4.501726105809211731e-02,-3.558523654937744141e-01,-3.154387176036834717e-01,-3.049619197845458984e-01,4.540242552757263184e-01,6.788905593566596508e-04,7.686223834753036499e-02,-1.104390695691108704e-01,-3.846804052591323853e-02,2.046205550432205200e-01,-1.619531065225601196e-01,4.226735830307006836e-01,-5.734555125236511230e-01,9.206316471099853516e-01,4.259875416755676270e-01,-1.880026459693908691e-01,2.146445512771606445e-01,1.901871873997151852e-03,-3.349379301071166992e-01,6.759757995605468750e-01,1.153431415557861328e+00,-2.877497971057891846e-01,-6.461432576179504395e-02,-6.429640203714370728e-02
1.667062401771545410e+00,-4.366412386298179626e-02,7.529318928718566895e-01,9.923597574234008789e-01,3.587318211793899536e-02,-5.931042134761810303e-02,1.020662337541580200e-01,3.595606982707977295e-02,9.676928818225860596e-02,1.379432827234268188e-01,1.060132503509521484e+00,-2.006135582923889160e-01,-4.033681005239486694e-02,-3.391362428665161133e-01,-3.039051294326782227e-01,-3.253109753131866455e-01,5.006564259529113770e-01,-4.335225373506546021e-02,5.631921067833900452e-02,-1.064712256193161011e-01,-1.019939966499805450e-02,2.122711688280105591e-01,-1.367268413305282593e-01,4.238335788249969482e-01,-5.811514854431152344e-01,9.175180196762084961e-01,4.284678399562835693e-01,-1.835224181413650513e-01,2.125514596700668335e-01,-1.585841551423072815e-02,-3.425821959972381592e-01,6.732395887374877930e-01,1.162141323089599609e+00,-2.752771377563476562e-01,-6.159489601850509644e-02,-6.133351102471351624e-02
1.686276912689208984e+00,-4.628415405750274658e-02,7.547916769981384277e-01,9.920648336410522461e-01,2.952979132533073425e-02,-5.826850235462188721e-02,1.074251681566238403e-01,-2.758113667368888855e-02,1.795901507139205933e-01,1.876287460327148438e-01,1.215467453002929688e+00,-1.899041980504989624e-01,-1.935982890427112579e-02,-3.177642226219177246e-01,-2.916203737258911133e-01,-3.436915278434753418e-01,5.253187417984008789e-01,-8.107773959636688232e-02,4.514796659350395203e-02,-1.015017777681350708e-01,1.197526976466178894e-02,2.217912077903747559e-01,-1.097815483808517456e-01,4.293627440929412842e-01,-5.897469520568847656e-01,9.179064631462097168e-01,4.360787868499755859e-01,-1.798908263444900513e-01,2.075192332267761230e-01,-3.444230929017066956e-02,-3.574001491069793701e-01,6.684538722038269043e-01,1.156359076499938965e+00,-2.581113874912261963e-01,-6.431015580892562866e-02,-6.753180176019668579e-02
1.703825116157531738e+00,-4.812910407781600952e-02,7.568895816802978516e-01,9.920132160186767578e-01,2.402987517416477203e-02,-5.634932592511177063e-02,1.102593764662742615e-01,-7.991786301136016846e-02,2.479465007781982422e-01,2.330642789602279663e-01,1.315375924110412598e+00,-2.550241649150848389e-01,-7.156035397201776505e-03,-2.955078482627868652e-01,-2.778944373130798340e-01,-3.590395152568817139e-01,5.333040356636047363e-01,-1.097083911299705505e-01,3.790849447250366211e-02,-9.496153891086578369e-02,3.108957968652248383e-02,2.311879843473434448e-01,-8.019722998142242432e-02,4.362967908382415771e-01,-5.946364402770996094e-01,9.233539700508117676e-01,4.458261430263519287e-01,-1.748855710029602051e-01,2.017464935779571533e-01,-5.525669455528259277e-02,-3.765917420387268066e-01,6.566527485847473145e-01,1.143452525138854980e+00,-2.419878244400024414e-01,-6.888813525438308716e-02,-8.170162886381149292e-02
1.719937324523925781e+00,-4.907462745904922485e-02,7.597876787185668945e-01,9.921014904975891113e-01,2.287527732551097870e-02,-5.378350615501403809e-02,1.109896004199981689e-01,-1.334108561277389526e-01,2.714060246944427490e-01,2.584733366966247559e-01,1.356880307197570801e+00,-2.994300425052642822e-01,-1.829143054783344269e-02,-2.757435142993927002e-01,-2.717785239219665527e-01,-3.664328753948211670e-01,5.362082719802856445e-01,-1.339539587497711182e-01,3.409984335303306580e-02,-8.626331388950347900e-02,4.056334123015403748e-02,2.395384609699249268e-01,-4.816134274005889893e-02,4.401580095291137695e-01,-5.929564833641052246e-01,9.354087114334106445e-01,4.538675248622894287e-01,-1.674185991287231445e-01,1.963069438934326172e-01,-7.719653099775314331e-02,-3.944045603275299072e-01,6.302659511566162109e-01,1.128345251083374023e+00,-2.309676557779312134e-01,-7.133892178535461426e-02,-1.016121879220008850e-01
1.734561800956726074e+00,-4.920336231589317322e-02,7.629470229148864746e-01,9.922111034393310547e-01,2.537204138934612274e-02,-5.050606653094291687e-02,1.110069751739501953e-01,-1.853460520505905151e-01,2.630210220813751221e-01,2.716964483261108398e-01,1.348330855369567871e+00,-3.142372667789459229e-01,-4.369317740201950073e-02,-2.592688798904418945e-01,-2.733750939369201660e-01,-3.676395714282989502e-01,5.371673703193664551e-01,-1.541256904602050781e-01,3.423263877630233765e-02,-7.740505039691925049e-02,4.131692647933959961e-02,2.464871704578399658e-01,-1.715330593287944794e-02,4.404694437980651855e-01,-5.867646336555480957e-01,9.531493782997131348e-01,4.629321992397308350e-01,-1.560537368059158325e-01,1.882175654172897339e-01,-9.686813503503799438e-02,-4.077813029289245605e-01,5.909637212753295898e-01,1.114012122154235840e+00,-2.196287959814071655e-01,-7.242710143327713013e-02,-1.233325973153114319e-01
1.747995734214782715e+00,-4.871923103928565979e-02,7.656903862953186035e-01,9.923971295356750488e-01,2.759723365306854248e-02,-4.711285233497619629e-02,1.103026717901229858e-01,-2.307499498128890991e-01,2.441612631082534790e-01,2.752193808555603027e-01,1.298502802848815918e+00,-3.128032088279724121e-01,-8.022865653038024902e-02,-2.446466237306594849e-01,-2.741527259349822998e-01,-3.673391938209533691e-01,5.344814658164978027e-01,-1.695507168769836426e-01,3.445165976881980896e-02,-6.812600791454315186e-02,4.125357791781425476e-02,2.521737813949584961e-01,1.354670152068138123e-02,4.403367340564727783e-01,-5.784062147140502930e-01,9.686549305915832520e-01,4.738126099109649658e-01,-1.435499042272567749e-01,1.766280233860015869e-01,-1.138348877429962158e-01,-4.171358942985534668e-01,5.483365654945373535e-01,1.100908279418945312e+00,-2.083112448453903198e-01,-7.437447458505630493e-02,-1.400401294231414795e-01
1.760332584381103516e+00,-4.755689203739166260e-02,7.674939632415771484e-01,9.927053451538085938e-01,2.771301195025444031e-02,-4.364550113677978516e-02,1.089183166623115540e-01,-2.662842273712158203e-01,2.311130315065383911e-01,2.747803330421447754e-01,1.212899684906005859e+00,-3.091913461685180664e-01,-1.157048046588897705e-01,-2.317288368940353394e-01,-2.708633244037628174e-01,-3.684857785701751709e-01,5.294462442398071289e-01,-1.833039522171020508e-01,3.503793105483055115e-02,-5.781174451112747192e-02,4.462083056569099426e-02,2.565545737743377686e-01,4.456702619791030884e-02,4.419992864131927490e-01,-5.697535276412963867e-01,9.741687178611755371e-01,4.829736351966857910e-01,-1.344595104455947876e-01,1.648621410131454468e-01,-1.281752139329910278e-01,-4.237129390239715576e-01,5.098389983177185059e-01,1.088448643684387207e+00,-2.014528214931488037e-01,-7.898795604705810547e-02,-1.508542448282241821e-01
1.771699666976928711e+00,-4.571322351694107056e-02,7.681591510772705078e-01,9.932363629341125488e-01,2.562711201608181000e-02,-3.988198935985565186e-02,1.059912070631980896e-01,-2.875845730304718018e-01,2.351754754781723022e-01,2.823574841022491455e-01,1.098588705062866211e+00,-3.084594309329986572e-01,-1.358629465103149414e-01,-2.231410592794418335e-01,-2.635505199432373047e-01,-3.702353239059448242e-01,5.256726145744323730e-01,-1.976718902587890625e-01,3.683767840266227722e-02,-4.589681327342987061e-02,5.137586593627929688e-02,2.595455050468444824e-01,7.590766251087188721e-02,4.462800025939941406e-01,-5.604671239852905273e-01,9.677698016166687012e-01,4.875059127807617188e-01,-1.330174952745437622e-01,1.575406193733215332e-01,-1.413025259971618652e-01,-4.288064241409301758e-01,4.798867702484130859e-01,1.078530669212341309e+00,-1.993209719657897949e-01,-8.526831120252609253e-02,-1.595191508531570435e-01
1.781690359115600586e+00,-4.327595978975296021e-02,7.680190801620483398e-01,9.940584897994995117e-01,2.255104109644889832e-02,-3.543137386441230774e-02,1.004178896546363831e-01,-2.939270734786987305e-01,2.477764934301376343e-01,2.977353036403656006e-01,9.543249607086181641e-01,-2.990610003471374512e-01,-1.432507187128067017e-01,-2.214496880769729614e-01,-2.549315094947814941e-01,-3.682870566844940186e-01,5.265676379203796387e-01,-2.123758941888809204e-01,4.041526466608047485e-02,-3.257382288575172424e-02,5.839483439922332764e-02,2.608943581581115723e-01,1.074929982423782349e-01,4.519338905811309814e-01,-5.513909459114074707e-01,9.548176527023315430e-01,4.856110513210296631e-01,-1.366573274135589600e-01,1.542534381151199341e-01,-1.551410406827926636e-01,-4.336454868316650391e-01,4.595320522785186768e-01,1.071955323219299316e+00,-1.998695880174636841e-01,-9.225399792194366455e-02,-1.681808382272720337e-01
1.790672779083251953e+00,-4.026422277092933655e-02,7.673962712287902832e-01,9.950811862945556641e-01,1.903766766190528870e-02,-3.015198186039924622e-02,9.242253750562667847e-02,-2.864498794078826904e-01,2.550382912158966064e-01,3.094851970672607422e-01,7.824456691741943359e-01,-2.675655186176300049e-01,-1.485162526369094849e-01,-2.264603525400161743e-01,-2.460753917694091797e-01,-3.608496785163879395e-01,5.315403342247009277e-01,-2.253525704145431519e-01,4.544973745942115784e-02,-1.902569644153118134e-02,6.366381049156188965e-02,2.602915763854980469e-01,1.379063129425048828e-01,4.566619992256164551e-01,-5.439139604568481445e-01,9.435409307479858398e-01,4.772411584854125977e-01,-1.400556266307830811e-01,1.528297960758209229e-01,-1.705958843231201172e-01,-4.384129643440246582e-01,4.488353431224822998e-01,1.068548560142517090e+00,-2.018015831708908081e-01,-9.851048141717910767e-02,-1.758448779582977295e-01
1.798905372619628906e+00,-3.647750616073608398e-02,7.661665081977844238e-01,9.962093234062194824e-01,1.468315254896879196e-02,-2.436223812401294708e-02,8.220547437667846680e-02,-2.661373317241668701e-01,2.580235004425048828e-01,3.165246248245239258e-01,6.012511849403381348e-01,-2.126741260290145874e-01,-1.573337465524673462e-01,-2.363400906324386597e-01,-2.355991750955581665e-01,-3.494147062301635742e-01,5.385815501213073730e-01,-2.371103614568710327e-01,4.991533234715461731e-02,-5.658211652189493179e-03,6.756183505058288574e-02,2.567858397960662842e-01,1.654467433691024780e-01,4.577957987785339355e-01,-5.395054221153259277e-01,9.430626630783081055e-01,4.622097611427307129e-01,-1.408072113990783691e-01,1.520218104124069214e-01,-1.866497546434402466e-01,-4.417023062705993652e-01,4.487727880477905273e-01,1.068957567214965820e+00,-2.044504433870315552e-01,-1.022756695747375488e-01,-1.783371269702911377e-01
1.806938052177429199e+00,-3.203299641609191895e-02,7.645342946052551270e-01,9.973190426826477051e-01,1.133696828037500381e-02,-1.821473985910415649e-02,6.996007263660430908e-02,-2.446004301309585571e-01,2.676877975463867188e-01,3.394674360752105713e-01,4.771544933319091797e-01,-1.563815176486968994e-01,-1.546629071235656738e-01,-2.518651187419891357e-01,-2.278822958469390869e-01,-3.319824635982513428e-01,5.533161759376525879e-01,-2.500908374786376953e-01,5.559349805116653442e-02,5.752221681177616119e-03,6.595797091722488403e-02,2.504487633705139160e-01,1.854554563760757446e-01,4.520279765129089355e-01,-5.401524305343627930e-01,9.619762897491455078e-01,4.499834775924682617e-01,-1.387638598680496216e-01,1.500750184059143066e-01,-2.038424909114837646e-01,-4.424199461936950684e-01,4.589110314846038818e-01,1.078627228736877441e+00,-2.122992724180221558e-01,-1.046073064208030701e-01,-1.772523671388626099e-01
1.815304875373840332e+00,-2.696304023265838623e-02,7.632480263710021973e-01,9.981080889701843262e-01,1.214452926069498062e-02,-1.373377442359924316e-02,5.868685245513916016e-02,-2.258656620979309082e-01,2.726646065711975098e-01,3.770362734794616699e-01,4.411369860172271729e-01,-1.095107644796371460e-01,-1.450969874858856201e-01,-2.681508064270019531e-01,-2.302024811506271362e-01,-3.079488575458526611e-01,5.767271518707275391e-01,-2.650974988937377930e-01,6.535612046718597412e-02,1.276642456650733948e-02,5.238781496882438660e-02,2.449625432491302490e-01,1.911832839250564575e-01,4.407685399055480957e-01,-5.412354469299316406e-01,9.972478747367858887e-01,4.464045763015747070e-01,-1.298895329236984253e-01,1.470848619937896729e-01,-2.156860530376434326e-01,-4.392625689506530762e-01,4.793640971183776855e-01,1.088820099830627441e+00,-2.181441336870193481e-01,-9.947371482849121094e-02,-1.765617132186889648e-01
1.823269605636596680e+00,-2.216313779354095459e-02,7.618426680564880371e-01,9.985762834548950195e-01,1.457956060767173767e-02,-1.262048725038766861e-02,4.973509907722473145e-02,-2.146252989768981934e-01,2.729106843471527100e-01,3.960452377796173096e-01,4.613101482391357422e-01,-1.368108093738555908e-01,-1.399077922105789185e-01,-2.766278386116027832e-01,-2.387235611677169800e-01,-2.886240482330322266e-01,6.042867302894592285e-01,-2.837647795677185059e-01,7.710569351911544800e-02,1.557294465601444244e-02,3.238231688737869263e-02,2.456156760454177856e-01,1.812577396631240845e-01,4.312908947467803955e-01,-5.555263757705688477e-01,1.046040534973144531e+00,4.432738125324249268e-01,-1.173828840255737305e-01,1.423277556896209717e-01,-2.202167809009552002e-01,-4.352368116378784180e-01,5.033298730850219727e-01,1.092874526977539062e+00,-2.280603796243667603e-01,-9.868710488080978394e-02,-1.737468987703323364e-01
1.831821084022521973e+00,-1.781965419650077820e-02,7.615777850151062012e-01,9.986605644226074219e-01,1.975967735052108765e-02,-1.310950797051191330e-02,4.598646983504295349e-02,-1.994399726390838623e-01,2.579720020294189453e-01,4.021178781986236572e-01,4.663052856922149658e-01,-1.524038463830947876e-01,-1.325866878032684326e-01,-2.741264104843139648e-01,-2.557764053344726562e-01,-2.763805985450744629e-01,6.229708194732666016e-01,-2.980392277240753174e-01,8.836098760366439819e-02,1.064903382211923599e-02,4.321239423006772995e-03,2.475498467683792114e-01,1.603277027606964111e-01,4.221350848674774170e-01,-5.714861154556274414e-01,1.095622301101684570e+00,4.464178383350372314e-01,-1.010555252432823181e-01,1.332863569259643555e-01,-2.102638185024261475e-01,-4.249826371669769287e-01,5.251677632331848145e-01,1.090147733688354492e+00,-2.386798262596130371e-01,-9.874434769153594971e-02,-1.718145906925201416e-01
1.841393351554870605e+00,-1.387239061295986176e-02,7.623696923255920410e-01,9.986461400985717773e-01,2.337648533284664154e-02,-1.373234484344720840e-02,4.439480602741241455e-02,-1.792440861463546753e-01,2.423006445169448853e-01,4.071724116802215576e-01,4.568841755390167236e-01,-1.613964140415191650e-01,-1.267263740301132202e-01,-2.621623873710632324e-01,-2.695882618427276611e-01,-2.721280157566070557e-01,6.262415051460266113e-01,-3.042473196983337402e-01,9.501041471958160400e-02,1.799310324713587761e-03,-2.057672105729579926e-02,2.446133047342300415e-01,1.412148028612136841e-01,4.136271774768829346e-01,-5.758528709411621094e-01,1.129039764404296875e+00,4.510458409786224365e-01,-8.675914257764816284e-02,1.189922839403152466e-01,-1.889307200908660889e-01,-4.098285138607025146e-01,5.387734174728393555e-01,1.078906297683715820e+00,-2.560184895992279053e-01,-9.572835266590118408e-02,-1.613928675651550293e-01
1.850787997245788574e+00,-9.915962815284729004e-03,7.640715241432189941e-01,9.986432790756225586e-01,2.672915719449520111e-02,-1.378727797418832779e-02,4.251032695174217224e-02,-1.543824523687362671e-01,2.249300926923751831e-01,4.147577881813049316e-01,4.339846670627593994e-01,-1.620198041200637817e-01,-1.199068576097488403e-01,-2.476069629192352295e-01,-2.799544930458068848e-01,-2.672342061996459961e-01,6.185815930366516113e-01,-3.044824600219726562e-01,1.015481725335121155e-01,-5.554448347538709641e-03,-4.411222785711288452e-02,2.363072037696838379e-01,1.280860453844070435e-01,4.084486961364746094e-01,-5.628353357315063477e-01,1.133937716484069824e+00,4.510208070278167725e-01,-8.473027497529983521e-02,1.144726797938346863e-01,-1.607467532157897949e-01,-3.898630440235137939e-01,5.436391234397888184e-01,1.062927484512329102e+00,-2.758362293243408203e-01,-9.412199258804321289e-02,-1.481471359729766846e-01
1.859290957450866699e+00,-6.141239777207374573e-03,7.659205198287963867e-01,9.987640380859375000e-01,2.759294025599956512e-02,-1.360281556844711304e-02,3.903821855783462524e-02,-1.291695684194564819e-01,2.152027487754821777e-01,4.250467121601104736e-01,4.094545841217041016e-01,-1.635269820690155029e-01,-1.179406717419624329e-01,-2.314308285713195801e-01,-2.819534540176391602e-01,-2.634878456592559814e-01,6.020738482475280762e-01,-3.009218573570251465e-01,1.085022464394569397e-01,-9.907340630888938904e-03,-6.118242070078849792e-02,2.260271757841110229e-01,1.215347647666931152e-01,4.075415432453155518e-01,-5.395648479461669922e-01,1.118271350860595703e+00,4.385065734386444092e-01,-9.623608738183975220e-02,1.229148954153060913e-01,-1.305959075689315796e-01,-3.679696917533874512e-01,5.464469194412231445e-01,1.049133539199829102e+00,-2.906245291233062744e-01,-9.789458662271499634e-02,-1.331959217786788940e-01
1.866765260696411133e+00,-2.877593040466308594e-03,7.676808834075927734e-01,9.989196658134460449e-01,2.742738090455532074e-02,-1.332248654216527939e-02,3.506601601839065552e-02,-1.059601679444313049e-01,2.093764096498489380e-01,4.366624653339385986e-01,3.866577744483947754e-01,-1.647284179925918579e-01,-1.171651929616928101e-01,-2.146763950586318970e-01,-2.806050479412078857e-01,-2.608525753021240234e-01,5.809772014617919922e-01,-2.970373332500457764e-01,1.166575402021408081e-01,-1.362513843923807144e-02,-7.434860616922378540e-02,2.158355414867401123e-01,1.159262880682945251e-01,4.101849496364593506e-01,-5.195098519325256348e-01,1.094938874244689941e+00,4.171272516250610352e-01,-1.134919375181198120e-01,1.386705785989761353e-01,-1.028319969773292542e-01,-3.474463224411010742e-01,5.520204901695251465e-01,1.042862415313720703e+00,-3.062972128391265869e-01,-1.061703041195869446e-01,-1.226093098521232605e-01
1.873407483100891113e+00,-3.095492720603942871e-04,7.692177295684814453e-01,9.990654587745666504e-01,2.637239545583724976e-02,-1.319149881601333618e-02,3.160195425152778625e-02,-8.516412973403930664e-02,2.066573053598403931e-01,4.468978047370910645e-01,3.669676482677459717e-01,-1.667056828737258911e-01,-1.175533011555671692e-01,-1.949688345193862915e-01,-2.766649127006530762e-01,-2.604741454124450684e-01,5.551375150680541992e-01,-2.938176989555358887e-01,1.239579245448112488e-01,-1.828709244728088379e-02,-8.468771725893020630e-02,2.068164497613906860e-01,1.077340096235275269e-01,4.162114858627319336e-01,-5.085090398788452148e-01,1.075559020042419434e+00,3.979516029357910156e-01,-1.280481368303298950e-01,1.536645889282226562e-01,-7.897159457206726074e-02,-3.293859362602233887e-01,5.638129711151123047e-01,1.046709060668945312e+00,-3.247080743312835693e-01,-1.143017336726188660e-01,-1.175815388560295105e-01
1.879327893257141113e+00,1.825356855988502502e-03,7.704786658287048340e-01,9.991851449012756348e-01,2.484771795570850372e-02,-1.353413239121437073e-02,2.878218702971935272e-02,-6.535556167364120483e-02,2.054438889026641846e-01,4.545757472515106201e-01,3.499891459941864014e-01,-1.695236265659332275e-01,-1.191827878355979919e-01,-1.726619899272918701e-01,-2.713453769683837891e-01,-2.614966332912445068e-01,5.273492932319641113e-01,-2.909966111183166504e-01,1.308508217334747314e-01,-2.358611673116683960e-02,-9.259308129549026489e-02,2.000204324722290039e-01,9.541375935077667236e-02,4.233046472072601318e-01,-5.061004757881164551e-01,1.068314433097839355e+00,3.902885913848876953e-01,-1.340750455856323242e-01,1.632055640220642090e-01,-6.037025526165962219e-02,-3.136863410472869873e-01,5.794991254806518555e-01,1.062136650085449219e+00,-3.390941619873046875e-01,-1.189362481236457825e-01,-1.145671829581260681e-01
1.885025143623352051e+00,3.991119563579559326e-03,7.715182900428771973e-01,9.992701411247253418e-01,2.359010279178619385e-02,-1.410929020494222641e-02,2.652678452432155609e-02,-4.677534475922584534e-02,2.035405933856964111e-01,4.604151248931884766e-01,3.343440294265747070e-01,-1.718484014272689819e-01,-1.208538189530372620e-01,-1.515606790781021118e-01,-2.668861150741577148e-01,-2.622514665126800537e-01,5.018601417541503906e-01,-2.878510057926177979e-01,1.384020149707794189e-01,-2.871857956051826477e-02,-9.844141453504562378e-02,1.954667717218399048e-01,8.106885850429534912e-02,4.288877844810485840e-01,-5.085746049880981445e-01,1.072925090789794922e+00,3.943822383880615234e-01,-1.319845765829086304e-01,1.666161566972732544e-01,-4.823533445596694946e-02,-3.008226752281188965e-01,5.954104661941528320e-01,1.087465405464172363e+00,-3.469803929328918457e-01,-1.183587759733200073e-01,-1.086431667208671570e-01
1.890769481658935547e+00,6.430272012948989868e-03,7.724318504333496094e-01,9.993425607681274414e-01,2.253109775483608246e-02,-1.439659390598535538e-02,2.448658458888530731e-02,-3.125091269612312317e-02,2.012018859386444092e-01,4.655571281909942627e-01,3.198969960212707520e-01,-1.726773977279663086e-01,-1.222597062587738037e-01,-1.343287974596023560e-01,-2.633836865425109863e-01,-2.623145878314971924e-01,4.798706173896789551e-01,-2.828308641910552979e-01,1.460256576538085938e-01,-3.300117701292037964e-02,-1.016625612974166870e-01,1.917078346014022827e-01,6.724964082241058350e-02,4.317325353622436523e-01,-5.110405087471008301e-01,1.083476424217224121e+00,4.050339758396148682e-01,-1.253938674926757812e-01,1.644430905580520630e-01,-4.232679307460784912e-02,-2.908147275447845459e-01,6.086141467094421387e-01,1.119564294815063477e+00,-3.509069085121154785e-01,-1.124894693493843079e-01,-9.890630841255187988e-02
1.895958662033081055e+00,8.938477374613285065e-03,7.732758522033691406e-01,9.994174242019653320e-01,2.163931727409362793e-02,-1.435980480164289474e-02,2.214492484927177429e-02,-1.855012588202953339e-02,1.985778659582138062e-01,4.709469676017761230e-01,3.069294393062591553e-01,-1.727568060159683228e-01,-1.226655840873718262e-01,-1.213305592536926270e-01,-2.603351771831512451e-01,-2.607840597629547119e-01,4.605809450149536133e-01,-2.762342393398284912e-01,1.523053795099258423e-01,-3.531602025032043457e-02,-1.025146692991256714e-01,1.881565153598785400e-01,5.619280785322189331e-02,4.326521754264831543e-01,-5.105500221252441406e-01,1.092567086219787598e+00,4.138838052749633789e-01,-1.196601167321205139e-01,1.593271493911743164e-01,-4.103998839855194092e-02,-2.845644950866699219e-01,6.185669302940368652e-01,1.150953888893127441e+00,-3.548491001129150391e-01,-1.040111184120178223e-01,-8.692421764135360718e-02
1.900268197059631348e+00,1.120600849390029907e-02,7.739762067794799805e-01,9.994829893112182617e-01,2.109349332749843597e-02,-1.401785761117935181e-02,1.980574987828731537e-02,-8.702617138624191284e-03,1.956457793712615967e-01,4.764555096626281738e-01,2.961761653423309326e-01,-1.726002842187881470e-01,-1.226892694830894470e-01,-1.125452667474746704e-01,-2.586504817008972168e-01,-2.591048181056976318e-01,4.449585378170013428e-01,-2.700489163398742676e-01,1.568162739276885986e-01,-3.600430116057395935e-02,-1.020116433501243591e-01,1.849213391542434692e-01,4.837689921259880066e-02,4.330520033836364746e-01,-5.086374282836914062e-01,1.096199274063110352e+00,4.177465736865997314e-01,-1.175293028354644775e-01,1.542524546384811401e-01,-4.151908308267593384e-02,-2.835167646408081055e-01,6.240474581718444824e-01,1.170717835426330566e+00,-3.560393452644348145e-01,-9.858093410730361938e-02,-7.873023301362991333e-02
1.903778672218322754e+00,1.312723476439714432e-02,7.745637297630310059e-01,9.995387196540832520e-01,2.059679292142391205e-02,-1.364574208855628967e-02,1.766049861907958984e-02,-8.026947616599500179e-04,1.933318078517913818e-01,4.816335737705230713e-01,2.883348762989044189e-01,-1.729410886764526367e-01,-1.224752813577651978e-01,-1.062888801097869873e-01,-2.574659287929534912e-01,-2.576104104518890381e-01,4.324553608894348145e-01,-2.648304104804992676e-01,1.596149653196334839e-01,-3.586994111537933350e-02,-1.003629937767982483e-01,1.823551356792449951e-01,4.310343787074089050e-02,4.336944222450256348e-01,-5.072520375251770020e-01,1.095629453659057617e+00,4.191300868988037109e-01,-1.177986338734626770e-01,1.495747268199920654e-01,-4.352052882313728333e-02,-2.868484258651733398e-01,6.284375786781311035e-01,1.178788185119628906e+00,-3.541780114173889160e-01,-9.666508436203002930e-02,-7.437812536954879761e-02
1.906346321105957031e+00,1.475416216999292374e-02,7.750551700592041016e-01,9.995840787887573242e-01,2.012260816991329193e-02,-1.331184990704059601e-02,1.579932309687137604e-02,6.202517542988061905e-03,1.915865838527679443e-01,4.866561889648437500e-01,2.823140621185302734e-01,-1.734371483325958252e-01,-1.222540736198425293e-01,-1.008887514472007751e-01,-2.565150260925292969e-01,-2.566688358783721924e-01,4.214969873428344727e-01,-2.605967521667480469e-01,1.620486676692962646e-01,-3.552908450365066528e-02,-9.797965735197067261e-02,1.804576516151428223e-01,3.931771591305732727e-02,4.346742630004882812e-01,-5.073210597038269043e-01,1.092677354812622070e+00,4.209830164909362793e-01,-1.184728294610977173e-01,1.454331129789352417e-01,-4.803086817264556885e-02,-2.935808300971984863e-01,6.327950954437255859e-01,1.177933931350708008e+00,-3.471849262714385986e-01,-9.625301510095596313e-02,-7.247473299503326416e-02
1.908060193061828613e+00,1.604559272527694702e-02,7.754277586936950684e-01,9.996174573898315430e-01,1.971874386072158813e-02,-1.306620799005031586e-02,1.433123368769884109e-02,1.191703788936138153e-02,1.905280500650405884e-01,4.914265871047973633e-01,2.782759368419647217e-01,-1.740956008434295654e-01,-1.221111193299293518e-01,-9.612196683883666992e-02,-2.558062672615051270e-01,-2.561263740062713623e-01,4.122575521469116211e-01,-2.574353218078613281e-01,1.642930358648300171e-01,-3.492903709411621094e-02,-9.527792781591415405e-02,1.793434917926788330e-01,3.676597028970718384e-02,4.356516897678375244e-01,-5.081570148468017578e-01,1.088648200035095215e+00,4.225372970104217529e-01,-1.182020381093025208e-01,1.417666822671890259e-01,-5.518868565559387207e-02,-3.026235699653625488e-01,6.364155411720275879e-01,1.170266747474670410e+00,-3.374703228473663330e-01,-9.654800593852996826e-02,-7.227134704589843750e-02
1.908879995346069336e+00,1.691373251378536224e-02,7.757250666618347168e-01,9.996430873870849609e-01,1.929630897939205170e-02,-1.280681043863296509e-02,1.331335585564374924e-02,1.551898848265409470e-02,1.901387125253677368e-01,4.950803518295288086e-01,2.764117717742919922e-01,-1.751946806907653809e-01,-1.214951947331428528e-01,-9.161524474620819092e-02,-2.550063431262969971e-01,-2.558841705322265625e-01,4.036471545696258545e-01,-2.547103464603424072e-01,1.663176119327545166e-01,-3.395828232169151306e-02,-9.220729768276214600e-02,1.785603761672973633e-01,3.491675108671188354e-02,4.365232884883880615e-01,-5.087321400642395020e-01,1.083516478538513184e+00,4.233190715312957764e-01,-1.172984167933464050e-01,1.386775821447372437e-01,-6.494043022394180298e-02,-3.132008910179138184e-01,6.400002241134643555e-01,1.158068180084228516e+00,-3.278544247150421143e-01,-9.712177515029907227e-02,-7.313849776983261108e-02
1.909224033355712891e+00,1.733533293008804321e-02,7.759637236595153809e-01,9.996661543846130371e-01,1.865752600133419037e-02,-1.260681357234716415e-02,1.267616450786590576e-02,1.729371212422847748e-02,1.910736560821533203e-01,4.980523586273193359e-01,2.766889631748199463e-01,-1.771521866321563721e-01,-1.206422448158264160e-01,-8.711284399032592773e-02,-2.535993456840515137e-01,-2.561320066452026367e-01,3.950450122356414795e-01,-2.518430054187774658e-01,1.677442938089370728e-01,-3.244783729314804077e-02,-8.848571777343750000e-02,1.776868104934692383e-01,3.408453986048698425e-02,4.370766878128051758e-01,-5.081289410591125488e-01,1.077641606330871582e+00,4.239023327827453613e-01,-1.171197518706321716e-01,1.357280462980270386e-01,-7.582785189151763916e-02,-3.241366446018218994e-01,6.425207257270812988e-01,1.143444538116455078e+00,-3.194576203823089600e-01,-9.791824966669082642e-02,-7.363112270832061768e-02
1.909991621971130371e+00,1.734657585620880127e-02,7.761259675025939941e-01,9.996778368949890137e-01,1.796211116015911102e-02,-1.271635107696056366e-02,1.264649722725152969e-02,1.886372454464435577e-02,1.925036758184432983e-01,5.004569888114929199e-01,2.774781882762908936e-01,-1.791015416383743286e-01,-1.202192828059196472e-01,-8.168501406908035278e-02,-2.520700097084045410e-01,-2.572671771049499512e-01,3.862232863903045654e-01,-2.491872608661651611e-01,1.689877808094024658e-01,-3.060915134847164154e-02,-8.455019444227218628e-02,1.768637448549270630e-01,3.428152576088905334e-02,4.368223845958709717e-01,-5.076152682304382324e-01,1.072332382202148438e+00,4.263041019439697266e-01,-1.174333542585372925e-01,1.324595957994461060e-01,-8.643161505460739136e-02,-3.340957462787628174e-01,6.440346240997314453e-01,1.129279971122741699e+00,-3.129416406154632568e-01,-9.929550439119338989e-02,-7.358475029468536377e-02
1.911412239074707031e+00,1.745053194463253021e-02,7.762101292610168457e-01,9.996808767318725586e-01,1.724826544523239136e-02,-1.311643794178962708e-02,1.298609934747219086e-02,2.085236646234989166e-02,1.941105425357818604e-01,5.025852918624877930e-01,2.787164747714996338e-01,-1.813220530748367310e-01,-1.199637427926063538e-01,-7.594071328639984131e-02,-2.507021129131317139e-01,-2.588419616222381592e-01,3.781029582023620605e-01,-2.469164282083511353e-01,1.704084426164627075e-01,-2.826481685042381287e-02,-8.036325871944427490e-02,1.762098968029022217e-01,3.479666262865066528e-02,4.354605078697204590e-01,-5.076541900634765625e-01,1.067162990570068359e+00,4.272312521934509277e-01,-1.183478906750679016e-01,1.293759644031524658e-01,-9.659890830516815186e-02,-3.425929546356201172e-01,6.472602486610412598e-01,1.116519570350646973e+00,-3.096286952495574951e-01,-1.014119163155555725e-01,-7.265740633010864258e-02
1.912217617034912109e+00,1.785959117114543915e-02,7.762227058410644531e-01,9.996697902679443359e-01,1.670477353036403656e-02,-1.389451324939727783e-02,1.371815986931324005e-02,2.364250645041465759e-02,1.952730864286422729e-01,5.036343932151794434e-01,2.808951139450073242e-01,-1.843262761831283569e-01,-1.191864311695098877e-01,-6.952077895402908325e-02,-2.500759363174438477e-01,-2.609887719154357910e-01,3.718903660774230957e-01,-2.454766184091567993e-01,1.725604534149169922e-01,-2.592017687857151031e-02,-7.636401057243347168e-02,1.760921478271484375e-01,3.521184250712394714e-02,4.332596659660339355e-01,-5.082119703292846680e-01,1.062035202980041504e+00,4.259283542633056641e-01,-1.198727637529373169e-01,1.271107345819473267e-01,-1.067957058548927307e-01,-3.489404916763305664e-01,6.530911922454833984e-01,1.107082009315490723e+00,-3.098724484443664551e-01,-1.035954803228378296e-01,-7.244977355003356934e-02
1.901318669319152832e+00,2.030287124216556549e-02,7.763149142265319824e-01,9.996445178985595703e-01,1.659807190299034119e-02,-1.471423637121915817e-02,1.479274313896894455e-02,2.666410803794860840e-02,1.949366331100463867e-01,5.028015971183776855e-01,2.828688919544219971e-01,-1.886874735355377197e-01,-1.167775541543960571e-01,-6.377241760492324829e-02,-2.509666681289672852e-01,-2.637158632278442383e-01,3.696724772453308105e-01,-2.458066940307617188e-01,1.741662621498107910e-01,-2.426048554480075836e-02,-7.318666577339172363e-02,1.762450784444808960e-01,3.561225533485412598e-02,4.296720027923583984e-01,-5.063979029655456543e-01,1.056578397750854492e+00,4.231761991977691650e-01,-1.215214282274246216e-01,1.272480338811874390e-01,-1.178675666451454163e-01,-3.524968028068542480e-01,6.596329212188720703e-01,1.102018594741821289e+00,-3.111634552478790283e-01,-1.061406657099723816e-01,-7.359464466571807861e-02
