2.102336846292018890e-02,-5.206596106290817261e-02,7.711201906204223633e-01,9.998047351837158203e-01,4.863835871219635010e-03,-1.911080814898014069e-02,1.282055978663265705e-03,-1.084758527576923370e-02,2.112989574670791626e-01,1.704299300909042358e-01,3.172137737274169922e-01,-2.201518267393112183e-01,-1.844773739576339722e-01,-1.086100935935974121e-03,-2.358520179986953735e-01,-4.256614744663238525e-01,3.953473567962646484e-01,-3.169326782226562500e-01,1.433935910463333130e-01,-4.025029391050338745e-02,-1.378037035465240479e-02,2.778489291667938232e-01,1.402691900730133057e-01,4.645171165466308594e-01,-5.338019132614135742e-01,9.425036907196044922e-01,3.389085531234741211e-01,-1.175137311220169067e-01,3.205477818846702576e-02,-1.271560639142990112e-01,-4.079003334045410156e-01,6.918324828147888184e-01,9.954739212989807129e-01,-3.245521187782287598e-01,-2.977788075804710388e-02,1.032786071300506592e-02
2.165007963776588440e-02,-5.436249449849128723e-02,7.710921764373779297e-01,9.997492432594299316e-01,4.174779169261455536e-03,-2.192794159054756165e-02,1.784935011528432369e-03,-1.542835216969251633e-02,2.208464145660400391e-01,1.704288572072982788e-01,3.517212569713592529e-01,-2.327633947134017944e-01,-1.888147741556167603e-01,1.256900280714035034e-02,-2.306266129016876221e-01,-4.312926530838012695e-01,3.917011916637420654e-01,-3.233494460582733154e-01,1.442434340715408325e-01,-3.160406276583671570e-02,-1.550553482957184315e-03,2.791748046875000000e-01,1.617345213890075684e-01,4.539263844490051270e-01,-5.251563191413879395e-01,9.266514182090759277e-01,3.335210084915161133e-01,-1.176698282361030579e-01,2.595629729330539703e-02,-1.379129290580749512e-01,-4.147400856018066406e-01,6.976116299629211426e-01,9.900171160697937012e-01,-3.130040764808654785e-01,-2.884794212877750397e-02,1.769912242889404297e-02
2.422682382166385651e-02,-5.620308965444564819e-02,7.717732191085815430e-01,9.997081756591796875e-01,5.668607074767351151e-03,-2.308666892349720001e-02,4.297226201742887497e-03,-3.510614112019538879e-02,2.245400100946426392e-01,1.687612384557723999e-01,4.089018106460571289e-01,-2.384833991527557373e-01,-1.842750906944274902e-01,2.424724958837032318e-02,-2.317134439945220947e-01,-4.366841614246368408e-01,3.838242590427398682e-01,-3.284016847610473633e-01,1.425709873437881470e-01,-2.544154226779937744e-02,5.297448951750993729e-03,2.778254449367523193e-01,1.827483922243118286e-01,4.416457414627075195e-01,-5.139559507369995117e-01,9.126009941101074219e-01,3.218287229537963867e-01,-1.201153174042701721e-01,1.845664344727993011e-02,-1.436945199966430664e-01,-4.180075526237487793e-01,6.988989114761352539e-01,9.871183037757873535e-01,-3.034947216510772705e-01,-2.644787169992923737e-02,2.453875914216041565e-02
2.768927253782749176e-02,-5.726556107401847839e-02,7.734638452529907227e-01,9.996373653411865234e-01,8.736729621887207031e-03,-2.343555353581905365e-02,9.979613125324249268e-03,-5.987853184342384338e-02,2.193622887134552002e-01,1.568265110254287720e-01,4.656074941158294678e-01,-2.346518635749816895e-01,-1.839871555566787720e-01,4.626017063856124878e-02,-2.344026118516921997e-01,-4.473267495632171631e-01,3.578115105628967285e-01,-3.272062540054321289e-01,1.432399898767471313e-01,-2.114701084792613983e-02,4.905629437416791916e-03,2.735731303691864014e-01,1.976799666881561279e-01,4.325382411479949951e-01,-5.026348233222961426e-01,9.056653976440429688e-01,3.152262270450592041e-01,-1.224300265312194824e-01,1.435433980077505112e-02,-1.437838673591613770e-01,-4.135370254516601562e-01,7.021241784095764160e-01,9.884908795356750488e-01,-3.059654831886291504e-01,-2.338741347193717957e-02,3.266926109790802002e-02
3.309811279177665710e-02,-5.776874721050262451e-02,7.754257917404174805e-01,9.995461702346801758e-01,1.159236300736665726e-02,-2.186457999050617218e-02,1.717467978596687317e-02,-8.218418806791305542e-02,2.099570482969284058e-01,1.418535709381103516e-01,4.964302480220794678e-01,-2.328460067510604858e-01,-1.880044341087341309e-01,7.429053634405136108e-02,-2.328163832426071167e-01,-4.594942927360534668e-01,3.157238066196441650e-01,-3.200002610683441162e-01,1.467278003692626953e-01,-1.541516184806823730e-02,1.094619277864694595e-03,2.638997733592987061e-01,2.118893563747406006e-01,4.277167916297912598e-01,-4.933511316776275635e-01,9.033991098403930664e-01,3.062589168548583984e-01,-1.244964003562927246e-01,1.126450672745704651e-02,-1.341553330421447754e-01,-4.038153886795043945e-01,7.061182260513305664e-01,9.904325604438781738e-01,-3.171180486679077148e-01,-2.384767122566699982e-02,4.128787666559219360e-02
4.016599431633949280e-02,-5.708543956279754639e-02,7.769932746887207031e-01,9.994654655456542969e-01,1.336360163986682892e-02,-1.776214502751827240e-02,2.397481352090835571e-02,-9.812834113836288452e-02,2.018167525529861450e-01,1.304956972599029541e-01,4.875815510749816895e-01,-2.609860002994537354e-01,-1.878529191017150879e-01,1.038771569728851318e-01,-2.259484976530075073e-01,-4.706614613533020020e-01,2.615206837654113770e-01,-3.094613552093505859e-01,1.503693908452987671e-01,-7.149139884859323502e-03,-4.718214739114046097e-03,2.460649460554122925e-01,2.266706377267837524e-01,4.254683554172515869e-01,-4.832978248596191406e-01,8.992861509323120117e-01,2.993599474430084229e-01,-1.245150491595268250e-01,5.571661167778074741e-04,-1.226535812020301819e-01,-3.895337581634521484e-01,7.122501134872436523e-01,9.866712689399719238e-01,-3.293912410736083984e-01,-2.624748647212982178e-02,5.402188375592231750e-02
4.871238395571708679e-02,-5.476088821887969971e-02,7.778668403625488281e-01,9.994246959686279297e-01,1.348369102925062180e-02,-1.129784062504768372e-02,2.899692021310329437e-02,-1.125598400831222534e-01,1.994075179100036621e-01,1.248680502176284790e-01,4.513663947582244873e-01,-2.991934418678283691e-01,-1.763055473566055298e-01,1.318922936916351318e-01,-2.137511521577835083e-01,-4.784717857837677002e-01,1.995375603437423706e-01,-2.965227067470550537e-01,1.543994545936584473e-01,2.761290641501545906e-03,-9.052963927388191223e-03,2.231713086366653442e-01,2.423631846904754639e-01,4.236561357975006104e-01,-4.736644029617309570e-01,8.947138190269470215e-01,2.876653373241424561e-01,-1.259886026382446289e-01,-1.117913331836462021e-02,-1.091719046235084534e-01,-3.748223483562469482e-01,7.131866216659545898e-01,9.777833223342895508e-01,-3.331268429756164551e-01,-3.297808021306991577e-02,6.653819233179092407e-02
5.777750164270401001e-02,-5.074694752693176270e-02,7.775750160217285156e-01,9.994235634803771973e-01,1.211418025195598602e-02,-4.784948192536830902e-03,3.135234490036964417e-02,-1.241556704044342041e-01,1.982932537794113159e-01,1.200973093509674072e-01,4.089274108409881592e-01,-3.257371485233306885e-01,-1.651557236909866333e-01,1.565229296684265137e-01,-2.012023031711578369e-01,-4.797896742820739746e-01,1.454551219940185547e-01,-2.889138162136077881e-01,1.576253920793533325e-01,1.411854010075330734e-02,-1.091227028518915176e-02,2.015574872493743896e-01,2.589739859104156494e-01,4.198680222034454346e-01,-4.623456299304962158e-01,8.925979733467102051e-01,2.743099331855773926e-01,-1.279779225587844849e-01,-2.045384049415588379e-02,-9.528867900371551514e-02,-3.612081408500671387e-01,7.109374403953552246e-01,9.713936448097229004e-01,-3.238369822502136230e-01,-4.069765284657478333e-02,7.472101598978042603e-02
6.642204523086547852e-02,-4.452881962060928345e-02,7.753192782402038574e-01,9.994724988937377930e-01,9.055105037987232208e-03,5.438122316263616085e-04,3.118251264095306396e-02,-1.398379504680633545e-01,1.969647854566574097e-01,1.125834509730339050e-01,3.993671834468841553e-01,-3.173630237579345703e-01,-1.617561578750610352e-01,1.682135015726089478e-01,-1.955595612525939941e-01,-4.705138504505157471e-01,1.242116764187812805e-01,-2.926135957241058350e-01,1.597410738468170166e-01,2.591413259506225586e-02,-9.542706422507762909e-03,1.864089816808700562e-01,2.740314900875091553e-01,4.122983813285827637e-01,-4.515942037105560303e-01,9.010936021804809570e-01,2.655958235263824463e-01,-1.313404142856597900e-01,-2.311465516686439514e-02,-8.121008425951004028e-02,-3.507542312145233154e-01,7.039819955825805664e-01,9.747688174247741699e-01,-3.108540177345275879e-01,-5.150723084807395935e-02,7.593878358602523804e-02
7.499168813228607178e-02,-3.640666604042053223e-02,7.716977596282958984e-01,9.995107650756835938e-01,6.271259393543004990e-03,4.330786410719156265e-03,3.033355437219142914e-02,-1.558874994516372681e-01,1.900422275066375732e-01,1.026235073804855347e-01,4.220949113368988037e-01,-2.526069879531860352e-01,-1.984954178333282471e-01,1.689094901084899902e-01,-2.008979171514511108e-01,-4.610702991485595703e-01,1.352986395359039307e-01,-3.080758154392242432e-01,1.591836214065551758e-01,3.317105770111083984e-02,-6.769658997654914856e-03,1.762136965990066528e-01,2.738554775714874268e-01,4.017604291439056396e-01,-4.343537390232086182e-01,9.158726334571838379e-01,2.530616223812103271e-01,-1.294265389442443848e-01,-2.319663204252719879e-02,-7.142279297113418579e-02,-3.451191484928131104e-01,6.884948611259460449e-01,9.853756427764892578e-01,-2.671579718589782715e-01,-5.901568382978439331e-02,6.955870240926742554e-02
8.317474275827407837e-02,-2.684606611728668213e-02,7.659301757812500000e-01,9.995873570442199707e-01,6.740978453308343887e-03,4.706867039203643799e-03,2.752426080405712128e-02,-1.436960548162460327e-01,1.843591183423995972e-01,1.220966354012489319e-01,4.390252530574798584e-01,-2.932445704936981201e-01,-2.070196866989135742e-01,1.351719349622726440e-01,-2.375039011240005493e-01,-4.356129169464111328e-01,2.401307970285415649e-01,-3.655122518539428711e-01,1.407195031642913818e-01,3.314409777522087097e-02,-7.578025106340646744e-03,1.803737133741378784e-01,2.614061534404754639e-01,3.869279026985168457e-01,-4.246292710304260254e-01,9.345076084136962891e-01,2.473911195993423462e-01,-1.192611008882522583e-01,-1.413060259073972702e-02,-5.452994629740715027e-02,-3.448285162448883057e-01,6.575204133987426758e-01,9.977709054946899414e-01,-2.216345965862274170e-01,-6.797079741954803467e-02,5.884522572159767151e-02
8.996783196926116943e-02,-1.823826134204864502e-02,7.605245709419250488e-01,9.994985461235046387e-01,1.991576142609119415e-02,4.630877170711755753e-03,2.417721785604953766e-02,-1.308435350656509399e-01,1.489584594964981079e-01,1.429172158241271973e-01,4.539727568626403809e-01,-3.217832744121551514e-01,-2.148466557264328003e-01,6.741455942392349243e-02,-3.146189451217651367e-01,-4.001563787460327148e-01,4.094611108303070068e-01,-4.344548881053924561e-01,1.203174740076065063e-01,2.671394310891628265e-02,-3.439806029200553894e-02,1.982577890157699585e-01,2.234043180942535400e-01,3.824303746223449707e-01,-4.440568983554840088e-01,9.499849081039428711e-01,2.510071694850921631e-01,-1.085190027952194214e-01,-1.498735230416059494e-02,-4.108864068984985352e-02,-3.448859751224517822e-01,6.258456110954284668e-01,1.003950357437133789e+00,-1.686866730451583862e-01,-7.656209170818328857e-02,4.705873504281044006e-02
9.747600555419921875e-02,-1.199565362185239792e-02,7.579645514488220215e-01,9.993422031402587891e-01,3.121683001518249512e-02,4.062996245920658112e-03,1.800470240414142609e-02,-1.024071499705314636e-01,1.188890263438224792e-01,1.645288467407226562e-01,4.351233541965484619e-01,-3.314762711524963379e-01,-2.298988550901412964e-01,-7.073434069752693176e-03,-3.818144798278808594e-01,-3.622584342956542969e-01,5.843753218650817871e-01,-4.806648492813110352e-01,7.227233797311782837e-02,1.361360773444175720e-02,-5.991624295711517334e-02,2.227710634469985962e-01,1.764372140169143677e-01,3.880481123924255371e-01,-4.871076643466949463e-01,9.505108594894409180e-01,2.621779143810272217e-01,-9.637770056724548340e-02,-2.526865899562835693e-02,-2.320526540279388428e-02,-3.451397716999053955e-01,6.083574295043945312e-01,1.003929972648620605e+00,-1.377254128456115723e-01,-8.051572740077972412e-02,3.795062378048896790e-02
1.065898165106773376e-01,-7.804675959050655365e-03,7.581868767738342285e-01,9.993556141853332520e-01,3.465238213539123535e-02,5.787502508610486984e-03,7.354398258030414581e-03,-6.644147634506225586e-02,1.069424003362655640e-01,1.869519948959350586e-01,3.944959938526153564e-01,-3.286894261837005615e-01,-2.400556057691574097e-01,-1.072665229439735413e-01,-4.162294566631317139e-01,-3.069570660591125488e-01,7.595978975296020508e-01,-4.951708912849426270e-01,9.154231287539005280e-03,-5.011807195842266083e-03,-7.070250809192657471e-02,2.454837113618850708e-01,1.314365416765213013e-01,3.995464444160461426e-01,-5.232127904891967773e-01,9.236760735511779785e-01,2.618000507354736328e-01,-9.342753887176513672e-02,-2.994920313358306885e-02,-1.364886481314897537e-02,-3.484195768833160400e-01,6.140621900558471680e-01,1.004787206649780273e+00,-1.377574801445007324e-01,-8.159282058477401733e-02,3.462789207696914673e-02
1.174007505178451538e-01,-5.748517811298370361e-03,7.601343989372253418e-01,9.993355870246887207e-01,3.450028970837593079e-02,8.938192389905452728e-03,-7.627336774021387100e-03,-1.764270476996898651e-02,1.043480485677719116e-01,2.164459377527236938e-01,3.307259082794189453e-01,-3.128248155117034912e-01,-2.386855483055114746e-01,-2.189280092716217041e-01,-4.044022560119628906e-01,-2.206444293260574341e-01,8.901985883712768555e-01,-4.818955063819885254e-01,-5.449013784527778625e-03,-2.927941456437110901e-02,-7.511031627655029297e-02,2.641104161739349365e-01,9.328946471214294434e-02,4.137232303619384766e-01,-5.375375151634216309e-01,8.751327991485595703e-01,2.466349303722381592e-01,-9.907222539186477661e-02,-1.749217696487903595e-02,-7.408427540212869644e-03,-3.556990027427673340e-01,6.291185617446899414e-01,1.006823897361755371e+00,-1.618807017803192139e-01,-8.410187065601348877e-02,2.698812820017337799e-02
1.308873295783996582e-01,-5.625018849968910217e-03,7.625585198402404785e-01,9.991094470024108887e-01,2.940691635012626648e-02,1.180086005479097366e-02,-2.786228060722351074e-02,4.359119012951850891e-02,1.124033331871032715e-01,2.546251416206359863e-01,2.546865940093994141e-01,-2.948333024978637695e-01,-2.345844507217407227e-01,-3.132230341434478760e-01,-3.596468269824981689e-01,-1.490409374237060547e-01,9.427527785301208496e-01,-4.582934677600860596e-01,2.120363898575305939e-02,-5.405325070023536682e-02,-6.948067992925643921e-02,2.774001955986022949e-01,6.376019120216369629e-02,4.280759394168853760e-01,-5.285806059837341309e-01,8.250851631164550781e-01,2.163552641868591309e-01,-1.077331751585006714e-01,2.902927517425268888e-04,6.200114730745553970e-03,-3.622621595859527588e-01,6.308367848396301270e-01,1.011584639549255371e+00,-1.924666762351989746e-01,-8.665531128644943237e-02,1.093563716858625412e-02
1.458837538957595825e-01,-6.506182253360748291e-03,7.637780308723449707e-01,9.982805252075195312e-01,2.058775164186954498e-02,1.443264167755842209e-02,-5.295131728053092957e-02,1.079096272587776184e-01,1.272656470537185669e-01,3.033277392387390137e-01,1.847358942031860352e-01,-2.822450697422027588e-01,-2.312324047088623047e-01,-3.933208882808685303e-01,-3.111540675163269043e-01,-1.039344072341918945e-01,9.339879751205444336e-01,-4.198856055736541748e-01,5.221625044941902161e-02,-7.749862968921661377e-02,-5.381754413247108459e-02,2.856804132461547852e-01,3.768197447061538696e-02,4.410223364830017090e-01,-5.105093717575073242e-01,7.875475883483886719e-01,1.792308241128921509e-01,-1.107578501105308533e-01,1.408588048070669174e-02,2.778259664773941040e-02,-3.681812584400177002e-01,6.127707362174987793e-01,1.019282579421997070e+00,-2.144185155630111694e-01,-8.878917247056961060e-02,-6.961097009479999542e-03
1.623544245958328247e-01,-8.305806666612625122e-03,7.625142335891723633e-01,9.965772628784179688e-01,1.257255394011735916e-02,1.695897430181503296e-02,-7.992588728666305542e-02,1.647775471210479736e-01,1.404324471950531006e-01,3.578437268733978271e-01,1.425120681524276733e-01,-2.851228117942810059e-01,-2.290236800909042358e-01,-4.638518691062927246e-01,-2.738066315650939941e-01,-7.262472808361053467e-02,8.851189017295837402e-01,-3.732964098453521729e-01,7.988290488719940186e-02,-1.015508919954299927e-01,-3.632588684558868408e-02,2.899027764797210693e-01,4.633454140275716782e-03,4.564011096954345703e-01,-5.027502775192260742e-01,7.654045820236206055e-01,1.552465111017227173e-01,-1.088405102491378784e-01,2.710320986807346344e-02,5.358397215604782104e-02,-3.754957914352416992e-01,5.827909708023071289e-01,1.028124809265136719e+00,-2.211090922355651855e-01,-9.116548299789428711e-02,-2.283552661538124084e-02
1.801901310682296753e-01,-1.142240688204765320e-02,7.582061886787414551e-01,9.943681955337524414e-01,8.916743099689483643e-03,1.913430541753768921e-02,-1.038564816117286682e-01,2.130045443773269653e-01,1.447929739952087402e-01,4.060205817222595215e-01,1.258187144994735718e-01,-3.041520714759826660e-01,-2.291796952486038208e-01,-5.269424915313720703e-01,-2.530944347381591797e-01,-4.810585454106330872e-02,8.120225071907043457e-01,-3.307406604290008545e-01,1.084754839539527893e-01,-1.314147114753723145e-01,-2.531335502862930298e-02,2.925285100936889648e-01,-4.066779091954231262e-02,4.829174280166625977e-01,-5.207940936088562012e-01,7.546515464782714844e-01,1.600652784109115601e-01,-1.047319918870925903e-01,3.869327902793884277e-02,7.995245605707168579e-02,-3.844887912273406982e-01,5.477164387702941895e-01,1.031017303466796875e+00,-2.112679928541183472e-01,-9.387983381748199463e-02,-3.467843681573867798e-02
1.987087130546569824e-01,-1.667226105928421021e-02,7.511427402496337891e-01,9.924119710922241211e-01,9.855295531451702118e-03,2.103251963853836060e-02,-1.207436919212341309e-01,2.547174394130706787e-01,1.406501531600952148e-01,4.379122555255889893e-01,1.190912872552871704e-01,-3.312034904956817627e-01,-2.329041212797164917e-01,-5.823831558227539062e-01,-2.457922548055648804e-01,-2.863091789186000824e-02,7.274360060691833496e-01,-3.085932731628417969e-01,1.334199905395507812e-01,-1.695159077644348145e-01,-2.278401330113410950e-02,2.928529381752014160e-01,-9.699676930904388428e-02,5.272607207298278809e-01,-5.692185759544372559e-01,7.505419850349426270e-01,1.949249505996704102e-01,-1.025682240724563599e-01,4.264298081398010254e-02,1.073456704616546631e-01,-3.919938802719116211e-01,5.079438686370849609e-01,1.025051236152648926e+00,-1.940235048532485962e-01,-9.639848768711090088e-02,-4.360958188772201538e-02
2.177051305770874023e-01,-2.442646026611328125e-02,7.424310445785522461e-01,9.913801550865173340e-01,1.272794697433710098e-02,2.283689565956592560e-02,-1.283820122480392456e-01,2.912290692329406738e-01,1.366225779056549072e-01,4.505660533905029297e-01,1.171773448586463928e-01,-3.610683679580688477e-01,-2.372202873229980469e-01,-6.231713891029357910e-01,-2.470151036977767944e-01,-2.099313214421272278e-02,6.454326510429382324e-01,-2.966328263282775879e-01,1.510313749313354492e-01,-2.151227295398712158e-01,-2.555436082184314728e-02,2.910345792770385742e-01,-1.590709835290908813e-01,5.870819091796875000e-01,-6.323477029800415039e-01,7.525147199630737305e-01,2.437820136547088623e-01,-1.043452322483062744e-01,3.891807049512863159e-02,1.384442448616027832e-01,-3.921042084693908691e-01,4.653351902961730957e-01,1.017102479934692383e+00,-1.773604601621627808e-01,-9.849889576435089111e-02,-5.055064707994461060e-02
2.380084842443466187e-01,-3.523159027099609375e-02,7.332248687744140625e-01,9.914400577545166016e-01,1.509701646864414215e-02,2.490092813968658447e-02,-1.272736489772796631e-01,3.241747319698333740e-01,1.390951275825500488e-01,4.467013478279113770e-01,1.148902773857116699e-01,-3.878589272499084473e-01,-2.410782426595687866e-01,-6.444818377494812012e-01,-2.477487921714782715e-01,-2.012297324836254120e-02,5.955063104629516602e-01,-2.836693227291107178e-01,1.673863083124160767e-01,-2.639071345329284668e-01,-2.913649939000606537e-02,2.864169180393218994e-01,-2.173390388488769531e-01,6.498906016349792480e-01,-6.899655461311340332e-01,7.616263031959533691e-01,2.835037112236022949e-01,-1.091164872050285339e-01,3.430694341659545898e-02,1.733009815216064453e-01,-3.816695809364318848e-01,4.273110628128051758e-01,1.016263842582702637e+00,-1.671598851680755615e-01,-1.017392724752426147e-01,-5.255109071731567383e-02
2.618990838527679443e-01,-5.017080157995223999e-02,7.248313426971435547e-01,9.920218586921691895e-01,1.469749957323074341e-02,3.014931641519069672e-02,-1.215221658349037170e-01,3.528870344161987305e-01,1.537005454301834106e-01,4.340181648731231689e-01,1.090284585952758789e-01,-4.023794531822204590e-01,-2.453298419713973999e-01,-6.686322093009948730e-01,-2.427767664194107056e-01,-2.813735790550708771e-02,6.279746294021606445e-01,-2.705031633377075195e-01,1.662811934947967529e-01,-3.095294833183288574e-01,-2.578300610184669495e-02,2.768158912658691406e-01,-2.626235485076904297e-01,7.005285024642944336e-01,-7.280751466751098633e-01,7.788948416709899902e-01,3.070497810840606689e-01,-1.102695986628532410e-01,3.215655311942100525e-02,2.051599919795989990e-01,-3.612859845161437988e-01,4.019412696361541748e-01,1.025877714157104492e+00,-1.605029106140136719e-01,-1.037949472665786743e-01,-4.530195891857147217e-02
2.852712273597717285e-01,-6.681945919990539551e-02,7.181317806243896484e-01,9.924908876419067383e-01,1.134061533957719803e-02,3.863188624382019043e-02,-1.155022904276847839e-01,3.763281702995300293e-01,1.777811497449874878e-01,4.175466001033782959e-01,1.044425591826438904e-01,-3.930425643920898438e-01,-2.496262788772583008e-01,-7.132301330566406250e-01,-2.305689305067062378e-01,-3.371005877852439880e-02,7.524073123931884766e-01,-2.720110416412353516e-01,1.260789930820465088e-01,-3.453680574893951416e-01,-1.412830129265785217e-02,2.621115446090698242e-01,-2.774765193462371826e-01,7.288973927497863770e-01,-7.330921888351440430e-01,8.053243160247802734e-01,3.180284202098846436e-01,-1.117701008915901184e-01,3.412884101271629333e-02,2.287528067827224731e-01,-3.340156376361846924e-01,3.957670331001281738e-01,1.049875736236572266e+00,-1.586725711822509766e-01,-1.093820929527282715e-01,-2.242598682641983032e-02
3.122423887252807617e-01,-8.706320822238922119e-02,7.146304249763488770e-01,9.924284219741821289e-01,8.992386981844902039e-03,4.409736022353172302e-02,-1.142819374799728394e-01,4.034557640552520752e-01,2.017824798822402954e-01,4.083821475505828857e-01,1.116450801491737366e-01,-3.391532897949218750e-01,-2.448863834142684937e-01,-7.230824232101440430e-01,-2.109683454036712646e-01,-3.700627759099006653e-02,8.547744750976562500e-01,-3.167707324028015137e-01,8.531044423580169678e-02,-3.653147518634796143e-01,-9.789311327040195465e-03,2.499796003103256226e-01,-2.419997900724411011e-01,7.343322038650512695e-01,-6.981087327003479004e-01,8.306116461753845215e-01,3.110236227512359619e-01,-1.128545179963111877e-01,3.731823712587356567e-02,2.365050017833709717e-01,-3.058353662490844727e-01,4.085251688957214355e-01,1.092015504837036133e+00,-1.813223063945770264e-01,-1.098140478134155273e-01,1.298845279961824417e-02
3.420390486717224121e-01,-1.107085198163986206e-01,7.176797389984130859e-01,9.915099143981933594e-01,3.801600076258182526e-03,4.858975112438201904e-02,-1.205518320202827454e-01,3.831404745578765869e-01,2.598082721233367920e-01,4.049121737480163574e-01,2.490485012531280518e-01,-2.678253948688507080e-01,-2.168376445770263672e-01,-6.665404438972473145e-01,-1.655981242656707764e-01,-4.744763299822807312e-02,8.484022617340087891e-01,-3.289166986942291260e-01,1.006560474634170532e-01,-3.615107536315917969e-01,-1.293111126869916916e-03,2.357334047555923462e-01,-1.707665622234344482e-01,7.260661721229553223e-01,-6.366332769393920898e-01,8.368428945541381836e-01,2.963309884071350098e-01,-1.145794317126274109e-01,4.465385526418685913e-02,2.275173813104629517e-01,-2.791659235954284668e-01,4.276806712150573730e-01,1.138482451438903809e+00,-2.197448909282684326e-01,-1.026826053857803345e-01,4.632372781634330750e-02
3.746937811374664307e-01,-1.360493749380111694e-01,7.272642254829406738e-01,9.894917011260986328e-01,-5.819874349981546402e-03,4.934762418270111084e-02,-1.357834041118621826e-01,3.020073473453521729e-01,3.622831702232360840e-01,4.192156493663787842e-01,5.465391874313354492e-01,-1.732175201177597046e-01,-1.107884049415588379e-01,-5.820825099945068359e-01,-1.109891384840011597e-01,-6.975575536489486694e-02,8.023000359535217285e-01,-3.566977083683013916e-01,8.306970447301864624e-02,-3.296320736408233643e-01,1.472483947873115540e-02,2.328732460737228394e-01,-8.688139170408248901e-02,6.952982544898986816e-01,-5.884712934494018555e-01,8.384728431701660156e-01,2.880282104015350342e-01,-1.140423938632011414e-01,3.983371704816818237e-02,2.020654678344726562e-01,-2.567745447158813477e-01,4.489211440086364746e-01,1.187621593475341797e+00,-2.596350014209747314e-01,-9.272029250860214233e-02,6.694626808166503906e-02
4.067946672439575195e-01,-1.601183265447616577e-01,7.385864257812500000e-01,9.873971343040466309e-01,-1.625337079167366028e-02,4.844590649008750916e-02,-1.497856527566909790e-01,1.873958259820938110e-01,4.927570819854736328e-01,4.376847147941589355e-01,8.723177313804626465e-01,-9.422405064105987549e-02,9.720792621374130249e-02,-4.717999696731567383e-01,-5.492836982011795044e-02,-9.075515717267990112e-02,7.078790664672851562e-01,-3.659880161285400391e-01,6.801965087652206421e-02,-2.834708392620086670e-01,3.454248607158660889e-02,2.361304610967636108e-01,-1.856524683535099030e-02,6.492335796356201172e-01,-5.720595717430114746e-01,8.499107956886291504e-01,2.865180373191833496e-01,-1.061000823974609375e-01,2.390837296843528748e-02,1.599907279014587402e-01,-2.402675002813339233e-01,4.739453494548797607e-01,1.220166325569152832e+00,-2.646576762199401855e-01,-9.232337027788162231e-02,6.503345817327499390e-02
4.382117688655853271e-01,-1.823140680789947510e-01,7.499957084655761719e-01,9.862743020057678223e-01,-2.311611920595169067e-02,4.894607514142990112e-02,-1.559899598360061646e-01,4.338993877172470093e-02,5.074750781059265137e-01,3.508877158164978027e-01,1.048457503318786621e+00,-1.414651572704315186e-01,1.345956474542617798e-01,-3.528728187084197998e-01,-1.254679728299379349e-02,-1.026483848690986633e-01,5.834764838218688965e-01,-3.568500578403472900e-01,5.565289035439491272e-02,-2.404845803976058960e-01,4.715182632207870483e-02,2.339293360710144043e-01,3.477960452437400818e-02,5.987123250961303711e-01,-5.736792087554931641e-01,8.797392845153808594e-01,3.008452057838439941e-01,-1.035309582948684692e-01,-3.225524676963686943e-03,9.951238334178924561e-02,-2.313744723796844482e-01,4.836702048778533936e-01,1.226200222969055176e+00,-2.404535859823226929e-01,-1.010719537734985352e-01,3.290133550763130188e-02
4.703913033008575439e-01,-2.039308249950408936e-01,7.616755366325378418e-01,9.866020083427429199e-01,-2.496839687228202820e-02,4.693205282092094421e-02,-1.542412042617797852e-01,-1.116570532321929932e-01,4.500483572483062744e-01,2.436217069625854492e-01,1.123862147331237793e+00,-1.959262937307357788e-01,1.096156463027000427e-01,-2.141903340816497803e-01,1.464722026139497757e-02,-1.134521588683128357e-01,4.211698174476623535e-01,-3.288362920284271240e-01,4.747414961457252502e-02,-1.995059698820114136e-01,4.808911308646202087e-02,2.309761494398117065e-01,7.314518839120864868e-02,5.463464856147766113e-01,-5.742239952087402344e-01,9.236256480216979980e-01,3.107228279113769531e-01,-1.010657921433448792e-01,-3.035011701285839081e-02,4.438441991806030273e-02,-2.307320833206176758e-01,4.719597697257995605e-01,1.200373411178588867e+00,-1.898256242275238037e-01,-1.154526919126510620e-01,-1.872236281633377075e-02
5.036056637763977051e-01,-2.252420634031295776e-01,7.702196240425109863e-01,9.880443811416625977e-01,-1.870650798082351685e-02,4.200057312846183777e-02,-1.471540927886962891e-01,-2.428882122039794922e-01,3.950649797916412354e-01,2.117457389831542969e-01,1.131782412528991699e+00,-2.320003807544708252e-01,1.013582199811935425e-01,-6.617862731218338013e-02,2.197208814322948456e-02,-1.273845732212066650e-01,2.513992786407470703e-01,-2.956245839595794678e-01,4.317077249288558960e-02,-1.560217291116714478e-01,3.344174847006797791e-02,2.275513857603073120e-01,1.082541123032569885e-01,4.982040226459503174e-01,-5.639327764511108398e-01,9.628795981407165527e-01,3.132253289222717285e-01,-9.473950415849685669e-02,-4.566995799541473389e-02,8.877998916432261467e-04,-2.405213713645935059e-01,4.506852030754089355e-01,1.153194665908813477e+00,-1.336530148983001709e-01,-1.300761550664901733e-01,-5.544043704867362976e-02
5.380375385284423828e-01,-2.462291866540908813e-01,7.733688950538635254e-01,9.894527792930603027e-01,-5.669629201292991638e-03,3.871721774339675903e-02,-1.394705921411514282e-01,-3.535224795341491699e-01,3.489814400672912598e-01,2.466313093900680542e-01,1.075377225875854492e+00,-2.479730248451232910e-01,1.109504178166389465e-01,4.512476921081542969e-02,1.090512145310640335e-02,-1.444247514009475708e-01,1.456545740365982056e-01,-2.841273248195648193e-01,4.122023656964302063e-02,-1.085759326815605164e-01,9.118251502513885498e-03,2.260237783193588257e-01,1.437442153692245483e-01,4.619616270065307617e-01,-5.400358438491821289e-01,9.833978414535522461e-01,3.128517866134643555e-01,-9.113240242004394531e-02,-5.063881725072860718e-02,-4.123902693390846252e-02,-2.639760076999664307e-01,4.339225292205810547e-01,1.098700284957885742e+00,-9.859968721866607666e-02,-1.429286599159240723e-01,-7.320579141378402710e-02
5.724628567695617676e-01,-2.657913267612457275e-01,7.717468142509460449e-01,9.900001883506774902e-01,4.301174078136682510e-03,3.741234168410301208e-02,-1.359466612339019775e-01,-4.459096193313598633e-01,2.963894307613372803e-01,2.843733727931976318e-01,9.542222619056701660e-01,-2.345199435949325562e-01,1.016337573528289795e-01,1.113506928086280823e-01,4.341110470704734325e-04,-1.592855602502822876e-01,1.277088373899459839e-01,-3.056123852729797363e-01,3.334408253431320190e-02,-5.479137226939201355e-02,-7.220380939543247223e-03,2.327835559844970703e-01,1.801728308200836182e-01,4.410168230533599854e-01,-5.117580890655517578e-01,9.863278269767761230e-01,3.107593059539794922e-01,-9.721187502145767212e-02,-4.768263921141624451e-02,-8.880997449159622192e-02,-3.019094169139862061e-01,4.297438263893127441e-01,1.048114418983459473e+00,-9.094640612602233887e-02,-1.512716263532638550e-01,-8.061234652996063232e-02
6.048982739448547363e-01,-2.828446626663208008e-01,7.665773630142211914e-01,9.895125031471252441e-01,8.245061151683330536e-03,3.665010258555412292e-02,-1.394769102334976196e-01,-5.081092119216918945e-01,2.450963258743286133e-01,3.237469494342803955e-01,7.518331408500671387e-01,-1.917326748371124268e-01,6.519441306591033936e-02,1.651278734207153320e-01,1.221079728566110134e-04,-1.651723533868789673e-01,1.346384435892105103e-01,-3.326292335987091064e-01,2.262001298367977142e-02,4.352631978690624237e-03,-1.305014640092849731e-02,2.452295720577239990e-01,2.213115692138671875e-01,4.297435283660888672e-01,-4.872906506061553955e-01,9.833849668502807617e-01,3.062796294689178467e-01,-1.055639535188674927e-01,-3.932673856616020203e-02,-1.471249610185623169e-01,-3.525329232215881348e-01,4.434335827827453613e-01,1.009294986724853516e+00,-1.072199344635009766e-01,-1.533440500497817993e-01,-7.828806340694427490e-02
6.383823752403259277e-01,-2.997414767742156982e-01,7.579389214515686035e-01,9.878280758857727051e-01,4.701445810496807098e-03,3.380035981535911560e-02,-1.517600715160369873e-01,-5.182895064353942871e-01,1.986656188964843750e-01,3.725108504295349121e-01,4.501695930957794189e-01,-1.299029290676116943e-01,4.721533507108688354e-03,2.196267694234848022e-01,1.495158113539218903e-02,-1.510797142982482910e-01,1.480104327201843262e-01,-3.566407561302185059e-01,1.304798107594251633e-02,6.916739791631698608e-02,-7.265517022460699081e-03,2.609054744243621826e-01,2.680689692497253418e-01,4.239562153816223145e-01,-4.677345752716064453e-01,9.853421449661254883e-01,3.039405345916748047e-01,-1.100758686661720276e-01,-3.333152085542678833e-02,-2.117807269096374512e-01,-4.099219739437103271e-01,4.797129929065704346e-01,9.816522002220153809e-01,-1.429203152656555176e-01,-1.496485322713851929e-01,-7.225833088159561157e-02
6.765301823616027832e-01,-3.181197047233581543e-01,7.475904226303100586e-01,9.844889640808105469e-01,-1.272151339799165726e-02,2.551866881549358368e-02,-1.731139868497848511e-01,-4.882455766201019287e-01,1.819441467523574829e-01,3.776568770408630371e-01,1.575994044542312622e-01,-8.231514692306518555e-02,-8.179871737957000732e-02,3.016228675842285156e-01,5.175362527370452881e-02,-1.153516098856925964e-01,1.441577225923538208e-01,-3.600568175315856934e-01,6.960639730095863342e-04,1.352568119764328003e-01,2.487117238342761993e-02,2.737922072410583496e-01,3.168744444847106934e-01,4.193997681140899658e-01,-4.500723779201507568e-01,9.967977404594421387e-01,3.059000372886657715e-01,-1.094785630702972412e-01,-3.057768009603023529e-02,-2.554639875888824463e-01,-4.624661207199096680e-01,5.278033018112182617e-01,9.618482589721679688e-01,-1.755620092153549194e-01,-1.417112499475479126e-01,-6.377866119146347046e-02
7.179889678955078125e-01,-3.373362720012664795e-01,7.385179400444030762e-01,9.810588359832763672e-01,-2.752342633903026581e-02,1.947103813290596008e-02,-1.907534748315811157e-01,-5.146374702453613281e-01,1.867708861827850342e-01,3.221951723098754883e-01,1.168029233813285828e-01,-1.078742668032646179e-01,-1.290912330150604248e-01,3.823690116405487061e-01,7.096281647682189941e-02,-7.570879906415939331e-02,1.480011790990829468e-01,-3.404094278812408447e-01,1.622142968699336052e-03,1.777666658163070679e-01,4.775946959853172302e-02,2.725420296192169189e-01,3.686188161373138428e-01,4.119821786880493164e-01,-4.349825382232666016e-01,1.021666049957275391e+00,3.174198567867279053e-01,-9.876367449760437012e-02,-4.424199834465980530e-02,-2.798497080802917480e-01,-4.981835484504699707e-01,5.657331943511962891e-01,9.463336467742919922e-01,-1.925205141305923462e-01,-1.338638514280319214e-01,-5.600033700466156006e-02
7.611218690872192383e-01,-3.567463457584381104e-01,7.345409989356994629e-01,9.821416139602661133e-01,-1.450604200363159180e-02,2.035476453602313995e-02,-1.864753365516662598e-01,-5.019565224647521973e-01,1.175349578261375427e-01,2.758227586746215820e-01,1.063998863101005554e-01,-3.692120686173439026e-02,-8.484502881765365601e-02,3.653403222560882568e-01,4.255324229598045349e-02,-6.655444949865341187e-02,3.185269832611083984e-01,-3.204512298107147217e-01,2.811448462307453156e-02,1.777936518192291260e-01,9.272142313420772552e-03,2.590576112270355225e-01,3.920565843582153320e-01,4.054343700408935547e-01,-4.239904880523681641e-01,1.060103893280029297e+00,3.579765558242797852e-01,-8.486778289079666138e-02,-7.261996716260910034e-02,-2.694405317306518555e-01,-5.179957151412963867e-01,5.762624740600585938e-01,9.165054559707641602e-01,-2.265903800725936890e-01,-1.346458047628402710e-01,-4.182337224483489990e-02
8.057921528816223145e-01,-3.777998089790344238e-01,7.367865443229675293e-01,9.841533303260803223e-01,1.441835612058639526e-02,1.993538998067378998e-02,-1.756041944026947021e-01,-5.560277104377746582e-01,4.178163781762123108e-02,2.061156183481216431e-01,2.699344456195831299e-01,8.590380102396011353e-02,1.966809667646884918e-02,2.399068176746368408e-01,-3.133359923958778381e-02,-8.520385622978210449e-02,6.719146370887756348e-01,-1.830675154924392700e-01,7.489246875047683716e-02,1.648415476083755493e-01,-6.455828994512557983e-02,2.451855689287185669e-01,3.922122120857238770e-01,4.118664860725402832e-01,-4.355741441249847412e-01,1.092880725860595703e+00,3.501380681991577148e-01,-8.626742660999298096e-02,-8.348020911216735840e-02,-2.223215401172637939e-01,-5.118274092674255371e-01,5.674051046371459961e-01,8.848724365234375000e-01,-2.490540295839309692e-01,-1.339764147996902466e-01,-3.390378504991531372e-02
8.475255966186523438e-01,-3.976789414882659912e-01,7.393683791160583496e-01,9.857457280158996582e-01,2.971176616847515106e-02,-6.171237677335739136e-03,-1.654824763536453247e-01,-5.059257745742797852e-01,1.097549218684434891e-02,1.922212988138198853e-01,4.052431285381317139e-01,8.540767431259155273e-02,1.485834550112485886e-02,1.362110823392868042e-01,-9.566751122474670410e-02,-9.514752030372619629e-02,1.037491798400878906e+00,4.300013929605484009e-02,1.205404400825500488e-01,1.510791480541229248e-01,-1.083822026848793030e-01,2.736773490905761719e-01,3.760135769844055176e-01,4.329596757888793945e-01,-4.588624536991119385e-01,1.109732389450073242e+00,3.503822386264801025e-01,-8.416009694337844849e-02,-1.040815562009811401e-01,-1.728109568357467651e-01,-4.907509982585906982e-01,5.631150007247924805e-01,8.746830224990844727e-01,-2.454372942447662354e-01,-1.373070329427719116e-01,-2.844091318547725677e-02
8.867407441139221191e-01,-4.150033593177795410e-01,7.400387525558471680e-01,9.859210252761840820e-01,3.760154545307159424e-02,-3.091191686689853668e-02,-1.599697023630142212e-01,-4.478762149810791016e-01,-3.845845116302371025e-03,1.883323490619659424e-01,5.375611782073974609e-01,-2.828759141266345978e-02,1.464189309626817703e-02,1.708275452256202698e-02,-2.115354686975479126e-01,-1.407578736543655396e-01,1.357482194900512695e+00,1.246306970715522766e-01,7.889916747808456421e-02,1.337219476699829102e-01,-1.322034448385238647e-01,3.049830496311187744e-01,3.508619070053100586e-01,4.495749175548553467e-01,-4.976206719875335693e-01,1.108455538749694824e+00,3.438532650470733643e-01,-8.033011853694915771e-02,-1.163693219423294067e-01,-1.313631683588027954e-01,-4.669104218482971191e-01,5.724250674247741699e-01,8.816934227943420410e-01,-2.439972907304763794e-01,-1.398312002420425415e-01,-2.597201615571975708e-02
9.257366657257080078e-01,-4.305104017257690430e-01,7.433401346206665039e-01,9.835711121559143066e-01,5.122204869985580444e-02,-5.108926817774772644e-02,-1.653906106948852539e-01,-3.423672616481781006e-01,-3.329702839255332947e-02,2.028864771127700806e-01,5.558881759643554688e-01,-1.113403365015983582e-01,9.231051430106163025e-03,-1.332966387271881104e-01,-3.173655271530151367e-01,-1.032138913869857788e-01,1.573202610015869141e+00,-2.340111415833234787e-03,1.616654545068740845e-02,1.141971424221992493e-01,-1.582638025283813477e-01,3.283902406692504883e-01,3.208808004856109619e-01,4.528650045394897461e-01,-5.242355465888977051e-01,1.095197677612304688e+00,3.460220098495483398e-01,-8.395200967788696289e-02,-9.943859279155731201e-02,-9.903089702129364014e-02,-4.538375139236450195e-01,6.071293950080871582e-01,8.930937647819519043e-01,-2.468437403440475464e-01,-1.417562216520309448e-01,-2.601310051977634430e-02
9.640359878540039062e-01,-4.471990466117858887e-01,7.486885190010070801e-01,9.803110361099243164e-01,5.993569269776344299e-02,-7.664291560649871826e-02,-1.718251407146453857e-01,-1.946080327033996582e-01,-6.338318437337875366e-02,2.088151276111602783e-01,5.216295123100280762e-01,-1.780693531036376953e-01,9.334295755252242088e-04,-2.668952643871307373e-01,-3.706882894039154053e-01,-4.800479859113693237e-02,1.629306793212890625e+00,-1.198349446058273315e-01,-2.725168317556381226e-02,8.523266017436981201e-02,-1.694713532924652100e-01,3.512432575225830078e-01,3.011508584022521973e-01,4.517250061035156250e-01,-5.275794267654418945e-01,1.062743306159973145e+00,3.495475947856903076e-01,-9.131974726915359497e-02,-6.553037464618682861e-02,-5.868303775787353516e-02,-4.454957544803619385e-01,6.322484612464904785e-01,9.071214199066162109e-01,-2.484177500009536743e-01,-1.376021802425384521e-01,-3.346863761544227600e-02
1.001433730125427246e+00,-4.662477076053619385e-01,7.537417411804199219e-01,9.784303903579711914e-01,6.039261817932128906e-02,-9.806790947914123535e-02,-1.714915335178375244e-01,-5.341977253556251526e-02,-7.820703834295272827e-02,1.908471435308456421e-01,4.707609713077545166e-01,-2.226460576057434082e-01,-1.142192725092172623e-02,-3.584069907665252686e-01,-4.172858595848083496e-01,-6.142446398735046387e-02,1.530561447143554688e+00,-2.057099491357803345e-01,-6.736949831247329712e-02,4.389624297618865967e-02,-1.623553782701492310e-01,3.616628050804138184e-01,2.859485745429992676e-01,4.502171576023101807e-01,-5.225894451141357422e-01,1.022023916244506836e+00,3.546884953975677490e-01,-9.708182513713836670e-02,-4.553317278623580933e-02,-1.232023909687995911e-02,-4.334264695644378662e-01,6.241701841354370117e-01,9.289517402648925781e-01,-2.452778965234756470e-01,-1.336000412702560425e-01,-4.049021750688552856e-02
1.040170907974243164e+00,-4.878854155540466309e-01,7.565065026283264160e-01,9.788553118705749512e-01,5.572102963924407959e-02,-1.080001890659332275e-01,-1.645396500825881958e-01,4.898969829082489014e-02,-7.494018971920013428e-02,1.563270092010498047e-01,4.321500062942504883e-01,-2.618062794208526611e-01,-2.491576783359050751e-02,-4.128590226173400879e-01,-4.474562704563140869e-01,-1.295028626918792725e-01,1.300212383270263672e+00,-2.545680105686187744e-01,-7.114107161760330200e-02,-1.276777911698445678e-04,-1.431405842304229736e-01,3.536318242549896240e-01,2.612046897411346436e-01,4.502362012863159180e-01,-5.241751074790954590e-01,9.984243512153625488e-01,3.686692416667938232e-01,-9.565138071775436401e-02,-3.423475101590156555e-02,3.682414069771766663e-02,-4.175268709659576416e-01,5.887251496315002441e-01,9.546680450439453125e-01,-2.370802164077758789e-01,-1.263691037893295288e-01,-4.734409600496292114e-02
1.079724669456481934e+00,-5.113162994384765625e-01,7.557381391525268555e-01,9.808520674705505371e-01,5.666984617710113525e-02,-1.081930473446846008e-01,-1.516968607902526855e-01,1.205446794629096985e-01,-7.331410050392150879e-02,1.206696778535842896e-01,4.034239947795867920e-01,-3.018105328083038330e-01,-3.594875335693359375e-02,-4.336956441402435303e-01,-4.637737870216369629e-01,-2.036546617746353149e-01,9.670946598052978516e-01,-2.403140813112258911e-01,-4.080129414796829224e-02,-4.293833300471305847e-02,-1.339905112981796265e-01,3.351626098155975342e-01,2.218746989965438843e-01,4.488102197647094727e-01,-5.375910401344299316e-01,9.988984465599060059e-01,3.846514225006103516e-01,-9.006064385175704956e-02,-8.519591763615608215e-03,8.632633090019226074e-02,-4.008553028106689453e-01,5.497812032699584961e-01,9.768484830856323242e-01,-2.283961772918701172e-01,-1.145566999912261963e-01,-6.352576613426208496e-02
1.117969155311584473e+00,-5.366440415382385254e-01,7.504409551620483398e-01,9.840472936630249023e-01,6.322795152664184570e-02,-1.060341894626617432e-01,-1.281009912490844727e-01,1.686115264892578125e-01,-7.376089692115783691e-02,7.261394709348678589e-02,4.093476533889770508e-01,-3.565801382064819336e-01,-4.863554984331130981e-02,-4.149141907691955566e-01,-4.428478479385375977e-01,-1.877768933773040771e-01,5.873264670372009277e-01,-1.484510600566864014e-01,3.150669857859611511e-02,-8.500696718692779541e-02,-1.369747370481491089e-01,3.083916306495666504e-01,1.753735840320587158e-01,4.499688744544982910e-01,-5.637612342834472656e-01,1.007946491241455078e+00,3.893400728702545166e-01,-8.386109769344329834e-02,2.625684626400470734e-02,1.434029340744018555e-01,-3.840971291065216064e-01,5.108537673950195312e-01,9.849638342857360840e-01,-2.184076309204101562e-01,-1.088846251368522644e-01,-8.245619386434555054e-02
1.154543161392211914e+00,-5.635082721710205078e-01,7.416774630546569824e-01,9.874426722526550293e-01,7.347325235605239868e-02,-1.031286641955375671e-01,-9.446246176958084106e-02,1.981964558362960815e-01,-7.185783982276916504e-02,2.025123871862888336e-02,4.368231594562530518e-01,-4.090853929519653320e-01,-6.978710740804672241e-02,-3.807911574840545654e-01,-4.534990787506103516e-01,-1.359276026487350464e-01,3.352146744728088379e-01,-8.513028174638748169e-02,1.141505166888237000e-01,-1.201403662562370300e-01,-1.503849327564239502e-01,2.825177311897277832e-01,1.225342079997062683e-01,4.556730091571807861e-01,-5.877766013145446777e-01,1.005435109138488770e+00,3.938179314136505127e-01,-7.818365097045898438e-02,6.185794249176979065e-02,1.954801082611083984e-01,-3.540578484535217285e-01,4.709399044513702393e-01,9.943063259124755859e-01,-2.084449976682662964e-01,-1.135280206799507141e-01,-1.009142473340034485e-01
1.186917781829833984e+00,-5.898449420928955078e-01,7.335234284400939941e-01,9.906914830207824707e-01,7.156082987785339355e-02,-9.590105712413787842e-02,-6.490314006805419922e-02,1.954903602600097656e-01,-3.917432203888893127e-02,-2.966453135013580322e-02,5.103194117546081543e-01,-4.656248986721038818e-01,-7.211592048406600952e-02,-3.840402066707611084e-01,-4.766146838665008545e-01,-1.690976619720458984e-01,3.694253265857696533e-01,-2.761672064661979675e-02,1.319727450609207153e-01,-1.341096460819244385e-01,-1.382952928543090820e-01,2.683310210704803467e-01,6.383427977561950684e-02,4.580628275871276855e-01,-5.975618958473205566e-01,9.946921467781066895e-01,4.089470803737640381e-01,-8.079325407743453979e-02,9.067695587873458862e-02,2.187087833881378174e-01,-3.210317194461822510e-01,4.519689977169036865e-01,1.002002954483032227e+00,-1.834098696708679199e-01,-1.202564537525177002e-01,-1.172485575079917908e-01
1.215294599533081055e+00,-6.147122979164123535e-01,7.310622334480285645e-01,9.938885569572448730e-01,5.887917056679725647e-02,-8.563267439603805542e-02,-3.722550347447395325e-02,1.489577591419219971e-01,1.623554527759552002e-02,-6.670507788658142090e-02,6.496916413307189941e-01,-4.842192232608795166e-01,-5.821038782596588135e-02,-4.238313734531402588e-01,-4.664698839187622070e-01,-1.775328516960144043e-01,5.248787999153137207e-01,7.672066986560821533e-02,1.340807676315307617e-01,-1.461472958326339722e-01,-1.039026007056236267e-01,2.604949772357940674e-01,2.877522446215152740e-02,4.493562877178192139e-01,-5.823770165443420410e-01,9.758225679397583008e-01,3.981509506702423096e-01,-9.557969868183135986e-02,1.191151365637779236e-01,2.116935253143310547e-01,-2.954990267753601074e-01,4.656469821929931641e-01,9.914365410804748535e-01,-1.791789531707763672e-01,-1.234359815716743469e-01,-1.251264661550521851e-01
1.240956187248229980e+00,-6.368766427040100098e-01,7.350329160690307617e-01,9.951854348182678223e-01,4.123266041278839111e-02,-8.714608103036880493e-02,-1.764497347176074982e-02,9.275428205728530884e-02,9.420467168092727661e-02,-4.407342895865440369e-02,8.278787136077880859e-01,-4.351765215396881104e-01,-4.830230027437210083e-03,-3.843009769916534424e-01,-4.429293572902679443e-01,-2.276919335126876831e-01,6.154862642288208008e-01,3.623119555413722992e-04,1.061016693711280823e-01,-1.410080343484878540e-01,-6.134906411170959473e-02,2.819518744945526123e-01,1.725389994680881500e-02,4.275802671909332275e-01,-5.604498982429504395e-01,9.567800164222717285e-01,3.579953014850616455e-01,-1.097928509116172791e-01,1.367551982402801514e-01,1.839601844549179077e-01,-2.931355834007263184e-01,5.012230873107910156e-01,9.794973134994506836e-01,-1.975368261337280273e-01,-1.267850846052169800e-01,-1.214762404561042786e-01
1.262332916259765625e+00,-6.543567776679992676e-01,7.423067092895507812e-01,9.953396320343017578e-01,4.336201399564743042e-02,-8.608491718769073486e-02,2.862466266378760338e-03,2.189142443239688873e-02,1.669060587882995605e-01,6.802178919315338135e-02,9.888092279434204102e-01,-3.833131790161132812e-01,9.399916976690292358e-02,-3.319885432720184326e-01,-4.530685842037200928e-01,-2.698692381381988525e-01,6.369169354438781738e-01,-5.456238985061645508e-02,1.117268204689025879e-01,-1.295301020145416260e-01,-5.007086694240570068e-02,2.968389093875885010e-01,5.700804293155670166e-03,3.999417722225189209e-01,-5.583176016807556152e-01,9.478118419647216797e-01,3.171656727790832520e-01,-1.186970770359039307e-01,1.466500014066696167e-01,1.472444385290145874e-01,-3.040454387664794922e-01,5.444217920303344727e-01,9.720671772956848145e-01,-2.402372807264328003e-01,-1.284636408090591431e-01,-1.242561116814613342e-01
1.280493974685668945e+00,-6.683457493782043457e-01,7.522957324981689453e-01,9.954721927642822266e-01,4.603199288249015808e-02,-8.059349656105041504e-02,2.051343768835067749e-02,-3.368342295289039612e-02,2.250114828348159790e-01,1.872687786817550659e-01,1.060902953147888184e+00,-3.748973608016967773e-01,1.522115916013717651e-01,-2.767639756202697754e-01,-4.511155784130096436e-01,-3.173366189002990723e-01,6.118003129959106445e-01,-7.788464426994323730e-02,1.151271909475326538e-01,-1.115025505423545837e-01,-3.156867995858192444e-02,3.059684634208679199e-01,1.106229377910494804e-03,3.757117688655853271e-01,-5.761332511901855469e-01,9.518495202064514160e-01,2.968417406082153320e-01,-1.183016970753669739e-01,1.408616006374359131e-01,9.633160382509231567e-02,-3.290508687496185303e-01,5.871006250381469727e-01,9.844225645065307617e-01,-2.793230414390563965e-01,-1.259248256683349609e-01,-1.278427243232727051e-01
1.298869609832763672e+00,-6.810597181320190430e-01,7.637835741043090820e-01,9.953907132148742676e-01,5.020095035433769226e-02,-7.393952459096908569e-02,3.478654474020004272e-02,-6.982335448265075684e-02,1.992847174406051636e-01,2.349730134010314941e-01,1.019496798515319824e+00,-3.329772949218750000e-01,1.174943372607231140e-01,-2.160634696483612061e-01,-4.460349977016448975e-01,-3.667742908000946045e-01,5.604129433631896973e-01,-8.083636313676834106e-02,1.138113364577293396e-01,-8.904603123664855957e-02,-1.516711432486772537e-02,3.060262501239776611e-01,1.064667571336030960e-02,3.634730875492095947e-01,-5.917242169380187988e-01,9.595366716384887695e-01,3.002432882785797119e-01,-1.171572059392929077e-01,1.349298357963562012e-01,4.232455417513847351e-02,-3.590387701988220215e-01,6.208662390708923340e-01,1.010812520980834961e+00,-3.073431849479675293e-01,-1.162204891443252563e-01,-1.259428411722183228e-01
1.317185282707214355e+00,-6.923801898956298828e-01,7.733302116394042969e-01,9.949968457221984863e-01,5.557167902588844299e-02,-6.695586442947387695e-02,4.909135773777961731e-02,-8.614058792591094971e-02,1.721060723066329956e-01,2.925599813461303711e-01,9.237544536590576172e-01,-2.886128723621368408e-01,6.074003502726554871e-02,-1.603138297796249390e-01,-4.438815712928771973e-01,-4.115136861801147461e-01,5.066083669662475586e-01,-8.309086412191390991e-02,1.155441105365753174e-01,-6.963765621185302734e-02,-5.359834060072898865e-03,2.971530854701995850e-01,3.116212226450443268e-02,3.670531213283538818e-01,-6.001507639884948730e-01,9.541559815406799316e-01,3.230091035366058350e-01,-1.186683997511863708e-01,1.290377378463745117e-01,4.323977045714855194e-03,-3.876429796218872070e-01,6.253569722175598145e-01,1.024416685104370117e+00,-3.144255876541137695e-01,-1.090398430824279785e-01,-1.238270699977874756e-01
1.333257913589477539e+00,-7.024036049842834473e-01,7.799761295318603516e-01,9.946644902229309082e-01,5.812413245439529419e-02,-6.012103706598281860e-02,6.041095778346061707e-02,-8.192878961563110352e-02,1.769667714834213257e-01,3.796979486942291260e-01,8.184790611267089844e-01,-2.749042510986328125e-01,2.315191924571990967e-02,-1.197787597775459290e-01,-4.345893263816833496e-01,-4.424842298030853271e-01,4.641038477420806885e-01,-8.642849326133728027e-02,1.170050203800201416e-01,-5.311673507094383240e-02,5.537610501050949097e-03,2.890629470348358154e-01,5.955384671688079834e-02,3.842201828956604004e-01,-5.994773507118225098e-01,9.298582077026367188e-01,3.472344875335693359e-01,-1.237863898277282715e-01,1.217863634228706360e-01,-1.994526945054531097e-02,-4.171004593372344971e-01,6.068629622459411621e-01,1.022722721099853516e+00,-2.992279529571533203e-01,-1.111823841929435730e-01,-1.245768442749977112e-01
1.345584511756896973e+00,-7.109640836715698242e-01,7.838033437728881836e-01,9.946336150169372559e-01,5.806535854935646057e-02,-5.427483841776847839e-02,6.623167544603347778e-02,-7.419628649950027466e-02,1.796433627605438232e-01,4.402043521404266357e-01,7.128229141235351562e-01,-2.644543647766113281e-01,-1.177361048758029938e-02,-9.603624790906906128e-02,-4.190956354141235352e-01,-4.560874998569488525e-01,4.373414218425750732e-01,-9.554901719093322754e-02,1.159646809101104736e-01,-3.749320656061172485e-02,1.762365922331809998e-02,2.847149074077606201e-01,9.685193747282028198e-02,4.096855223178863525e-01,-5.886320471763610840e-01,8.942342996597290039e-01,3.600141108036041260e-01,-1.321019679307937622e-01,1.201428472995758057e-01,-3.910360112786293030e-02,-4.485179781913757324e-01,5.812070369720458984e-01,1.009795308113098145e+00,-2.778213322162628174e-01,-1.167253181338310242e-01,-1.278836876153945923e-01
1.354618310928344727e+00,-7.182855606079101562e-01,7.852585315704345703e-01,9.949998259544372559e-01,5.533860996365547180e-02,-4.908915236592292786e-02,6.710605323314666748e-02,-7.295477390289306641e-02,1.784645169973373413e-01,4.596211016178131104e-01,6.159095764160156250e-01,-2.503077685832977295e-01,-4.222832247614860535e-02,-8.162161707878112793e-02,-3.969638049602508545e-01,-4.625900387763977051e-01,4.159148931503295898e-01,-1.131278797984123230e-01,1.123937889933586121e-01,-2.214417047798633575e-02,3.093102574348449707e-02,2.818546295166015625e-01,1.390677094459533691e-01,4.361762702465057373e-01,-5.700932145118713379e-01,8.608523607254028320e-01,3.629419803619384766e-01,-1.382565796375274658e-01,1.232415288686752319e-01,-5.673763900995254517e-02,-4.787707328796386719e-01,5.547236204147338867e-01,9.899846911430358887e-01,-2.652291059494018555e-01,-1.208298280835151672e-01,-1.321402788162231445e-01
1.362486958503723145e+00,-7.250823974609375000e-01,7.848732471466064453e-01,9.956848621368408203e-01,4.974187165498733521e-02,-4.387609660625457764e-02,6.490250676870346069e-02,-7.908630371093750000e-02,1.806032806634902954e-01,4.496660232543945312e-01,5.365905165672302246e-01,-2.367062121629714966e-01,-7.372298091650009155e-02,-7.486645877361297607e-02,-3.699430525302886963e-01,-4.678637981414794922e-01,3.982889652252197266e-01,-1.343185007572174072e-01,1.056914925575256348e-01,-7.973691448569297791e-03,4.751925542950630188e-02,2.793949842453002930e-01,1.776323765516281128e-01,4.571481049060821533e-01,-5.476101636886596680e-01,8.378362059593200684e-01,3.630437850952148438e-01,-1.385975182056427002e-01,1.288960725069046021e-01,-7.260969281196594238e-02,-5.048719048500061035e-01,5.253733992576599121e-01,9.695720076560974121e-01,-2.612501680850982666e-01,-1.229629442095756531e-01,-1.392046958208084106e-01
1.368471860885620117e+00,-7.301464080810546875e-01,7.835450768470764160e-01,9.963383674621582031e-01,4.451057314872741699e-02,-3.848924487829208374e-02,6.202717125415802002e-02,-9.497144073247909546e-02,1.849113702774047852e-01,4.300018846988677979e-01,4.924676120281219482e-01,-2.150039225816726685e-01,-1.033573672175407410e-01,-7.653213292360305786e-02,-3.494315445423126221e-01,-4.719188511371612549e-01,3.947846889495849609e-01,-1.575087457895278931e-01,1.004123687744140625e-01,2.214615698903799057e-03,6.223011389374732971e-02,2.807179093360900879e-01,2.081357538700103760e-01,4.706001281738281250e-01,-5.231968164443969727e-01,8.273127079010009766e-01,3.584690392017364502e-01,-1.363247483968734741e-01,1.373402178287506104e-01,-8.492322266101837158e-02,-5.265030860900878906e-01,4.881866276264190674e-01,9.496935606002807617e-01,-2.595205605030059814e-01,-1.245371401309967041e-01,-1.487306803464889526e-01
1.373098969459533691e+00,-7.333292961120605469e-01,7.831107974052429199e-01,9.964684247970581055e-01,4.496078938245773315e-02,-3.276636824011802673e-02,6.289335340261459351e-02,-1.133257001638412476e-01,1.805332899093627930e-01,4.262348115444183350e-01,4.730676710605621338e-01,-1.991058140993118286e-01,-1.102427393198013306e-01,-8.301224559545516968e-02,-3.488506078720092773e-01,-4.757382571697235107e-01,4.033967256546020508e-01,-1.775118708610534668e-01,9.953295439481735229e-02,3.479063743725419044e-03,6.327948719263076782e-02,2.848637104034423828e-01,2.248028665781021118e-01,4.759807586669921875e-01,-5.024396181106567383e-01,8.260633349418640137e-01,3.529917597770690918e-01,-1.292235255241394043e-01,1.439524143934249878e-01,-8.881999552249908447e-02,-5.393060445785522461e-01,4.396165311336517334e-01,9.289001226425170898e-01,-2.565342485904693604e-01,-1.285278499126434326e-01,-1.571381986141204834e-01
1.377594232559204102e+00,-7.353241443634033203e-01,7.832956910133361816e-01,9.963856339454650879e-01,4.542597755789756775e-02,-2.810924313962459564e-02,6.604567170143127441e-02,-1.332657933235168457e-01,1.778453290462493896e-01,4.150633513927459717e-01,4.703159928321838379e-01,-1.874112337827682495e-01,-1.085920557379722595e-01,-8.406209945678710938e-02,-3.486748635768890381e-01,-4.832171499729156494e-01,4.056735038757324219e-01,-1.894413679838180542e-01,9.808700531721115112e-02,-4.480893258005380630e-04,6.203196197748184204e-02,2.886931598186492920e-01,2.363050431013107300e-01,4.784081280231475830e-01,-4.873923361301422119e-01,8.228152394294738770e-01,3.530049920082092285e-01,-1.188221573829650879e-01,1.427485197782516479e-01,-8.372084051370620728e-02,-5.405569672584533691e-01,3.799448311328887939e-01,9.104640483856201172e-01,-2.480252832174301147e-01,-1.318041831254959106e-01,-1.619188189506530762e-01
1.382254838943481445e+00,-7.365314364433288574e-01,7.829965353012084961e-01,9.964212775230407715e-01,4.334201663732528687e-02,-2.404825389385223389e-02,6.846785545349121094e-02,-1.472682207822799683e-01,1.785672008991241455e-01,3.932907879352569580e-01,4.561291635036468506e-01,-1.851298063993453979e-01,-1.145308241248130798e-01,-8.494461327791213989e-02,-3.426766991615295410e-01,-4.897199571132659912e-01,4.039321243762969971e-01,-1.970263719558715820e-01,9.609109163284301758e-02,-4.546580370515584946e-03,6.426449865102767944e-02,2.911531031131744385e-01,2.486941516399383545e-01,4.819846153259277344e-01,-4.761766195297241211e-01,8.036846518516540527e-01,3.591778874397277832e-01,-1.107820942997932434e-01,1.384621560573577881e-01,-7.464572787284851074e-02,-5.324273109436035156e-01,3.222357630729675293e-01,8.951272368431091309e-01,-2.354200035333633423e-01,-1.342409998178482056e-01,-1.612814813852310181e-01
1.385789275169372559e+00,-7.368455529212951660e-01,7.816815972328186035e-01,9.967167377471923828e-01,3.870611265301704407e-02,-1.927499100565910339e-02,6.845446676015853882e-02,-1.602953374385833740e-01,1.893305480480194092e-01,3.745796680450439453e-01,4.370256960391998291e-01,-1.938846856355667114e-01,-1.188296079635620117e-01,-9.326545149087905884e-02,-3.322522938251495361e-01,-4.910579919815063477e-01,4.062252342700958252e-01,-2.060276567935943604e-01,9.354580193758010864e-02,-5.700292531400918961e-03,7.071346789598464966e-02,2.925441861152648926e-01,2.646178007125854492e-01,4.885753691196441650e-01,-4.697390198707580566e-01,7.633600234985351562e-01,3.638603389263153076e-01,-1.142592951655387878e-01,1.385757625102996826e-01,-6.824286282062530518e-02,-5.192928314208984375e-01,2.736522555351257324e-01,8.823347687721252441e-01,-2.336757183074951172e-01,-1.359267830848693848e-01,-1.584030091762542725e-01
1.387783646583557129e+00,-7.366199493408203125e-01,7.797640562057495117e-01,9.972237944602966309e-01,3.353537619113922119e-02,-1.360329985618591309e-02,6.507659703493118286e-02,-1.709176450967788696e-01,2.025773525238037109e-01,3.616542816162109375e-01,4.127967357635498047e-01,-1.937634050846099854e-01,-1.205783709883689880e-01,-1.102339848875999451e-01,-3.217387795448303223e-01,-4.849211573600769043e-01,4.145734012126922607e-01,-2.155302315950393677e-01,9.190128743648529053e-02,-4.526149947196245193e-03,7.658758014440536499e-02,2.951109409332275391e-01,2.813663184642791748e-01,4.964090883731842041e-01,-4.674842953681945801e-01,7.152014970779418945e-01,3.604323267936706543e-01,-1.238686367869377136e-01,1.436427086591720581e-01,-6.622401624917984009e-02,-5.063798427581787109e-01,2.359802573919296265e-01,8.725847005844116211e-01,-2.429576367139816284e-01,-1.367663145065307617e-01,-1.599033772945404053e-01
1.389043092727661133e+00,-7.362391352653503418e-01,7.773249149322509766e-01,9.978411793708801270e-01,2.845798619091510773e-02,-7.048278115689754486e-03,5.876491591334342957e-02,-1.735913157463073730e-01,2.101416438817977905e-01,3.524250090122222900e-01,3.735128343105316162e-01,-1.593816727399826050e-01,-1.286155879497528076e-01,-1.343141049146652222e-01,-3.119935989379882812e-01,-4.725861251354217529e-01,4.285116195678710938e-01,-2.233899086713790894e-01,9.211532771587371826e-02,-2.461744006723165512e-03,7.961590588092803955e-02,2.991424202919006348e-01,2.922360301017761230e-01,5.024548768997192383e-01,-4.678772389888763428e-01,6.774569749832153320e-01,3.524289131164550781e-01,-1.318113505840301514e-01,1.516635119915008545e-01,-6.839591264724731445e-02,-4.952380359172821045e-01,2.095396816730499268e-01,8.684378862380981445e-01,-2.551093399524688721e-01,-1.385585218667984009e-01,-1.662320196628570557e-01
1.389798283576965332e+00,-7.350891232490539551e-01,7.745054960250854492e-01,9.985222220420837402e-01,2.266643755137920380e-02,7.083180244080722332e-04,4.938793927431106567e-02,-1.618436872959136963e-01,2.168427556753158569e-01,3.669057190418243408e-01,3.090385198593139648e-01,-8.567858487367630005e-02,-1.582148820161819458e-01,-1.649754643440246582e-01,-3.009369671344757080e-01,-4.562862515449523926e-01,4.456624090671539307e-01,-2.326520085334777832e-01,9.447617083787918091e-02,1.117223291657865047e-03,8.155011385679244995e-02,3.023828268051147461e-01,2.949760556221008301e-01,5.039880275726318359e-01,-4.686103165149688721e-01,6.577774286270141602e-01,3.448365330696105957e-01,-1.373172104358673096e-01,1.611618250608444214e-01,-7.160712778568267822e-02,-4.857770204544067383e-01,1.959362626075744629e-01,8.708188533782958984e-01,-2.632702291011810303e-01,-1.394327431917190552e-01,-1.739822328090667725e-01
1.390503048896789551e+00,-7.332705855369567871e-01,7.719638347625732422e-01,9.990257024765014648e-01,1.970836706459522247e-02,9.474638849496841431e-03,3.833370655775070190e-02,-1.556579321622848511e-01,2.262687534093856812e-01,4.113578498363494873e-01,2.793087661266326904e-01,-7.087475806474685669e-02,-1.486162394285202026e-01,-2.027393281459808350e-01,-2.978104948997497559e-01,-4.349315762519836426e-01,4.674142301082611084e-01,-2.413410991430282593e-01,9.879603981971740723e-02,5.100189708173274994e-03,7.480263710021972656e-02,3.047601878643035889e-01,2.904606163501739502e-01,4.946570098400115967e-01,-4.638883471488952637e-01,6.654890179634094238e-01,3.352386951446533203e-01,-1.350978165864944458e-01,1.673769205808639526e-01,-7.898484915494918823e-02,-4.766570627689361572e-01,1.930369138717651367e-01,8.816235661506652832e-01,-2.692836821079254150e-01,-1.335124373435974121e-01,-1.850085556507110596e-01
1.390725374221801758e+00,-7.313435077667236328e-01,7.703462839126586914e-01,9.992345571517944336e-01,2.084789238870143890e-02,1.630136929452419281e-02,2.880942262709140778e-02,-1.629983335733413696e-01,2.283036559820175171e-01,4.325305521488189697e-01,2.851478159427642822e-01,-8.082661777734756470e-02,-1.412424594163894653e-01,-2.346496582031250000e-01,-3.032977283000946045e-01,-4.145470261573791504e-01,4.923663735389709473e-01,-2.494858801364898682e-01,1.043985709547996521e-01,5.860883742570877075e-03,5.745866149663925171e-02,3.141494989395141602e-01,2.668076455593109131e-01,4.823943376541137695e-01,-4.695703983306884766e-01,7.052672505378723145e-01,3.320866227149963379e-01,-1.334163546562194824e-01,1.744313985109329224e-01,-8.731749653816223145e-02,-4.671916961669921875e-01,2.056182920932769775e-01,8.986903429031372070e-01,-2.772836387157440186e-01,-1.319332271814346313e-01,-1.942022740840911865e-01
1.391633510589599609e+00,-7.295431494712829590e-01,7.694750428199768066e-01,9.992702603340148926e-01,2.375418320298194885e-02,2.034377492964267731e-02,2.192847616970539093e-02,-1.641681492328643799e-01,2.234568893909454346e-01,4.431416392326354980e-01,2.875496447086334229e-01,-8.937922120094299316e-02,-1.411911696195602417e-01,-2.550460994243621826e-01,-3.110644519329071045e-01,-3.959750235080718994e-01,5.120857954025268555e-01,-2.556714415550231934e-01,1.111418604850769043e-01,1.198295038193464279e-03,3.388925269246101379e-02,3.263526558876037598e-01,2.290243953466415405e-01,4.671683609485626221e-01,-4.822504818439483643e-01,7.721463441848754883e-01,3.359708189964294434e-01,-1.217259839177131653e-01,1.691579967737197876e-01,-9.011463820934295654e-02,-4.528121054172515869e-01,2.346765249967575073e-01,9.215976595878601074e-01,-2.843672633171081543e-01,-1.265785396099090576e-01,-1.942508965730667114e-01
1.393251299858093262e+00,-7.284409403800964355e-01,7.693848013877868652e-01,9.992870688438415527e-01,2.539656497538089752e-02,2.248560637235641479e-02,1.657666452229022980e-02,-1.593925952911376953e-01,2.193987816572189331e-01,4.504342079162597656e-01,2.851282358169555664e-01,-9.675770252943038940e-02,-1.412418484687805176e-01,-2.632958590984344482e-01,-3.138238787651062012e-01,-3.825739622116088867e-01,5.193712115287780762e-01,-2.566822767257690430e-01,1.161320060491561890e-01,-7.608248852193355560e-03,1.195471920073032379e-02,3.338658511638641357e-01,1.930292844772338867e-01,4.507337808609008789e-01,-4.939752519130706787e-01,8.436455726623535156e-01,3.424512147903442383e-01,-1.034877076745033264e-01,1.508956849575042725e-01,-8.491973578929901123e-02,-4.350269436836242676e-01,2.756707370281219482e-01,9.377652406692504883e-01,-2.997036576271057129e-01,-1.189063936471939087e-01,-1.759506165981292725e-01
1.394728541374206543e+00,-7.282813191413879395e-01,7.697913646697998047e-01,9.993124604225158691e-01,2.597195096313953400e-02,2.400990761816501617e-02,1.111703645437955856e-02,-1.508243083953857422e-01,2.172225117683410645e-01,4.594721794128417969e-01,2.796003222465515137e-01,-1.030161306262016296e-01,-1.394328027963638306e-01,-2.650533020496368408e-01,-3.122536540031433105e-01,-3.718147873878479004e-01,5.178776383399963379e-01,-2.530211508274078369e-01,1.173322647809982300e-01,-1.759459264576435089e-02,-7.684570271521806717e-03,3.344144821166992188e-01,1.688108593225479126e-01,4.357284009456634521e-01,-4.959242045879364014e-01,8.955922126770019531e-01,3.421694040298461914e-01,-8.934911340475082397e-02,1.308329850435256958e-01,-6.869476288557052612e-02,-4.139109849929809570e-01,3.152769207954406738e-01,9.373438358306884766e-01,-3.278473317623138428e-01,-1.132282316684722900e-01,-1.491176635026931763e-01
1.397147774696350098e+00,-7.280753850936889648e-01,7.706112861633300781e-01,9.993256330490112305e-01,2.645354159176349640e-02,2.495841309428215027e-02,5.056494381278753281e-03,-1.370734572410583496e-01,2.143296450376510620e-01,4.705606997013092041e-01,2.676095664501190186e-01,-1.048473864793777466e-01,-1.358408778905868530e-01,-2.622553110122680664e-01,-3.074659407138824463e-01,-3.595485687255859375e-01,5.089026689529418945e-01,-2.473384737968444824e-01,1.184068694710731506e-01,-2.656614966690540314e-02,-2.673541381955146790e-02,3.279221951961517334e-01,1.593968719244003296e-01,4.254243075847625732e-01,-4.869563579559326172e-01,9.181825518608093262e-01,3.335809409618377686e-01,-8.681470900774002075e-02,1.211697310209274292e-01,-4.304337501525878906e-02,-3.899268507957458496e-01,3.484306633472442627e-01,9.255791902542114258e-01,-3.590899705886840820e-01,-1.146081760525703430e-01,-1.288796961307525635e-01
1.400650978088378906e+00,-7.278580665588378906e-01,7.715760469436645508e-01,9.993478655815124512e-01,2.590264566242694855e-02,2.509277500212192535e-02,-1.779649173840880394e-03,-1.194635778665542603e-01,2.148036509752273560e-01,4.841850697994232178e-01,2.540926039218902588e-01,-1.064884439110755920e-01,-1.351282745599746704e-01,-2.542986869812011719e-01,-2.984373569488525391e-01,-3.478199541568756104e-01,4.932374656200408936e-01,-2.411252260208129883e-01,1.204007565975189209e-01,-3.377078846096992493e-02,-4.249785095453262329e-02,3.177968561649322510e-01,1.621216088533401489e-01,4.203524589538574219e-01,-4.716147184371948242e-01,9.202395081520080566e-01,3.179711699485778809e-01,-9.423549473285675049e-02,1.222098246216773987e-01,-1.271634828299283981e-02,-3.647136986255645752e-01,3.740484416484832764e-01,9.126926660537719727e-01,-3.834149837493896484e-01,-1.215457171201705933e-01,-1.180880144238471985e-01
1.404487848281860352e+00,-7.282114624977111816e-01,7.725778222084045410e-01,9.993546605110168457e-01,2.473608031868934631e-02,2.451691776514053345e-02,-8.795931935310363770e-03,-9.988126903772354126e-02,2.175993919372558594e-01,4.995699524879455566e-01,2.413182258605957031e-01,-1.083560585975646973e-01,-1.361735910177230835e-01,-2.423797398805618286e-01,-2.875213027000427246e-01,-3.371685743331909180e-01,4.737721681594848633e-01,-2.358470112085342407e-01,1.235944107174873352e-01,-4.041470959782600403e-02,-5.500265210866928101e-02,3.059780299663543701e-01,1.698826551437377930e-01,4.191453456878662109e-01,-4.575099349021911621e-01,9.140932559967041016e-01,3.002103865146636963e-01,-1.048986837267875671e-01,1.291439533233642578e-01,1.775425672531127930e-02,-3.400752842426300049e-01,3.927888572216033936e-01,9.067601561546325684e-01,-4.027669429779052734e-01,-1.308545172214508057e-01,-1.164339110255241394e-01
1.408423185348510742e+00,-7.290506362915039062e-01,7.735511064529418945e-01,9.993502497673034668e-01,2.286664582788944244e-02,2.337639220058917999e-02,-1.515588536858558655e-02,-7.960563153028488159e-02,2.222491949796676636e-01,5.138623714447021484e-01,2.298181951045989990e-01,-1.108329072594642639e-01,-1.389450281858444214e-01,-2.257947027683258057e-01,-2.751148641109466553e-01,-3.291918635368347168e-01,4.503799676895141602e-01,-2.313565611839294434e-01,1.268896460533142090e-01,-4.725299775600433350e-02,-6.437422335147857666e-02,2.937958836555480957e-01,1.781707704067230225e-01,4.208315610885620117e-01,-4.474721252918243408e-01,9.094101190567016602e-01,2.867584228515625000e-01,-1.132424399256706238e-01,1.360785961151123047e-01,4.581674188375473022e-02,-3.170313239097595215e-01,4.070834815502166748e-01,9.122288227081298828e-01,-4.179474711418151855e-01,-1.387269049882888794e-01,-1.194349825382232666e-01
1.412078142166137695e+00,-7.299768924713134766e-01,7.743909358978271484e-01,9.993408322334289551e-01,2.064098790287971497e-02,2.176930941641330719e-02,-2.044272795319557190e-02,-5.934084579348564148e-02,2.270497381687164307e-01,5.251291394233703613e-01,2.192092090845108032e-01,-1.134776100516319275e-01,-1.429247558116912842e-01,-2.061662226915359497e-01,-2.627798616886138916e-01,-3.237205743789672852e-01,4.255535006523132324e-01,-2.272675335407257080e-01,1.308286041021347046e-01,-5.368057638406753540e-02,-7.043757289648056030e-02,2.828079760074615479e-01,1.843261867761611938e-01,4.232048690319061279e-01,-4.420357644557952881e-01,9.114069938659667969e-01,2.809995710849761963e-01,-1.163511648774147034e-01,1.398511230945587158e-01,6.890331953763961792e-02,-2.976722121238708496e-01,4.167706072330474854e-01,9.295584559440612793e-01,-4.242589771747589111e-01,-1.427444815635681152e-01,-1.219221800565719604e-01
1.415278792381286621e+00,-7.305673360824584961e-01,7.750641703605651855e-01,9.993230700492858887e-01,1.876988448202610016e-02,2.013978548347949982e-02,-2.440227754414081573e-02,-4.128910973668098450e-02,2.299248874187469482e-01,5.332828164100646973e-01,2.092322856187820435e-01,-1.153696924448013306e-01,-1.463579386472702026e-01,-1.874688267707824707e-01,-2.529208958148956299e-01,-3.196501135826110840e-01,4.033902585506439209e-01,-2.236542999744415283e-01,1.356997191905975342e-01,-5.894211679697036743e-02,-7.358940690755844116e-02,2.735738456249237061e-01,1.880494058132171631e-01,4.245462715625762939e-01,-4.400806725025177002e-01,9.190596342086791992e-01,2.817378640174865723e-01,-1.146855205297470093e-01,1.399480700492858887e-01,8.476659655570983887e-02,-2.840839922428131104e-01,4.213426411151885986e-01,9.539951086044311523e-01,-4.218706190586090088e-01,-1.421653479337692261e-01,-1.207805201411247253e-01
1.418102025985717773e+00,-7.306169271469116211e-01,7.755975127220153809e-01,9.992997050285339355e-01,1.732918061316013336e-02,1.891189627349376678e-02,-2.724270522594451904e-02,-2.706552669405937195e-02,2.311210483312606812e-01,5.392119288444519043e-01,2.004783004522323608e-01,-1.161341518163681030e-01,-1.489206850528717041e-01,-1.720186620950698853e-01,-2.457511872053146362e-01,-3.164915740489959717e-01,3.848745524883270264e-01,-2.196619361639022827e-01,1.404922902584075928e-01,-6.268839538097381592e-02,-7.408741116523742676e-02,2.654890418052673340e-01,1.897034645080566406e-01,4.246932566165924072e-01,-4.395273625850677490e-01,9.285560250282287598e-01,2.859482467174530029e-01,-1.108036935329437256e-01,1.371469497680664062e-01,9.345428645610809326e-02,-2.759514451026916504e-01,4.212262928485870361e-01,9.813083410263061523e-01,-4.127066731452941895e-01,-1.382074952125549316e-01,-1.173937842249870300e-01
1.420786976814270020e+00,-7.299432754516601562e-01,7.760582566261291504e-01,9.992766380310058594e-01,1.621517911553382874e-02,1.790120266377925873e-02,-2.937523275613784790e-02,-1.574912108480930328e-02,2.313198000192642212e-01,5.437747240066528320e-01,1.936587542295455933e-01,-1.169483661651611328e-01,-1.503880172967910767e-01,-1.592061519622802734e-01,-2.405843287706375122e-01,-3.138947784900665283e-01,3.688203394412994385e-01,-2.149842977523803711e-01,1.443670094013214111e-01,-6.414592266082763672e-02,-7.256431877613067627e-02,2.587676346302032471e-01,1.905940175056457520e-01,4.245583415031433105e-01,-4.390762150287628174e-01,9.363157153129577637e-01,2.907525897026062012e-01,-1.074785366654396057e-01,1.335251778364181519e-01,9.618223458528518677e-02,-2.729466855525970459e-01,4.190868139266967773e-01,1.006354928016662598e+00,-4.030365943908691406e-01,-1.334256529808044434e-01,-1.130819767713546753e-01
1.423295259475708008e+00,-7.287074327468872070e-01,7.764726877212524414e-01,9.992638230323791504e-01,1.540821790695190430e-02,1.702645421028137207e-02,-3.073129989206790924e-02,-6.645769346505403519e-03,2.307537347078323364e-01,5.472476482391357422e-01,1.885566860437393188e-01,-1.177561283111572266e-01,-1.512238979339599609e-01,-1.483168751001358032e-01,-2.373851686716079712e-01,-3.124538660049438477e-01,3.548037707805633545e-01,-2.102733105421066284e-01,1.475778222084045410e-01,-6.365015357732772827e-02,-6.969979405403137207e-02,2.534345686435699463e-01,1.908360868692398071e-01,4.247973859310150146e-01,-4.388219416141510010e-01,9.410222768783569336e-01,2.960208356380462646e-01,-1.055128499865531921e-01,1.297777891159057617e-01,9.445582330226898193e-02,-2.747578322887420654e-01,4.176560640335083008e-01,1.024744033813476562e+00,-3.945984244346618652e-01,-1.298953294754028320e-01,-1.092284470796585083e-01
1.425191760063171387e+00,-7.274183034896850586e-01,7.768722176551818848e-01,9.992721676826477051e-01,1.467632502317428589e-02,1.613042503595352173e-02,-3.129768744111061096e-02,6.827557808719575405e-04,2.299860864877700806e-01,5.493726134300231934e-01,1.856977790594100952e-01,-1.190794631838798523e-01,-1.514052003622055054e-01,-1.385761797428131104e-01,-2.354201674461364746e-01,-3.122408390045166016e-01,3.426271080970764160e-01,-2.059767991304397583e-01,1.502304673194885254e-01,-6.169715151190757751e-02,-6.555030494928359985e-02,2.493395656347274780e-01,1.906457245349884033e-01,4.257641732692718506e-01,-4.390485584735870361e-01,9.430270791053771973e-01,3.012897670269012451e-01,-1.046729236841201782e-01,1.256889104843139648e-01,8.878294378519058228e-02,-2.810364067554473877e-01,4.197782576084136963e-01,1.036056995391845703e+00,-3.881295323371887207e-01,-1.276793479919433594e-01,-1.047727540135383606e-01
1.426187753677368164e+00,-7.262623310089111328e-01,7.772239446640014648e-01,9.993016719818115234e-01,1.402619387954473495e-02,1.530110090970993042e-02,-3.106954507529735565e-02,6.437389645725488663e-03,2.289971262216567993e-01,5.500679612159729004e-01,1.844636946916580200e-01,-1.205557584762573242e-01,-1.513098925352096558e-01,-1.295997053384780884e-01,-2.345543950796127319e-01,-3.134482502937316895e-01,3.320353925228118896e-01,-2.024430781602859497e-01,1.530709713697433472e-01,-5.862293392419815063e-02,-6.054608151316642761e-02,2.461899071931838989e-01,1.898442357778549194e-01,4.275929331779479980e-01,-4.399492144584655762e-01,9.420961141586303711e-01,3.069331943988800049e-01,-1.044159755110740662e-01,1.214187666773796082e-01,7.857736200094223022e-02,-2.920046448707580566e-01,4.263064563274383545e-01,1.039459228515625000e+00,-3.815661072731018066e-01,-1.256820559501647949e-01,-9.909563511610031128e-02
1.426269650459289551e+00,-7.253762483596801758e-01,7.774973511695861816e-01,9.993481636047363281e-01,1.352197863161563873e-02,1.457959599792957306e-02,-3.013015165925025940e-02,1.022542640566825867e-02,2.280780822038650513e-01,5.497807264328002930e-01,1.848038733005523682e-01,-1.221920028328895569e-01,-1.510976105928421021e-01,-1.214890107512474060e-01,-2.346165180206298828e-01,-3.156029880046844482e-01,3.232700824737548828e-01,-1.999171227216720581e-01,1.559637635946273804e-01,-5.454060062766075134e-02,-5.554689094424247742e-02,2.440772354602813721e-01,1.886258870363235474e-01,4.301242828369140625e-01,-4.408937394618988037e-01,9.383964538574218750e-01,3.119036555290222168e-01,-1.041620001196861267e-01,1.173475086688995361e-01,6.428477168083190918e-02,-3.067846596240997314e-01,4.367147088050842285e-01,1.034510612487792969e+00,-3.771457672119140625e-01,-1.237094402313232422e-01,-9.271574765443801880e-02
1.425667285919189453e+00,-7.248160243034362793e-01,7.777431011199951172e-01,9.994147419929504395e-01,1.298190467059612274e-02,1.386440452188253403e-02,-2.845014072954654694e-02,1.190168969333171844e-02,2.276837676763534546e-01,5.480086803436279297e-01,1.868982911109924316e-01,-1.242754980921745300e-01,-1.505219191312789917e-01,-1.129022464156150818e-01,-2.346404343843460083e-01,-3.184950649738311768e-01,3.143808543682098389e-01,-1.974764317274093628e-01,1.586300581693649292e-01,-4.950369149446487427e-02,-5.063637346029281616e-02,2.424989640712738037e-01,1.873977333307266235e-01,4.334958493709564209e-01,-4.411901235580444336e-01,9.319959878921508789e-01,3.164537250995635986e-01,-1.036903113126754761e-01,1.138205900788307190e-01,4.678560793399810791e-02,-3.241081535816192627e-01,4.507837891578674316e-01,1.022801041603088379e+00,-3.763603568077087402e-01,-1.217825114727020264e-01,-8.581664413213729858e-02
1.424713015556335449e+00,-7.246894240379333496e-01,7.779909372329711914e-01,9.994992613792419434e-01,1.213503815233707428e-02,1.292112842202186584e-02,-2.620991319417953491e-02,1.256748382002115250e-02,2.286476194858551025e-01,5.455001592636108398e-01,1.906960308551788330e-01,-1.273456811904907227e-01,-1.500355899333953857e-01,-1.025564596056938171e-01,-2.335137873888015747e-01,-3.221508860588073730e-01,3.036140799522399902e-01,-1.942150443792343140e-01,1.606186032295227051e-01,-4.354826733469963074e-02,-4.541024938225746155e-02,2.406477332115173340e-01,1.869625449180603027e-01,4.375213980674743652e-01,-4.397874772548675537e-01,9.240016341209411621e-01,3.214307725429534912e-01,-1.037188693881034851e-01,1.105186864733695984e-01,2.776407822966575623e-02,-3.423950076103210449e-01,4.665746986865997314e-01,1.007876634597778320e+00,-3.776178061962127686e-01,-1.206467151641845703e-01,-7.745371758937835693e-02
1.423785328865051270e+00,-7.251411676406860352e-01,7.782258987426757812e-01,9.995997548103332520e-01,1.108480617403984070e-02,1.149092521518468857e-02,-2.335383370518684387e-02,1.403327286243438721e-02,2.302891016006469727e-01,5.426005721092224121e-01,1.945943683385848999e-01,-1.304796040058135986e-01,-1.500503718852996826e-01,-8.984201401472091675e-02,-2.315895706415176392e-01,-3.270230889320373535e-01,2.910243570804595947e-01,-1.906298249959945679e-01,1.620499193668365479e-01,-3.701621666550636292e-02,-3.989529982209205627e-02,2.385750710964202881e-01,1.873928904533386230e-01,4.414995014667510986e-01,-4.375913441181182861e-01,9.159212112426757812e-01,3.275605142116546631e-01,-1.042245849967002869e-01,1.071631312370300293e-01,8.762369863688945770e-03,-3.599253892898559570e-01,4.820631444454193115e-01,9.935421943664550781e-01,-3.793301582336425781e-01,-1.208256706595420837e-01,-6.873445212841033936e-02
1.423573732376098633e+00,-7.251986861228942871e-01,7.783773541450500488e-01,9.996989965438842773e-01,9.986069984734058380e-03,9.605116210877895355e-03,-2.024458721280097961e-02,1.687618903815746307e-02,2.321535050868988037e-01,5.399628281593322754e-01,1.987476497888565063e-01,-1.341760158538818359e-01,-1.500768214464187622e-01,-7.630965858697891235e-02,-2.296976596117019653e-01,-3.323060274124145508e-01,2.791976928710937500e-01,-1.876963078975677490e-01,1.634576320648193359e-01,-2.986795641481876373e-02,-3.396891057491302490e-02,2.366145104169845581e-01,1.875837743282318115e-01,4.443615376949310303e-01,-4.360859692096710205e-01,9.082065820693969727e-01,3.309432566165924072e-01,-1.053909659385681152e-01,1.038346067070960999e-01,-1.052949018776416779e-02,-3.754415512084960938e-01,4.979700148105621338e-01,9.819257855415344238e-01,-3.810898959636688232e-01,-1.221691220998764038e-01,-6.078045815229415894e-02
1.423994421958923340e+00,-7.242761254310607910e-01,7.784005403518676758e-01,9.997888803482055664e-01,9.156113490462303162e-03,7.204496767371892929e-03,-1.692829467356204987e-02,2.130768448114395142e-02,2.333483844995498657e-01,5.370038747787475586e-01,2.039090543985366821e-01,-1.391683816909790039e-01,-1.492853313684463501e-01,-6.257066130638122559e-02,-2.290902137756347656e-01,-3.378944098949432373e-01,2.711780071258544922e-01,-1.868478804826736450e-01,1.655489951372146606e-01,-2.278201654553413391e-02,-2.822554297745227814e-02,2.353679537773132324e-01,1.868679225444793701e-01,4.459063410758972168e-01,-4.364068210124969482e-01,9.010949134826660156e-01,3.314669132232666016e-01,-1.070891395211219788e-01,1.011917889118194580e-01,-3.115545399487018585e-02,-3.875875771045684814e-01,5.147203803062438965e-01,9.758539795875549316e-01,-3.825231194496154785e-01,-1.237468495965003967e-01,-5.679313838481903076e-02
1.417153000831604004e+00,-7.187157869338989258e-01,7.784402370452880859e-01,9.998593330383300781e-01,8.917187340557575226e-03,4.635940771549940109e-03,-1.342854276299476624e-02,2.643347717821598053e-02,2.328190505504608154e-01,5.326064825057983398e-01,2.090475112199783325e-01,-1.463365107774734497e-01,-1.466009914875030518e-01,-5.027252808213233948e-02,-2.308466732501983643e-01,-3.443092107772827148e-01,2.697543799877166748e-01,-1.895778179168701172e-01,1.671368479728698730e-01,-1.635099574923515320e-02,-2.334659546613693237e-02,2.346360236406326294e-01,1.856264024972915649e-01,4.455951750278472900e-01,-4.361805915832519531e-01,8.939802050590515137e-01,3.304724991321563721e-01,-1.088386029005050659e-01,1.008162274956703186e-01,-5.348766967654228210e-02,-3.959644734859466553e-01,5.295675992965698242e-01,9.753195643424987793e-01,-3.812421858310699463e-01,-1.251157820224761963e-01,-5.736700817942619324e-02
