-1.926803030073642731e-02,5.457278806716203690e-03,7.818594574928283691e-01,9.999735355377197266e-01,3.593610599637031555e-03,5.928986705839633942e-03,2.190885832533240318e-03,7.062880694866180420e-02,1.535115242004394531e-01,2.679401040077209473e-01,1.312823444604873657e-01,-1.721902638673782349e-01,-1.566142141819000244e-01,6.327161937952041626e-02,-1.673428118228912354e-01,-3.637096881866455078e-01,1.305165737867355347e-01,-1.684378534555435181e-01,1.437065154314041138e-01,-2.162075974047183990e-02,-5.722580011934041977e-03,9.658537805080413818e-02,3.493674471974372864e-02,2.859083116054534912e-01,-5.564115643501281738e-01,9.839279055595397949e-01,1.885582804679870605e-01,-2.170054055750370026e-02,-5.742667242884635925e-02,-1.601317077875137329e-01,-2.382701784372329712e-01,8.469825983047485352e-01,9.716588258743286133e-01,-7.925754040479660034e-02,1.439421027898788452e-01,-6.464129686355590820e-02
-1.847890391945838928e-02,5.404337774962186813e-03,7.817390561103820801e-01,9.999747276306152344e-01,3.857867792248725891e-03,5.139484535902738571e-03,3.041391260921955109e-03,7.285391539335250854e-02,1.528424322605133057e-01,2.664214372634887695e-01,1.310755908489227295e-01,-1.742613017559051514e-01,-1.576772481203079224e-01,6.633605808019638062e-02,-1.678831130266189575e-01,-3.643774986267089844e-01,1.314138174057006836e-01,-1.698823273181915283e-01,1.449068635702133179e-01,-2.103646285831928253e-02,-8.375342935323715210e-03,9.497512131929397583e-02,3.771729022264480591e-02,2.871595323085784912e-01,-5.526837110519409180e-01,9.811614751815795898e-01,1.863245069980621338e-01,-2.081380970776081085e-02,-6.289703398942947388e-02,-1.654291749000549316e-01,-2.431968450546264648e-01,8.373237252235412598e-01,9.107145071029663086e-01,-8.641657233238220215e-02,1.502528190612792969e-01,-6.470447778701782227e-02
-1.774082332849502563e-02,5.185165908187627792e-03,7.816126346588134766e-01,9.999727606773376465e-01,4.169267602264881134e-03,4.376153927296400070e-03,4.231198690831661224e-03,7.495385408401489258e-02,1.520568430423736572e-01,2.633804976940155029e-01,1.313380002975463867e-01,-1.751004308462142944e-01,-1.578953117132186890e-01,6.987337768077850342e-02,-1.685809046030044556e-01,-3.663976490497589111e-01,1.321423202753067017e-01,-1.717552393674850464e-01,1.452939957380294800e-01,-2.271501347422599792e-02,-1.276814099401235580e-02,9.233128279447555542e-02,4.357825592160224915e-02,2.893664240837097168e-01,-5.462653040885925293e-01,9.773220419883728027e-01,1.880598217248916626e-01,-2.183150313794612885e-02,-6.715531647205352783e-02,-1.711404174566268921e-01,-2.525193989276885986e-01,8.224912881851196289e-01,8.117316961288452148e-01,-9.457128494977951050e-02,1.588358730077743530e-01,-6.514581292867660522e-02
-1.681921258568763733e-02,4.852291662245988846e-03,7.815576791763305664e-01,9.999667406082153320e-01,4.444618243724107742e-03,3.660237649455666542e-03,5.775549914687871933e-03,7.650811225175857544e-02,1.515009701251983643e-01,2.598499357700347900e-01,1.317670643329620361e-01,-1.753480136394500732e-01,-1.580409705638885498e-01,7.424980401992797852e-02,-1.688662618398666382e-01,-3.691723346710205078e-01,1.313492804765701294e-01,-1.728440970182418823e-01,1.456568837165832520e-01,-2.578008919954299927e-02,-1.975815556943416595e-02,8.838842809200286865e-02,5.050057545304298401e-02,2.933825254440307617e-01,-5.392932891845703125e-01,9.751161932945251465e-01,1.912691444158554077e-01,-2.266525290906429291e-02,-6.894327700138092041e-02,-1.805725693702697754e-01,-2.665482461452484131e-01,8.036858439445495605e-01,6.745798587799072266e-01,-1.086997613310813904e-01,1.691679060459136963e-01,-6.038992479443550110e-02
-1.595268212258815765e-02,4.464745055884122849e-03,7.815889120101928711e-01,9.999602437019348145e-01,4.508716519922018051e-03,3.101140726357698441e-03,7.036461029201745987e-03,7.794660329818725586e-02,1.518393009901046753e-01,2.575821578502655029e-01,1.319781392812728882e-01,-1.745466440916061401e-01,-1.582724601030349731e-01,7.846353948116302490e-02,-1.681045293807983398e-01,-3.700091242790222168e-01,1.295735538005828857e-01,-1.729055792093276978e-01,1.458407193422317505e-01,-2.823466248810291290e-02,-2.861020900309085846e-02,8.372917771339416504e-02,5.639196187257766724e-02,2.986986637115478516e-01,-5.327236056327819824e-01,9.765224456787109375e-01,1.932111978530883789e-01,-2.356713637709617615e-02,-6.791204214096069336e-02,-1.974531859159469604e-01,-2.850591838359832764e-01,7.844796180725097656e-01,5.087545514106750488e-01,-1.290897130966186523e-01,1.783087104558944702e-01,-4.855974391102790833e-02
-1.519453339278697968e-02,4.125413484871387482e-03,7.816925048828125000e-01,9.999564886093139648e-01,4.410867579281330109e-03,2.792791696265339851e-03,7.729348726570606232e-03,7.907819002866744995e-02,1.528394669294357300e-01,2.563545703887939453e-01,1.321048140525817871e-01,-1.727631539106369019e-01,-1.586348116397857666e-01,8.210284262895584106e-02,-1.663740277290344238e-01,-3.687790334224700928e-01,1.269037276506423950e-01,-1.722805351018905640e-01,1.458464562892913818e-01,-2.998448349535465240e-02,-3.906654193997383118e-02,7.839354127645492554e-02,6.159093976020812988e-02,3.053716719150543213e-01,-5.265410542488098145e-01,9.807044863700866699e-01,1.943908482789993286e-01,-2.498365938663482666e-02,-6.580941379070281982e-02,-2.276736199855804443e-01,-3.075864911079406738e-01,7.658748626708984375e-01,3.187755942344665527e-01,-1.495343744754791260e-01,1.813487410545349121e-01,-3.406601771712303162e-02
-1.454532705247402191e-02,3.853741101920604706e-03,7.818459272384643555e-01,9.999569654464721680e-01,4.304709844291210175e-03,2.810631413012742996e-03,7.718476466834545135e-03,7.954277843236923218e-02,1.540361046791076660e-01,2.563780248165130615e-01,1.319679766893386841e-01,-1.706902682781219482e-01,-1.592860370874404907e-01,8.454356342554092407e-02,-1.643240004777908325e-01,-3.662779927253723145e-01,1.235134229063987732e-01,-1.714026182889938354e-01,1.459804028272628784e-01,-3.140742704272270203e-02,-5.042086541652679443e-02,7.238014787435531616e-02,6.652952730655670166e-02,3.135735988616943359e-01,-5.205640792846679688e-01,9.851741790771484375e-01,1.950183212757110596e-01,-2.666394412517547607e-02,-6.306120008230209351e-02,-2.755940258502960205e-01,-3.322297632694244385e-01,7.410338521003723145e-01,1.177825331687927246e-01,-1.520239412784576416e-01,1.762074083089828491e-01,-2.805533260107040405e-02
-1.394833624362945557e-02,3.702776972204446793e-03,7.819632291793823242e-01,9.999627470970153809e-01,4.298580810427665710e-03,2.973867114633321762e-03,6.868974305689334869e-03,7.999493926763534546e-02,1.549596488475799561e-01,2.584191560745239258e-01,1.315297633409500122e-01,-1.690193861722946167e-01,-1.601991951465606689e-01,8.532567322254180908e-02,-1.626096516847610474e-01,-3.619930446147918701e-01,1.203489378094673157e-01,-1.706759631633758545e-01,1.467749774456024170e-01,-3.290156275033950806e-02,-6.205675005912780762e-02,6.597104668617248535e-02,7.188303768634796143e-02,3.236605226993560791e-01,-5.137868523597717285e-01,9.862045049667358398e-01,1.940645128488540649e-01,-2.778862230479717255e-02,-6.061636283993721008e-02,-3.444726169109344482e-01,-3.588031828403472900e-01,6.983976364135742188e-01,-8.116783946752548218e-02,-1.239861622452735901e-01,1.675900220870971680e-01,-4.401434212923049927e-02
-1.328681781888008118e-02,3.882515244185924530e-03,7.819826006889343262e-01,9.999713897705078125e-01,4.403496626764535904e-03,3.035373752936720848e-03,5.354079883545637131e-03,8.111893385648727417e-02,1.554796546697616577e-01,2.625375986099243164e-01,1.313640028238296509e-01,-1.684789806604385376e-01,-1.612534821033477783e-01,8.441948145627975464e-02,-1.618722677230834961e-01,-3.558010458946228027e-01,1.188414990901947021e-01,-1.706137955188751221e-01,1.480223685503005981e-01,-3.444437310099601746e-02,-7.294186949729919434e-02,6.012229621410369873e-02,7.873038947582244873e-02,3.344571590423583984e-01,-5.060350298881530762e-01,9.819909334182739258e-01,1.921854913234710693e-01,-2.778989635407924652e-02,-5.954985693097114563e-02,-4.363583028316497803e-01,-3.862580955028533936e-01,6.384353041648864746e-01,-2.553316652774810791e-01,-7.702097296714782715e-02,1.597494781017303467e-01,-9.073670953512191772e-02
-1.258608791977167130e-02,4.209751728922128677e-03,7.818340659141540527e-01,9.999801516532897949e-01,4.562980495393276215e-03,2.834054408594965935e-03,3.290767082944512367e-03,8.344567567110061646e-02,1.554888486862182617e-01,2.683493196964263916e-01,1.318703144788742065e-01,-1.698150336742401123e-01,-1.624764651060104370e-01,8.269549906253814697e-02,-1.621288955211639404e-01,-3.488105833530426025e-01,1.194107979536056519e-01,-1.716096997261047363e-01,1.491950154304504395e-01,-3.611430525779724121e-02,-8.192147314548492432e-02,5.537497997283935547e-02,8.691306412220001221e-02,3.436157405376434326e-01,-4.970406889915466309e-01,9.753025174140930176e-01,1.914867609739303589e-01,-2.545378915965557098e-02,-6.001680344343185425e-02,-5.572977066040039062e-01,-4.136822223663330078e-01,5.677596926689147949e-01,-3.847174942493438721e-01,-4.744346067309379578e-02,1.544114649295806885e-01,-1.573934704065322876e-01
-1.190693862736225128e-02,4.796912893652915955e-03,7.815718650817871094e-01,9.999861717224121094e-01,4.532263148576021194e-03,2.514035673812031746e-03,8.952204952947795391e-04,8.652943372726440430e-02,1.555836349725723267e-01,2.745701372623443604e-01,1.333417743444442749e-01,-1.731323897838592529e-01,-1.637892872095108032e-01,8.078996092081069946e-02,-1.625403016805648804e-01,-3.422824144363403320e-01,1.212469860911369324e-01,-1.731336265802383423e-01,1.504478156566619873e-01,-3.883216902613639832e-02,-8.734019100666046143e-02,5.127355828881263733e-02,9.568722546100616455e-02,3.491873145103454590e-01,-4.850912094116210938e-01,9.686226844787597656e-01,1.946602016687393188e-01,-2.152532339096069336e-02,-6.146992743015289307e-02,-7.136540412902832031e-01,-4.447551667690277100e-01,4.942119419574737549e-01,-4.570662081241607666e-01,-4.679590463638305664e-02,1.503822505474090576e-01,-2.232180088758468628e-01
-1.115473359823226929e-02,5.504873581230640411e-03,7.814437747001647949e-01,9.999876022338867188e-01,4.191991407424211502e-03,2.537979045882821083e-03,-8.618035353720188141e-04,8.832010626792907715e-02,1.559952348470687866e-01,2.784504592418670654e-01,1.349416226148605347e-01,-1.762889623641967773e-01,-1.649141460657119751e-01,7.926458120346069336e-02,-1.624919027090072632e-01,-3.379186689853668213e-01,1.228139400482177734e-01,-1.739147752523422241e-01,1.517417579889297485e-01,-4.402462765574455261e-02,-8.881203830242156982e-02,4.691901803016662598e-02,1.044023856520652771e-01,3.511218726634979248e-01,-4.711769819259643555e-01,9.627624154090881348e-01,2.012198120355606079e-01,-1.946645416319370270e-02,-6.460113823413848877e-02,-9.014053940773010254e-01,-4.852477312088012695e-01,4.332374930381774902e-01,-4.715423285961151123e-01,-4.568069800734519958e-02,1.494213342666625977e-01,-2.774058282375335693e-01
-1.009599119424819946e-02,6.137234624475240707e-03,7.816321849822998047e-01,9.999864101409912109e-01,3.853331552818417549e-03,3.379694418981671333e-03,-9.647608967497944832e-04,8.704180270433425903e-02,1.560062617063522339e-01,2.784239351749420166e-01,1.354955732822418213e-01,-1.773640662431716919e-01,-1.649844497442245483e-01,7.802788913249969482e-02,-1.625926792621612549e-01,-3.370195031166076660e-01,1.232485771179199219e-01,-1.735665202140808105e-01,1.525459289550781250e-01,-5.141128972172737122e-02,-8.844669163227081299e-02,4.170521721243858337e-02,1.121705770492553711e-01,3.510800898075103760e-01,-4.582699239253997803e-01,9.573619365692138672e-01,2.080017030239105225e-01,-2.071497030556201935e-02,-6.892348825931549072e-02,-1.108500480651855469e+00,-5.356160998344421387e-01,3.934602439403533936e-01,-4.377693831920623779e-01,-2.106911502778530121e-02,1.511760652065277100e-01,-3.206462264060974121e-01
-8.645032532513141632e-03,6.626554299145936966e-03,7.820379137992858887e-01,9.999805092811584473e-01,3.759845858439803123e-03,4.964238032698631287e-03,4.324585315771400928e-04,8.403330296277999878e-02,1.551450341939926147e-01,2.754096984863281250e-01,1.347684413194656372e-01,-1.762789487838745117e-01,-1.633159518241882324e-01,7.728721946477890015e-02,-1.633087843656539917e-01,-3.391506969928741455e-01,1.229016929864883423e-01,-1.726082712411880493e-01,1.531458050012588501e-01,-5.820079520344734192e-02,-8.823856711387634277e-02,3.663624450564384460e-02,1.160952299833297729e-01,3.504583537578582764e-01,-4.466005563735961914e-01,9.526855945587158203e-01,2.140734791755676270e-01,-2.459473535418510437e-02,-7.150149345397949219e-02,-1.327847957611083984e+00,-5.966911315917968750e-01,3.743797540664672852e-01,-3.631705045700073242e-01,2.608325518667697906e-02,1.515145897865295410e-01,-3.584605157375335693e-01
-6.796582601964473724e-03,6.925239227712154388e-03,7.825188636779785156e-01,9.999655485153198242e-01,3.966497723013162613e-03,6.670184899121522903e-03,2.931107766926288605e-03,8.129391819238662720e-02,1.539117395877838135e-01,2.709256112575531006e-01,1.339508593082427979e-01,-1.743646711111068726e-01,-1.601617187261581421e-01,7.790528237819671631e-02,-1.644069999456405640e-01,-3.431485295295715332e-01,1.226554885506629944e-01,-1.728318929672241211e-01,1.536221355199813843e-01,-6.062360852956771851e-02,-8.971217274665832520e-02,3.287743777036666870e-02,1.122549995779991150e-01,3.503870069980621338e-01,-4.384075701236724854e-01,9.497160315513610840e-01,2.202098965644836426e-01,-2.897319756448268890e-02,-6.996750086545944214e-02,-1.552455902099609375e+00,-6.704750061035156250e-01,3.810991942882537842e-01,-2.541674971580505371e-01,8.188278973102569580e-02,1.484459340572357178e-01,-3.891903758049011230e-01
-4.515364766120910645e-03,6.928298156708478928e-03,7.829536795616149902e-01,9.999431371688842773e-01,4.183081444352865219e-03,7.785282563418149948e-03,5.970662925392389297e-03,8.105925470590591431e-02,1.534431129693984985e-01,2.664459645748138428e-01,1.326451003551483154e-01,-1.721769124269485474e-01,-1.575246453285217285e-01,8.157747983932495117e-02,-1.648316234350204468e-01,-3.477068245410919189e-01,1.222099065780639648e-01,-1.752127856016159058e-01,1.538634151220321655e-01,-5.811761319637298584e-02,-9.486428648233413696e-02,2.956291660666465759e-02,9.952746331691741943e-02,3.522844314575195312e-01,-4.339662790298461914e-01,9.530291557312011719e-01,2.249687016010284424e-01,-3.096880577504634857e-02,-6.581913679838180542e-02,-1.768082618713378906e+00,-7.510632276535034180e-01,4.120616912841796875e-01,-1.258744746446609497e-01,1.342584043741226196e-01,1.409194022417068481e-01,-4.052405655384063721e-01
-1.799611374735832214e-03,6.533419713377952576e-03,7.833878397941589355e-01,9.999193549156188965e-01,4.167919047176837921e-03,8.228753693401813507e-03,8.730433881282806396e-03,8.414667844772338867e-02,1.541538238525390625e-01,2.630199193954467773e-01,1.295046359300613403e-01,-1.695775985717773438e-01,-1.574528515338897705e-01,8.784230798482894897e-02,-1.640452593564987183e-01,-3.516707122325897217e-01,1.213540434837341309e-01,-1.780536174774169922e-01,1.545131802558898926e-01,-5.463892593979835510e-02,-1.052278801798820496e-01,2.326763421297073364e-02,8.432649821043014526e-02,3.562789559364318848e-01,-4.292764663696289062e-01,9.677093625068664551e-01,2.281557023525238037e-01,-2.988604269921779633e-02,-6.117385625839233398e-02,-1.948676109313964844e+00,-8.245299458503723145e-01,4.521791338920593262e-01,7.427895441651344299e-03,1.803684979677200317e-01,1.295536756515502930e-01,-4.070450067520141602e-01
1.243762322701513767e-03,5.762417335063219070e-03,7.838035225868225098e-01,9.998959302902221680e-01,4.017626866698265076e-03,8.329140953719615936e-03,1.106874737888574600e-02,8.951304107904434204e-02,1.557429432868957520e-01,2.604221999645233154e-01,1.252120435237884521e-01,-1.666477024555206299e-01,-1.595350056886672974e-01,9.512923657894134521e-02,-1.623804122209548950e-01,-3.551470041275024414e-01,1.201408728957176208e-01,-1.803411394357681274e-01,1.560391783714294434e-01,-5.266424268484115601e-02,-1.212253943085670471e-01,1.171212922781705856e-02,7.158456742763519287e-02,3.625878095626831055e-01,-4.244070947170257568e-01,9.922558069229125977e-01,2.319023907184600830e-01,-2.612040191888809204e-02,-5.720128118991851807e-02,-2.103883743286132812e+00,-8.861474394798278809e-01,5.059182047843933105e-01,1.483998745679855347e-01,2.215006053447723389e-01,1.148550882935523987e-01,-3.980144858360290527e-01
4.415560513734817505e-03,4.634900484234094620e-03,7.841544151306152344e-01,9.998730421066284180e-01,3.783092601224780083e-03,8.307123556733131409e-03,1.305723935365676880e-02,9.575158357620239258e-02,1.580697596073150635e-01,2.580172419548034668e-01,1.210913136601448059e-01,-1.632278561592102051e-01,-1.628074347972869873e-01,1.023817509412765503e-01,-1.599965393543243408e-01,-3.583034574985504150e-01,1.189699023962020874e-01,-1.819642633199691772e-01,1.580071151256561279e-01,-5.367567017674446106e-02,-1.426069587469100952e-01,-5.640606861561536789e-03,6.404750794172286987e-02,3.712078332901000977e-01,-4.209167659282684326e-01,1.023012638092041016e+00,2.357517331838607788e-01,-2.039928361773490906e-02,-5.581314116716384888e-02,-2.243663311004638672e+00,-9.385777115821838379e-01,5.796520113945007324e-01,2.977999150753021240e-01,2.661137878894805908e-01,1.004436612129211426e-01,-3.807488977909088135e-01
7.403574883937835693e-03,3.187847090885043144e-03,7.844436764717102051e-01,9.998548030853271484e-01,3.467944683507084846e-03,8.172255009412765503e-03,1.454656571149826050e-02,1.018414571881294250e-01,1.610230058431625366e-01,2.554755508899688721e-01,1.183122768998146057e-01,-1.591416150331497192e-01,-1.667753756046295166e-01,1.087143644690513611e-01,-1.569745391607284546e-01,-3.601236641407012939e-01,1.182242333889007568e-01,-1.830617189407348633e-01,1.588942706584930420e-01,-5.788312107324600220e-02,-1.671550124883651733e-01,-2.794685587286949158e-02,6.180001795291900635e-02,3.811388909816741943e-01,-4.189485013484954834e-01,1.057523846626281738e+00,2.387692332267761230e-01,-1.430257316678762436e-02,-5.807745084166526794e-02,-2.362460136413574219e+00,-9.813366532325744629e-01,6.662405729293823242e-01,4.507737457752227783e-01,3.225429356098175049e-01,9.141059964895248413e-02,-3.580073714256286621e-01
1.013071835041046143e-02,1.589559717103838921e-03,7.847805023193359375e-01,9.998424649238586426e-01,3.066214965656399727e-03,8.193141780793666840e-03,1.544381678104400635e-02,1.070173084735870361e-01,1.645721346139907837e-01,2.537681758403778076e-01,1.166368126869201660e-01,-1.541375815868377686e-01,-1.708194911479949951e-01,1.134592294692993164e-01,-1.536096334457397461e-01,-3.602807819843292236e-01,1.178311333060264587e-01,-1.827976256608963013e-01,1.587503254413604736e-01,-6.399543583393096924e-02,-1.923388987779617310e-01,-5.383198335766792297e-02,6.308185309171676636e-02,3.911721110343933105e-01,-4.193161725997924805e-01,1.094161748886108398e+00,2.391072213649749756e-01,-7.706164848059415817e-03,-6.246136501431465149e-02,-2.460309028625488281e+00,-1.011814594268798828e+00,7.636235356330871582e-01,6.083146929740905762e-01,3.915762901306152344e-01,9.026604145765304565e-02,-3.297787606716156006e-01
1.260699145495891571e-02,-7.628393359482288361e-05,7.852288484573364258e-01,9.998355507850646973e-01,2.612179378047585487e-03,8.609628304839134216e-03,1.574675552546977997e-02,1.107330173254013062e-01,1.688639372587203979e-01,2.539280056953430176e-01,1.154965683817863464e-01,-1.486708372831344604e-01,-1.755915880203247070e-01,1.161761432886123657e-01,-1.501098722219467163e-01,-3.591755926609039307e-01,1.178331896662712097e-01,-1.816004514694213867e-01,1.579296290874481201e-01,-7.063610851764678955e-02,-2.172187566757202148e-01,-8.206960558891296387e-02,6.577838212251663208e-02,4.006255865097045898e-01,-4.221008121967315674e-01,1.131178379058837891e+00,2.362039834260940552e-01,-5.697140586562454700e-04,-6.759180128574371338e-02,-2.545871019363403320e+00,-1.028699874877929688e+00,8.733631968498229980e-01,7.698756456375122070e-01,4.691717326641082764e-01,9.900914877653121948e-02,-2.934023737907409668e-01
1.490924321115016937e-02,-1.798087148927152157e-03,7.857704162597656250e-01,9.998365640640258789e-01,2.008961513638496399e-03,9.461854584515094757e-03,1.527241431176662445e-02,1.134551018476486206e-01,1.737569272518157959e-01,2.560737431049346924e-01,1.146175712347030640e-01,-1.428437232971191406e-01,-1.811946183443069458e-01,1.170447841286659241e-01,-1.464037299156188965e-01,-3.565396964550018311e-01,1.180166453123092651e-01,-1.791073381900787354e-01,1.570681929588317871e-01,-7.609173655509948730e-02,-2.403559237718582153e-01,-1.106543615460395813e-01,6.751657277345657349e-02,4.083016812801361084e-01,-4.271804392337799072e-01,1.167566537857055664e+00,2.308544665575027466e-01,6.753447931259870529e-03,-7.216490805149078369e-02,-2.620716333389282227e+00,-1.031406998634338379e+00,9.844014048576354980e-01,9.260472059249877930e-01,5.429123044013977051e-01,1.171310171484947205e-01,-2.509608864784240723e-01
1.675801910459995270e-02,-3.226349828764796257e-03,7.864811420440673828e-01,9.998447895050048828e-01,1.105759642086923122e-03,1.059028785675764084e-02,1.403579395264387131e-02,1.152433902025222778e-01,1.790322065353393555e-01,2.594365775585174561e-01,1.136610880494117737e-01,-1.364870071411132812e-01,-1.876176446676254272e-01,1.164863854646682739e-01,-1.418913304805755615e-01,-3.521417379379272461e-01,1.177326664328575134e-01,-1.749197989702224731e-01,1.566450297832489014e-01,-7.973339408636093140e-02,-2.606237828731536865e-01,-1.375743746757507324e-01,6.720240414142608643e-02,4.134412109851837158e-01,-4.342547953128814697e-01,1.204509496688842773e+00,2.245322912931442261e-01,1.315387338399887085e-02,-7.570629566907882690e-02,-2.687114953994750977e+00,-1.021916627883911133e+00,1.089266777038574219e+00,1.063255310058593750e+00,5.966708660125732422e-01,1.422685235738754272e-01,-2.079273462295532227e-01
1.832731440663337708e-02,-4.383832681924104691e-03,7.874715924263000488e-01,9.998563528060913086e-01,-4.656638702726922929e-05,1.195730082690715790e-02,1.201263442635536194e-02,1.158420890569686890e-01,1.845079511404037476e-01,2.638384699821472168e-01,1.127036735415458679e-01,-1.290779560804367065e-01,-1.942026466131210327e-01,1.148342788219451904e-01,-1.367411315441131592e-01,-3.467068672180175781e-01,1.168675124645233154e-01,-1.685373485088348389e-01,1.571320593357086182e-01,-8.140580356121063232e-02,-2.772085666656494141e-01,-1.618179827928543091e-01,6.648535281419754028e-02,4.158487021923065186e-01,-4.417313337326049805e-01,1.240972280502319336e+00,2.169775664806365967e-01,1.795036718249320984e-02,-7.793473452329635620e-02,-2.746568441390991211e+00,-1.003429412841796875e+00,1.188286304473876953e+00,1.180258512496948242e+00,6.208505034446716309e-01,1.738732606172561646e-01,-1.658800095319747925e-01
1.958281360566616058e-02,-5.213882308453321457e-03,7.887648344039916992e-01,9.998703002929687500e-01,-1.323141041211783886e-03,1.312463358044624329e-02,9.238603524863719940e-03,1.167580783367156982e-01,1.898164451122283936e-01,2.692868411540985107e-01,1.118933558464050293e-01,-1.201917752623558044e-01,-1.997948437929153442e-01,1.128334254026412964e-01,-1.315495371818542480e-01,-3.399640917778015137e-01,1.156365349888801575e-01,-1.590004712343215942e-01,1.584818363189697266e-01,-8.112261444330215454e-02,-2.891069054603576660e-01,-1.810695230960845947e-01,6.456857174634933472e-02,4.154948294162750244e-01,-4.462140202522277832e-01,1.272150635719299316e+00,2.076060026884078979e-01,2.043758705258369446e-02,-7.946613430976867676e-02,-2.793270111083984375e+00,-9.823791980743408203e-01,1.267294645309448242e+00,1.270364999771118164e+00,6.158982515335083008e-01,2.067232578992843628e-01,-1.292550116777420044e-01
2.059385925531387329e-02,-5.708066280931234360e-03,7.903015017509460449e-01,9.998859167098999023e-01,-2.473992528393864632e-03,1.351861469447612762e-02,6.267377175390720367e-03,1.191621124744415283e-01,1.942113339900970459e-01,2.744009792804718018e-01,1.113790571689605713e-01,-1.085804477334022522e-01,-2.037537097930908203e-01,1.118785440921783447e-01,-1.272183060646057129e-01,-3.322700262069702148e-01,1.147201955318450928e-01,-1.464650034904479980e-01,1.601737886667251587e-01,-7.952701300382614136e-02,-2.978352904319763184e-01,-1.937699019908905029e-01,6.182862445712089539e-02,4.133830666542053223e-01,-4.464264512062072754e-01,1.295114517211914062e+00,1.976238787174224854e-01,2.097558602690696716e-02,-8.050171285867691040e-02,-2.825739145278930664e+00,-9.648582339286804199e-01,1.320285558700561523e+00,1.336737990379333496e+00,5.948421955108642578e-01,2.369600087404251099e-01,-9.768047183752059937e-02
2.139666303992271423e-02,-5.920975469052791595e-03,7.919121980667114258e-01,9.999021291732788086e-01,-3.329521976411342621e-03,1.313591934740543365e-02,3.459131345152854919e-03,1.228981986641883850e-01,1.973881274461746216e-01,2.786798477172851562e-01,1.115216091275215149e-01,-9.534694254398345947e-02,-2.065526098012924194e-01,1.122372597455978394e-01,-1.240954846143722534e-01,-3.242693841457366943e-01,1.145068928599357605e-01,-1.330406665802001953e-01,1.620798408985137939e-01,-7.718247920274734497e-02,-3.054044246673583984e-01,-2.011779397726058960e-01,5.954069271683692932e-02,4.105510413646697998e-01,-4.429064691066741943e-01,1.310837388038635254e+00,1.870186626911163330e-01,2.064305730164051056e-02,-8.044078946113586426e-02,-2.846973896026611328e+00,-9.524628520011901855e-01,1.356777429580688477e+00,1.389640569686889648e+00,5.737966299057006836e-01,2.662586271762847900e-01,-6.565491855144500732e-02
2.202246151864528656e-02,-5.864568054676055908e-03,7.934116721153259277e-01,9.999184012413024902e-01,-3.951739985495805740e-03,1.208589505404233932e-02,1.226737396791577339e-03,1.268023699522018433e-01,1.997989863157272339e-01,2.822400033473968506e-01,1.128297969698905945e-01,-8.296274393796920776e-02,-2.082300335168838501e-01,1.137286126613616943e-01,-1.220756992697715759e-01,-3.171352446079254150e-01,1.153742820024490356e-01,-1.199130043387413025e-01,1.637696027755737305e-01,-7.446317374706268311e-02,-3.127219378948211670e-01,-2.044673711061477661e-01,5.895357951521873474e-02,4.070374965667724609e-01,-4.342564642429351807e-01,1.320386171340942383e+00,1.743707358837127686e-01,1.962136477231979370e-02,-8.021857589483261108e-02,-2.857975244522094727e+00,-9.413942694664001465e-01,1.386260986328125000e+00,1.441364288330078125e+00,5.664778351783752441e-01,3.039343655109405518e-01,-1.973082683980464935e-02
2.244890108704566956e-02,-5.460189189761877060e-03,7.945325374603271484e-01,9.999328851699829102e-01,-4.419373814016580582e-03,1.070437673479318619e-02,-1.544629049021750689e-04,1.287669986486434937e-01,2.016821950674057007e-01,2.844475805759429932e-01,1.157262325286865234e-01,-7.569208741188049316e-02,-2.095369249582290649e-01,1.147805750370025635e-01,-1.216262057423591614e-01,-3.123439550399780273e-01,1.177000775933265686e-01,-1.089096590876579285e-01,1.649050116539001465e-01,-7.131785899400711060e-02,-3.191105127334594727e-01,-2.039696127176284790e-01,6.057590618729591370e-02,4.022990465164184570e-01,-4.192526340484619141e-01,1.320468902587890625e+00,1.559924185276031494e-01,1.893361471593379974e-02,-7.842630147933959961e-02,-2.859499454498291016e+00,-9.233500957489013672e-01,1.412963747978210449e+00,1.500897765159606934e+00,5.985006690025329590e-01,3.698698282241821289e-01,6.734590232372283936e-02
2.325925417244434357e-02,-4.260604269802570343e-03,7.961080670356750488e-01,9.999492764472961426e-01,-4.916634876281023026e-03,8.781087584793567657e-03,-2.941144921351224184e-04,1.252106130123138428e-01,2.038091868162155151e-01,2.843712866306304932e-01,1.193178296089172363e-01,-6.654103100299835205e-02,-2.120035439729690552e-01,1.173710599541664124e-01,-1.246518194675445557e-01,-3.124870359897613525e-01,1.211948394775390625e-01,-9.573300927877426147e-02,1.672324836254119873e-01,-6.410319358110427856e-02,-3.220993876457214355e-01,-1.989144235849380493e-01,6.011340022087097168e-02,3.999435603618621826e-01,-4.019751846790313721e-01,1.317428708076477051e+00,1.513426154851913452e-01,2.168385311961174011e-02,-7.573174685239791870e-02,-2.875556230545043945e+00,-9.020118117332458496e-01,1.431705236434936523e+00,1.545058012008666992e+00,6.615861654281616211e-01,4.564420878887176514e-01,1.658740341663360596e-01
2.362117730081081390e-02,-3.447179449722170830e-03,7.976690530776977539e-01,9.999628067016601562e-01,-4.085010848939418793e-03,7.401805836707353592e-03,-1.696529099717736244e-03,1.327245235443115234e-01,1.981706470251083374e-01,2.807179987430572510e-01,1.184704303741455078e-01,-4.659825935959815979e-02,-2.150304764509201050e-01,1.197083294391632080e-01,-1.248621568083763123e-01,-3.104943633079528809e-01,1.199696287512779236e-01,-8.862777054309844971e-02,1.704214811325073242e-01,-6.094172596931457520e-02,-3.238396942615509033e-01,-1.944954544305801392e-01,5.236069485545158386e-02,3.954600989818572998e-01,-4.249294996261596680e-01,1.322208166122436523e+00,1.578649580478668213e-01,1.735125109553337097e-02,-7.396707683801651001e-02,-2.862116098403930664e+00,-9.127621650695800781e-01,1.433028101921081543e+00,1.500268220901489258e+00,6.136918663978576660e-01,3.715804517269134521e-01,6.901087611913681030e-02
2.432426065206527710e-02,-2.543380949646234512e-03,7.989719510078430176e-01,9.999685287475585938e-01,-3.997621592134237289e-03,6.570092868059873581e-03,-1.946616335771977901e-03,1.346483230590820312e-01,1.965449899435043335e-01,2.789676487445831299e-01,1.186171248555183411e-01,-3.625705093145370483e-02,-2.170211821794509888e-01,1.220503821969032288e-01,-1.263491213321685791e-01,-3.099314272403717041e-01,1.192947179079055786e-01,-7.912701368331909180e-02,1.733731329441070557e-01,-5.781858414411544800e-02,-3.237564861774444580e-01,-1.923037767410278320e-01,4.929756745696067810e-02,3.933821916580200195e-01,-4.365661144256591797e-01,1.324850559234619141e+00,1.643345206975936890e-01,1.684867776930332184e-02,-7.846258580684661865e-02,-2.860198020935058594e+00,-9.158282876014709473e-01,1.441007733345031738e+00,1.484429359436035156e+00,5.913901329040527344e-01,3.344903886318206787e-01,3.353219106793403625e-02
2.486628666520118713e-02,-1.877427450381219387e-03,7.999430298805236816e-01,9.999707341194152832e-01,-4.136502742767333984e-03,6.254732608795166016e-03,-1.505219843238592148e-03,1.347053050994873047e-01,1.959635317325592041e-01,2.769968211650848389e-01,1.189821437001228333e-01,-3.066994249820709229e-02,-2.175696492195129395e-01,1.226037293672561646e-01,-1.273536235094070435e-01,-3.106853663921356201e-01,1.187455654144287109e-01,-7.072012871503829956e-02,1.757969558238983154e-01,-5.635866895318031311e-02,-3.227808475494384766e-01,-1.916806548833847046e-01,4.707516729831695557e-02,3.924790322780609131e-01,-4.459135234355926514e-01,1.329271674156188965e+00,1.685487031936645508e-01,1.580645702779293060e-02,-8.122219890356063843e-02,-2.856741905212402344e+00,-9.192067980766296387e-01,1.448774218559265137e+00,1.474224209785461426e+00,5.817790031433105469e-01,3.112195730209350586e-01,1.370099093765020370e-02
2.530777826905250549e-02,-1.455562887713313103e-03,8.007174730300903320e-01,9.999725818634033203e-01,-4.250712692737579346e-03,6.027999334037303925e-03,-6.368210306391119957e-04,1.343014389276504517e-01,1.954692304134368896e-01,2.745474874973297119e-01,1.192508190870285034e-01,-2.668132074177265167e-02,-2.172926217317581177e-01,1.228190809488296509e-01,-1.281761527061462402e-01,-3.121099174022674561e-01,1.183322221040725708e-01,-6.396730989217758179e-02,1.778167486190795898e-01,-5.615299940109252930e-02,-3.220080733299255371e-01,-1.916359364986419678e-01,4.662097617983818054e-02,3.931091129779815674e-01,-4.533659815788269043e-01,1.333850264549255371e+00,1.700716018676757812e-01,1.486303657293319702e-02,-8.272345364093780518e-02,-2.850996971130371094e+00,-9.229543209075927734e-01,1.454941272735595703e+00,1.467320084571838379e+00,5.767370462417602539e-01,2.960495650768280029e-01,-3.866676706820726395e-04
2.569676190614700317e-02,-1.180658116936683655e-03,8.013039231300354004e-01,9.999738335609436035e-01,-4.268459975719451904e-03,5.812090821564197540e-03,5.420225206762552261e-04,1.334126740694046021e-01,1.948319375514984131e-01,2.716684043407440186e-01,1.193632781505584717e-01,-2.353462949395179749e-02,-2.172908186912536621e-01,1.234114393591880798e-01,-1.291286796331405640e-01,-3.139037787914276123e-01,1.181553155183792114e-01,-5.882229655981063843e-02,1.797122210264205933e-01,-5.614006519317626953e-02,-3.217045068740844727e-01,-1.919710785150527954e-01,4.685370624065399170e-02,3.952586948871612549e-01,-4.590327143669128418e-01,1.337386727333068848e+00,1.706941872835159302e-01,1.438311953097581863e-02,-8.385995030403137207e-02,-2.844844341278076172e+00,-9.256384968757629395e-01,1.458972692489624023e+00,1.465178370475769043e+00,5.738797783851623535e-01,2.867693603038787842e-01,-9.524791501462459564e-03
2.607138827443122864e-02,-1.022976357489824295e-03,8.017876148223876953e-01,9.999740719795227051e-01,-4.184172488749027252e-03,5.561680532991886139e-03,1.865806756541132927e-03,1.327958554029464722e-01,1.940013021230697632e-01,2.685203254222869873e-01,1.192281991243362427e-01,-2.024098299443721771e-02,-2.173944562673568726e-01,1.244007721543312073e-01,-1.301658451557159424e-01,-3.155100643634796143e-01,1.185235157608985901e-01,-5.527875944972038269e-02,1.810706853866577148e-01,-5.590702220797538757e-02,-3.218162655830383301e-01,-1.919190585613250732e-01,4.725918918848037720e-02,3.988634347915649414e-01,-4.631067216396331787e-01,1.340418934822082520e+00,1.716555655002593994e-01,1.424930803477764130e-02,-8.451522886753082275e-02,-2.837273597717285156e+00,-9.280856251716613770e-01,1.462116360664367676e+00,1.464147806167602539e+00,5.704536437988281250e-01,2.784416377544403076e-01,-1.652275957167148590e-02
2.646666206419467926e-02,-9.101890609599649906e-04,8.021515607833862305e-01,9.999731183052062988e-01,-4.017841070890426636e-03,5.257392767816781998e-03,3.154099918901920319e-03,1.324278414249420166e-01,1.931353658437728882e-01,2.656436562538146973e-01,1.190280467271804810e-01,-1.742594130337238312e-02,-2.174595445394515991e-01,1.257558315992355347e-01,-1.311335712671279907e-01,-3.171297907829284668e-01,1.191712468862533569e-01,-5.310303717851638794e-02,1.821770071983337402e-01,-5.526881292462348938e-02,-3.222648799419403076e-01,-1.917205005884170532e-01,4.817657172679901123e-02,4.034026563167572021e-01,-4.664773941040039062e-01,1.342748761177062988e+00,1.719946712255477905e-01,1.433097664266824722e-02,-8.422775566577911377e-02,-2.829782962799072266e+00,-9.300839900970458984e-01,1.465111136436462402e+00,1.464646577835083008e+00,5.675526857376098633e-01,2.709331512451171875e-01,-2.157159894704818726e-02
2.689927816390991211e-02,-8.002279791980981827e-04,8.024092912673950195e-01,9.999710321426391602e-01,-3.832797752693295479e-03,4.829797893762588501e-03,4.463410004973411560e-03,1.324236989021301270e-01,1.924769431352615356e-01,2.631093263626098633e-01,1.189384311437606812e-01,-1.520476676523685455e-02,-2.174454331398010254e-01,1.274678111076354980e-01,-1.318534910678863525e-01,-3.188988864421844482e-01,1.200216412544250488e-01,-5.198136344552040100e-02,1.827128231525421143e-01,-5.437728017568588257e-02,-3.226529359817504883e-01,-1.912269741296768188e-01,4.913644492626190186e-02,4.081898331642150879e-01,-4.686996936798095703e-01,1.344042539596557617e+00,1.708193570375442505e-01,1.443224027752876282e-02,-8.275581151247024536e-02,-2.822960138320922852e+00,-9.310137629508972168e-01,1.468218803405761719e+00,1.465877413749694824e+00,5.665500164031982422e-01,2.638167440891265869e-01,-2.526436373591423035e-02
2.730670012533664703e-02,-7.305295439437031746e-04,8.025145530700683594e-01,9.999679327011108398e-01,-3.572852583602070808e-03,4.248409997671842575e-03,5.761032924056053162e-03,1.328523010015487671e-01,1.918297410011291504e-01,2.606983184814453125e-01,1.189297735691070557e-01,-1.366925612092018127e-02,-2.173143476247787476e-01,1.294718086719512939e-01,-1.324627101421356201e-01,-3.208664655685424805e-01,1.207959875464439392e-01,-5.170670151710510254e-02,1.829989850521087646e-01,-5.310922116041183472e-02,-3.228422403335571289e-01,-1.903364360332489014e-01,4.931789264082908630e-02,4.127775430679321289e-01,-4.702012240886688232e-01,1.344667315483093262e+00,1.692044734954833984e-01,1.463538967072963715e-02,-8.047345280647277832e-02,-2.817302942276000977e+00,-9.307441711425781250e-01,1.471525311470031738e+00,1.466893911361694336e+00,5.664890408515930176e-01,2.567587196826934814e-01,-2.828893810510635376e-02
2.764618955552577972e-02,-7.706701871939003468e-04,8.024780750274658203e-01,9.999632239341735840e-01,-3.264691680669784546e-03,3.634299617260694504e-03,7.049552630633115768e-03,1.333818286657333374e-01,1.912594288587570190e-01,2.586038410663604736e-01,1.192801743745803833e-01,-1.313084084540605545e-02,-2.168905884027481079e-01,1.315625756978988647e-01,-1.330080330371856689e-01,-3.232775330543518066e-01,1.214849650859832764e-01,-5.226103961467742920e-02,1.830084174871444702e-01,-5.183016508817672729e-02,-3.228478133678436279e-01,-1.895396858453750610e-01,4.946185648441314697e-02,4.169744253158569336e-01,-4.708942770957946777e-01,1.345432758331298828e+00,1.675931662321090698e-01,1.495436578989028931e-02,-7.779523730278015137e-02,-2.810713052749633789e+00,-9.301133751869201660e-01,1.473805665969848633e+00,1.466448307037353516e+00,5.664194226264953613e-01,2.498358190059661865e-01,-3.062398359179496765e-02
2.785610407590866089e-02,-9.330899920314550400e-04,8.023521304130554199e-01,9.999570250511169434e-01,-2.813497791066765785e-03,3.021165961399674416e-03,8.306230418384075165e-03,1.337941437959671021e-01,1.904754340648651123e-01,2.564981579780578613e-01,1.198477968573570251e-01,-1.293434575200080872e-02,-2.161465138196945190e-01,1.335723698139190674e-01,-1.339117735624313354e-01,-3.259193897247314453e-01,1.223187297582626343e-01,-5.362983047962188721e-02,1.827548444271087646e-01,-5.061872303485870361e-02,-3.228078782558441162e-01,-1.887730062007904053e-01,4.954196512699127197e-02,4.204380512237548828e-01,-4.704617261886596680e-01,1.346566319465637207e+00,1.663480848073959351e-01,1.532365567982196808e-02,-7.567909359931945801e-02,-2.803096771240234375e+00,-9.283942580223083496e-01,1.473997712135314941e+00,1.465854406356811523e+00,5.652087926864624023e-01,2.447478920221328735e-01,-3.173131123185157776e-02
2.788662537932395935e-02,-1.203822204843163490e-03,8.020945787429809570e-01,9.999497532844543457e-01,-2.263854956254363060e-03,2.362241968512535095e-03,9.470599703490734100e-03,1.341302245855331421e-01,1.896348595619201660e-01,2.547706067562103271e-01,1.206622868776321411e-01,-1.432308461517095566e-02,-2.150584906339645386e-01,1.355230808258056641e-01,-1.350609511137008667e-01,-3.287309110164642334e-01,1.232164800167083740e-01,-5.623717233538627625e-02,1.824846863746643066e-01,-4.941360279917716980e-02,-3.225910961627960205e-01,-1.876638829708099365e-01,4.956313222646713257e-02,4.229940474033355713e-01,-4.698726236820220947e-01,1.347108006477355957e+00,1.662153005599975586e-01,1.553975883871316910e-02,-7.398443669080734253e-02,-2.795583724975585938e+00,-9.258023500442504883e-01,1.471979260444641113e+00,1.464909076690673828e+00,5.634135007858276367e-01,2.423242926597595215e-01,-3.305126354098320007e-02
2.779211290180683136e-02,-1.526291831396520138e-03,8.017140626907348633e-01,9.999424219131469727e-01,-1.637661131098866463e-03,1.674747909419238567e-03,1.047211978584527969e-02,1.346419304609298706e-01,1.887263804674148560e-01,2.534372210502624512e-01,1.213648617267608643e-01,-1.694948412477970123e-02,-2.140721380710601807e-01,1.375456303358078003e-01,-1.363759934902191162e-01,-3.313288390636444092e-01,1.239558532834053040e-01,-5.996576696634292603e-02,1.821871995925903320e-01,-4.805015400052070618e-02,-3.221435844898223877e-01,-1.858857572078704834e-01,4.857667908072471619e-02,4.246985614299774170e-01,-4.694197475910186768e-01,1.346944332122802734e+00,1.671317517757415771e-01,1.577298343181610107e-02,-7.230268418788909912e-02,-2.789334774017333984e+00,-9.217062592506408691e-01,1.467537283897399902e+00,1.464809536933898926e+00,5.602096915245056152e-01,2.418754100799560547e-01,-3.473940119147300720e-02
2.762555889785289764e-02,-1.881752279587090015e-03,8.012023568153381348e-01,9.999351501464843750e-01,-1.074120984412729740e-03,1.006543519906699657e-03,1.129380892962217331e-02,1.356003731489181519e-01,1.878644078969955444e-01,2.524755299091339111e-01,1.213067993521690369e-01,-2.121746353805065155e-02,-2.135200947523117065e-01,1.395740956068038940e-01,-1.375520527362823486e-01,-3.336560726165771484e-01,1.249155253171920776e-01,-6.527628004550933838e-02,1.813729554414749146e-01,-4.652262106537818909e-02,-3.214716315269470215e-01,-1.837627142667770386e-01,4.700092971324920654e-02,4.257041215896606445e-01,-4.697504043579101562e-01,1.346448183059692383e+00,1.687403768301010132e-01,1.605136319994926453e-02,-7.095427066087722778e-02,-2.784118890762329102e+00,-9.168620109558105469e-01,1.460921168327331543e+00,1.466423869132995605e+00,5.576602816581726074e-01,2.427403628826141357e-01,-3.639613464474678040e-02
2.739083766937255859e-02,-2.209965605288743973e-03,8.005682826042175293e-01,9.999294877052307129e-01,-5.926469457335770130e-04,4.721543518826365471e-04,1.184802222996950150e-02,1.372994482517242432e-01,1.870541125535964966e-01,2.520574629306793213e-01,1.203641295433044434e-01,-2.693600580096244812e-02,-2.132955342531204224e-01,1.418047100305557251e-01,-1.382974535226821899e-01,-3.353144228458404541e-01,1.251984089612960815e-01,-7.190264761447906494e-02,1.805447638034820557e-01,-4.499083757400512695e-02,-3.207769691944122314e-01,-1.816301792860031128e-01,4.480922967195510864e-02,4.258492290973663330e-01,-4.720982611179351807e-01,1.346536159515380859e+00,1.710326522588729858e-01,1.626984775066375732e-02,-6.995628774166107178e-02,-2.780344247817993164e+00,-9.117473959922790527e-01,1.453914046287536621e+00,1.469138503074645996e+00,5.576965808868408203e-01,2.428831458091735840e-01,-3.883653506636619568e-02
2.708816900849342346e-02,-2.526626689359545708e-03,7.998660802841186523e-01,9.999261498451232910e-01,-2.093166986014693975e-04,6.308575393632054329e-05,1.214990578591823578e-02,1.391572207212448120e-01,1.864857673645019531e-01,2.521059811115264893e-01,1.191895604133605957e-01,-3.378712013363838196e-02,-2.133692651987075806e-01,1.441808938980102539e-01,-1.384869813919067383e-01,-3.368048965930938721e-01,1.245815530419349670e-01,-7.932384312152862549e-02,1.798762977123260498e-01,-4.341255500912666321e-02,-3.202011585235595703e-01,-1.798462420701980591e-01,4.182752221822738647e-02,4.251490235328674316e-01,-4.763922989368438721e-01,1.347639203071594238e+00,1.733680069446563721e-01,1.631299965083599091e-02,-6.938320398330688477e-02,-2.779836177825927734e+00,-9.073772430419921875e-01,1.448310494422912598e+00,1.473831772804260254e+00,5.591277480125427246e-01,2.425170242786407471e-01,-4.111841320991516113e-02
2.674002200365066528e-02,-2.881553489714860916e-03,7.992179989814758301e-01,9.999253153800964355e-01,1.157385122496634722e-04,-1.086314659914933145e-04,1.222341507673263550e-02,1.405720114707946777e-01,1.860599070787429810e-01,2.526423633098602295e-01,1.181235536932945251e-01,-3.984164446592330933e-02,-2.130071967840194702e-01,1.461321413516998291e-01,-1.381589174270629883e-01,-3.378325104713439941e-01,1.231876313686370850e-01,-8.635034412145614624e-02,1.793632507324218750e-01,-4.174340516328811646e-02,-3.202116489410400391e-01,-1.782736033201217651e-01,3.807451948523521423e-02,4.238894283771514893e-01,-4.815837144851684570e-01,1.349839091300964355e+00,1.742697805166244507e-01,1.555705815553665161e-02,-6.829430907964706421e-02,-2.780860900878906250e+00,-9.049459695816040039e-01,1.445740103721618652e+00,1.477847099304199219e+00,5.594702363014221191e-01,2.410554438829421997e-01,-4.293208941817283630e-02
2.644063532352447510e-02,-3.259000601246953011e-03,7.987958788871765137e-01,9.999275207519531250e-01,4.016857419628649950e-04,2.542050606280099601e-05,1.203096844255924225e-02,1.407992690801620483e-01,1.857434809207916260e-01,2.538180053234100342e-01,1.176742985844612122e-01,-4.281911998987197876e-02,-2.119619399309158325e-01,1.463747024536132812e-01,-1.377799510955810547e-01,-3.378914594650268555e-01,1.219137385487556458e-01,-9.087274223566055298e-02,1.782576590776443481e-01,-4.027951508760452271e-02,-3.208403587341308594e-01,-1.774034500122070312e-01,3.516454994678497314e-02,4.223687052726745605e-01,-4.853068292140960693e-01,1.351744174957275391e+00,1.726442724466323853e-01,1.462928112596273422e-02,-6.802190095186233521e-02,-2.780679225921630859e+00,-9.037304520606994629e-01,1.444985032081604004e+00,1.480449318885803223e+00,5.588545799255371094e-01,2.407534569501876831e-01,-4.269274324178695679e-02
2.621280401945114136e-02,-3.553149057552218437e-03,7.986510992050170898e-01,9.999292492866516113e-01,8.366171387024223804e-04,4.228468169458210468e-04,1.185959763824939728e-02,1.392805874347686768e-01,1.850120574235916138e-01,2.547119855880737305e-01,1.180231273174285889e-01,-4.223190993070602417e-02,-2.105116397142410278e-01,1.451473981142044067e-01,-1.381589174270629883e-01,-3.372395634651184082e-01,1.211022809147834778e-01,-9.178306162357330322e-02,1.770716458559036255e-01,-3.890441730618476868e-02,-3.220677673816680908e-01,-1.771748512983322144e-01,3.238838538527488708e-02,4.205669760704040527e-01,-4.870791137218475342e-01,1.352766871452331543e+00,1.692090481519699097e-01,1.375241857022047043e-02,-6.871975958347320557e-02,-2.780434608459472656e+00,-9.019886255264282227e-01,1.445785880088806152e+00,1.482702851295471191e+00,5.578309297561645508e-01,2.445227950811386108e-01,-3.838788717985153198e-02
2.595306187868118286e-02,-3.745269728824496269e-03,7.987496852874755859e-01,9.999327659606933594e-01,1.345667871646583080e-03,7.411563419736921787e-04,1.149344258010387421e-02,1.372366994619369507e-01,1.838982105255126953e-01,2.553463280200958252e-01,1.186274737119674683e-01,-3.925950452685356140e-02,-2.094165086746215820e-01,1.429818421602249146e-01,-1.391855180263519287e-01,-3.357959091663360596e-01,1.211513057351112366e-01,-9.035339951515197754e-02,1.762716621160507202e-01,-3.758109733462333679e-02,-3.229559063911437988e-01,-1.768725812435150146e-01,2.984048053622245789e-02,4.184201061725616455e-01,-4.870747625827789307e-01,1.351998448371887207e+00,1.657598167657852173e-01,1.349477935582399368e-02,-6.895015388727188110e-02,-2.780123472213745117e+00,-8.980738520622253418e-01,1.446557521820068359e+00,1.485745787620544434e+00,5.571461915969848633e-01,2.531937360763549805e-01,-3.107064403593540192e-02
2.559093572199344635e-02,-3.837129799649119377e-03,7.989865541458129883e-01,9.999386072158813477e-01,1.817055512219667435e-03,8.531195344403386116e-04,1.089985296130180359e-02,1.355344206094741821e-01,1.827380061149597168e-01,2.564885020256042480e-01,1.194651499390602112e-01,-3.590241074562072754e-02,-2.085490822792053223e-01,1.408383846282958984e-01,-1.404527872800827026e-01,-3.339466452598571777e-01,1.222827956080436707e-01,-8.868435025215148926e-02,1.757932305335998535e-01,-3.638184070587158203e-02,-3.232110142707824707e-01,-1.755285561084747314e-01,2.839303389191627502e-02,4.163990914821624756e-01,-4.864881336688995361e-01,1.350134491920471191e+00,1.638679206371307373e-01,1.373775862157344818e-02,-6.772915273904800415e-02,-2.780114650726318359e+00,-8.925912380218505859e-01,1.447860002517700195e+00,1.489075303077697754e+00,5.572568178176879883e-01,2.638967633247375488e-01,-2.316932938992977142e-02
2.514275535941123962e-02,-3.803833853453397751e-03,7.992548346519470215e-01,9.999475479125976562e-01,2.180658048018813133e-03,8.014710620045661926e-04,9.977409616112709045e-03,1.342635750770568848e-01,1.818929463624954224e-01,2.588828206062316895e-01,1.204880550503730774e-01,-3.325630351901054382e-02,-2.077077180147171021e-01,1.385665088891983032e-01,-1.415788233280181885e-01,-3.313432335853576660e-01,1.242091655731201172e-01,-8.736415952444076538e-02,1.750468760728836060e-01,-3.510772809386253357e-02,-3.226850628852844238e-01,-1.738506555557250977e-01,2.806751616299152374e-02,4.146166741847991943e-01,-4.860085546970367432e-01,1.347524523735046387e+00,1.627424210309982300e-01,1.393136661499738693e-02,-6.454028189182281494e-02,-2.780187368392944336e+00,-8.867781162261962891e-01,1.448746323585510254e+00,1.493164658546447754e+00,5.559334754943847656e-01,2.762347459793090820e-01,-1.408030837774276733e-02
2.458908595144748688e-02,-3.631713101640343666e-03,7.993718981742858887e-01,9.999577999114990234e-01,2.483989810571074486e-03,7.116855704225599766e-04,8.815179578959941864e-03,1.334379017353057861e-01,1.811602860689163208e-01,2.623832821846008301e-01,1.213280111551284790e-01,-3.189552947878837585e-02,-2.063624411821365356e-01,1.362797170877456665e-01,-1.426400393247604370e-01,-3.284029662609100342e-01,1.263792365789413452e-01,-8.712560683488845825e-02,1.742453873157501221e-01,-3.380540758371353149e-02,-3.214853107929229736e-01,-1.724754422903060913e-01,2.845044992864131927e-02,4.128601551055908203e-01,-4.850135445594787598e-01,1.344056487083435059e+00,1.625147461891174316e-01,1.409438066184520721e-02,-5.995707586407661438e-02,-2.779439926147460938e+00,-8.812806606292724609e-01,1.448383808135986328e+00,1.498453140258789062e+00,5.541898608207702637e-01,2.902914881706237793e-01,-2.706300001591444016e-03
2.386930771172046661e-02,-3.358249319717288017e-03,7.992675900459289551e-01,9.999686479568481445e-01,2.723557874560356140e-03,6.319974781945347786e-04,7.401389535516500473e-03,1.330571919679641724e-01,1.804756969213485718e-01,2.668321132659912109e-01,1.217464283108711243e-01,-3.262771666049957275e-02,-2.048321515321731567e-01,1.339112967252731323e-01,-1.436555832624435425e-01,-3.252773284912109375e-01,1.282252669334411621e-01,-8.800141513347625732e-02,1.735592931509017944e-01,-3.263084590435028076e-02,-3.198524117469787598e-01,-1.714735329151153564e-01,2.885035425424575806e-02,4.110665023326873779e-01,-4.836240708827972412e-01,1.340043544769287109e+00,1.635132730007171631e-01,1.413351576775312424e-02,-5.490710958838462830e-02,-2.778752088546752930e+00,-8.760299682617187500e-01,1.447009325027465820e+00,1.504807710647583008e+00,5.510827302932739258e-01,3.060299754142761230e-01,1.038360595703125000e-02
2.296015806496143341e-02,-2.977413125336170197e-03,7.989120483398437500e-01,9.999790191650390625e-01,2.812331542372703552e-03,6.676706834696233273e-04,5.790539551526308060e-03,1.330764293670654297e-01,1.799472272396087646e-01,2.717815935611724854e-01,1.215106546878814697e-01,-3.566314280033111572e-02,-2.030052542686462402e-01,1.312067359685897827e-01,-1.443404704332351685e-01,-3.217419087886810303e-01,1.296903640031814575e-01,-9.008387476205825806e-02,1.725931018590927124e-01,-3.186427429318428040e-02,-3.177225589752197266e-01,-1.707703620195388794e-01,2.908731065690517426e-02,4.093582630157470703e-01,-4.814866483211517334e-01,1.335757017135620117e+00,1.652819514274597168e-01,1.429062336683273315e-02,-4.983826726675033569e-02,-2.778992652893066406e+00,-8.712938427925109863e-01,1.444876194000244141e+00,1.513043045997619629e+00,5.475242733955383301e-01,3.238303959369659424e-01,2.577938139438629150e-02
2.188677154481410980e-02,-2.499538473784923553e-03,7.982683777809143066e-01,9.999874830245971680e-01,2.801234601065516472e-03,8.071509073488414288e-04,4.064887762069702148e-03,1.334827989339828491e-01,1.795462816953659058e-01,2.768271267414093018e-01,1.208136081695556641e-01,-4.127056524157524109e-02,-2.011575400829315186e-01,1.282863616943359375e-01,-1.447043120861053467e-01,-3.182530701160430908e-01,1.303838491439819336e-01,-9.358336776494979858e-02,1.717501878738403320e-01,-3.178595378994941711e-02,-3.155374526977539062e-01,-1.703403592109680176e-01,2.979318052530288696e-02,4.078106582164764404e-01,-4.793866872787475586e-01,1.331565141677856445e+00,1.671407669782638550e-01,1.485884469002485275e-02,-4.492668434977531433e-02,-2.780040025711059570e+00,-8.674224615097045898e-01,1.443460106849670410e+00,1.522114157676696777e+00,5.457042455673217773e-01,3.418752253055572510e-01,4.189529269933700562e-02
2.070183679461479187e-02,-1.989729935303330421e-03,7.972941398620605469e-01,9.999926686286926270e-01,2.772905165329575539e-03,1.060065464116632938e-03,2.411811612546443939e-03,1.339583396911621094e-01,1.792024523019790649e-01,2.820005416870117188e-01,1.199832260608673096e-01,-4.994279518723487854e-02,-1.992598474025726318e-01,1.256936341524124146e-01,-1.448183208703994751e-01,-3.152704834938049316e-01,1.303235143423080444e-01,-9.921846538782119751e-02,1.705498397350311279e-01,-3.197699040174484253e-02,-3.136121332645416260e-01,-1.700983792543411255e-01,3.051558136940002441e-02,4.066257476806640625e-01,-4.771065115928649902e-01,1.327522873878479004e+00,1.683152467012405396e-01,1.579805463552474976e-02,-3.998656198382377625e-02,-2.783016204833984375e+00,-8.643647432327270508e-01,1.441732525825500488e+00,1.532899856567382812e+00,5.474570989608764648e-01,3.626282811164855957e-01,6.233030930161476135e-02
1.936720125377178192e-02,-1.483978121541440487e-03,7.960341572761535645e-01,9.999949932098388672e-01,2.702211029827594757e-03,1.311806729063391685e-03,9.807581081986427307e-04,1.343538165092468262e-01,1.789557933807373047e-01,2.869457602500915527e-01,1.188699379563331604e-01,-6.234038993716239929e-02,-1.975420117378234863e-01,1.239560693502426147e-01,-1.448324471712112427e-01,-3.137876391410827637e-01,1.297110766172409058e-01,-1.069907397031784058e-01,1.691732555627822876e-01,-3.277215734124183655e-02,-3.118990361690521240e-01,-1.699535399675369263e-01,3.234865516424179077e-02,4.054289162158966064e-01,-4.742385447025299072e-01,1.323731422424316406e+00,1.676416546106338501e-01,1.672607287764549255e-02,-3.413941711187362671e-02,-2.785952568054199219e+00,-8.613342046737670898e-01,1.439191699028015137e+00,1.544245481491088867e+00,5.574383735656738281e-01,3.882211446762084961e-01,8.697593212127685547e-02
1.807513460516929626e-02,-9.533138945698738098e-04,7.947116494178771973e-01,9.999953508377075195e-01,2.568430034443736076e-03,1.654676627367734909e-03,-1.075834152288734913e-04,1.340224593877792358e-01,1.788620054721832275e-01,2.915540933609008789e-01,1.179097220301628113e-01,-7.558237016201019287e-02,-1.961346864700317383e-01,1.226162239909172058e-01,-1.447737365961074829e-01,-3.129989206790924072e-01,1.282404959201812744e-01,-1.144286319613456726e-01,1.677194535732269287e-01,-3.325861692428588867e-02,-3.105386197566986084e-01,-1.697782278060913086e-01,3.473750501871109009e-02,4.047098457813262939e-01,-4.710301160812377930e-01,1.319873809814453125e+00,1.661871224641799927e-01,1.874864287674427032e-02,-3.012816049158573151e-02,-2.787662267684936523e+00,-8.570867180824279785e-01,1.437094330787658691e+00,1.553250789642333984e+00,5.752486586570739746e-01,4.156522154808044434e-01,1.109414100646972656e-01
1.745202392339706421e-02,-3.722052206285297871e-04,7.938860058784484863e-01,9.999963641166687012e-01,2.353838412091135979e-03,1.346878940239548683e-03,-2.267109084641560912e-05,1.309239268302917480e-01,1.805204004049301147e-01,2.938828170299530029e-01,1.163281351327896118e-01,-8.544965088367462158e-02,-1.973429173231124878e-01,1.230713725090026855e-01,-1.470026671886444092e-01,-3.142317533493041992e-01,1.274303495883941650e-01,-1.201495304703712463e-01,1.679349839687347412e-01,-3.000134415924549103e-02,-3.099293708801269531e-01,-1.675942540168762207e-01,3.854883089661598206e-02,4.080770015716552734e-01,-4.633433818817138672e-01,1.317841649055480957e+00,1.684341877698898315e-01,2.653392031788825989e-02,-2.946147508919239044e-02,-2.800764560699462891e+00,-8.530688881874084473e-01,1.435379505157470703e+00,1.568582415580749512e+00,6.206284165382385254e-01,4.535402655601501465e-01,1.429923623800277710e-01
1.557389646768569946e-02,-7.153381011448800564e-05,7.928490042686462402e-01,9.999930262565612793e-01,2.777347341179847717e-03,2.074451884254813194e-03,-1.371486228890717030e-03,1.345493793487548828e-01,1.766289919614791870e-01,2.955879867076873779e-01,1.137252897024154663e-01,-8.762110769748687744e-02,-1.961844563484191895e-01,1.219166070222854614e-01,-1.450736969709396362e-01,-3.137789368629455566e-01,1.224331259727478027e-01,-1.291387230157852173e-01,1.669703572988510132e-01,-3.368512541055679321e-02,-3.083190321922302246e-01,-1.665497571229934692e-01,3.029921650886535645e-02,4.035727083683013916e-01,-4.786759316921234131e-01,1.320281267166137695e+00,1.742098331451416016e-01,2.379212900996208191e-02,-3.344468399882316589e-02,-2.801687240600585938e+00,-8.623331189155578613e-01,1.448960185050964355e+00,1.532578706741333008e+00,5.852821469306945801e-01,3.992179930210113525e-01,9.526137262582778931e-02
1.434954628348350525e-02,1.830522087402641773e-04,7.920665144920349121e-01,9.999932646751403809e-01,2.448696875944733620e-03,2.335416618734598160e-03,-1.412105164490640163e-03,1.337793618440628052e-01,1.768772602081298828e-01,2.958271503448486328e-01,1.126168072223663330e-01,-9.321785718202590942e-02,-1.960246413946151733e-01,1.215637624263763428e-01,-1.443370282649993896e-01,-3.151031434535980225e-01,1.193663924932479858e-01,-1.338833868503570557e-01,1.664256006479263306e-01,-3.479077294468879700e-02,-3.064020574092864990e-01,-1.651231050491333008e-01,2.774925157427787781e-02,4.021237492561340332e-01,-4.849177598953247070e-01,1.322138071060180664e+00,1.785021126270294189e-01,2.420781739056110382e-02,-3.771527484059333801e-02,-2.806738138198852539e+00,-8.667774200439453125e-01,1.456230878829956055e+00,1.517212033271789551e+00,5.765893459320068359e-01,3.742581307888031006e-01,7.195749133825302124e-02
1.314880885183811188e-02,3.314843052066862583e-04,7.913959622383117676e-01,9.999938607215881348e-01,1.790727954357862473e-03,2.820462454110383987e-03,-1.057621790096163750e-03,1.314948648214340210e-01,1.780791580677032471e-01,2.951438128948211670e-01,1.122991293668746948e-01,-9.983054548501968384e-02,-1.954220831394195557e-01,1.192296817898750305e-01,-1.429988741874694824e-01,-3.165749907493591309e-01,1.171943768858909607e-01,-1.367509812116622925e-01,1.653752177953720093e-01,-3.589420765638351440e-02,-3.039273321628570557e-01,-1.638203114271163940e-01,2.620627731084823608e-02,4.009552896022796631e-01,-4.895391464233398438e-01,1.323034048080444336e+00,1.818676292896270752e-01,2.376125380396842957e-02,-4.062512144446372986e-02,-2.808825254440307617e+00,-8.695205450057983398e-01,1.462319374084472656e+00,1.504098296165466309e+00,5.698640346527099609e-01,3.507851660251617432e-01,5.087593570351600647e-02
1.196986716240644455e-02,3.356901579536497593e-04,7.907273173332214355e-01,9.999936819076538086e-01,1.068040030077099800e-03,3.341353731229901314e-03,-5.864697741344571114e-04,1.288463622331619263e-01,1.795604974031448364e-01,2.943852543830871582e-01,1.121295988559722900e-01,-1.063566654920578003e-01,-1.946599185466766357e-01,1.161244362592697144e-01,-1.413928270339965820e-01,-3.177817761898040771e-01,1.157512664794921875e-01,-1.389623135328292847e-01,1.640740036964416504e-01,-3.688166663050651550e-02,-3.015231192111968994e-01,-1.625480800867080688e-01,2.567826211452484131e-02,4.002312719821929932e-01,-4.927236437797546387e-01,1.323152661323547363e+00,1.823755800724029541e-01,2.317216061055660248e-02,-4.224263131618499756e-02,-2.809142589569091797e+00,-8.707974553108215332e-01,1.467695355415344238e+00,1.494412183761596680e+00,5.698895454406738281e-01,3.337168395519256592e-01,3.524227812886238098e-02
1.086369529366493225e-02,2.687474479898810387e-04,7.900363206863403320e-01,9.999925494194030762e-01,4.358800651971250772e-04,3.833349561318755150e-03,-4.205237928545102477e-05,1.261759996414184570e-01,1.809003055095672607e-01,2.937544286251068115e-01,1.120651587843894958e-01,-1.120419800281524658e-01,-1.940046995878219604e-01,1.131346449255943298e-01,-1.399385929107666016e-01,-3.188992142677307129e-01,1.149742156267166138e-01,-1.409861147403717041e-01,1.630172729492187500e-01,-3.760500624775886536e-02,-2.995414733886718750e-01,-1.610965430736541748e-01,2.564732544124126434e-02,3.998900651931762695e-01,-4.949996173381805420e-01,1.323203921318054199e+00,1.824600398540496826e-01,2.348905242979526520e-02,-4.386801272630691528e-02,-2.808457136154174805e+00,-8.706992864608764648e-01,1.472318768501281738e+00,1.487615108489990234e+00,5.715957880020141602e-01,3.218455910682678223e-01,2.521493658423423767e-02
9.837403893470764160e-03,1.194076612591743469e-04,7.893152832984924316e-01,9.999905824661254883e-01,-1.756162382662296295e-04,4.306708928197622299e-03,5.217530997470021248e-04,1.235676407814025879e-01,1.821966916322708130e-01,2.931396365165710449e-01,1.119505912065505981e-01,-1.173743233084678650e-01,-1.937102079391479492e-01,1.106497272849082947e-01,-1.384740918874740601e-01,-3.203778564929962158e-01,1.146228238940238953e-01,-1.436858326196670532e-01,1.619530320167541504e-01,-3.838095813989639282e-02,-2.979156374931335449e-01,-1.596943736076354980e-01,2.674443833529949188e-02,4.002066850662231445e-01,-4.964405894279479980e-01,1.323228597640991211e+00,1.831088513135910034e-01,2.440230734646320343e-02,-4.593903198838233948e-02,-2.807060003280639648e+00,-8.701861500740051270e-01,1.476500511169433594e+00,1.482274055480957031e+00,5.735508203506469727e-01,3.132186532020568848e-01,1.843535527586936951e-02
8.955558761954307556e-03,-9.629802661947906017e-05,7.886796593666076660e-01,9.999877810478210449e-01,-7.343050674535334110e-04,4.761816468089818954e-03,1.054532476700842381e-03,1.210799515247344971e-01,1.833840906620025635e-01,2.924247086048126221e-01,1.119517907500267029e-01,-1.219253167510032654e-01,-1.935794204473495483e-01,1.085488200187683105e-01,-1.370737999677658081e-01,-3.216729760169982910e-01,1.147071346640586853e-01,-1.465651094913482666e-01,1.610912680625915527e-01,-3.921020776033401489e-02,-2.965587377548217773e-01,-1.582400798797607422e-01,2.862183190882205963e-02,4.008499681949615479e-01,-4.972284138202667236e-01,1.323205471038818359e+00,1.843325048685073853e-01,2.546556480228900909e-02,-4.797051474452018738e-02,-2.805831909179687500e+00,-8.700802326202392578e-01,1.480127930641174316e+00,1.477353215217590332e+00,5.749595165252685547e-01,3.059815764427185059e-01,1.385958492755889893e-02
8.208063431084156036e-03,-3.416659310460090637e-04,7.881221175193786621e-01,9.999847412109375000e-01,-1.251410925760865211e-03,5.163372028619050980e-03,1.527607208117842674e-03,1.189966276288032532e-01,1.845723241567611694e-01,2.916939854621887207e-01,1.119330376386642456e-01,-1.258632391691207886e-01,-1.936010122299194336e-01,1.068736538290977478e-01,-1.357281655073165894e-01,-3.228453695774078369e-01,1.150664165616035461e-01,-1.494535356760025024e-01,1.601134985685348511e-01,-4.014193266630172729e-02,-2.954964935779571533e-01,-1.569306403398513794e-01,3.108123317360877991e-02,4.016942679882049561e-01,-4.973717927932739258e-01,1.323098540306091309e+00,1.852784603834152222e-01,2.641198225319385529e-02,-4.949204623699188232e-02,-2.804276227951049805e+00,-8.707019686698913574e-01,1.481569766998291016e+00,1.472973942756652832e+00,5.747430324554443359e-01,2.996567785739898682e-01,1.052355300635099411e-02
7.596692536026239395e-03,-6.124306819401681423e-04,7.876443266868591309e-01,9.999818801879882812e-01,-1.709502888843417168e-03,5.439177155494689941e-03,1.917964196763932705e-03,1.173600926995277405e-01,1.857914179563522339e-01,2.911065518856048584e-01,1.121583208441734314e-01,-1.296259909868240356e-01,-1.934975534677505493e-01,1.055085957050323486e-01,-1.344596445560455322e-01,-3.238959610462188721e-01,1.155286803841590881e-01,-1.522338986396789551e-01,1.590131819248199463e-01,-4.104852303862571716e-02,-2.947129309177398682e-01,-1.556637883186340332e-01,3.391429409384727478e-02,4.028614163398742676e-01,-4.972652196884155273e-01,1.322879552841186523e+00,1.857827752828598022e-01,2.701399661600589752e-02,-5.069314315915107727e-02,-2.801599502563476562e+00,-8.717538118362426758e-01,1.481201887130737305e+00,1.468129277229309082e+00,5.756337642669677734e-01,2.925501763820648193e-01,6.355420686304569244e-03
7.121809758245944977e-03,-9.236148907802999020e-04,7.872382402420043945e-01,9.999791979789733887e-01,-2.037994097918272018e-03,5.636453628540039062e-03,2.371771028265357018e-03,1.158244237303733826e-01,1.868060678243637085e-01,2.902189195156097412e-01,1.123321875929832458e-01,-1.328093260526657104e-01,-1.932248175144195557e-01,1.042849421501159668e-01,-1.335684955120086670e-01,-3.250824809074401855e-01,1.160500869154930115e-01,-1.549872457981109619e-01,1.580937802791595459e-01,-4.194106161594390869e-02,-2.942540049552917480e-01,-1.546135693788528442e-01,3.673132881522178650e-02,4.042588472366333008e-01,-4.970211684703826904e-01,1.322369933128356934e+00,1.855276376008987427e-01,2.739475294947624207e-02,-5.193400382995605469e-02,-2.798703193664550781e+00,-8.725795745849609375e-01,1.478397607803344727e+00,1.464560747146606445e+00,5.784420371055603027e-01,2.863182425498962402e-01,2.788763260468840599e-03
6.734155118465423584e-03,-1.231789821758866310e-03,7.869163155555725098e-01,9.999772906303405762e-01,-2.303457586094737053e-03,5.731385201215744019e-03,2.716075628995895386e-03,1.146220564842224121e-01,1.875974535942077637e-01,2.893216013908386230e-01,1.125544831156730652e-01,-1.356279700994491577e-01,-1.928069442510604858e-01,1.032791957259178162e-01,-1.328496783971786499e-01,-3.261637389659881592e-01,1.165207475423812866e-01,-1.573609560728073120e-01,1.571451127529144287e-01,-4.273995384573936462e-02,-2.939643859863281250e-01,-1.535395383834838867e-01,3.973351418972015381e-02,4.057378470897674561e-01,-4.960779547691345215e-01,1.321465015411376953e+00,1.849653124809265137e-01,2.733141742646694183e-02,-5.307854712009429932e-02,-2.794665098190307617e+00,-8.737232089042663574e-01,1.475706219673156738e+00,1.460056543350219727e+00,5.839119553565979004e-01,2.792013585567474365e-01,-1.212843810208141804e-03
6.374689750373363495e-03,-1.535232062451541424e-03,7.866340875625610352e-01,9.999759793281555176e-01,-2.450431929901242256e-03,5.714129190891981125e-03,3.066297387704253197e-03,1.138080358505249023e-01,1.880815029144287109e-01,2.881642878055572510e-01,1.127391383051872253e-01,-1.378222554922103882e-01,-1.920858919620513916e-01,1.026996225118637085e-01,-1.324268132448196411e-01,-3.270310163497924805e-01,1.169206202030181885e-01,-1.595604568719863892e-01,1.565423011779785156e-01,-4.337197169661521912e-02,-2.937748134136199951e-01,-1.524337530136108398e-01,4.260882362723350525e-02,4.070239961147308350e-01,-4.943460822105407715e-01,1.319893598556518555e+00,1.852872222661972046e-01,2.724330313503742218e-02,-5.427908152341842651e-02,-2.790706396102905273e+00,-8.748378157615661621e-01,1.472687005996704102e+00,1.455878615379333496e+00,5.896169543266296387e-01,2.728421986103057861e-01,-4.227158613502979279e-03
6.038930267095565796e-03,-1.823934959247708321e-03,7.863521575927734375e-01,9.999748468399047852e-01,-2.600617008283734322e-03,5.615693051367998123e-03,3.463708329945802689e-03,1.133080795407295227e-01,1.886690855026245117e-01,2.872999906539916992e-01,1.128516793251037598e-01,-1.401069611310958862e-01,-1.917321085929870605e-01,1.026757806539535522e-01,-1.318765580654144287e-01,-3.281152248382568359e-01,1.170293912291526794e-01,-1.618296802043914795e-01,1.558829545974731445e-01,-4.402900859713554382e-02,-2.936519086360931396e-01,-1.515754610300064087e-01,4.562966153025627136e-02,4.083826541900634766e-01,-4.921385347843170166e-01,1.318282008171081543e+00,1.854316443204879761e-01,2.698243409395217896e-02,-5.530068650841712952e-02,-2.787365436553955078e+00,-8.756896853446960449e-01,1.471631765365600586e+00,1.452425718307495117e+00,5.966268777847290039e-01,2.674311399459838867e-01,-6.833091378211975098e-03
5.717300809919834137e-03,-2.086561406031250954e-03,7.861079573631286621e-01,9.999737739562988281e-01,-2.688117558136582375e-03,5.502675659954547882e-03,3.869071602821350098e-03,1.128242313861846924e-01,1.890888810157775879e-01,2.865329384803771973e-01,1.129615977406501770e-01,-1.421860754489898682e-01,-1.913277357816696167e-01,1.026186421513557434e-01,-1.314779072999954224e-01,-3.291134834289550781e-01,1.171151027083396912e-01,-1.639568209648132324e-01,1.553188711404800415e-01,-4.459708184003829956e-02,-2.934410572052001953e-01,-1.509558260440826416e-01,4.795375093817710876e-02,4.096916019916534424e-01,-4.901830852031707764e-01,1.316724538803100586e+00,1.847994327545166016e-01,2.677295170724391937e-02,-5.616591498255729675e-02,-2.785127162933349609e+00,-8.763239979743957520e-01,1.470707297325134277e+00,1.450204491615295410e+00,6.014263033866882324e-01,2.635875940322875977e-01,-8.717163465917110443e-03
5.410916171967983246e-03,-2.292857971042394638e-03,7.858844399452209473e-01,9.999728202819824219e-01,-2.727796789258718491e-03,5.399702582508325577e-03,4.212195519357919693e-03,1.124763190746307373e-01,1.893344074487686157e-01,2.860337197780609131e-01,1.130052804946899414e-01,-1.440763920545578003e-01,-1.908340305089950562e-01,1.024082526564598083e-01,-1.311809718608856201e-01,-3.300248682498931885e-01,1.173141673207283020e-01,-1.660891920328140259e-01,1.545586436986923218e-01,-4.518869519233703613e-02,-2.932363450527191162e-01,-1.504636406898498535e-01,4.972925037145614624e-02,4.110103845596313477e-01,-4.888027310371398926e-01,1.315406918525695801e+00,1.829242110252380371e-01,2.640410698950290680e-02,-5.745470896363258362e-02,-2.783013582229614258e+00,-8.767367005348205566e-01,1.469791769981384277e+00,1.449141263961791992e+00,6.047416925430297852e-01,2.601358294486999512e-01,-9.745980612933635712e-03
5.057644098997116089e-03,-2.406132873147726059e-03,7.856754064559936523e-01,9.999731779098510742e-01,-2.702782163396477699e-03,5.273021757602691650e-03,4.308626987040042877e-03,1.123642921447753906e-01,1.892867833375930786e-01,2.855945229530334473e-01,1.130419969558715820e-01,-1.458708196878433228e-01,-1.901071071624755859e-01,1.021262407302856445e-01,-1.310936659574508667e-01,-3.306935727596282959e-01,1.176400259137153625e-01,-1.680036336183547974e-01,1.538463681936264038e-01,-4.570079594850540161e-02,-2.928856909275054932e-01,-1.497744917869567871e-01,5.083178728818893433e-02,4.121842682361602783e-01,-4.887169301509857178e-01,1.314149498939514160e+00,1.790478378534317017e-01,2.583886682987213135e-02,-5.866533145308494568e-02,-2.780969619750976562e+00,-8.771658539772033691e-01,1.467753529548645020e+00,1.448270201683044434e+00,6.066299676895141602e-01,2.575961053371429443e-01,-1.008643209934234619e-02
4.608500283211469650e-03,-2.380764111876487732e-03,7.855026721954345703e-01,9.999747276306152344e-01,-2.568953204900026321e-03,5.096612032502889633e-03,4.233219195157289505e-03,1.123697459697723389e-01,1.889793425798416138e-01,2.855107784271240234e-01,1.131059527397155762e-01,-1.472875028848648071e-01,-1.890493333339691162e-01,1.019755601882934570e-01,-1.313525438308715820e-01,-3.313213884830474854e-01,1.180204600095748901e-01,-1.696414798498153687e-01,1.534250378608703613e-01,-4.627793282270431519e-02,-2.924541831016540527e-01,-1.486214101314544678e-01,5.149647966027259827e-02,4.134969115257263184e-01,-4.902223646640777588e-01,1.312769412994384766e+00,1.739365607500076294e-01,2.527873218059539795e-02,-5.946305394172668457e-02,-2.778818607330322266e+00,-8.774216771125793457e-01,1.465797662734985352e+00,1.447275876998901367e+00,6.092081665992736816e-01,2.559694945812225342e-01,-1.055049430578947067e-02
4.021676257252693176e-03,-2.230273094028234482e-03,7.853989601135253906e-01,9.999762773513793945e-01,-2.389433560892939568e-03,4.932902287691831589e-03,4.173180554062128067e-03,1.121274083852767944e-01,1.884303390979766846e-01,2.854921221733093262e-01,1.132434457540512085e-01,-1.479456275701522827e-01,-1.879288554191589355e-01,1.016912460327148438e-01,-1.318657100200653076e-01,-3.317949473857879639e-01,1.183026656508445740e-01,-1.704299449920654297e-01,1.532104611396789551e-01,-4.697295278310775757e-02,-2.917373180389404297e-01,-1.466460078954696655e-01,5.190329626202583313e-02,4.148765504360198975e-01,-4.925695359706878662e-01,1.311481833457946777e+00,1.689921170473098755e-01,2.436462230980396271e-02,-6.014896556735038757e-02,-2.775676488876342773e+00,-8.774985074996948242e-01,1.464244127273559570e+00,1.444703340530395508e+00,6.102733612060546875e-01,2.539885044097900391e-01,-1.125904172658920288e-02
3.259126096963882446e-03,-1.948914490640163422e-03,7.853988409042358398e-01,9.999777674674987793e-01,-2.168428851291537285e-03,4.790748003870248795e-03,4.107612650841474533e-03,1.113428995013237000e-01,1.876461207866668701e-01,2.858965694904327393e-01,1.134613305330276489e-01,-1.479884535074234009e-01,-1.866007447242736816e-01,1.009962260723114014e-01,-1.326642185449600220e-01,-3.319183588027954102e-01,1.183366551995277405e-01,-1.699831187725067139e-01,1.533002257347106934e-01,-4.734857380390167236e-02,-2.906337976455688477e-01,-1.438480168581008911e-01,5.161806568503379822e-02,4.164857566356658936e-01,-4.951149225234985352e-01,1.309438824653625488e+00,1.643826812505722046e-01,2.339334040880203247e-02,-6.025493144989013672e-02,-2.771658658981323242e+00,-8.770599365234375000e-01,1.462303638458251953e+00,1.439211845397949219e+00,6.086685061454772949e-01,2.526246011257171631e-01,-1.329257618635892868e-02
2.332134870812296867e-03,-1.568990410305559635e-03,7.854529619216918945e-01,9.999793171882629395e-01,-1.891380641609430313e-03,4.679440520703792572e-03,3.982114139944314957e-03,1.099815592169761658e-01,1.865682750940322876e-01,2.865020632743835449e-01,1.137191727757453918e-01,-1.475411802530288696e-01,-1.852226853370666504e-01,9.976498037576675415e-02,-1.338486522436141968e-01,-3.317228853702545166e-01,1.179857477545738220e-01,-1.685752570629119873e-01,1.537333428859710693e-01,-4.742214083671569824e-02,-2.889094352722167969e-01,-1.402043998241424561e-01,5.046100169420242310e-02,4.181137979030609131e-01,-4.980109035968780518e-01,1.306448936462402344e+00,1.608134508132934570e-01,2.233990095555782318e-02,-5.973119661211967468e-02,-2.766565561294555664e+00,-8.754786849021911621e-01,1.458681225776672363e+00,1.431325078010559082e+00,6.031135320663452148e-01,2.520528137683868408e-01,-1.632102765142917633e-02
1.258100382983684540e-03,-1.097595551982522011e-03,7.855403423309326172e-01,9.999805688858032227e-01,-1.623660558834671974e-03,4.596997052431106567e-03,3.866911632940173149e-03,1.081856563687324524e-01,1.853061318397521973e-01,2.872284650802612305e-01,1.139842644333839417e-01,-1.469596922397613525e-01,-1.837057620286941528e-01,9.792078286409378052e-02,-1.352129876613616943e-01,-3.315789103507995605e-01,1.177119761705398560e-01,-1.668834835290908813e-01,1.541509628295898438e-01,-4.728876426815986633e-02,-2.863947749137878418e-01,-1.356676071882247925e-01,4.867182299494743347e-02,4.195118248462677002e-01,-5.012288689613342285e-01,1.302249312400817871e+00,1.579490900039672852e-01,2.118554338812828064e-02,-5.851697549223899841e-02,-2.760518789291381836e+00,-8.733030557632446289e-01,1.453902006149291992e+00,1.420236825942993164e+00,5.928834676742553711e-01,2.526547610759735107e-01,-2.042363956570625305e-02
4.929340502712875605e-05,-5.585586186498403549e-04,7.855990529060363770e-01,9.999816417694091797e-01,-1.386693096719682217e-03,4.559162538498640060e-03,3.735820064321160316e-03,1.062776073813438416e-01,1.839791685342788696e-01,2.878151834011077881e-01,1.142326295375823975e-01,-1.464625447988510132e-01,-1.821722537279129028e-01,9.564950317144393921e-02,-1.365904659032821655e-01,-3.315758407115936279e-01,1.175159588456153870e-01,-1.653076410293579102e-01,1.544609963893890381e-01,-4.703431576490402222e-02,-2.829276919364929199e-01,-1.301853805780410767e-01,4.670760408043861389e-02,4.205566048622131348e-01,-5.051643848419189453e-01,1.296624660491943359e+00,1.562739014625549316e-01,1.951610855758190155e-02,-5.652030184864997864e-02,-2.752305269241333008e+00,-8.711565136909484863e-01,1.447835087776184082e+00,1.405921816825866699e+00,5.793423652648925781e-01,2.540012001991271973e-01,-2.511096559464931488e-02
-1.293039764277637005e-03,5.833047907799482346e-05,7.856215834617614746e-01,9.999827146530151367e-01,-1.150697004050016403e-03,4.548467230051755905e-03,3.550396533682942390e-03,1.042730361223220825e-01,1.825775057077407837e-01,2.884012460708618164e-01,1.144990399479866028e-01,-1.461745053529739380e-01,-1.806228309869766235e-01,9.300589561462402344e-02,-1.380130648612976074e-01,-3.317266404628753662e-01,1.173580065369606018e-01,-1.638525575399398804e-01,1.546659767627716064e-01,-4.646334052085876465e-02,-2.785930335521697998e-01,-1.236393228173255920e-01,4.463881626725196838e-02,4.213443398475646973e-01,-5.095083117485046387e-01,1.289746999740600586e+00,1.550412923097610474e-01,1.750564388930797577e-02,-5.390004068613052368e-02,-2.740988016128540039e+00,-8.693296313285827637e-01,1.440348625183105469e+00,1.387404561042785645e+00,5.623573064804077148e-01,2.559579312801361084e-01,-2.955682203173637390e-02
-2.774365944787859917e-03,8.010034216567873955e-04,7.856176495552062988e-01,9.999834895133972168e-01,-8.870424935594201088e-04,4.620922263711690903e-03,3.299039090052247047e-03,1.018216982483863831e-01,1.810098737478256226e-01,2.890104353427886963e-01,1.147566735744476318e-01,-1.459572315216064453e-01,-1.789174079895019531e-01,8.974352478981018066e-02,-1.395475119352340698e-01,-3.315995931625366211e-01,1.170868650078773499e-01,-1.622909605503082275e-01,1.549437195062637329e-01,-4.533483088016510010e-02,-2.732739448547363281e-01,-1.159245669841766357e-01,4.260137677192687988e-02,4.220086634159088135e-01,-5.140687227249145508e-01,1.280577659606933594e+00,1.537220776081085205e-01,1.505204010754823685e-02,-5.050023272633552551e-02,-2.725085496902465820e+00,-8.678746819496154785e-01,1.429604411125183105e+00,1.362203001976013184e+00,5.403285026550292969e-01,2.587089538574218750e-01,-3.338892385363578796e-02
-4.360598511993885040e-03,1.649518962949514389e-03,7.855773568153381348e-01,9.999843835830688477e-01,-6.851388607174158096e-04,4.731980618089437485e-03,2.876740647479891777e-03,9.921724349260330200e-02,1.794960796833038330e-01,2.898753583431243896e-01,1.149369478225708008e-01,-1.462006419897079468e-01,-1.772013008594512939e-01,8.596900105476379395e-02,-1.411141753196716309e-01,-3.311889469623565674e-01,1.167588308453559875e-01,-1.607874035835266113e-01,1.552831679582595825e-01,-4.333933815360069275e-02,-2.669142484664916992e-01,-1.072894483804702759e-01,4.120925441384315491e-02,4.224515557289123535e-01,-5.181554555892944336e-01,1.268764615058898926e+00,1.517650187015533447e-01,1.203940249979496002e-02,-4.647511988878250122e-02,-2.703615427017211914e+00,-8.671082854270935059e-01,1.414235591888427734e+00,1.328926324844360352e+00,5.107539296150207520e-01,2.613346576690673828e-01,-3.603555262088775635e-02
-6.013141479343175888e-03,2.555300481617450714e-03,7.854547500610351562e-01,9.999848604202270508e-01,-5.012160399928689003e-04,4.890717100352048874e-03,2.485245699062943459e-03,9.665384143590927124e-02,1.780409216880798340e-01,2.910583317279815674e-01,1.149986460804939270e-01,-1.471094638109207153e-01,-1.756678670644760132e-01,8.234564214944839478e-02,-1.429544389247894287e-01,-3.312427997589111328e-01,1.162733584642410278e-01,-1.598459929227828979e-01,1.560826301574707031e-01,-4.059691354632377625e-02,-2.597490251064300537e-01,-9.815243631601333618e-02,4.047578945755958557e-02,4.222928881645202637e-01,-5.229032635688781738e-01,1.255565881729125977e+00,1.496350169181823730e-01,8.704110048711299896e-03,-4.247948899865150452e-02,-2.678315401077270508e+00,-8.666830658912658691e-01,1.394909381866455078e+00,1.289995670318603516e+00,4.733661711215972900e-01,2.635829746723175049e-01,-3.490849584341049194e-02
-7.719496730715036392e-03,3.451074240729212761e-03,7.852534055709838867e-01,9.999846220016479492e-01,-3.791314666159451008e-04,5.122614558786153793e-03,2.095640171319246292e-03,9.424367547035217285e-02,1.767441183328628540e-01,2.928386628627777100e-01,1.151246055960655212e-01,-1.488802880048751831e-01,-1.741131842136383057e-01,7.916091382503509521e-02,-1.447846442461013794e-01,-3.315977454185485840e-01,1.155826002359390259e-01,-1.595124602317810059e-01,1.576943248510360718e-01,-3.729506582021713257e-02,-2.520808577537536621e-01,-8.888544142246246338e-02,4.059479758143424988e-02,4.212394654750823975e-01,-5.273434519767761230e-01,1.241458654403686523e+00,1.476202160120010376e-01,5.107305478304624557e-03,-3.872956335544586182e-02,-2.650322914123535156e+00,-8.669210076332092285e-01,1.373189210891723633e+00,1.247183918952941895e+00,4.323319196701049805e-01,2.632014453411102295e-01,-3.042328171432018280e-02
-9.371004067361354828e-03,4.161313641816377640e-03,7.850518822669982910e-01,9.999845027923583984e-01,-2.459904353599995375e-04,5.353144370019435883e-03,1.515067648142576218e-03,9.225128591060638428e-02,1.753853708505630493e-01,2.945372164249420166e-01,1.153399348258972168e-01,-1.507816761732101440e-01,-1.723796576261520386e-01,7.666847109794616699e-02,-1.464506834745407104e-01,-3.316611051559448242e-01,1.148479133844375610e-01,-1.595336794853210449e-01,1.596447974443435669e-01,-3.411099314689636230e-02,-2.450077235698699951e-01,-8.019132912158966064e-02,4.230548813939094543e-02,4.196030795574188232e-01,-5.310993194580078125e-01,1.228122711181640625e+00,1.460496187210083008e-01,1.379810739308595657e-03,-3.646763414144515991e-02,-2.621912240982055664e+00,-8.684313893318176270e-01,1.350958943367004395e+00,1.204283714294433594e+00,3.937450647354125977e-01,2.588950693607330322e-01,-2.463925816118717194e-02
-1.086121425032615662e-02,4.658047575503587723e-03,7.849941253662109375e-01,9.999833106994628906e-01,-1.819407225411850959e-05,5.760368425399065018e-03,4.901538486592471600e-04,9.005904197692871094e-02,1.740125268697738647e-01,2.961340844631195068e-01,1.155008301138877869e-01,-1.526003926992416382e-01,-1.705578863620758057e-01,7.388434559106826782e-02,-1.480260640382766724e-01,-3.307789564132690430e-01,1.139069572091102600e-01,-1.589512228965759277e-01,1.607487350702285767e-01,-3.108247742056846619e-02,-2.388528138399124146e-01,-7.281579077243804932e-02,4.610820859670639038e-02,4.176427423954010010e-01,-5.339545607566833496e-01,1.215801477432250977e+00,1.438010782003402710e-01,-1.672557089477777481e-03,-3.659063577651977539e-02,-2.593234777450561523e+00,-8.700468540191650391e-01,1.328501701354980469e+00,1.164243459701538086e+00,3.621548116207122803e-01,2.511446475982666016e-01,-2.113285474479198456e-02
