4.796317964792251587e-02,-4.098155070096254349e-03,3.928926885128021240e-01,9.983261823654174805e-01,4.539354145526885986e-02,3.583550825715065002e-02,7.068818376865237951e-05,3.304104879498481750e-02,-2.982769161462783813e-03,3.766081482172012329e-02,2.086280584335327148e+00,-2.766016721725463867e-01,-1.689781248569488525e-01,7.814795710146427155e-03,-2.697415947914123535e-01,1.031097993254661560e-01,2.199441909790039062e+00,-3.896927535533905029e-01,1.036239042878150940e-01,-4.674509912729263306e-02,-5.593558400869369507e-02,4.192747548222541809e-02,5.088041722774505615e-02,4.558182656764984131e-01,-6.076726317405700684e-01,8.967934250831604004e-01,2.579934895038604736e-01,-4.486613441258668900e-03,-6.362539529800415039e-02,-2.107205241918563843e-01,-4.473438858985900879e-01,9.040415883064270020e-01,9.754207730293273926e-01,1.758516207337379456e-02,2.557006478309631348e-02,6.739342957735061646e-02
4.724328964948654175e-02,-3.906498663127422333e-03,3.930199742317199707e-01,9.983134865760803223e-01,4.567400366067886353e-02,3.582780808210372925e-02,-6.040911539457738400e-04,3.461531177163124084e-02,-2.933884272351861000e-03,3.831918537616729736e-02,2.083809852600097656e+00,-2.779990434646606445e-01,-1.702014803886413574e-01,7.745627779513597488e-03,-2.686165273189544678e-01,1.035170778632164001e-01,2.201130628585815430e+00,-3.951012790203094482e-01,1.046777740120887756e-01,-4.588565975427627563e-02,-5.555102974176406860e-02,4.075622186064720154e-02,4.882942512631416321e-02,4.560641646385192871e-01,-6.073074340820312500e-01,8.937925100326538086e-01,2.599659264087677002e-01,-4.355324432253837585e-03,-6.565368920564651489e-02,-2.062953114509582520e-01,-4.473594129085540771e-01,9.007440805435180664e-01,9.725422859191894531e-01,1.662330515682697296e-02,2.727824822068214417e-02,6.797066330909729004e-02
4.677971079945564270e-02,-3.797881770879030228e-03,3.929921686649322510e-01,9.983058571815490723e-01,4.583265259861946106e-02,3.583247587084770203e-02,-9.188890689983963966e-04,3.509556129574775696e-02,-2.185249701142311096e-03,3.871674090623855591e-02,2.081958293914794922e+00,-2.758817672729492188e-01,-1.687747538089752197e-01,7.434335537254810333e-03,-2.696747481822967529e-01,1.031303182244300842e-01,2.202124118804931641e+00,-3.955533504486083984e-01,1.031085699796676636e-01,-4.510672762989997864e-02,-5.511999875307083130e-02,3.972657769918441772e-02,4.765361919999122620e-02,4.559677243232727051e-01,-6.064714789390563965e-01,8.910723328590393066e-01,2.622712254524230957e-01,-4.604359623044729233e-03,-6.677914410829544067e-02,-2.020583450794219971e-01,-4.466385245323181152e-01,8.996659517288208008e-01,9.697211980819702148e-01,1.656887494027614594e-02,2.799678593873977661e-02,6.889574974775314331e-02
4.641524329781532288e-02,-3.668664023280143738e-03,3.929362297058105469e-01,9.982976317405700684e-01,4.602243378758430481e-02,3.582253307104110718e-02,-7.768469513393938541e-04,3.500008583068847656e-02,-2.255209721624851227e-03,3.909042850136756897e-02,2.080789804458618164e+00,-2.729829549789428711e-01,-1.682153046131134033e-01,8.080512285232543945e-03,-2.706474065780639648e-01,1.029053628444671631e-01,2.201973676681518555e+00,-3.946767151355743408e-01,1.021469905972480774e-01,-4.473116993904113770e-02,-5.523175373673439026e-02,3.873922675848007202e-02,4.668685793876647949e-02,4.555347561836242676e-01,-6.055632829666137695e-01,8.892166018486022949e-01,2.629194557666778564e-01,-4.440544173121452332e-03,-6.675436347723007202e-02,-1.974461823701858521e-01,-4.454229474067687988e-01,8.989506363868713379e-01,9.670970439910888672e-01,1.682160235941410065e-02,2.811541594564914703e-02,6.951379776000976562e-02
4.601873829960823059e-02,-3.598165931180119514e-03,3.928623497486114502e-01,9.982925057411193848e-01,4.612060263752937317e-02,3.584440425038337708e-02,-3.730893076863139868e-04,3.501168265938758850e-02,-2.264583948999643326e-03,3.923557698726654053e-02,2.079931259155273438e+00,-2.715812921524047852e-01,-1.687778532505035400e-01,8.482227101922035217e-03,-2.706955373287200928e-01,1.032194867730140686e-01,2.201572179794311523e+00,-3.933470845222473145e-01,1.022841781377792358e-01,-4.444362223148345947e-02,-5.552285164594650269e-02,3.805474564433097839e-02,4.552841186523437500e-02,4.549913406372070312e-01,-6.049606204032897949e-01,8.882758617401123047e-01,2.622343897819519043e-01,-4.236541688442230225e-03,-6.509657204151153564e-02,-1.925342679023742676e-01,-4.439941346645355225e-01,8.979331851005554199e-01,9.645212888717651367e-01,1.581510156393051147e-02,2.796327695250511169e-02,7.002973556518554688e-02
4.561924189329147339e-02,-3.497540252283215523e-03,3.928448259830474854e-01,9.982956647872924805e-01,4.611635208129882812e-02,3.576254472136497498e-02,2.141575969289988279e-04,3.521933406591415405e-02,-2.146748127415776253e-03,3.883929178118705750e-02,2.079287290573120117e+00,-2.714164257049560547e-01,-1.698957830667495728e-01,9.290930815041065216e-03,-2.699700295925140381e-01,1.036760061979293823e-01,2.200878620147705078e+00,-3.919919133186340332e-01,1.031157970428466797e-01,-4.440283775329589844e-02,-5.599073693156242371e-02,3.764859959483146667e-02,4.430285841226577759e-02,4.546593427658081055e-01,-6.047948598861694336e-01,8.878926038742065430e-01,2.612889111042022705e-01,-4.060230683535337448e-03,-6.259757280349731445e-02,-1.879510730504989624e-01,-4.421356320381164551e-01,8.969321250915527344e-01,9.625209569931030273e-01,1.337203755974769592e-02,2.767078764736652374e-02,7.075762748718261719e-02
4.526616260409355164e-02,-3.372071078047156334e-03,3.929170668125152588e-01,9.983007311820983887e-01,4.599255695939064026e-02,3.576892614364624023e-02,9.682505624368786812e-04,3.486370667815208435e-02,-1.340942457318305969e-03,3.806947916746139526e-02,2.079059123992919922e+00,-2.719413936138153076e-01,-1.706168502569198608e-01,9.969622828066349030e-03,-2.686545848846435547e-01,1.036572828888893127e-01,2.200161933898925781e+00,-3.907228708267211914e-01,1.037758812308311462e-01,-4.462002590298652649e-02,-5.639013275504112244e-02,3.716467320919036865e-02,4.329849779605865479e-02,4.547072350978851318e-01,-6.049731969833374023e-01,8.874182701110839844e-01,2.609775960445404053e-01,-4.213178995996713638e-03,-6.017358601093292236e-02,-1.837035864591598511e-01,-4.399902820587158203e-01,8.954875469207763672e-01,9.613201022148132324e-01,1.038863416761159897e-02,2.710699290037155151e-02,7.138280570507049561e-02
4.503137245774269104e-02,-3.276944858953356743e-03,3.929460942745208740e-01,9.983040094375610352e-01,4.577269032597541809e-02,3.592857345938682556e-02,1.756369485519826412e-03,3.365388512611389160e-02,-1.900693168863654137e-04,3.730234131217002869e-02,2.079114675521850586e+00,-2.718517780303955078e-01,-1.710948199033737183e-01,1.024345960468053818e-02,-2.673617601394653320e-01,1.032939627766609192e-01,2.199395895004272461e+00,-3.895849585533142090e-01,1.042757183313369751e-01,-4.510121047496795654e-02,-5.662002786993980408e-02,3.671654313802719116e-02,4.246404021978378296e-02,4.548763930797576904e-01,-6.051373481750488281e-01,8.869488239288330078e-01,2.602633833885192871e-01,-4.473120905458927155e-03,-5.828929692506790161e-02,-1.796984225511550903e-01,-4.378701448440551758e-01,8.931587338447570801e-01,9.611700773239135742e-01,7.739984430372714996e-03,2.623337507247924805e-02,7.089241594076156616e-02
4.440966621041297913e-02,-3.120220964774489403e-03,3.928465843200683594e-01,9.983084201812744141e-01,4.545619711279869080e-02,3.616378083825111389e-02,2.488207072019577026e-03,3.211531788110733032e-02,1.405517803505063057e-03,3.665263578295707703e-02,2.079749822616577148e+00,-2.711629569530487061e-01,-1.708294153213500977e-01,1.022886205464601517e-02,-2.660369277000427246e-01,1.029799431562423706e-01,2.198781013488769531e+00,-3.894567489624023438e-01,1.051826924085617065e-01,-4.565215483307838440e-02,-5.662402883172035217e-02,3.658191114664077759e-02,4.182525351643562317e-02,4.551753997802734375e-01,-6.058731675148010254e-01,8.861329555511474609e-01,2.591204047203063965e-01,-4.979530349373817444e-03,-5.688330158591270447e-02,-1.762472838163375854e-01,-4.356864988803863525e-01,8.909302353858947754e-01,9.618057608604431152e-01,6.220327224582433701e-03,2.541098743677139282e-02,6.971452385187149048e-02
4.426084086298942566e-02,-3.074299311265349388e-03,3.926756978034973145e-01,9.983146786689758301e-01,4.508703202009201050e-02,3.640935942530632019e-02,3.059646347537636757e-03,3.073295392096042633e-02,3.031319938600063324e-03,3.626717627048492432e-02,2.080995082855224609e+00,-2.692245841026306152e-01,-1.702728420495986938e-01,9.954436682164669037e-03,-2.650433480739593506e-01,1.026453003287315369e-01,2.198495388031005859e+00,-3.893793821334838867e-01,1.057448908686637878e-01,-4.628356173634529114e-02,-5.642190203070640564e-02,3.683722019195556641e-02,4.099503532052040100e-02,4.555057287216186523e-01,-6.070147156715393066e-01,8.857972621917724609e-01,2.575858235359191895e-01,-5.516368430107831955e-03,-5.587346479296684265e-02,-1.735647171735763550e-01,-4.335466027259826660e-01,8.891755342483520508e-01,9.632154107093811035e-01,7.079930976033210754e-03,2.423673868179321289e-02,6.798785924911499023e-02
4.396621137857437134e-02,-3.026835154742002487e-03,3.925188481807708740e-01,9.983161091804504395e-01,4.473360627889633179e-02,3.677126765251159668e-02,3.420171560719609261e-03,2.949445322155952454e-02,3.941206261515617371e-03,3.596870601177215576e-02,2.082588195800781250e+00,-2.666673064231872559e-01,-1.706008166074752808e-01,9.026510640978813171e-03,-2.644658386707305908e-01,1.025140881538391113e-01,2.199027538299560547e+00,-3.899160027503967285e-01,1.063890680670738220e-01,-4.700190573930740356e-02,-5.606172233819961548e-02,3.727911412715911865e-02,3.979960829019546509e-02,4.559510946273803711e-01,-6.086527705192565918e-01,8.856467604637145996e-01,2.564245760440826416e-01,-5.936467554420232773e-03,-5.505540594458580017e-02,-1.715009510517120361e-01,-4.317628145217895508e-01,8.878666162490844727e-01,9.647585153579711914e-01,9.192268364131450653e-03,2.305426262319087982e-02,6.641166657209396362e-02
4.354061186313629150e-02,-2.986514475196599960e-03,3.925013840198516846e-01,9.983180761337280273e-01,4.435687512159347534e-02,3.715168684720993042e-02,3.641250310465693474e-03,2.879435941576957703e-02,4.681150428950786591e-03,3.592376038432121277e-02,2.084158182144165039e+00,-2.645731866359710693e-01,-1.710528135299682617e-01,7.876882329583168030e-03,-2.639512419700622559e-01,1.026192680001258850e-01,2.200048446655273438e+00,-3.911121189594268799e-01,1.068288683891296387e-01,-4.767121374607086182e-02,-5.553795769810676575e-02,3.775265812873840332e-02,3.837932646274566650e-02,4.567286670207977295e-01,-6.105873584747314453e-01,8.855012059211730957e-01,2.561718523502349854e-01,-6.512105464935302734e-03,-5.477057024836540222e-02,-1.700773090124130249e-01,-4.304114282131195068e-01,8.871473073959350586e-01,9.662592411041259766e-01,1.234752498567104340e-02,2.193958498537540436e-02,6.547887623310089111e-02
4.298492148518562317e-02,-3.005140693858265877e-03,3.926042318344116211e-01,9.983171820640563965e-01,4.405153170228004456e-02,3.753364831209182739e-02,3.673055209219455719e-03,2.806594967842102051e-02,4.944819491356611252e-03,3.624592348933219910e-02,2.085640907287597656e+00,-2.638157606124877930e-01,-1.716822087764739990e-01,6.111246533691883087e-03,-2.633953392505645752e-01,1.031518280506134033e-01,2.201235532760620117e+00,-3.928208351135253906e-01,1.072508990764617920e-01,-4.833211749792098999e-02,-5.512514710426330566e-02,3.787029162049293518e-02,3.716705739498138428e-02,4.575817883014678955e-01,-6.121987104415893555e-01,8.852102756500244141e-01,2.558690905570983887e-01,-7.105102296918630600e-03,-5.444875359535217285e-02,-1.691753715276718140e-01,-4.297072291374206543e-01,8.871856331825256348e-01,9.676175117492675781e-01,1.454915944486856461e-02,2.105973288416862488e-02,6.469848752021789551e-02
4.238988459110260010e-02,-3.085289383307099342e-03,3.927571773529052734e-01,9.983143210411071777e-01,4.380585253238677979e-02,3.790929168462753296e-02,3.532510250806808472e-03,2.745743654668331146e-02,5.695544183254241943e-03,3.707468509674072266e-02,2.086715221405029297e+00,-2.650113701820373535e-01,-1.713330298662185669e-01,3.998580388724803925e-03,-2.634615600109100342e-01,1.035497859120368958e-01,2.202486991882324219e+00,-3.939027488231658936e-01,1.069497019052505493e-01,-4.901158809661865234e-02,-5.477049946784973145e-02,3.764671832323074341e-02,3.601161390542984009e-02,4.582778513431549072e-01,-6.126052141189575195e-01,8.847382068634033203e-01,2.552312016487121582e-01,-7.549310103058815002e-03,-5.374948307871818542e-02,-1.690937429666519165e-01,-4.293942451477050781e-01,8.870955109596252441e-01,9.689494967460632324e-01,1.569243334233760834e-02,2.087274007499217987e-02,6.380549818277359009e-02
4.182327538728713989e-02,-3.201215993613004684e-03,3.928720653057098389e-01,9.983078837394714355e-01,4.365562275052070618e-02,3.826265409588813782e-02,3.393874270841479301e-03,2.691046521067619324e-02,7.050878833979368210e-03,3.807099163532257080e-02,2.087633371353149414e+00,-2.670829594135284424e-01,-1.697921752929687500e-01,2.002172172069549561e-03,-2.637508213520050049e-01,1.035352945327758789e-01,2.203553676605224609e+00,-3.940591514110565186e-01,1.061976775527000427e-01,-4.955928400158882141e-02,-5.457008257508277893e-02,3.724915534257888794e-02,3.494807705283164978e-02,4.588689208030700684e-01,-6.123508810997009277e-01,8.840656876564025879e-01,2.551175653934478760e-01,-7.845014333724975586e-03,-5.299866199493408203e-02,-1.693901866674423218e-01,-4.293205738067626953e-01,8.865988850593566895e-01,9.701771736145019531e-01,1.603983715176582336e-02,2.096557244658470154e-02,6.275288760662078857e-02
4.131812974810600281e-02,-3.297393675893545151e-03,3.927938044071197510e-01,9.983041882514953613e-01,4.350325092673301697e-02,3.854171931743621826e-02,3.271675668656826019e-03,2.661470510065555573e-02,9.224897250533103943e-03,3.945749253034591675e-02,2.088593006134033203e+00,-2.689100503921508789e-01,-1.674856990575790405e-01,4.969782312400639057e-04,-2.642010152339935303e-01,1.030730083584785461e-01,2.204606294631958008e+00,-3.937458693981170654e-01,1.047017052769660950e-01,-5.005722492933273315e-02,-5.442103743553161621e-02,3.689506649971008301e-02,3.398563340306282043e-02,4.594314694404602051e-01,-6.118840575218200684e-01,8.838505744934082031e-01,2.544684112071990967e-01,-8.107626810669898987e-03,-5.267638340592384338e-02,-1.690085232257843018e-01,-4.294214844703674316e-01,8.851548433303833008e-01,9.713361263275146484e-01,1.623168960213661194e-02,2.079273574054241180e-02,6.162649020552635193e-02
4.089166224002838135e-02,-3.345453878864645958e-03,3.925974369049072266e-01,9.983057379722595215e-01,4.324130713939666748e-02,3.881588205695152283e-02,3.036904614418745041e-03,2.634444274008274078e-02,1.108192093670368195e-02,4.068457707762718201e-02,2.089227676391601562e+00,-2.704091072082519531e-01,-1.662414968013763428e-01,-1.150530413724482059e-03,-2.645147144794464111e-01,1.025018692016601562e-01,2.205815076828002930e+00,-3.927679061889648438e-01,1.031959950923919678e-01,-5.068277940154075623e-02,-5.411547049880027771e-02,3.645127639174461365e-02,3.330086171627044678e-02,4.598260223865509033e-01,-6.112732291221618652e-01,8.844479322433471680e-01,2.522832751274108887e-01,-8.373711258172988892e-03,-5.254740640521049500e-02,-1.675190776586532593e-01,-4.294976592063903809e-01,8.822768926620483398e-01,9.722405672073364258e-01,1.664541661739349365e-02,2.043524011969566345e-02,6.041388586163520813e-02
4.047258943319320679e-02,-3.394555766135454178e-03,3.924352824687957764e-01,9.983116984367370605e-01,4.300211742520332336e-02,3.895716741681098938e-02,2.624349435791373253e-03,2.640510164201259613e-02,1.223219744861125946e-02,4.209889471530914307e-02,2.089482784271240234e+00,-2.717054784297943115e-01,-1.659022718667984009e-01,-2.629342954605817795e-03,-2.647381722927093506e-01,1.025066524744033813e-01,2.206886291503906250e+00,-3.928996622562408447e-01,1.024091467261314392e-01,-5.125641822814941406e-02,-5.395277962088584900e-02,3.626338392496109009e-02,3.265267238020896912e-02,4.600779116153717041e-01,-6.106762290000915527e-01,8.854522109031677246e-01,2.496590316295623779e-01,-8.561395108699798584e-03,-5.242710188031196594e-02,-1.654521822929382324e-01,-4.292799234390258789e-01,8.789010643959045410e-01,9.729793667793273926e-01,1.713415049016475677e-02,2.017670683562755585e-02,5.891013145446777344e-02
3.997521847486495972e-02,-3.477087244391441345e-03,3.923417627811431885e-01,9.983195066452026367e-01,4.280614480376243591e-02,3.900137543678283691e-02,2.161438809707760811e-03,2.673626318573951721e-02,1.296143420040607452e-02,4.352194443345069885e-02,2.089469909667968750e+00,-2.728000581264495850e-01,-1.658159792423248291e-01,-3.553800284862518311e-03,-2.653347253799438477e-01,1.024856269359588623e-01,2.207876682281494141e+00,-3.941903114318847656e-01,1.020752117037773132e-01,-5.170943588018417358e-02,-5.390701815485954285e-02,3.619448468089103699e-02,3.209874406456947327e-02,4.603276252746582031e-01,-6.106187701225280762e-01,8.869763612747192383e-01,2.473138570785522461e-01,-8.419527672231197357e-03,-5.217059701681137085e-02,-1.631841212511062622e-01,-4.286244809627532959e-01,8.751100897789001465e-01,9.735282659530639648e-01,1.802000030875205994e-02,1.991184428334236145e-02,5.735516548156738281e-02
3.931406885385513306e-02,-3.577405586838722229e-03,3.921961784362792969e-01,9.983245730400085449e-01,4.261448234319686890e-02,3.910535201430320740e-02,1.692001707851886749e-03,2.691301330924034119e-02,1.384170632809400558e-02,4.470563307404518127e-02,2.089796543121337891e+00,-2.735872864723205566e-01,-1.658736914396286011e-01,-4.617940634489059448e-03,-2.658144533634185791e-01,1.027234494686126709e-01,2.209370136260986328e+00,-3.954584300518035889e-01,1.018060594797134399e-01,-5.207303538918495178e-02,-5.374856665730476379e-02,3.608766943216323853e-02,3.181844204664230347e-02,4.607600271701812744e-01,-6.112479567527770996e-01,8.887292742729187012e-01,2.460555136203765869e-01,-8.566909469664096832e-03,-5.197640508413314819e-02,-1.618134528398513794e-01,-4.273095726966857910e-01,8.716604113578796387e-01,9.742843508720397949e-01,1.892259716987609863e-02,1.965164765715599060e-02,5.565119534730911255e-02
3.840004652738571167e-02,-3.746530739590525627e-03,3.920175731182098389e-01,9.983313083648681641e-01,4.237563908100128174e-02,3.920760005712509155e-02,1.326761557720601559e-03,2.684644423425197601e-02,1.474293600767850876e-02,4.531631246209144592e-02,2.090733289718627930e+00,-2.741320431232452393e-01,-1.653260737657546997e-01,-5.624254234135150909e-03,-2.657938897609710693e-01,1.030281931161880493e-01,2.210824012756347656e+00,-3.965060412883758545e-01,1.016173586249351501e-01,-5.251121893525123596e-02,-5.350491032004356384e-02,3.610450774431228638e-02,3.168248757719993591e-02,4.613141715526580811e-01,-6.124072074890136719e-01,8.906822800636291504e-01,2.454118430614471436e-01,-8.717118762433528900e-03,-5.180638656020164490e-02,-1.607001274824142456e-01,-4.251033961772918701e-01,8.675698041915893555e-01,9.754792451858520508e-01,1.907717250287532806e-02,1.992296613752841949e-02,5.389456450939178467e-02
3.734912350773811340e-02,-4.009728319942951202e-03,3.919746875762939453e-01,9.983395338058471680e-01,4.220396652817726135e-02,3.918812796473503113e-02,1.120098051615059376e-03,2.642291970551013947e-02,1.517053321003913879e-02,4.547283425927162170e-02,2.091923713684082031e+00,-2.745022475719451904e-01,-1.648376286029815674e-01,-6.527170538902282715e-03,-2.648935019969940186e-01,1.035451143980026245e-01,2.212209463119506836e+00,-3.976966142654418945e-01,1.018925309181213379e-01,-5.314145982265472412e-02,-5.357133969664573669e-02,3.637058660387992859e-02,3.103964403271675110e-02,4.617349505424499512e-01,-6.142276525497436523e-01,8.927688598632812500e-01,2.441098242998123169e-01,-9.090461768209934235e-03,-5.159612745046615601e-02,-1.596673280000686646e-01,-4.220753014087677002e-01,8.636023402214050293e-01,9.771682620048522949e-01,1.837714388966560364e-02,2.016157470643520355e-02,5.203840509057044983e-02
3.723091632127761841e-02,-4.620665684342384338e-03,3.919437527656555176e-01,9.983478188514709473e-01,4.207101091742515564e-02,3.912144899368286133e-02,1.082397997379302979e-03,2.625052817165851593e-02,1.598785817623138428e-02,4.554064571857452393e-02,2.093338012695312500e+00,-2.750805020332336426e-01,-1.633684784173965454e-01,-7.344179321080446243e-03,-2.639848887920379639e-01,1.036931797862052917e-01,2.213743925094604492e+00,-3.991549313068389893e-01,1.021874174475669861e-01,-5.366548523306846619e-02,-5.383251607418060303e-02,3.684284165501594543e-02,2.923584729433059692e-02,4.622402489185333252e-01,-6.169968843460083008e-01,8.948295712471008301e-01,2.421447783708572388e-01,-9.368549101054668427e-03,-5.134214460849761963e-02,-1.583763211965560913e-01,-4.183411896228790283e-01,8.602436780929565430e-01,9.801958203315734863e-01,1.786037907004356384e-02,2.050905488431453705e-02,5.063647776842117310e-02
3.632341325283050537e-02,-4.952459130436182022e-03,3.919286131858825684e-01,9.983564019203186035e-01,4.192312806844711304e-02,3.906028345227241516e-02,1.120163593441247940e-03,2.642733231186866760e-02,1.670688949525356293e-02,4.539664834737777710e-02,2.094701766967773438e+00,-2.764250636100769043e-01,-1.620568633079528809e-01,-8.182422257959842682e-03,-2.635730504989624023e-01,1.033127009868621826e-01,2.215573787689208984e+00,-4.017009735107421875e-01,1.023179218173027039e-01,-5.399244651198387146e-02,-5.419703572988510132e-02,3.726851195096969604e-02,2.629523724317550659e-02,4.626424014568328857e-01,-6.206255555152893066e-01,8.974301815032958984e-01,2.403354048728942871e-01,-9.303629398345947266e-03,-5.115650966763496399e-02,-1.568448692560195923e-01,-4.140647351741790771e-01,8.580804467201232910e-01,9.842053055763244629e-01,1.862329989671707153e-02,2.041676081717014313e-02,4.996496811509132385e-02
3.535430878400802612e-02,-5.213859491050243378e-03,3.919081091880798340e-01,9.983593821525573730e-01,4.181729257106781006e-02,3.909407928586006165e-02,1.231532078236341476e-03,2.635681070387363434e-02,1.655763946473598480e-02,4.447078704833984375e-02,2.095891952514648438e+00,-2.783702611923217773e-01,-1.626547574996948242e-01,-9.230705909430980682e-03,-2.635533511638641357e-01,1.024359986186027527e-01,2.217493534088134766e+00,-4.047534167766571045e-01,1.024120226502418518e-01,-5.412189289927482605e-02,-5.467305704951286316e-02,3.778506442904472351e-02,2.304859459400177002e-02,4.626874327659606934e-01,-6.243639588356018066e-01,9.002150297164916992e-01,2.394708245992660522e-01,-8.825401775538921356e-03,-5.114524066448211670e-02,-1.552306711673736572e-01,-4.099759459495544434e-01,8.565537929534912109e-01,9.881273508071899414e-01,1.944055408239364624e-02,2.016878686845302582e-02,5.057032033801078796e-02
3.450661897659301758e-02,-5.420339293777942657e-03,3.918465077877044678e-01,9.983553290367126465e-01,4.180453717708587646e-02,3.920548781752586365e-02,1.391123281791806221e-03,2.596293576061725616e-02,1.604281365871429443e-02,4.333887249231338501e-02,2.096646308898925781e+00,-2.809080183506011963e-01,-1.644782572984695435e-01,-1.059523131698369980e-02,-2.637405693531036377e-01,1.013239845633506775e-01,2.219347238540649414e+00,-4.067296683788299561e-01,1.030026525259017944e-01,-5.419753119349479675e-02,-5.519234761595726013e-02,3.836530074477195740e-02,1.999767310917377472e-02,4.622854888439178467e-01,-6.272781491279602051e-01,9.026041626930236816e-01,2.387644946575164795e-01,-8.204742334783077240e-03,-5.160031840205192566e-02,-1.538357138633728027e-01,-4.066238999366760254e-01,8.555250763893127441e-01,9.914692044258117676e-01,2.034504152834415436e-02,2.018357813358306885e-02,5.156003683805465698e-02
3.389218822121620178e-02,-5.553242750465869904e-03,3.918311297893524170e-01,9.983522295951843262e-01,4.189742729067802429e-02,3.917252644896507263e-02,1.697489991784095764e-03,2.530097402632236481e-02,1.498993393033742905e-02,4.191891849040985107e-02,2.096964359283447266e+00,-2.837063968181610107e-01,-1.662918925285339355e-01,-1.178147923201322556e-02,-2.638702094554901123e-01,1.004393994808197021e-01,2.220838308334350586e+00,-4.065087139606475830e-01,1.034439951181411743e-01,-5.419599264860153198e-02,-5.579912662506103516e-02,3.931550309062004089e-02,1.737309247255325317e-02,4.616659879684448242e-01,-6.295379996299743652e-01,9.040616750717163086e-01,2.387878596782684326e-01,-8.031911216676235199e-03,-5.236310139298439026e-02,-1.537607610225677490e-01,-4.044238328933715820e-01,8.552162051200866699e-01,9.943013191223144531e-01,2.004294656217098236e-02,2.044742740690708160e-02,5.229951813817024231e-02
3.342752158641815186e-02,-5.621603690087795258e-03,3.918232619762420654e-01,9.983481168746948242e-01,4.212917760014533997e-02,3.901603445410728455e-02,1.980350585654377937e-03,2.457939647138118744e-02,1.297017745673656464e-02,4.083771258592605591e-02,2.096864461898803711e+00,-2.852532863616943359e-01,-1.678324490785598755e-01,-1.236458402127027512e-02,-2.642589807510375977e-01,9.995967149734497070e-02,2.221729278564453125e+00,-4.048337638378143311e-01,1.037585362792015076e-01,-5.438971891999244690e-02,-5.647878721356391907e-02,4.050944373011589050e-02,1.563311554491519928e-02,4.608018100261688232e-01,-6.310546994209289551e-01,9.045632481575012207e-01,2.386181652545928955e-01,-8.317006751894950867e-03,-5.354997143149375916e-02,-1.549070775508880615e-01,-4.034934639930725098e-01,8.552886247634887695e-01,9.963721036911010742e-01,1.820278353989124298e-02,2.073170617222785950e-02,5.211551114916801453e-02
3.290844708681106567e-02,-5.683860741555690765e-03,3.917735815048217773e-01,9.983438253402709961e-01,4.243029281497001648e-02,3.877874463796615601e-02,2.321764128282666206e-03,2.379252947866916656e-02,1.057177223265171051e-02,4.027115553617477417e-02,2.096884012222290039e+00,-2.851167321205139160e-01,-1.683796197175979614e-01,-1.249464042484760284e-02,-2.646377384662628174e-01,9.966786205768585205e-02,2.222202301025390625e+00,-4.033765196800231934e-01,1.039472222328186035e-01,-5.477552115917205811e-02,-5.701120942831039429e-02,4.172806441783905029e-02,1.456945948302745819e-02,4.598273634910583496e-01,-6.322761774063110352e-01,9.038605093955993652e-01,2.380485236644744873e-01,-8.748168125748634338e-03,-5.470630154013633728e-02,-1.566707640886306763e-01,-4.036649167537689209e-01,8.550780415534973145e-01,9.973301887512207031e-01,1.548472978174686432e-02,2.079859934747219086e-02,5.135916918516159058e-02
3.225307911634445190e-02,-5.794795695692300797e-03,3.915925621986389160e-01,9.983421564102172852e-01,4.271548613905906677e-02,3.848502039909362793e-02,2.693294547498226166e-03,2.321311458945274353e-02,8.182545192539691925e-03,3.977280855178833008e-02,2.097321033477783203e+00,-2.837693393230438232e-01,-1.685759723186492920e-01,-1.202643290162086487e-02,-2.643072903156280518e-01,9.963976591825485229e-02,2.222496986389160156e+00,-4.023438394069671631e-01,1.046177968382835388e-01,-5.501355975866317749e-02,-5.726837739348411560e-02,4.302758723497390747e-02,1.370787434279918671e-02,4.590888023376464844e-01,-6.336554884910583496e-01,9.019494652748107910e-01,2.371482998132705688e-01,-9.169902652502059937e-03,-5.563696846365928650e-02,-1.582319885492324829e-01,-4.047885239124298096e-01,8.546170592308044434e-01,9.969509243965148926e-01,1.343428436666727066e-02,2.028595469892024994e-02,4.964693263173103333e-02
3.149692714214324951e-02,-5.883455276489257812e-03,3.914741873741149902e-01,9.983420372009277344e-01,4.296460002660751343e-02,3.818802535533905029e-02,2.984435763210058212e-03,2.269282005727291107e-02,6.271598860621452332e-03,3.943976759910583496e-02,2.098080635070800781e+00,-2.818327546119689941e-01,-1.685619205236434937e-01,-1.154303364455699921e-02,-2.641750276088714600e-01,9.961940348148345947e-02,2.223196744918823242e+00,-4.022328257560729980e-01,1.050366386771202087e-01,-5.485505238175392151e-02,-5.730314180254936218e-02,4.462857544422149658e-02,1.283289212733507156e-02,4.590454101562500000e-01,-6.353968977928161621e-01,8.987935781478881836e-01,2.366382926702499390e-01,-9.378455579280853271e-03,-5.654329434037208557e-02,-1.597167998552322388e-01,-4.066640138626098633e-01,8.548526167869567871e-01,9.949431419372558594e-01,1.287183817476034164e-02,1.896745525300502777e-02,4.807620123028755188e-02
3.065370395779609680e-02,-5.847059190273284912e-03,3.914606869220733643e-01,9.983306527137756348e-01,4.332339018583297729e-02,3.805175051093101501e-02,3.325533354654908180e-03,2.169519290328025818e-02,4.701912868767976761e-03,3.921296820044517517e-02,2.099448442459106445e+00,-2.797340154647827148e-01,-1.680994182825088501e-01,-1.149930711835622787e-02,-2.645222842693328857e-01,9.981366991996765137e-02,2.224657297134399414e+00,-4.028397202491760254e-01,1.057374179363250732e-01,-5.439068004488945007e-02,-5.745675414800643921e-02,4.626391828060150146e-02,1.166438497602939606e-02,4.597583711147308350e-01,-6.377367377281188965e-01,8.952093720436096191e-01,2.364342808723449707e-01,-9.303991682827472687e-03,-5.758000537753105164e-02,-1.610887497663497925e-01,-4.090646505355834961e-01,8.560525178909301758e-01,9.914339780807495117e-01,1.360965892672538757e-02,1.719654165208339691e-02,4.643186926841735840e-02
2.978169731795787811e-02,-5.678080022335052490e-03,3.915930390357971191e-01,9.983118772506713867e-01,4.373298212885856628e-02,3.804201260209083557e-02,3.681980539113283157e-03,2.026230469346046448e-02,2.655648626387119293e-03,3.856654465198516846e-02,2.100980281829833984e+00,-2.779902517795562744e-01,-1.685758531093597412e-01,-1.175267528742551804e-02,-2.659579515457153320e-01,9.969419240951538086e-02,2.226615190505981445e+00,-4.040102958679199219e-01,1.057575047016143799e-01,-5.391240119934082031e-02,-5.769265443086624146e-02,4.798566550016403198e-02,1.037580799311399460e-02,4.608325064182281494e-01,-6.407282352447509766e-01,8.920599222183227539e-01,2.362175434827804565e-01,-8.880019187927246094e-03,-5.863015353679656982e-02,-1.625185757875442505e-01,-4.117789566516876221e-01,8.575205802917480469e-01,9.872702956199645996e-01,1.607894524931907654e-02,1.522185932844877243e-02,4.476058483123779297e-02
2.901823259890079498e-02,-5.529106128960847855e-03,3.917273283004760742e-01,9.982894062995910645e-01,4.409225285053253174e-02,3.816920891404151917e-02,4.142023157328367233e-03,1.838159188628196716e-02,8.146358304657042027e-04,3.766731545329093933e-02,2.102900266647338867e+00,-2.767592072486877441e-01,-1.692191064357757568e-01,-1.290239114314317703e-02,-2.670394778251647949e-01,9.984890371561050415e-02,2.229014635086059570e+00,-4.044285416603088379e-01,1.059148535132408142e-01,-5.347047373652458191e-02,-5.790479481220245361e-02,4.968966171145439148e-02,8.934367448091506958e-03,4.623570144176483154e-01,-6.436164975166320801e-01,8.896633386611938477e-01,2.370197474956512451e-01,-8.223430253565311432e-03,-5.941709876060485840e-02,-1.643098294734954834e-01,-4.147788882255554199e-01,8.600577712059020996e-01,9.830009341239929199e-01,1.766344904899597168e-02,1.345565542578697205e-02,4.341092333197593689e-02
2.828000858426094055e-02,-5.489252507686614990e-03,3.919003307819366455e-01,9.982663989067077637e-01,4.443652927875518799e-02,3.831421211361885071e-02,4.656744655221700668e-03,1.624538004398345947e-02,-1.079571549780666828e-03,3.660385310649871826e-02,2.104699611663818359e+00,-2.761464118957519531e-01,-1.699881106615066528e-01,-1.492502354085445404e-02,-2.675903141498565674e-01,1.004937887191772461e-01,2.231389522552490234e+00,-4.040766358375549316e-01,1.063939854502677917e-01,-5.323947593569755554e-02,-5.827021226286888123e-02,5.132932215929031372e-02,7.578241173177957535e-03,4.642418622970581055e-01,-6.457524895668029785e-01,8.881497979164123535e-01,2.389044612646102905e-01,-7.595033384859561920e-03,-6.013065949082374573e-02,-1.669718772172927856e-01,-4.176239967346191406e-01,8.628510236740112305e-01,9.793381094932556152e-01,1.686063036322593689e-02,1.206773519515991211e-02,4.231663420796394348e-02
2.752955816686153412e-02,-5.502242129296064377e-03,3.920810520648956299e-01,9.982464313507080078e-01,4.475139454007148743e-02,3.839801624417304993e-02,5.194129422307014465e-03,1.428968925029039383e-02,-3.100252244621515274e-03,3.570804744958877563e-02,2.106240749359130859e+00,-2.762619853019714355e-01,-1.704939603805541992e-01,-1.701630651950836182e-02,-2.680894732475280762e-01,1.013941541314125061e-01,2.233387708663940430e+00,-4.030744433403015137e-01,1.066096350550651550e-01,-5.279495194554328918e-02,-5.869719013571739197e-02,5.305969715118408203e-02,6.135136354714632034e-03,4.665798842906951904e-01,-6.474955081939697266e-01,8.871951699256896973e-01,2.413100451231002808e-01,-7.421533577144145966e-03,-6.093082949519157410e-02,-1.706479042768478394e-01,-4.204795360565185547e-01,8.673171997070312500e-01,9.762889146804809570e-01,1.449365727603435516e-02,1.047934591770172119e-02,4.116133600473403931e-02
2.671891078352928162e-02,-5.609869025647640228e-03,3.922660946846008301e-01,9.982225298881530762e-01,4.519986361265182495e-02,3.840922564268112183e-02,5.776507314294576645e-03,1.234441343694925308e-02,-5.343521945178508759e-03,3.510906547307968140e-02,2.107529640197753906e+00,-2.760973870754241943e-01,-1.707674860954284668e-01,-1.832156069576740265e-02,-2.690055072307586670e-01,1.021904423832893372e-01,2.235240936279296875e+00,-4.031061232089996338e-01,1.069146469235420227e-01,-5.209024995565414429e-02,-5.937410145998001099e-02,5.503555387258529663e-02,3.941863775253295898e-03,4.694140851497650146e-01,-6.490096449851989746e-01,8.859715461730957031e-01,2.433111369609832764e-01,-7.321245968341827393e-03,-6.196181476116180420e-02,-1.750378459692001343e-01,-4.234966635704040527e-01,8.737450838088989258e-01,9.729847908020019531e-01,1.096407417207956314e-02,8.174546062946319580e-03,3.973576426506042480e-02
2.591334283351898193e-02,-5.718600936233997345e-03,3.925538063049316406e-01,9.981971383094787598e-01,4.580855369567871094e-02,3.828037530183792114e-02,6.225051824003458023e-03,1.041662693023681641e-02,-7.877653464674949646e-03,3.508400544524192810e-02,2.108714818954467773e+00,-2.756352722644805908e-01,-1.711545437574386597e-01,-1.921038702130317688e-02,-2.707151770591735840e-01,1.027243137359619141e-01,2.237198591232299805e+00,-4.041254520416259766e-01,1.073380857706069946e-01,-5.108995363116264343e-02,-6.034864485263824463e-02,5.711515992879867554e-02,1.037866575643420219e-03,4.728885293006896973e-01,-6.514715552330017090e-01,8.840610384941101074e-01,2.440575659275054932e-01,-7.439644541591405869e-03,-6.285498291254043579e-02,-1.802388429641723633e-01,-4.265430867671966553e-01,8.823403120040893555e-01,9.689329266548156738e-01,7.528799585998058319e-03,4.920753184705972672e-03,3.805663436651229858e-02
2.516375854611396790e-02,-5.801669321954250336e-03,3.928750753402709961e-01,9.981756210327148438e-01,4.647493362426757812e-02,3.799439221620559692e-02,6.478351075202226639e-03,9.051413275301456451e-03,-1.000871602445840836e-02,3.558410704135894775e-02,2.110104799270629883e+00,-2.753645479679107666e-01,-1.714466512203216553e-01,-2.009001560509204865e-02,-2.730870544910430908e-01,1.030394807457923889e-01,2.239465951919555664e+00,-4.054940342903137207e-01,1.074490845203399658e-01,-4.978535696864128113e-02,-6.120420992374420166e-02,5.972695350646972656e-02,-2.070070477202534676e-03,4.770212173461914062e-01,-6.546298861503601074e-01,8.809340000152587891e-01,2.434071451425552368e-01,-7.337570656090974808e-03,-6.288233399391174316e-02,-1.859753131866455078e-01,-4.298112392425537109e-01,8.927900195121765137e-01,9.639868140220642090e-01,5.924900993704795837e-03,1.425250782631337643e-03,3.620581701397895813e-02
2.455301210284233093e-02,-5.933952517807483673e-03,3.930920064449310303e-01,9.981483221054077148e-01,4.740565642714500427e-02,3.753337264060974121e-02,6.614132318645715714e-03,8.023221045732498169e-03,-1.226410269737243652e-02,3.660147264599800110e-02,2.111497402191162109e+00,-2.746828198432922363e-01,-1.717369407415390015e-01,-2.137717977166175842e-02,-2.765149772167205811e-01,1.031667143106460571e-01,2.242338895797729492e+00,-4.065029025077819824e-01,1.071852520108222961e-01,-4.826177656650543213e-02,-6.230188161134719849e-02,6.259297579526901245e-02,-5.580619908869266510e-03,4.818763434886932373e-01,-6.592111587524414062e-01,8.769468665122985840e-01,2.428784221410751343e-01,-7.056760601699352264e-03,-6.222208589315414429e-02,-1.931990385055541992e-01,-4.331886768341064453e-01,9.045693278312683105e-01,9.580879807472229004e-01,6.046619731932878494e-03,-2.072591334581375122e-03,3.369520604610443115e-02
2.400430291891098022e-02,-6.131133064627647400e-03,3.931624889373779297e-01,9.981156587600708008e-01,4.845384135842323303e-02,3.702766820788383484e-02,6.802434567362070084e-03,7.246269844472408295e-03,-1.401722058653831482e-02,3.771101683378219604e-02,2.113193988800048828e+00,-2.745237052440643311e-01,-1.713293641805648804e-01,-2.282704785466194153e-02,-2.811215817928314209e-01,1.026491969823837280e-01,2.245656967163085938e+00,-4.075080156326293945e-01,1.053331792354583740e-01,-4.681526497006416321e-02,-6.334781646728515625e-02,6.521877646446228027e-02,-9.590175934135913849e-03,4.874679446220397949e-01,-6.652140021324157715e-01,8.728920221328735352e-01,2.423835247755050659e-01,-6.757829338312149048e-03,-6.098785623908042908e-02,-2.026943713426589966e-01,-4.365722537040710449e-01,9.183022379875183105e-01,9.512497186660766602e-01,6.194200366735458374e-03,-5.184013862162828445e-03,3.029961697757244110e-02
2.342154085636138916e-02,-6.407795473933219910e-03,3.931328654289245605e-01,9.980759024620056152e-01,4.970114678144454956e-02,3.639026358723640442e-02,7.072621956467628479e-03,6.637807004153728485e-03,-1.599988341331481934e-02,3.882099315524101257e-02,2.114953041076660156e+00,-2.749137282371520996e-01,-1.704321354627609253e-01,-2.389476634562015533e-02,-2.867414355278015137e-01,1.019663214683532715e-01,2.249023437500000000e+00,-4.091136157512664795e-01,1.022701933979988098e-01,-4.539661481976509094e-02,-6.440404057502746582e-02,6.805749237537384033e-02,-1.503171864897012711e-02,4.938575625419616699e-01,-6.728039979934692383e-01,8.690054416656494141e-01,2.428328841924667358e-01,-6.797537207603454590e-03,-6.000452116131782532e-02,-2.152004092931747437e-01,-4.402559101581573486e-01,9.343956708908081055e-01,9.435992240905761719e-01,4.035164136439561844e-03,-8.483275771141052246e-03,2.529806271195411682e-02
2.275560796260833740e-02,-6.781895179301500320e-03,3.930734395980834961e-01,9.980366826057434082e-01,5.107621103525161743e-02,3.547820076346397400e-02,7.440400309860706329e-03,6.324416957795619965e-03,-1.846008375287055969e-02,3.969266638159751892e-02,2.116800069808959961e+00,-2.759540379047393799e-01,-1.696134209632873535e-01,-2.410375140607357025e-02,-2.923024296760559082e-01,1.013012528419494629e-01,2.251961231231689453e+00,-4.114846587181091309e-01,9.893127530813217163e-02,-4.374124854803085327e-02,-6.521832942962646484e-02,7.156883180141448975e-02,-2.208540402352809906e-02,5.013380050659179688e-01,-6.825799942016601562e-01,8.643202185630798340e-01,2.443298697471618652e-01,-7.553266827017068863e-03,-5.982339754700660706e-02,-2.311833947896957397e-01,-4.441569149494171143e-01,9.535874724388122559e-01,9.345874786376953125e-01,-1.650933641940355301e-03,-1.244337018579244614e-02,1.915751025080680847e-02
2.195777744054794312e-02,-7.259370293468236923e-03,3.930395841598510742e-01,9.979975223541259766e-01,5.259390175342559814e-02,3.424504399299621582e-02,7.876550778746604919e-03,6.276143714785575867e-03,-2.120485156774520874e-02,4.063272848725318909e-02,2.118832349777221680e+00,-2.764751315116882324e-01,-1.686860024929046631e-01,-2.299243398010730743e-02,-2.977581620216369629e-01,1.005666404962539673e-01,2.254614353179931641e+00,-4.155420064926147461e-01,9.580224752426147461e-02,-4.171155765652656555e-02,-6.573377549648284912e-02,7.627926021814346313e-02,-3.140525892376899719e-02,5.103741288185119629e-01,-6.951951384544372559e-01,8.578396439552307129e-01,2.461837232112884521e-01,-8.835486136376857758e-03,-6.017989292740821838e-02,-2.517052888870239258e-01,-4.482006728649139404e-01,9.773299694061279297e-01,9.227216243743896484e-01,-1.130062714219093323e-02,-1.768950372934341431e-02,1.127113215625286102e-02
2.088184654712677002e-02,-7.747305091470479965e-03,3.930338323116302490e-01,9.979733824729919434e-01,5.391375347971916199e-02,3.275600075721740723e-02,8.333312347531318665e-03,6.896251812577247620e-03,-2.328808419406414032e-02,4.152391105890274048e-02,2.121679306030273438e+00,-2.761957645416259766e-01,-1.669959723949432373e-01,-2.125612273812294006e-02,-3.020737469196319580e-01,1.002547144889831543e-01,2.257733106613159180e+00,-4.210554957389831543e-01,9.319246560335159302e-02,-3.925506025552749634e-02,-6.524807959794998169e-02,8.239713311195373535e-02,-4.273461550474166870e-02,5.210218429565429688e-01,-7.115600705146789551e-01,8.497062921524047852e-01,2.469609826803207397e-01,-1.028016116470098495e-02,-6.060903146862983704e-02,-2.774768471717834473e-01,-4.523434638977050781e-01,1.007709980010986328e+00,9.072746038436889648e-01,-2.252393029630184174e-02,-2.487318590283393860e-02,9.759547538124024868e-04
1.946132630109786987e-02,-8.223231881856918335e-03,3.931511640548706055e-01,9.979553818702697754e-01,5.514246597886085510e-02,3.111469745635986328e-02,8.725557476282119751e-03,8.026185445487499237e-03,-2.490753680467605591e-02,4.265845939517021179e-02,2.125494956970214844e+00,-2.749791145324707031e-01,-1.646157950162887573e-01,-1.904219202697277069e-02,-3.054140210151672363e-01,1.006415188312530518e-01,2.262326240539550781e+00,-4.287885427474975586e-01,9.216866642236709595e-02,-3.697632253170013428e-02,-6.401038169860839844e-02,8.981788158416748047e-02,-5.614275485277175903e-02,5.333541631698608398e-01,-7.325775027275085449e-01,8.384453654289245605e-01,2.475884556770324707e-01,-1.150129083544015884e-02,-5.966808274388313293e-02,-3.096187114715576172e-01,-4.567241966724395752e-01,1.044594526290893555e+00,8.862202763557434082e-01,-3.431915119290351868e-02,-3.454540669918060303e-02,-1.401810161769390106e-02
1.770522445440292358e-02,-8.675488643348217010e-03,3.935651183128356934e-01,9.979505538940429688e-01,5.622063949704170227e-02,2.917114086449146271e-02,9.114294312894344330e-03,9.469269774854183197e-03,-2.616002038121223450e-02,4.369271919131278992e-02,2.130609989166259766e+00,-2.743391394615173340e-01,-1.624975800514221191e-01,-1.675373874604701996e-02,-3.074765205383300781e-01,1.016629785299301147e-01,2.268366813659667969e+00,-4.380460679531097412e-01,9.269863367080688477e-02,-3.498374670743942261e-02,-6.189723685383796692e-02,9.913716465234756470e-02,-7.172790914773941040e-02,5.484905242919921875e-01,-7.595853805541992188e-01,8.220338821411132812e-01,2.487031966447830200e-01,-1.271968334913253784e-02,-5.500952899456024170e-02,-3.500272631645202637e-01,-4.617346525192260742e-01,1.086932659149169922e+00,8.566339015960693359e-01,-4.583579674363136292e-02,-4.669994488358497620e-02,-3.795917332172393799e-02
1.557289436459541321e-02,-9.119571186602115631e-03,3.941735029220581055e-01,9.979229569435119629e-01,5.745971575379371643e-02,2.753463014960289001e-02,9.488561190664768219e-03,9.378534741699695587e-03,-2.646315097808837891e-02,4.567565396428108215e-02,2.136493444442749023e+00,-2.751646637916564941e-01,-1.602849066257476807e-01,-1.620657369494438171e-02,-3.086593449115753174e-01,1.036676093935966492e-01,2.275553703308105469e+00,-4.484200179576873779e-01,9.339764714241027832e-02,-3.336239606142044067e-02,-5.947709456086158752e-02,1.092504560947418213e-01,-8.827177435159683228e-02,5.688107609748840332e-01,-7.912455201148986816e-01,7.960655689239501953e-01,2.490254640579223633e-01,-1.517484150826931000e-02,-4.280124604701995850e-02,-4.002280235290527344e-01,-4.673310816287994385e-01,1.126869201660156250e+00,8.145262598991394043e-01,-5.334262549877166748e-02,-5.989744514226913452e-02,-7.221135497093200684e-02
1.306620985269546509e-02,-9.491819888353347778e-03,3.948619067668914795e-01,9.978594779968261719e-01,5.902193859219551086e-02,2.640725299715995789e-02,9.776599705219268799e-03,6.739664357155561447e-03,-2.545568346977233887e-02,5.001359805464744568e-02,2.142480134963989258e+00,-2.778594791889190674e-01,-1.572793722152709961e-01,-1.891562901437282562e-02,-3.106757700443267822e-01,1.060973703861236572e-01,2.283480644226074219e+00,-4.577438533306121826e-01,9.083929657936096191e-02,-3.251244872808456421e-02,-5.677650496363639832e-02,1.194160357117652893e-01,-1.043271273374557495e-01,5.977883338928222656e-01,-8.244543075561523438e-01,7.556753754615783691e-01,2.474763989448547363e-01,-1.973425783216953278e-02,-2.539730258285999298e-02,-4.615984559059143066e-01,-4.732939302921295166e-01,1.159472107887268066e+00,7.574828267097473145e-01,-5.035139620304107666e-02,-7.376093417406082153e-02,-1.133163869380950928e-01
1.018794998526573181e-02,-9.763682261109352112e-03,3.955066800117492676e-01,9.977494478225708008e-01,6.112916767597198486e-02,2.542552724480628967e-02,1.062224339693784714e-02,1.725694979541003704e-03,-2.426829002797603607e-02,5.559268966317176819e-02,2.148872375488281250e+00,-2.826378345489501953e-01,-1.520267426967620850e-01,-2.266403287649154663e-02,-3.139303326606750488e-01,1.084124445915222168e-01,2.291006326675415039e+00,-4.645696580410003662e-01,8.576586097478866577e-02,-3.210587427020072937e-02,-5.411603301763534546e-02,1.295582652091979980e-01,-1.216632276773452759e-01,6.375730037689208984e-01,-8.551787734031677246e-01,6.989413499832153320e-01,2.430511116981506348e-01,-2.720329351723194122e-02,-6.911613512784242630e-03,-5.341388583183288574e-01,-4.795204102993011475e-01,1.187331676483154297e+00,6.894794702529907227e-01,-3.423010185360908508e-02,-8.884973824024200439e-02,-1.554224491119384766e-01
6.948847323656082153e-03,-9.859593585133552551e-03,3.957342803478240967e-01,9.976305365562438965e-01,6.326880306005477905e-02,2.413922734558582306e-02,1.215223968029022217e-02,-2.920979401096701622e-03,-2.179453894495964050e-02,6.186585128307342529e-02,2.156682014465332031e+00,-2.881768047809600830e-01,-1.435735225677490234e-01,-2.522947639226913452e-02,-3.174132108688354492e-01,1.105366945266723633e-01,2.298178434371948242e+00,-4.690974056720733643e-01,8.179144561290740967e-02,-3.056313470005989075e-02,-5.039966106414794922e-02,1.407813280820846558e-01,-1.418322026729583740e-01,6.874336600303649902e-01,-8.789620995521545410e-01,6.281727552413940430e-01,2.374551147222518921e-01,-3.646688535809516907e-02,9.284177795052528381e-03,-6.133902668952941895e-01,-4.863815605640411377e-01,1.214123129844665527e+00,6.190846562385559082e-01,-7.749863900244235992e-03,-1.031117960810661316e-01,-1.885531246662139893e-01
3.274213522672653198e-03,-9.917585179209709167e-03,3.956246078014373779e-01,9.974766969680786133e-01,6.569987535476684570e-02,2.280304767191410065e-02,1.427541580051183701e-02,-7.651328109204769135e-03,-2.045188099145889282e-02,6.728144735097885132e-02,2.166109800338745117e+00,-2.928393781185150146e-01,-1.360241621732711792e-01,-2.747376076877117157e-02,-3.215585350990295410e-01,1.122913435101509094e-01,2.306762218475341797e+00,-4.728118479251861572e-01,8.172635734081268311e-02,-2.865566685795783997e-02,-4.634330049157142639e-02,1.528147608041763306e-01,-1.623964011669158936e-01,7.458099126815795898e-01,-8.938057422637939453e-01,5.456780195236206055e-01,2.341343909502029419e-01,-4.549882933497428894e-02,2.419478446245193481e-02,-6.941819787025451660e-01,-4.932376146316528320e-01,1.239896535873413086e+00,5.515899658203125000e-01,1.938725449144840240e-02,-1.143288835883140564e-01,-2.089598178863525391e-01
-7.492452859878540039e-04,-9.949635714292526245e-03,3.953943848609924316e-01,9.973019957542419434e-01,6.817758083343505859e-02,2.144665457308292389e-02,1.674932055175304413e-02,-1.274995040148496628e-02,-1.707405783236026764e-02,7.437653094530105591e-02,2.177058696746826172e+00,-2.985443472862243652e-01,-1.260695755481719971e-01,-3.071534819900989532e-02,-3.258554637432098389e-01,1.140908598899841309e-01,2.316374063491821289e+00,-4.757752418518066406e-01,8.347757905721664429e-02,-2.648316323757171631e-02,-4.111520573496818542e-02,1.657972037792205811e-01,-1.789269149303436279e-01,8.164499402046203613e-01,-8.984674811363220215e-01,4.461178481578826904e-01,2.314647585153579712e-01,-5.523798987269401550e-02,4.246757179498672485e-02,-7.798907756805419922e-01,-5.006866455078125000e-01,1.267785072326660156e+00,4.840232133865356445e-01,4.884424433112144470e-02,-1.237562671303749084e-01,-2.250611931085586548e-01
-5.066473037004470825e-03,-9.875202551484107971e-03,3.951506018638610840e-01,9.971042871475219727e-01,7.061509788036346436e-02,2.021595276892185211e-02,1.969391293823719025e-02,-1.898120902478694916e-02,-1.194918435066938400e-02,8.273485302925109863e-02,2.189414739608764648e+00,-3.071532249450683594e-01,-1.135183349251747131e-01,-3.494561463594436646e-02,-3.305878639221191406e-01,1.155883371829986572e-01,2.325290203094482422e+00,-4.778231382369995117e-01,8.636863529682159424e-02,-2.480437047779560089e-02,-3.494495153427124023e-02,1.788243204355239868e-01,-1.857818514108657837e-01,9.005471467971801758e-01,-8.882548213005065918e-01,3.284259736537933350e-01,2.265467494726181030e-01,-6.614214926958084106e-02,6.562752276659011841e-02,-8.716145157814025879e-01,-5.087287425994873047e-01,1.298183679580688477e+00,4.168919324874877930e-01,8.409854024648666382e-02,-1.314253062009811401e-01,-2.398092746734619141e-01
-9.769707918167114258e-03,-9.732790291309356689e-03,3.947825431823730469e-01,9.968853592872619629e-01,7.274430245161056519e-02,1.943406648933887482e-02,2.345797419548034668e-02,-2.786348387598991394e-02,-5.280845798552036285e-03,9.113302826881408691e-02,2.204412221908569336e+00,-3.183653652667999268e-01,-9.914392977952957153e-02,-4.157894849777221680e-02,-3.357847332954406738e-01,1.162700802087783813e-01,2.334486246109008789e+00,-4.790022373199462891e-01,8.840814977884292603e-02,-2.428283356130123138e-02,-2.859146334230899811e-02,1.916036456823348999e-01,-1.822519153356552124e-01,9.964123368263244629e-01,-8.606017827987670898e-01,1.962544173002243042e-01,2.173625528812408447e-01,-7.781419903039932251e-02,9.306537359952926636e-02,-9.682117104530334473e-01,-5.175293087959289551e-01,1.327069878578186035e+00,3.490516841411590576e-01,1.251486688852310181e-01,-1.376688480377197266e-01,-2.513200640678405762e-01
-1.501299440860748291e-02,-9.520495310425758362e-03,3.940629959106445312e-01,9.966705441474914551e-01,7.389022409915924072e-02,1.973364129662513733e-02,2.826143801212310791e-02,-4.085392504930496216e-02,3.278285032138228416e-03,9.722710400819778442e-02,2.223815679550170898e+00,-3.312791287899017334e-01,-8.558344841003417969e-02,-5.301757156848907471e-02,-3.402741849422454834e-01,1.154708042740821838e-01,2.346199989318847656e+00,-4.799932539463043213e-01,8.826021105051040649e-02,-2.548576332628726959e-02,-2.176307886838912964e-02,2.044950574636459351e-01,-1.695261299610137939e-01,1.100926041603088379e+00,-8.125414252281188965e-01,5.551800131797790527e-02,2.014778554439544678e-01,-9.009145200252532959e-02,1.219355463981628418e-01,-1.066322326660156250e+00,-5.276212692260742188e-01,1.349547028541564941e+00,2.778799533843994141e-01,1.711915284395217896e-01,-1.439676731824874878e-01,-2.580595314502716064e-01
-2.094410359859466553e-02,-9.354276582598686218e-03,3.928467929363250732e-01,9.964172840118408203e-01,7.446160167455673218e-02,2.101277187466621399e-02,3.415495529770851135e-02,-5.966757610440254211e-02,9.941687807440757751e-03,9.971036761999130249e-02,2.247950792312622070e+00,-3.428993523120880127e-01,-7.696453481912612915e-02,-6.931133568286895752e-02,-3.439089953899383545e-01,1.141856834292411804e-01,2.361771345138549805e+00,-4.828801155090332031e-01,8.692964166402816772e-02,-2.758038416504859924e-02,-1.564961299300193787e-02,2.186940014362335205e-01,-1.489816159009933472e-01,1.210797548294067383e+00,-7.430387139320373535e-01,-8.859811723232269287e-02,1.793772429227828979e-01,-1.043337062001228333e-01,1.508075743913650513e-01,-1.163426280021667480e+00,-5.398728847503662109e-01,1.361481666564941406e+00,2.001004368066787720e-01,2.183717787265777588e-01,-1.524502933025360107e-01,-2.614459991455078125e-01
-2.750347927212715149e-02,-9.221083484590053558e-03,3.911944031715393066e-01,9.961216449737548828e-01,7.460655272006988525e-02,2.300802245736122131e-02,4.057190194725990295e-02,-8.304765075445175171e-02,1.504832226783037186e-02,9.946778416633605957e-02,2.276214599609375000e+00,-3.551500141620635986e-01,-7.105082273483276367e-02,-8.895117789506912231e-02,-3.464257419109344482e-01,1.134520247578620911e-01,2.380828857421875000e+00,-4.893098175525665283e-01,8.541342616081237793e-02,-2.797620929777622223e-02,-1.011046487838029861e-02,2.350764721632003784e-01,-1.250108778476715088e-01,1.316602110862731934e+00,-6.555657982826232910e-01,-2.256311625242233276e-01,1.537554115056991577e-01,-1.209574863314628601e-01,1.790271699428558350e-01,-1.253291130065917969e+00,-5.544033646583557129e-01,1.360098123550415039e+00,1.179620772600173950e-01,2.622872889041900635e-01,-1.623094677925109863e-01,-2.621011734008789062e-01
-3.476551920175552368e-02,-9.104331023991107941e-03,3.890685439109802246e-01,9.957653880119323730e-01,7.475358992815017700e-02,2.583039365708827972e-02,4.686258733272552490e-02,-1.096314787864685059e-01,1.684067770838737488e-02,9.746196120977401733e-02,2.306902647018432617e+00,-3.680413663387298584e-01,-6.796395778656005859e-02,-1.118887662887573242e-01,-3.485164344310760498e-01,1.142446622252464294e-01,2.403807640075683594e+00,-5.003517270088195801e-01,8.497226238250732422e-02,-2.488846518099308014e-02,-4.440768156200647354e-03,2.529444396495819092e-01,-1.036236435174942017e-01,1.407185912132263184e+00,-5.577946305274963379e-01,-3.477565348148345947e-01,1.279555857181549072e-01,-1.398460268974304199e-01,2.050031721591949463e-01,-1.331666707992553711e+00,-5.693995356559753418e-01,1.344717264175415039e+00,3.689542785286903381e-02,2.986068427562713623e-01,-1.712666898965835571e-01,-2.607272267341613770e-01
-4.268145561218261719e-02,-9.025763720273971558e-03,3.864738345146179199e-01,9.953276515007019043e-01,7.518916577100753784e-02,2.967279031872749329e-02,5.281060561537742615e-02,-1.395159363746643066e-01,1.714905351400375366e-02,9.602691233158111572e-02,2.339307069778442383e+00,-3.824141323566436768e-01,-6.528563052415847778e-02,-1.383189409971237183e-01,-3.512521684169769287e-01,1.173907294869422913e-01,2.430942535400390625e+00,-5.146000981330871582e-01,8.587382733821868896e-02,-1.831211335957050323e-02,1.942787203006446362e-03,2.711784839630126953e-01,-8.948201686143875122e-02,1.477686047554016113e+00,-4.567251503467559814e-01,-4.534730017185211182e-01,1.006513610482215881e-01,-1.597980111837387085e-01,2.297236770391464233e-01,-1.399429559707641602e+00,-5.816810131072998047e-01,1.318052411079406738e+00,-3.883874788880348206e-02,3.271073698997497559e-01,-1.775832176208496094e-01,-2.581673562526702881e-01
-5.122386291623115540e-02,-9.056670591235160828e-03,3.834394216537475586e-01,9.948149323463439941e-01,7.579764723777770996e-02,3.451740741729736328e-02,5.836480483412742615e-02,-1.723996847867965698e-01,1.649335585534572601e-02,9.506097435951232910e-02,2.373250484466552734e+00,-3.991588056087493896e-01,-6.340342760086059570e-02,-1.675971001386642456e-01,-3.547690510749816895e-01,1.224601492285728455e-01,2.461672306060791016e+00,-5.310370326042175293e-01,8.742370456457138062e-02,-8.847411721944808960e-03,8.983987383544445038e-03,2.886191904544830322e-01,-8.750584721565246582e-02,1.528104782104492188e+00,-3.595989644527435303e-01,-5.422268509864807129e-01,7.015426456928253174e-02,-1.797008663415908813e-01,2.546207606792449951e-01,-1.457540035247802734e+00,-5.884769558906555176e-01,1.282228469848632812e+00,-1.071921810507774353e-01,3.528003096580505371e-01,-1.807711720466613770e-01,-2.554657459259033203e-01
-6.037436053156852722e-02,-9.275787509977817535e-03,3.798525631427764893e-01,9.942851066589355469e-01,7.591725885868072510e-02,4.034521430730819702e-02,6.329212337732315063e-02,-2.072532624006271362e-01,1.888445578515529633e-02,9.542992711067199707e-02,2.409790992736816406e+00,-4.202539920806884766e-01,-6.064219400286674500e-02,-1.998012661933898926e-01,-3.579550385475158691e-01,1.286209374666213989e-01,2.496370792388916016e+00,-5.489639043807983398e-01,8.760129660367965698e-02,3.808750770986080170e-03,1.735867746174335480e-02,3.054857850074768066e-01,-1.019410640001296997e-01,1.562793135643005371e+00,-2.694965600967407227e-01,-6.186760663986206055e-01,3.473385423421859741e-02,-1.984312087297439575e-01,2.801742255687713623e-01,-1.506243348121643066e+00,-5.881226658821105957e-01,1.238019227981567383e+00,-1.680921614170074463e-01,3.760222196578979492e-01,-1.799339652061462402e-01,-2.526215016841888428e-01
-6.997212022542953491e-02,-9.641826152801513672e-03,3.759340345859527588e-01,9.937543272972106934e-01,7.529726624488830566e-02,4.735238477587699890e-02,6.738225370645523071e-02,-2.445526123046875000e-01,2.665236592292785645e-02,9.817657619714736938e-02,2.449118375778198242e+00,-4.469223916530609131e-01,-5.517263337969779968e-02,-2.362128198146820068e-01,-3.595925271511077881e-01,1.355570554733276367e-01,2.535138130187988281e+00,-5.690268278121948242e-01,8.692193776369094849e-02,2.012815140187740326e-02,2.692706510424613953e-02,3.210557103157043457e-01,-1.388754546642303467e-01,1.582252979278564453e+00,-1.913688778877258301e-01,-6.831921935081481934e-01,-4.758569411933422089e-03,-2.151779234409332275e-01,3.066536486148834229e-01,-1.544968605041503906e+00,-5.792975425720214844e-01,1.186192989349365234e+00,-2.245092242956161499e-01,3.971222937107086182e-01,-1.762537658214569092e-01,-2.492251247167587280e-01
-7.967741787433624268e-02,-1.015762984752655029e-02,3.716941475868225098e-01,9.932436943054199219e-01,7.355355471372604370e-02,5.585990473628044128e-02,7.026045769453048706e-02,-2.837098240852355957e-01,4.338370636105537415e-02,1.046198979020118713e-01,2.490810871124267578e+00,-4.788653552532196045e-01,-4.486663267016410828e-02,-2.794478237628936768e-01,-3.588223755359649658e-01,1.436800956726074219e-01,2.577090263366699219e+00,-5.900689959526062012e-01,8.348217606544494629e-02,4.006323963403701782e-02,3.752152994275093079e-02,3.349564373493194580e-01,-2.001997530460357666e-01,1.587313771247863770e+00,-1.267496645450592041e-01,-7.370525598526000977e-01,-4.785721376538276672e-02,-2.285476475954055786e-01,3.346610963344573975e-01,-1.573104023933410645e+00,-5.613068938255310059e-01,1.129249334335327148e+00,-2.769404649734497070e-01,4.133144021034240723e-01,-1.700066626071929932e-01,-2.444525510072708130e-01
-8.920957893133163452e-02,-1.106255315244197845e-02,3.668392598628997803e-01,9.926952123641967773e-01,7.104216516017913818e-02,6.586200743913650513e-02,7.191246747970581055e-02,-3.250330686569213867e-01,6.711631268262863159e-02,1.139541864395141602e-01,2.533708095550537109e+00,-5.145401358604431152e-01,-3.004212304949760437e-02,-3.298258185386657715e-01,-3.560898303985595703e-01,1.515771150588989258e-01,2.619588136672973633e+00,-6.105743050575256348e-01,7.603933662176132202e-02,6.156219542026519775e-02,4.693089053034782410e-02,3.458666503429412842e-01,-2.807437479496002197e-01,1.579731464385986328e+00,-7.525898516178131104e-02,-7.770859599113464355e-01,-9.004642814397811890e-02,-2.363572865724563599e-01,3.600877225399017334e-01,-1.594011306762695312e+00,-5.366538763046264648e-01,1.074468374252319336e+00,-3.227903544902801514e-01,4.215201139450073242e-01,-1.633950173854827881e-01,-2.405406683683395386e-01
-9.804362803697586060e-02,-1.223957352340221405e-02,3.618683218955993652e-01,9.921104907989501953e-01,6.835600733757019043e-02,7.573586702346801758e-02,7.285853475332260132e-02,-3.647563755512237549e-01,9.181828796863555908e-02,1.229419186711311340e-01,2.573770523071289062e+00,-5.507751107215881348e-01,-1.443411968648433685e-02,-3.799654841423034668e-01,-3.535405099391937256e-01,1.587229967117309570e-01,2.657064199447631836e+00,-6.284301877021789551e-01,6.618348509073257446e-02,8.024340122938156128e-02,5.156333371996879578e-02,3.538584113121032715e-01,-3.725141584873199463e-01,1.561038017272949219e+00,-3.519960865378379822e-02,-8.022206425666809082e-01,-1.280909180641174316e-01,-2.405457347631454468e-01,3.775769770145416260e-01,-1.607776999473571777e+00,-5.066475272178649902e-01,1.023177385330200195e+00,-3.593636155128479004e-01,4.241463840007781982e-01,-1.574438810348510742e-01,-2.351164519786834717e-01
-1.060103997588157654e-01,-1.386486832052469254e-02,3.570492565631866455e-01,9.915944337844848633e-01,6.493973731994628906e-02,8.520168066024780273e-02,7.255318015813827515e-02,-4.006539583206176758e-01,1.165200024843215942e-01,1.309289634227752686e-01,2.610877990722656250e+00,-5.889055728912353516e-01,-4.270097706466913223e-03,-4.263302981853485107e-01,-3.476549386978149414e-01,1.645145267248153687e-01,2.690399169921875000e+00,-6.468603610992431641e-01,5.614380538463592529e-02,9.437154978513717651e-02,5.033584684133529663e-02,3.589772582054138184e-01,-4.694299995899200439e-01,1.522914171218872070e+00,-9.073748253285884857e-03,-8.163508772850036621e-01,-1.542834192514419556e-01,-2.430448979139328003e-01,3.902578055858612061e-01,-1.612836241722106934e+00,-4.723859429359436035e-01,9.718253016471862793e-01,-3.918677270412445068e-01,4.261566996574401855e-01,-1.541625410318374634e-01,-2.260327339172363281e-01
-1.129324063658714294e-01,-1.565136574208736420e-02,3.530829548835754395e-01,9.911346435546875000e-01,6.129606440663337708e-02,9.451635181903839111e-02,7.043878734111785889e-02,-4.317369461059570312e-01,1.422614604234695435e-01,1.409450471401214600e-01,2.643079757690429688e+00,-6.268434524536132812e-01,2.713451161980628967e-03,-4.681710898876190186e-01,-3.375110626220703125e-01,1.721902489662170410e-01,2.720386028289794922e+00,-6.663787364959716797e-01,4.758081957697868347e-02,1.032885462045669556e-01,4.372978210449218750e-02,3.609989285469055176e-01,-5.523451566696166992e-01,1.456152677536010742e+00,3.626480931416153908e-03,-8.290202021598815918e-01,-1.543361395597457886e-01,-2.461030334234237671e-01,4.064790606498718262e-01,-1.601640343666076660e+00,-4.352355599403381348e-01,9.209048151969909668e-01,-4.250968098640441895e-01,4.327166974544525146e-01,-1.552119702100753784e-01,-2.094583362340927124e-01
-1.184645593166351318e-01,-1.718411967158317566e-02,3.501107692718505859e-01,9.907234907150268555e-01,5.791347101330757141e-02,1.031123325228691101e-01,6.693954020738601685e-02,-4.560576379299163818e-01,1.643047183752059937e-01,1.504631638526916504e-01,2.670744419097900391e+00,-6.639326214790344238e-01,5.452547222375869751e-03,-5.034530162811279297e-01,-3.234584629535675049e-01,1.813440918922424316e-01,2.748798608779907227e+00,-6.860837340354919434e-01,4.133021086454391479e-02,1.060487627983093262e-01,3.308207914233207703e-02,3.601261973381042480e-01,-6.106016635894775391e-01,1.353425025939941406e+00,-3.699539811350405216e-04,-8.479362726211547852e-01,-1.204377710819244385e-01,-2.488081902265548706e-01,4.303678572177886963e-01,-1.570364117622375488e+00,-3.990564346313476562e-01,8.771516680717468262e-01,-4.587084650993347168e-01,4.403097331523895264e-01,-1.574719846248626709e-01,-1.891841590404510498e-01
-1.224999874830245972e-01,-1.843347586691379547e-02,3.483431637287139893e-01,9.902380108833312988e-01,5.556888878345489502e-02,1.106724515557289124e-01,6.397254019975662231e-02,-4.764494299888610840e-01,1.780942827463150024e-01,1.542380899190902710e-01,2.691040992736816406e+00,-6.912472844123840332e-01,5.057823378592729568e-03,-5.351024270057678223e-01,-3.103242814540863037e-01,1.884347200393676758e-01,2.772449493408203125e+00,-6.992102265357971191e-01,3.846162557601928711e-02,1.004059612751007080e-01,1.935248635709285736e-02,3.581871986389160156e-01,-6.433455348014831543e-01,1.227803230285644531e+00,-2.199712023138999939e-02,-8.693502545356750488e-01,-5.460051819682121277e-02,-2.490981072187423706e-01,4.633462727069854736e-01,-1.529730319976806641e+00,-3.692499697208404541e-01,8.513802289962768555e-01,-4.854866266250610352e-01,4.442221522331237793e-01,-1.606524288654327393e-01,-1.686400622129440308e-01
-1.249447017908096313e-01,-1.940105296671390533e-02,3.476610481739044189e-01,9.897873401641845703e-01,5.387467890977859497e-02,1.167196929454803467e-01,6.160378083586692810e-02,-4.924687445163726807e-01,1.835720986127853394e-01,1.518837809562683105e-01,2.705288648605346680e+00,-7.143616676330566406e-01,7.566466811113059521e-04,-5.625567436218261719e-01,-2.981831431388854980e-01,1.948978453874588013e-01,2.789292335510253906e+00,-7.064843773841857910e-01,3.912304341793060303e-02,9.043356031179428101e-02,2.405834849923849106e-03,3.558378815650939941e-01,-6.588594913482666016e-01,1.102419614791870117e+00,-5.767742916941642761e-02,-8.817870616912841797e-01,2.640385739505290985e-02,-2.487339973449707031e-01,5.028509497642517090e-01,-1.487957000732421875e+00,-3.471277058124542236e-01,8.370679020881652832e-01,-5.001661181449890137e-01,4.464235901832580566e-01,-1.629026830196380615e-01,-1.494826972484588623e-01
-1.262905001640319824e-01,-2.015649713575839996e-02,3.478925526142120361e-01,9.893341064453125000e-01,5.296144634485244751e-02,1.218469962477684021e-01,5.972016230225563049e-02,-5.049898624420166016e-01,1.816039085388183594e-01,1.476457417011260986e-01,2.713092803955078125e+00,-7.319615483283996582e-01,-5.982163362205028534e-03,-5.894767045974731445e-01,-2.887915372848510742e-01,1.995925605297088623e-01,2.799058437347412109e+00,-7.082476019859313965e-01,4.013673216104507446e-02,7.837181538343429565e-02,-1.720529235899448395e-02,3.542582392692565918e-01,-6.692271232604980469e-01,9.929715991020202637e-01,-9.904956072568893433e-02,-8.796682953834533691e-01,1.120955944061279297e-01,-2.503617703914642334e-01,5.432733893394470215e-01,-1.454023480415344238e+00,-3.313272297382354736e-01,8.316758275032043457e-01,-5.036346316337585449e-01,4.404522478580474854e-01,-1.674389094114303589e-01,-1.355044394731521606e-01
-1.265833973884582520e-01,-2.041005343198776245e-02,3.483879268169403076e-01,9.891046285629272461e-01,5.309403315186500549e-02,1.246050745248794556e-01,5.767684429883956909e-02,-5.094398260116577148e-01,1.758366972208023071e-01,1.455454379320144653e-01,2.715470552444458008e+00,-7.476239204406738281e-01,-9.782593697309494019e-03,-6.076343655586242676e-01,-2.817046642303466797e-01,2.083454132080078125e-01,2.802834749221801758e+00,-7.101667523384094238e-01,4.366305470466613770e-02,6.961628049612045288e-02,-3.909626975655555725e-02,3.533241152763366699e-01,-6.821689605712890625e-01,9.089943766593933105e-01,-1.368048340082168579e-01,-8.667464256286621094e-01,1.861089318990707397e-01,-2.547572553157806396e-01,5.758668780326843262e-01,-1.425685405731201172e+00,-3.170895576477050781e-01,8.252784609794616699e-01,-4.981590807437896729e-01,4.262591302394866943e-01,-1.709911376237869263e-01,-1.291501820087432861e-01
-1.265032887458801270e-01,-2.044186741113662720e-02,3.483594059944152832e-01,9.891182780265808105e-01,5.230015888810157776e-02,1.260108053684234619e-01,5.505477264523506165e-02,-5.087855458259582520e-01,1.712104529142379761e-01,1.425656676292419434e-01,2.716343641281127930e+00,-7.595986723899841309e-01,-1.740666478872299194e-02,-6.191847920417785645e-01,-2.726765871047973633e-01,2.141985297203063965e-01,2.804640293121337891e+00,-7.133452296257019043e-01,4.758819565176963806e-02,6.457234919071197510e-02,-5.712584778666496277e-02,3.533256351947784424e-01,-7.004171013832092285e-01,8.503421545028686523e-01,-1.691426038742065430e-01,-8.485472798347473145e-01,2.447826713323593140e-01,-2.592651844024658203e-01,6.000589132308959961e-01,-1.408580660820007324e+00,-3.036128282546997070e-01,8.230195045471191406e-01,-4.902486801147460938e-01,4.079456031322479248e-01,-1.729903221130371094e-01,-1.264105737209320068e-01
-1.263645589351654053e-01,-2.020208165049552917e-02,3.481383025646209717e-01,9.892565608024597168e-01,5.120433121919631958e-02,1.265063136816024780e-01,5.239930376410484314e-02,-5.056219100952148438e-01,1.709188371896743774e-01,1.428169161081314087e-01,2.715935468673706055e+00,-7.666686773300170898e-01,-1.961963437497615814e-02,-6.248555183410644531e-01,-2.653645873069763184e-01,2.185309827327728271e-01,2.805346250534057617e+00,-7.177178263664245605e-01,5.061877146363258362e-02,6.276717782020568848e-02,-7.031237334012985229e-02,3.544500768184661865e-01,-7.203825116157531738e-01,8.133265376091003418e-01,-1.959556043148040771e-01,-8.310084939002990723e-01,2.861993610858917236e-01,-2.621542811393737793e-01,6.151808500289916992e-01,-1.399404287338256836e+00,-2.914246916770935059e-01,8.233052492141723633e-01,-4.843500554561614990e-01,3.942690491676330566e-01,-1.728847175836563110e-01,-1.245692893862724304e-01
-1.262582391500473022e-01,-1.980672217905521393e-02,3.480998277664184570e-01,9.894308447837829590e-01,4.997319355607032776e-02,1.265805959701538086e-01,5.006726086139678955e-02,-5.013636350631713867e-01,1.716409772634506226e-01,1.437467038631439209e-01,2.715369224548339844e+00,-7.707902789115905762e-01,-2.129092067480087280e-02,-6.268292069435119629e-01,-2.591194510459899902e-01,2.213684469461441040e-01,2.805928945541381836e+00,-7.233027219772338867e-01,5.336726456880569458e-02,6.167750060558319092e-02,-8.061362802982330322e-02,3.561031818389892578e-01,-7.412045598030090332e-01,7.880202531814575195e-01,-2.202622890472412109e-01,-8.153188824653625488e-01,3.165457844734191895e-01,-2.644177973270416260e-01,6.257265210151672363e-01,-1.395464420318603516e+00,-2.801332771778106689e-01,8.251845836639404297e-01,-4.808498919010162354e-01,3.829348385334014893e-01,-1.715655177831649780e-01,-1.244213879108428955e-01
-1.260627210140228271e-01,-1.918207854032516479e-02,3.483167886734008789e-01,9.896059632301330566e-01,4.881596937775611877e-02,1.264947652816772461e-01,4.791796207427978516e-02,-4.967144727706909180e-01,1.734077930450439453e-01,1.457213312387466431e-01,2.714836597442626953e+00,-7.733887434005737305e-01,-2.127486839890480042e-02,-6.274915337562561035e-01,-2.544661760330200195e-01,2.231798022985458374e-01,2.806383609771728516e+00,-7.291100025177001953e-01,5.499757826328277588e-02,6.114621832966804504e-02,-8.894199877977371216e-02,3.573385775089263916e-01,-7.605872154235839844e-01,7.700378298759460449e-01,-2.426420152187347412e-01,-8.024650216102600098e-01,3.392360806465148926e-01,-2.652283012866973877e-01,6.343075633049011230e-01,-1.392976284027099609e+00,-2.693521976470947266e-01,8.275213241577148438e-01,-4.792202115058898926e-01,3.744290173053741455e-01,-1.700095534324645996e-01,-1.246895417571067810e-01
-1.256794631481170654e-01,-1.830625347793102264e-02,3.486848771572113037e-01,9.897884130477905273e-01,4.802541807293891907e-02,1.260710805654525757e-01,4.602654650807380676e-02,-4.919526576995849609e-01,1.747422814369201660e-01,1.481079906225204468e-01,2.714408159255981445e+00,-7.759730219841003418e-01,-1.988436467945575714e-02,-6.269455552101135254e-01,-2.510798275470733643e-01,2.249428629875183105e-01,2.806231021881103516e+00,-7.349911332130432129e-01,5.746158584952354431e-02,6.073508784174919128e-02,-9.656229615211486816e-02,3.582636415958404541e-01,-7.783814668655395508e-01,7.566464543342590332e-01,-2.636690139770507812e-01,-7.915561199188232422e-01,3.564799427986145020e-01,-2.651462256908416748e-01,6.438738107681274414e-01,-1.390329122543334961e+00,-2.588981091976165771e-01,8.292106389999389648e-01,-4.788263738155364990e-01,3.674127161502838135e-01,-1.685311049222946167e-01,-1.260293573141098022e-01
-1.253158450126647949e-01,-1.719097793102264404e-02,3.491393327713012695e-01,9.899531602859497070e-01,4.753936827182769775e-02,1.256102323532104492e-01,4.421419277787208557e-02,-4.881274104118347168e-01,1.751042306423187256e-01,1.508029103279113770e-01,2.713760852813720703e+00,-7.776232957839965820e-01,-1.843771152198314667e-02,-6.279624700546264648e-01,-2.490136772394180298e-01,2.268450409173965454e-01,2.805377483367919922e+00,-7.397226691246032715e-01,5.928107723593711853e-02,6.044575572013854980e-02,-1.035560294985771179e-01,3.589656352996826172e-01,-7.957729101181030273e-01,7.463024854660034180e-01,-2.842153608798980713e-01,-7.818310856819152832e-01,3.724656999111175537e-01,-2.637619972229003906e-01,6.558637022972106934e-01,-1.387762904167175293e+00,-2.487461417913436890e-01,8.307432532310485840e-01,-4.792867898941040039e-01,3.608736991882324219e-01,-1.695029586553573608e-01,-1.278515756130218506e-01
-1.252131760120391846e-01,-1.595286279916763306e-02,3.496183156967163086e-01,9.901148676872253418e-01,4.738260433077812195e-02,1.249450445175170898e-01,4.261734336614608765e-02,-4.849894046783447266e-01,1.749395430088043213e-01,1.540715694427490234e-01,2.712486743927001953e+00,-7.769330143928527832e-01,-1.616475731134414673e-02,-6.287732720375061035e-01,-2.484167516231536865e-01,2.295387685298919678e-01,2.803037166595458984e+00,-7.434990406036376953e-01,6.013192236423492432e-02,6.060853973031044006e-02,-1.091854274272918701e-01,3.597856163978576660e-01,-8.143086433410644531e-01,7.395523190498352051e-01,-3.055787086486816406e-01,-7.733393311500549316e-01,3.877463936805725098e-01,-2.590939402580261230e-01,6.683643460273742676e-01,-1.385996341705322266e+00,-2.395621687173843384e-01,8.327113986015319824e-01,-4.815603792667388916e-01,3.547424077987670898e-01,-1.712237447500228882e-01,-1.287327408790588379e-01
-1.255470961332321167e-01,-1.459405105561017990e-02,3.501237928867340088e-01,9.902707934379577637e-01,4.767161980271339417e-02,1.239968016743659973e-01,4.142406582832336426e-02,-4.824990928173065186e-01,1.728345453739166260e-01,1.582021266222000122e-01,2.710720777511596680e+00,-7.723547816276550293e-01,-1.398533023893833160e-02,-6.277391314506530762e-01,-2.488489598035812378e-01,2.335397750139236450e-01,2.800636053085327148e+00,-7.478313446044921875e-01,6.246221065521240234e-02,6.079710647463798523e-02,-1.133492439985275269e-01,3.614552319049835205e-01,-8.335998058319091797e-01,7.358418107032775879e-01,-3.273927271366119385e-01,-7.675626277923583984e-01,4.018272161483764648e-01,-2.516006231307983398e-01,6.767389178276062012e-01,-1.385937452316284180e+00,-2.329363971948623657e-01,8.348640799522399902e-01,-4.860796034336090088e-01,3.512603342533111572e-01,-1.721026897430419922e-01,-1.271817088127136230e-01
-1.264319866895675659e-01,-1.300869323313236237e-02,3.506135642528533936e-01,9.904304146766662598e-01,4.764729738235473633e-02,1.230284497141838074e-01,4.051312431693077087e-02,-4.801039397716522217e-01,1.699112802743911743e-01,1.627418994903564453e-01,2.710396051406860352e+00,-7.653447389602661133e-01,-1.318421959877014160e-02,-6.263840794563293457e-01,-2.485302239656448364e-01,2.383733987808227539e-01,2.799956321716308594e+00,-7.530778646469116211e-01,6.491600722074508667e-02,6.082993000745773315e-02,-1.149843782186508179e-01,3.640318214893341064e-01,-8.531903028488159180e-01,7.344915270805358887e-01,-3.480401933193206787e-01,-7.648820281028747559e-01,4.127659797668457031e-01,-2.440297305583953857e-01,6.805400848388671875e-01,-1.386296391487121582e+00,-2.310887724161148071e-01,8.367124199867248535e-01,-4.930601119995117188e-01,3.519244790077209473e-01,-1.718145906925201416e-01,-1.239117234945297241e-01
-1.277691721916198730e-01,-1.125565171241760254e-02,3.509975671768188477e-01,9.905441403388977051e-01,4.712568596005439758e-02,1.224627271294593811e-01,4.005513340234756470e-02,-4.790133237838745117e-01,1.671339869499206543e-01,1.675214618444442749e-01,2.712234258651733398e+00,-7.576283812522888184e-01,-1.311793550848960876e-02,-6.254238486289978027e-01,-2.471961379051208496e-01,2.429743409156799316e-01,2.801444530487060547e+00,-7.604318261146545410e-01,6.822828203439712524e-02,5.959364399313926697e-02,-1.152572929859161377e-01,3.673183023929595947e-01,-8.712337017059326172e-01,7.335106730461120605e-01,-3.652095794677734375e-01,-7.637785673141479492e-01,4.203929603099822998e-01,-2.375587075948715210e-01,6.808714866638183594e-01,-1.387376666069030762e+00,-2.351603358983993530e-01,8.367932438850402832e-01,-5.013416409492492676e-01,3.547260165214538574e-01,-1.700830161571502686e-01,-1.220447942614555359e-01
-1.291280537843704224e-01,-9.525647386908531189e-03,3.514516353607177734e-01,9.905966520309448242e-01,4.634213075041770935e-02,1.223917603492736816e-01,3.988696262240409851e-02,-4.801196753978729248e-01,1.650204360485076904e-01,1.722326874732971191e-01,2.715023040771484375e+00,-7.502585649490356445e-01,-1.272046472877264023e-02,-6.263976097106933594e-01,-2.455628812313079834e-01,2.474061697721481323e-01,2.803639650344848633e+00,-7.682623863220214844e-01,7.228125631809234619e-02,5.655105039477348328e-02,-1.159562915563583374e-01,3.705814480781555176e-01,-8.851544857025146484e-01,7.309427261352539062e-01,-3.780389726161956787e-01,-7.629532814025878906e-01,4.227867424488067627e-01,-2.324811518192291260e-01,6.821899414062500000e-01,-1.389373660087585449e+00,-2.429630458354949951e-01,8.335143923759460449e-01,-5.083336234092712402e-01,3.601620197296142578e-01,-1.663847565650939941e-01,-1.233674734830856323e-01
-1.301685422658920288e-01,-7.865548133850097656e-03,3.517527878284454346e-01,9.906265139579772949e-01,4.541576281189918518e-02,1.225500106811523438e-01,3.972531855106353760e-02,-4.819951951503753662e-01,1.643441915512084961e-01,1.761745512485504150e-01,2.718144893646240234e+00,-7.458682656288146973e-01,-1.197361294180154800e-02,-6.285964846611022949e-01,-2.442251443862915039e-01,2.522569894790649414e-01,2.805185317993164062e+00,-7.750625610351562500e-01,7.500799745321273804e-02,5.284252390265464783e-02,-1.170104593038558960e-01,3.729506134986877441e-01,-8.949303627014160156e-01,7.277922630310058594e-01,-3.874622285366058350e-01,-7.620405554771423340e-01,4.218608140945434570e-01,-2.287302166223526001e-01,6.840828061103820801e-01,-1.391324400901794434e+00,-2.520063817501068115e-01,8.276928067207336426e-01,-5.115703940391540527e-01,3.670240640640258789e-01,-1.620906591415405273e-01,-1.255427300930023193e-01
-1.308097392320632935e-01,-6.319505162537097931e-03,3.519010841846466064e-01,9.906560182571411133e-01,4.428973048925399780e-02,1.228732466697692871e-01,3.925951197743415833e-02,-4.840196669101715088e-01,1.646085977554321289e-01,1.792147457599639893e-01,2.721010446548461914e+00,-7.445569038391113281e-01,-1.252872217446565628e-02,-6.333936452865600586e-01,-2.428406327962875366e-01,2.568812966346740723e-01,2.805695772171020508e+00,-7.780783176422119141e-01,7.503341883420944214e-02,4.943138733506202698e-02,-1.179090812802314758e-01,3.741458952426910400e-01,-9.025114774703979492e-01,7.241016030311584473e-01,-3.934267163276672363e-01,-7.606303691864013672e-01,4.223229885101318359e-01,-2.253382652997970581e-01,6.863877773284912109e-01,-1.392801403999328613e+00,-2.609606683254241943e-01,8.205108046531677246e-01,-5.118007659912109375e-01,3.713152706623077393e-01,-1.597755849361419678e-01,-1.274271011352539062e-01
-1.310059875249862671e-01,-4.899612162262201309e-03,3.518589138984680176e-01,9.907285571098327637e-01,4.325914755463600159e-02,1.228290125727653503e-01,3.871114179491996765e-02,-4.846459627151489258e-01,1.648184955120086670e-01,1.817224472761154175e-01,2.722652196884155273e+00,-7.458829283714294434e-01,-1.356545556336641312e-02,-6.368280053138732910e-01,-2.416217774152755737e-01,2.615627050399780273e-01,2.804665565490722656e+00,-7.788171768188476562e-01,7.529220730066299438e-02,4.706240445375442505e-02,-1.185571700334548950e-01,3.752197623252868652e-01,-9.078224301338195801e-01,7.193685173988342285e-01,-3.982426226139068604e-01,-7.588715553283691406e-01,4.262481033802032471e-01,-2.215159535408020020e-01,6.888736486434936523e-01,-1.392135620117187500e+00,-2.686003744602203369e-01,8.119863867759704590e-01,-5.097336173057556152e-01,3.734725117683410645e-01,-1.584284007549285889e-01,-1.276961416006088257e-01
-1.309427767992019653e-01,-3.640273353084921837e-03,3.515416085720062256e-01,9.908215999603271484e-01,4.215850681066513062e-02,1.227743625640869141e-01,3.770610317587852478e-02,-4.840078949928283691e-01,1.647117882966995239e-01,1.852875947952270508e-01,2.723788738250732422e+00,-7.474318146705627441e-01,-1.537575200200080872e-02,-6.404747366905212402e-01,-2.401373684406280518e-01,2.668665647506713867e-01,2.803892850875854492e+00,-7.804862260818481445e-01,7.642187178134918213e-02,4.583667218685150146e-02,-1.190574616193771362e-01,3.770021498203277588e-01,-9.143286943435668945e-01,7.137349247932434082e-01,-4.037112295627593994e-01,-7.567492127418518066e-01,4.334602952003479004e-01,-2.164065539836883545e-01,6.924747824668884277e-01,-1.390795111656188965e+00,-2.757804095745086670e-01,8.049027323722839355e-01,-5.069101452827453613e-01,3.732016086578369141e-01,-1.562087833881378174e-01,-1.268264949321746826e-01
-1.311718374490737915e-01,-2.372800605371594429e-03,3.512271344661712646e-01,9.909127950668334961e-01,4.096662625670433044e-02,1.227666661143302917e-01,3.663153201341629028e-02,-4.825454056262969971e-01,1.653408557176589966e-01,1.899574995040893555e-01,2.725014209747314453e+00,-7.485147714614868164e-01,-1.609081774950027466e-02,-6.443569660186767578e-01,-2.383717447519302368e-01,2.716127634048461914e-01,2.803991794586181641e+00,-7.845721244812011719e-01,7.916027307510375977e-02,4.482010379433631897e-02,-1.197686567902565002e-01,3.803597092628479004e-01,-9.223058223724365234e-01,7.069053053855895996e-01,-4.099217057228088379e-01,-7.546679973602294922e-01,4.404461979866027832e-01,-2.101421654224395752e-01,6.973726749420166016e-01,-1.390348076820373535e+00,-2.822933495044708252e-01,7.997167110443115234e-01,-5.036242604255676270e-01,3.710995614528656006e-01,-1.518089026212692261e-01,-1.258546561002731323e-01
-1.317978203296661377e-01,-8.847208227962255478e-04,3.506492972373962402e-01,9.909802079200744629e-01,3.957761824131011963e-02,1.230933889746665955e-01,3.521261364221572876e-02,-4.808012843132019043e-01,1.659736335277557373e-01,1.935711055994033813e-01,2.727288722991943359e+00,-7.492791414260864258e-01,-1.792894862592220306e-02,-6.502525210380554199e-01,-2.361492514610290527e-01,2.747759222984313965e-01,2.805711030960083008e+00,-7.889458537101745605e-01,8.327136933803558350e-02,4.334486275911331177e-02,-1.210092231631278992e-01,3.854363262653350830e-01,-9.321563839912414551e-01,6.985456347465515137e-01,-4.138226211071014404e-01,-7.542501091957092285e-01,4.414241313934326172e-01,-2.056576013565063477e-01,7.055248022079467773e-01,-1.393997907638549805e+00,-2.884157598018646240e-01,7.949259281158447266e-01,-4.987726509571075439e-01,3.682477474212646484e-01,-1.436837315559387207e-01,-1.264162510633468628e-01
