2.795715630054473877e-02,1.883704215288162231e-02,7.814154624938964844e-01,9.741493463516235352e-01,-3.116815350949764252e-03,2.256406843662261963e-01,-1.047108415514230728e-02,-5.198242068290710449e-01,8.821310102939605713e-02,3.794649243354797363e-01,2.354101985692977905e-01,-1.252314746379852295e-01,-4.320277273654937744e-02,-4.948022067546844482e-01,-6.104414165019989014e-02,-1.302096396684646606e-01,1.979453116655349731e-01,-3.778541088104248047e-02,3.298068419098854065e-02,-5.361495614051818848e-01,-3.361459672451019287e-01,4.991573691368103027e-01,-2.296058177947998047e+00,1.302917480468750000e+00,-1.383165121078491211e+00,1.522571444511413574e+00,-3.683923780918121338e-01,-9.032908082008361816e-02,-1.852592527866363525e-01,-6.692120432853698730e-01,-2.538364529609680176e-01,7.811601758003234863e-01,8.686467409133911133e-01,-2.626249194145202637e-02,-1.405761986970901489e-01,3.045194409787654877e-02
1.839697360992431641e-02,1.391108613461256027e-02,7.869007587432861328e-01,9.768297672271728516e-01,-3.448267525527626276e-04,2.137046605348587036e-01,-1.156693976372480392e-02,-4.983059763908386230e-01,9.434743225574493408e-02,3.854772448539733887e-01,2.157580703496932983e-01,-7.403007894754409790e-02,-3.572997823357582092e-02,-4.851867258548736572e-01,-5.713882297277450562e-02,-1.232969760894775391e-01,2.180459201335906982e-01,-4.188542068004608154e-02,3.111989237368106842e-02,-5.024542212486267090e-01,-3.189916312694549561e-01,4.997859299182891846e-01,-2.220729827880859375e+00,1.211559772491455078e+00,-1.193531751632690430e+00,1.470874309539794922e+00,-2.536654770374298096e-01,-8.825372904539108276e-03,-2.890951931476593018e-01,-6.649709939956665039e-01,-2.257357835769653320e-01,8.654868602752685547e-01,8.781495094299316406e-01,1.258248835802078247e-02,-8.134075999259948730e-02,6.231323629617691040e-02
1.643687114119529724e-02,1.082771271467208862e-02,7.875356078147888184e-01,9.797834753990173340e-01,2.147818682715296745e-03,1.995829939842224121e-01,-1.365129835903644562e-02,-4.493658244609832764e-01,8.541670441627502441e-02,3.766160607337951660e-01,1.707861274480819702e-01,-5.903760716319084167e-02,-4.271817579865455627e-02,-4.442630112171173096e-01,-5.928153917193412781e-02,-1.314567923545837402e-01,1.886621862649917603e-01,-4.472659900784492493e-02,2.864137664437294006e-02,-4.783606529235839844e-01,-2.951483726501464844e-01,4.727476239204406738e-01,-2.101405382156372070e+00,1.153272151947021484e+00,-1.120375394821166992e+00,1.481312036514282227e+00,-1.899368315935134888e-01,4.613846540451049805e-02,-3.351676166057586670e-01,-6.346997618675231934e-01,-1.893693357706069946e-01,9.027526378631591797e-01,9.253249168395996094e-01,3.724270686507225037e-02,-4.103658720850944519e-02,7.334060966968536377e-02
1.576824299991130829e-02,8.706340566277503967e-03,7.882732152938842773e-01,9.822347760200500488e-01,4.503717646002769470e-03,1.870122998952865601e-01,-1.486778724938631058e-02,-4.067513346672058105e-01,7.691653072834014893e-02,3.700616359710693359e-01,1.406529247760772705e-01,-4.811985045671463013e-02,-4.907939210534095764e-02,-4.077858030796051025e-01,-6.115154176950454712e-02,-1.344900131225585938e-01,1.634924262762069702e-01,-4.615247622132301331e-02,2.512354403734207153e-02,-4.647251963615417480e-01,-2.725611627101898193e-01,4.335034787654876709e-01,-1.950593352317810059e+00,1.128400683403015137e+00,-1.039322972297668457e+00,1.450648903846740723e+00,-1.151452139019966125e-01,9.267345070838928223e-02,-3.461747169494628906e-01,-6.012217402458190918e-01,-1.540891230106353760e-01,9.320679306983947754e-01,9.853236675262451172e-01,4.987723752856254578e-02,-1.976031810045242310e-03,9.561420232057571411e-02
1.608739420771598816e-02,7.392158266156911850e-03,7.891023755073547363e-01,9.846686124801635742e-01,6.100215483456850052e-03,1.734885126352310181e-01,-1.709611900150775909e-02,-3.676522076129913330e-01,7.279276102781295776e-02,3.693527877330780029e-01,1.276876628398895264e-01,-4.793112725019454956e-02,-5.327800661325454712e-02,-3.716094791889190674e-01,-6.148114427924156189e-02,-1.338104307651519775e-01,1.447586268186569214e-01,-4.918038845062255859e-02,2.564897388219833374e-02,-4.502733349800109863e-01,-2.530803382396697998e-01,4.001790881156921387e-01,-1.779927015304565430e+00,1.105059027671813965e+00,-9.410337209701538086e-01,1.378663182258605957e+00,-3.214221447706222534e-02,1.282704621553421021e-01,-3.305914700031280518e-01,-5.629698038101196289e-01,-1.297325789928436279e-01,9.484488964080810547e-01,1.033828020095825195e+00,5.630882829427719116e-02,2.416066639125347137e-02,1.149144619703292847e-01
1.705889217555522919e-02,6.771926768124103546e-03,7.896062731742858887e-01,9.868642687797546387e-01,7.367331534624099731e-03,1.598845720291137695e-01,-2.194437384605407715e-02,-3.295527100563049316e-01,7.125233858823776245e-02,3.750521838665008545e-01,1.215847358107566833e-01,-5.490409955382347107e-02,-5.624691769480705261e-02,-3.363092243671417236e-01,-6.070237234234809875e-02,-1.279004216194152832e-01,1.311912089586257935e-01,-5.447105690836906433e-02,2.877696603536605835e-02,-4.322249293327331543e-01,-2.348537147045135498e-01,3.684192299842834473e-01,-1.594250202178955078e+00,1.076994776725769043e+00,-8.298120498657226562e-01,1.263421297073364258e+00,5.876305326819419861e-02,1.565779298543930054e-01,-3.003922104835510254e-01,-5.200096964836120605e-01,-1.170546412467956543e-01,9.535082578659057617e-01,1.067484617233276367e+00,6.386452913284301758e-02,3.960498422384262085e-02,1.254025250673294067e-01
1.851505786180496216e-02,6.752926856279373169e-03,7.896717786788940430e-01,9.886634349822998047e-01,8.548057638108730316e-03,1.468420177698135376e-01,-3.014930337667465210e-02,-2.925529181957244873e-01,7.148501276969909668e-02,3.873068690299987793e-01,1.195671856403350830e-01,-6.746016442775726318e-02,-5.794499814510345459e-02,-3.034959733486175537e-01,-5.922993272542953491e-02,-1.155563890933990479e-01,1.214837133884429932e-01,-6.175973638892173767e-02,3.399260714650154114e-02,-4.106377959251403809e-01,-2.159343212842941284e-01,3.351267874240875244e-01,-1.387344837188720703e+00,1.045729517936706543e+00,-7.083429098129272461e-01,1.101637005805969238e+00,1.607178449630737305e-01,1.800905466079711914e-01,-2.588699162006378174e-01,-4.720266759395599365e-01,-1.140849590301513672e-01,9.487652182579040527e-01,1.091423749923706055e+00,7.718601077795028687e-02,4.856374859809875488e-02,1.260621696710586548e-01
2.023533917963504791e-02,7.314399350434541702e-03,7.893310785293579102e-01,9.899196624755859375e-01,9.561065584421157837e-03,1.350004673004150391e-01,-4.174381867051124573e-02,-2.579403221607208252e-01,7.325489819049835205e-02,4.062653183937072754e-01,1.202447637915611267e-01,-8.435895293951034546e-02,-5.842430517077445984e-02,-2.755597233772277832e-01,-5.681036412715911865e-02,-9.565966576337814331e-02,1.155677363276481628e-01,-6.991786509752273560e-02,4.108849540352821350e-02,-3.878255486488342285e-01,-1.961653977632522583e-01,3.022289872169494629e-01,-1.167058825492858887e+00,1.012316226959228516e+00,-5.897005796432495117e-01,9.065224528312683105e-01,2.620483934879302979e-01,1.986204236745834351e-01,-2.110638916492462158e-01,-4.234696924686431885e-01,-1.188168227672576904e-01,9.368616938591003418e-01,1.109300494194030762e+00,9.957072138786315918e-02,5.373245105147361755e-02,1.182313337922096252e-01
2.181985601782798767e-02,8.653784170746803284e-03,7.887245416641235352e-01,9.906030893325805664e-01,1.032995898276567459e-02,1.244059056043624878e-01,-5.587436631321907043e-02,-2.259515374898910522e-01,7.613380998373031616e-02,4.314227402210235596e-01,1.229972466826438904e-01,-1.039541736245155334e-01,-5.796279013156890869e-02,-2.533569037914276123e-01,-5.372663959860801697e-02,-7.001058012247085571e-02,1.135120242834091187e-01,-7.841524481773376465e-02,4.910197481513023376e-02,-3.668285906314849854e-01,-1.759348511695861816e-01,2.728625535964965820e-01,-9.580625295639038086e-01,9.741855859756469727e-01,-4.971652925014495850e-01,7.110506296157836914e-01,3.508574366569519043e-01,2.123311161994934082e-01,-1.673846840858459473e-01,-3.792007863521575928e-01,-1.288620680570602417e-01,9.225945472717285156e-01,1.122481703758239746e+00,1.310298144817352295e-01,5.720697343349456787e-02,1.064039990305900574e-01
2.314606867730617523e-02,1.013250462710857391e-02,7.880582213401794434e-01,9.907949566841125488e-01,1.074853166937828064e-02,1.147152185440063477e-01,-7.106479257345199585e-02,-1.961800605058670044e-01,7.944472879171371460e-02,4.602304399013519287e-01,1.268622428178787231e-01,-1.237700581550598145e-01,-5.691887438297271729e-02,-2.354140430688858032e-01,-5.043678358197212219e-02,-4.319582879543304443e-02,1.141436919569969177e-01,-8.645267039537429810e-02,5.650294944643974304e-02,-3.499738872051239014e-01,-1.551699042320251465e-01,2.481139153242111206e-01,-7.853537797927856445e-01,9.290387630462646484e-01,-4.473002254962921143e-01,5.445891022682189941e-01,4.243938326835632324e-01,2.218801230192184448e-01,-1.337148398160934448e-01,-3.409686386585235596e-01,-1.418517678976058960e-01,9.079109430313110352e-01,1.131758689880371094e+00,1.677685528993606567e-01,5.970845371484756470e-02,9.401534497737884521e-02
2.397194318473339081e-02,1.170568540692329407e-02,7.873741984367370605e-01,9.906125664710998535e-01,1.059689838439226151e-02,1.056630164384841919e-01,-8.607999235391616821e-02,-1.678849309682846069e-01,8.321802318096160889e-02,4.897107779979705811e-01,1.304563283920288086e-01,-1.423255801200866699e-01,-5.647963657975196838e-02,-2.205565273761749268e-01,-4.636449739336967468e-02,-1.745679602026939392e-02,1.169012710452079773e-01,-9.376565366983413696e-02,6.163944303989410400e-02,-3.375506401062011719e-01,-1.334728449583053589e-01,2.274922132492065430e-01,-6.608361005783081055e-01,8.806931376457214355e-01,-4.443243145942687988e-01,4.161284267902374268e-01,4.863351583480834961e-01,2.294626533985137939e-01,-1.110232993960380554e-01,-3.081479668617248535e-01,-1.557363420724868774e-01,8.936874866485595703e-01,1.138185858726501465e+00,2.039493918418884277e-01,6.161599233746528625e-02,8.208801597356796265e-02
2.448700182139873505e-02,1.307546813040971756e-02,7.868469953536987305e-01,9.901950359344482422e-01,9.824647568166255951e-03,9.680407494306564331e-02,-1.002312600612640381e-01,-1.397621631622314453e-01,8.733038604259490967e-02,5.178288221359252930e-01,1.327937841415405273e-01,-1.581340730190277100e-01,-5.743541941046714783e-02,-2.068421393632888794e-01,-4.091833904385566711e-02,6.935318931937217712e-03,1.209221109747886658e-01,-9.949815273284912109e-02,6.415820866823196411e-02,-3.298921585083007812e-01,-1.113753095269203186e-01,2.097540646791458130e-01,-5.802697539329528809e-01,8.354713916778564453e-01,-4.837801754474639893e-01,3.206129670143127441e-01,5.380541086196899414e-01,2.344666719436645508e-01,-9.758338332176208496e-02,-2.801179587841033936e-01,-1.685717850923538208e-01,8.809645771980285645e-01,1.143401384353637695e+00,2.338786870241165161e-01,6.241776421666145325e-02,7.083620131015777588e-02
2.491637691855430603e-02,1.409074570983648300e-02,7.865166664123535156e-01,9.895765185356140137e-01,8.800827898085117340e-03,8.766467869281768799e-02,-1.139114946126937866e-01,-1.101108938455581665e-01,9.093148261308670044e-02,5.448490381240844727e-01,1.324798911809921265e-01,-1.705227345228195190e-01,-5.949088558554649353e-02,-1.923460215330123901e-01,-3.473238274455070496e-02,3.125616908073425293e-02,1.244146078824996948e-01,-1.035036072134971619e-01,6.483222544193267822e-02,-3.269337415695190430e-01,-9.063421189785003662e-02,1.931404471397399902e-01,-5.351816415786743164e-01,7.965978980064392090e-01,-5.560789108276367188e-01,2.457839399576187134e-01,5.782825946807861328e-01,2.384523749351501465e-01,-9.104527533054351807e-02,-2.549736797809600830e-01,-1.797433197498321533e-01,8.693813085556030273e-01,1.148538827896118164e+00,2.527034878730773926e-01,6.242176517844200134e-02,6.006781011819839478e-02
2.527218125760555267e-02,1.467020716518163681e-02,7.862798571586608887e-01,9.886505007743835449e-01,7.837024517357349396e-03,7.869466394186019897e-02,-1.277337074279785156e-01,-8.010629564523696899e-02,9.370546787977218628e-02,5.712951421737670898e-01,1.299574226140975952e-01,-1.798333078622817993e-01,-6.278714537620544434e-02,-1.775679737329483032e-01,-2.845461480319499969e-02,5.620195344090461731e-02,1.262186020612716675e-01,-1.055325418710708618e-01,6.477877497673034668e-02,-3.279288411140441895e-01,-7.221842557191848755e-02,1.762761771678924561e-01,-5.171828866004943848e-01,7.640798091888427734e-01,-6.441311240196228027e-01,1.808743029832839966e-01,6.045781373977661133e-01,2.425151020288467407e-01,-8.449895679950714111e-02,-2.316209971904754639e-01,-1.895425021648406982e-01,8.580852746963500977e-01,1.153236150741577148e+00,2.601444125175476074e-01,6.290889531373977661e-02,4.891346767544746399e-02
2.546791732311248779e-02,1.484387088567018509e-02,7.860285043716430664e-01,9.873139262199401855e-01,7.056514732539653778e-03,7.049489766359329224e-02,-1.420982331037521362e-01,-5.190922692418098450e-02,9.611129760742187500e-02,5.983808040618896484e-01,1.269655227661132812e-01,-1.871798783540725708e-01,-6.688907742500305176e-02,-1.640059053897857666e-01,-2.231838926672935486e-02,8.142107725143432617e-02,1.266450583934783936e-01,-1.062993034720420837e-01,6.510846316814422607e-02,-3.315691649913787842e-01,-5.606636777520179749e-02,1.598001867532730103e-01,-5.184093713760375977e-01,7.364326715469360352e-01,-7.310090065002441406e-01,1.255037337541580200e-01,6.193895339965820312e-01,2.479491382837295532e-01,-7.692009210586547852e-02,-2.099173069000244141e-01,-1.984515786170959473e-01,8.485977649688720703e-01,1.156838417053222656e+00,2.624430656433105469e-01,6.368663161993026733e-02,3.659727796912193298e-02
2.553167752921581268e-02,1.473250612616539001e-02,7.857407331466674805e-01,9.854807853698730469e-01,6.331410724669694901e-03,6.314383447170257568e-02,-1.574814170598983765e-01,-2.546105720102787018e-02,9.872672706842422485e-02,6.275849342346191406e-01,1.238485500216484070e-01,-1.934686154127120972e-01,-7.138824462890625000e-02,-1.522194892168045044e-01,-1.576236076653003693e-02,1.075814813375473022e-01,1.262897551059722900e-01,-1.064644381403923035e-01,6.531664729118347168e-02,-3.372297585010528564e-01,-4.162789136171340942e-02,1.448065936565399170e-01,-5.329869389533996582e-01,7.117834091186523438e-01,-8.087114691734313965e-01,8.127897232770919800e-02,6.232680678367614746e-01,2.548516988754272461e-01,-7.138414680957794189e-02,-1.908596009016036987e-01,-2.064558863639831543e-01,8.420974612236022949e-01,1.159604787826538086e+00,2.641544640064239502e-01,6.423274427652359009e-02,2.341447398066520691e-02
2.550845220685005188e-02,1.438847370445728302e-02,7.854901552200317383e-01,9.830699563026428223e-01,5.540482234209775925e-03,5.666847899556159973e-02,-1.741593182086944580e-01,1.033566950354725122e-04,1.016738116741180420e-01,6.600633263587951660e-01,1.200036257505416870e-01,-1.987006813287734985e-01,-7.632935792207717896e-02,-1.426534503698348999e-01,-7.972120307385921478e-03,1.360036134719848633e-01,1.257445663213729858e-01,-1.055253669619560242e-01,6.514210999011993408e-02,-3.451685011386871338e-01,-2.808424271643161774e-02,1.309596896171569824e-01,-5.582329034805297852e-01,6.893157958984375000e-01,-8.784459233283996582e-01,4.591196775436401367e-02,6.193266510963439941e-01,2.618270516395568848e-01,-6.714123487472534180e-02,-1.743173599243164062e-01,-2.135724872350692749e-01,8.380816578865051270e-01,1.161805152893066406e+00,2.666943967342376709e-01,6.469003856182098389e-02,9.947121143341064453e-03
2.539059892296791077e-02,1.378928869962692261e-02,7.853028774261474609e-01,9.800748229026794434e-01,4.721416626125574112e-03,5.112916603684425354e-02,-1.918770372867584229e-01,2.487530745565891266e-02,1.048758774995803833e-01,6.955532431602478027e-01,1.155035570263862610e-01,-2.026048600673675537e-01,-8.156067132949829102e-02,-1.353849768638610840e-01,1.188145717605948448e-03,1.667494624853134155e-01,1.249352395534515381e-01,-1.031898185610771179e-01,6.484390795230865479e-02,-3.548308610916137695e-01,-1.527899969369173050e-02,1.176852881908416748e-01,-5.934814214706420898e-01,6.677433848381042480e-01,-9.426240921020507812e-01,1.902240328490734100e-02,6.095516085624694824e-01,2.658333182334899902e-01,-6.178926303982734680e-02,-1.605922281742095947e-01,-2.196538001298904419e-01,8.366277217864990234e-01,1.164162635803222656e+00,2.691830396652221680e-01,6.566271930932998657e-02,-2.858725609257817268e-03
2.516611851751804352e-02,1.292055007070302963e-02,7.851516604423522949e-01,9.765797257423400879e-01,3.933763131499290466e-03,4.627497494220733643e-02,-2.100841403007507324e-01,4.929739609360694885e-02,1.078631281852722168e-01,7.332165241241455078e-01,1.102086529135704041e-01,-2.050566524267196655e-01,-8.691623061895370483e-02,-1.296112835407257080e-01,1.111207809299230576e-02,1.985188573598861694e-01,1.238578706979751587e-01,-9.994860738515853882e-02,6.483505666255950928e-02,-3.663257360458374023e-01,-3.399546025320887566e-03,1.052646636962890625e-01,-6.363252997398376465e-01,6.451469659805297852e-01,-1.001654863357543945e+00,3.800684818997979164e-03,5.972627401351928711e-01,2.663873434066772461e-01,-5.658296868205070496e-02,-1.487743556499481201e-01,-2.244876474142074585e-01,8.370694518089294434e-01,1.166565895080566406e+00,2.712727487087249756e-01,6.684944778680801392e-02,-1.378475222736597061e-02
2.481409162282943726e-02,1.183454133570194244e-02,7.850123047828674316e-01,9.727411866188049316e-01,3.204993670806288719e-03,4.195166379213333130e-02,-2.280446738004684448e-01,7.271689921617507935e-02,1.104565858840942383e-01,7.710400819778442383e-01,1.046755537390708923e-01,-2.061474472284317017e-01,-9.242719411849975586e-02,-1.251482963562011719e-01,2.143213525414466858e-02,2.302573025226593018e-01,1.230992153286933899e-01,-9.660387784242630005e-02,6.493011116981506348e-02,-3.792156279087066650e-01,7.402831688523292542e-03,9.409507364034652710e-02,-6.856558918952941895e-01,6.212628483772277832e-01,-1.054108619689941406e+00,3.743756096810102463e-03,5.832199454307556152e-01,2.644907832145690918e-01,-5.308598279953002930e-02,-1.386322379112243652e-01,-2.278611361980438232e-01,8.387156128883361816e-01,1.169093608856201172e+00,2.728345096111297607e-01,6.770930439233779907e-02,-2.320910245180130005e-02
2.433973178267478943e-02,1.059852167963981628e-02,7.849260568618774414e-01,9.686930775642395020e-01,2.521157497540116310e-03,3.808660805225372314e-02,-2.453095316886901855e-01,9.454517811536788940e-02,1.127916648983955383e-01,8.085588216781616211e-01,9.956218302249908447e-02,-2.061592489480972290e-01,-9.779223799705505371e-02,-1.214486137032508850e-01,3.187494352459907532e-02,2.615054845809936523e-01,1.225728839635848999e-01,-9.310279041528701782e-02,6.516584753990173340e-02,-3.940452635288238525e-01,1.723292656242847443e-02,8.449920266866683960e-02,-7.398436665534973145e-01,5.965915322303771973e-01,-1.098895430564880371e+00,2.055966109037399292e-02,5.665585398674011230e-01,2.617887556552886963e-01,-4.999895021319389343e-02,-1.292338222265243530e-01,-2.296255826950073242e-01,8.395357728004455566e-01,1.172151803970336914e+00,2.738466858863830566e-01,6.825933605432510376e-02,-3.223233669996261597e-02
2.378494106233119965e-02,9.284434840083122253e-03,7.848842144012451172e-01,9.645420312881469727e-01,1.865688012912869453e-03,3.461600840091705322e-02,-2.616427838802337646e-01,1.148163080215454102e-01,1.148485392332077026e-01,8.449709415435791016e-01,9.491483122110366821e-02,-2.054658830165863037e-01,-1.031123250722885132e-01,-1.181322783231735229e-01,4.231452941894531250e-02,2.914004921913146973e-01,1.222189292311668396e-01,-8.981947600841522217e-02,6.537036597728729248e-02,-4.101513028144836426e-01,2.603183500468730927e-02,7.671556621789932251e-02,-7.976866364479064941e-01,5.718760490417480469e-01,-1.136351585388183594e+00,5.571786314249038696e-02,5.468719601631164551e-01,2.583851516246795654e-01,-4.485398903489112854e-02,-1.199503168463706970e-01,-2.300732284784317017e-01,8.391882181167602539e-01,1.176018953323364258e+00,2.748587131500244141e-01,6.861941516399383545e-02,-4.126468300819396973e-02
2.325971610844135284e-02,7.596631534397602081e-03,7.848080396652221680e-01,9.603643417358398438e-01,1.223247265443205833e-03,3.170937672257423401e-02,-2.769357264041900635e-01,1.332698464393615723e-01,1.166469752788543701e-01,8.791916966438293457e-01,9.082301706075668335e-02,-2.042692750692367554e-01,-1.078775078058242798e-01,-1.152428761124610901e-01,5.245932191610336304e-02,3.191046714782714844e-01,1.217101067304611206e-01,-8.598056435585021973e-02,6.541385501623153687e-02,-4.262919723987579346e-01,3.426843509078025818e-02,7.061015814542770386e-02,-8.572083711624145508e-01,5.465814471244812012e-01,-1.165934085845947266e+00,1.088187620043754578e-01,5.238342285156250000e-01,2.536681592464447021e-01,-3.646985068917274475e-02,-1.108891814947128296e-01,-2.298583537340164185e-01,8.387146592140197754e-01,1.181655287742614746e+00,2.760944664478302002e-01,6.905546784400939941e-02,-4.959828779101371765e-02
2.274924144148826599e-02,6.373058538883924484e-03,7.847145795822143555e-01,9.560990333557128906e-01,5.578107666224241257e-04,2.938080392777919769e-02,-2.915667295455932617e-01,1.502492725849151611e-01,1.179438754916191101e-01,9.124054312705993652e-01,8.663586527109146118e-02,-2.028369754552841187e-01,-1.122891306877136230e-01,-1.132207289338111877e-01,6.260135769844055176e-02,3.460257649421691895e-01,1.215438470244407654e-01,-8.158935606479644775e-02,6.519477814435958862e-02,-4.417721629142761230e-01,4.261415079236030579e-02,6.613272428512573242e-02,-9.142397642135620117e-01,5.193474292755126953e-01,-1.187187671661376953e+00,1.788288205862045288e-01,4.965870082378387451e-01,2.469197660684585571e-01,-2.538829669356346130e-02,-1.029259636998176575e-01,-2.291683256626129150e-01,8.377307057380676270e-01,1.190041542053222656e+00,2.777020335197448730e-01,6.949441134929656982e-02,-5.666686594486236572e-02
2.222806587815284729e-02,5.324442870914936066e-03,7.846290469169616699e-01,9.517407417297363281e-01,-5.067207530373707414e-05,2.749312855303287506e-02,-3.056693077087402344e-01,1.659851372241973877e-01,1.184661909937858582e-01,9.437618851661682129e-01,8.265718072652816772e-02,-2.014447599649429321e-01,-1.155915558338165283e-01,-1.118906810879707336e-01,7.260690629482269287e-02,3.724249005317687988e-01,1.219021901488304138e-01,-7.725384086370468140e-02,6.477587670087814331e-02,-4.564559459686279297e-01,5.115789920091629028e-02,6.370347738265991211e-02,-9.673957228660583496e-01,4.892097115516662598e-01,-1.201116204261779785e+00,2.628086805343627930e-01,4.653137326240539551e-01,2.389085590839385986e-01,-1.280201878398656845e-02,-9.665664285421371460e-02,-2.284349650144577026e-01,8.353183269500732422e-01,1.200911760330200195e+00,2.781214118003845215e-01,6.974762678146362305e-02,-6.144889071583747864e-02
2.174987085163593292e-02,4.446760751307010651e-03,7.845739126205444336e-01,9.474780559539794922e-01,-4.731365770567208529e-04,2.631290629506111145e-02,-3.187361657619476318e-01,1.791065335273742676e-01,1.181226894259452820e-01,9.720339775085449219e-01,7.872413843870162964e-02,-1.997791826725006104e-01,-1.179759353399276733e-01,-1.116614118218421936e-01,8.182445168495178223e-02,3.972611129283905029e-01,1.218855455517768860e-01,-7.233291119337081909e-02,6.479106098413467407e-02,-4.701648950576782227e-01,6.004865095019340515e-02,6.301046162843704224e-02,-1.016945600509643555e+00,4.578315913677215576e-01,-1.208395838737487793e+00,3.512040078639984131e-01,4.351058304309844971e-01,2.307382524013519287e-01,-1.786947133950889111e-03,-9.261082112789154053e-02,-2.279926985502243042e-01,8.321943283081054688e-01,1.212911128997802734e+00,2.773821949958801270e-01,7.024502754211425781e-02,-6.469873338937759399e-02
2.135315537452697754e-02,3.729528980329632759e-03,7.845482826232910156e-01,9.435276985168457031e-01,-7.145766285248100758e-04,2.559883706271648407e-02,-3.303023874759674072e-01,1.898194104433059692e-01,1.172592490911483765e-01,9.957805275917053223e-01,7.533434033393859863e-02,-1.978531330823898315e-01,-1.195194050669670105e-01,-1.120563894510269165e-01,8.963146060705184937e-02,4.192328453063964844e-01,1.215147450566291809e-01,-6.732410937547683716e-02,6.546866893768310547e-02,-4.822088479995727539e-01,6.815980374813079834e-02,6.424227356910705566e-02,-1.062822937965393066e+00,4.276440441608428955e-01,-1.210265874862670898e+00,4.361695051193237305e-01,4.085334539413452148e-01,2.224963009357452393e-01,7.104157935827970505e-03,-9.097205102443695068e-02,-2.276035100221633911e-01,8.281496763229370117e-01,1.223663806915283203e+00,2.755318284034729004e-01,7.148852199316024780e-02,-6.785903126001358032e-02
2.099603787064552307e-02,3.237242344766855240e-03,7.844804525375366211e-01,9.398778676986694336e-01,-7.739679422229528427e-04,2.506898529827594757e-02,-3.405884802341461182e-01,1.987659335136413574e-01,1.158596798777580261e-01,1.015937209129333496e+00,7.241301238536834717e-02,-1.960742175579071045e-01,-1.207219138741493225e-01,-1.125717908143997192e-01,9.609760344028472900e-02,4.386067986488342285e-01,1.211367100477218628e-01,-6.294000893831253052e-02,6.686316430568695068e-02,-4.923476874828338623e-01,7.489110529422760010e-02,6.697209924459457397e-02,-1.107269406318664551e+00,3.996436893939971924e-01,-1.210173249244689941e+00,5.179169774055480957e-01,3.849402666091918945e-01,2.149349600076675415e-01,1.367378514260053635e-02,-9.133413434028625488e-02,-2.270321846008300781e-01,8.237977027893066406e-01,1.231662034988403320e+00,2.739504873752593994e-01,7.284501940011978149e-02,-7.100494951009750366e-02
2.063683606684207916e-02,2.940515289083123207e-03,7.844021320343017578e-01,9.364454746246337891e-01,-7.062585791572928429e-04,2.465653978288173676e-02,-3.499448895454406738e-01,2.062536776065826416e-01,1.141682043671607971e-01,1.034242153167724609e+00,6.998421996831893921e-02,-1.944255381822586060e-01,-1.217022016644477844e-01,-1.132374182343482971e-01,1.015793830156326294e-01,4.563253223896026611e-01,1.208827644586563110e-01,-5.884078145027160645e-02,6.864893436431884766e-02,-5.009673833847045898e-01,8.057559281587600708e-02,7.094855606555938721e-02,-1.152109980583190918e+00,3.730686604976654053e-01,-1.209336280822753906e+00,5.990111827850341797e-01,3.615401983261108398e-01,2.082799226045608521e-01,1.857602223753929138e-02,-9.294737130403518677e-02,-2.262883186340332031e-01,8.190152049064636230e-01,1.236414790153503418e+00,2.722378671169281006e-01,7.325830310583114624e-02,-7.345671951770782471e-02
2.028195187449455261e-02,2.812942489981651306e-03,7.843468189239501953e-01,9.332942366600036621e-01,-5.949743790552020073e-04,2.438395097851753235e-02,-3.582833707332611084e-01,2.124078422784805298e-01,1.123234182596206665e-01,1.050806760787963867e+00,6.782575696706771851e-02,-1.930256932973861694e-01,-1.229891702532768250e-01,-1.140692904591560364e-01,1.062694936990737915e-01,4.722726047039031982e-01,1.205883249640464783e-01,-5.503043159842491150e-02,7.039486616849899292e-02,-5.082532763481140137e-01,8.555285632610321045e-02,7.589605450630187988e-02,-1.197543025016784668e+00,3.477349281311035156e-01,-1.208365917205810547e+00,6.810596585273742676e-01,3.380386829376220703e-01,2.032234072685241699e-01,2.217509597539901733e-02,-9.538129717111587524e-02,-2.253830730915069580e-01,8.144189119338989258e-01,1.238133907318115234e+00,2.703249454498291016e-01,7.244151085615158081e-02,-7.571420818567276001e-02
1.993216015398502350e-02,2.856348641216754913e-03,7.842872142791748047e-01,9.303936362266540527e-01,-4.930713330395519733e-04,2.419795095920562744e-02,-3.657622039318084717e-01,2.179390341043472290e-01,1.104604527354240417e-01,1.065964102745056152e+00,6.591666489839553833e-02,-1.919835954904556274e-01,-1.242694109678268433e-01,-1.151396855711936951e-01,1.106376200914382935e-01,4.868344366550445557e-01,1.205811202526092529e-01,-5.188002064824104309e-02,7.200246304273605347e-02,-5.145725607872009277e-01,8.997886627912521362e-02,8.177018910646438599e-02,-1.243106603622436523e+00,3.237385153770446777e-01,-1.206809997558593750e+00,7.640591263771057129e-01,3.116192221641540527e-01,1.997364312410354614e-01,2.356765046715736389e-02,-9.870456159114837646e-02,-2.241589874029159546e-01,8.098137378692626953e-01,1.237685441970825195e+00,2.689546644687652588e-01,7.086820155382156372e-02,-7.768584042787551880e-02
1.958825066685676575e-02,3.052472602576017380e-03,7.841997742652893066e-01,9.278602004051208496e-01,-3.000038268510252237e-04,2.411497756838798523e-02,-3.721475899219512939e-01,2.224722504615783691e-01,1.084515750408172607e-01,1.078861594200134277e+00,6.433204561471939087e-02,-1.913882195949554443e-01,-1.248336806893348694e-01,-1.164924129843711853e-01,1.142313033342361450e-01,4.994762539863586426e-01,1.204894334077835083e-01,-4.922198876738548279e-02,7.381594926118850708e-02,-5.195135474205017090e-01,9.393599629402160645e-02,8.762767165899276733e-02,-1.286954879760742188e+00,3.017303943634033203e-01,-1.204595565795898438e+00,8.424059152603149414e-01,2.871464788913726807e-01,1.975295543670654297e-01,2.245463803410530090e-02,-1.023832783102989197e-01,-2.229664325714111328e-01,8.057226538658142090e-01,1.235567688941955566e+00,2.681221961975097656e-01,6.888369470834732056e-02,-8.022438734769821167e-02
1.922506466507911682e-02,3.343850141391158104e-03,7.841135263442993164e-01,9.256602525711059570e-01,-6.435476825572550297e-05,2.399371936917304993e-02,-3.775942921638488770e-01,2.263091057538986206e-01,1.066287830471992493e-01,1.089427709579467773e+00,6.315252929925918579e-02,-1.911793202161788940e-01,-1.247708946466445923e-01,-1.179342716932296753e-01,1.171663776040077209e-01,5.102221965789794922e-01,1.206331625580787659e-01,-4.725110903382301331e-02,7.569810003042221069e-02,-5.232791900634765625e-01,9.745140373706817627e-02,9.341533482074737549e-02,-1.327390789985656738e+00,2.821186482906341553e-01,-1.201272606849670410e+00,9.118615388870239258e-01,2.641489505767822266e-01,1.965857595205307007e-01,1.946452818810939789e-02,-1.063275784254074097e-01,-2.219445854425430298e-01,8.014873266220092773e-01,1.233022689819335938e+00,2.673193514347076416e-01,6.667321175336837769e-02,-8.347260951995849609e-02
1.885879784822463989e-02,3.648163750767707825e-03,7.840447425842285156e-01,9.237759709358215332e-01,2.426436694804579020e-04,2.388728968799114227e-02,-3.821876049041748047e-01,2.291672229766845703e-01,1.049682050943374634e-01,1.097810149192810059e+00,6.238377094268798828e-02,-1.912764012813568115e-01,-1.241908520460128784e-01,-1.193355172872543335e-01,1.192779392004013062e-01,5.191541910171508789e-01,1.208348721265792847e-01,-4.534918814897537231e-02,7.761778682470321655e-02,-5.258546471595764160e-01,1.004362553358078003e-01,9.867390990257263184e-02,-1.364150285720825195e+00,2.650572657585144043e-01,-1.197752833366394043e+00,9.710301160812377930e-01,2.442208826541900635e-01,1.960544437170028687e-01,1.570038497447967529e-02,-1.106540486216545105e-01,-2.209439426660537720e-01,7.976900935173034668e-01,1.230572700500488281e+00,2.673155069351196289e-01,6.444787234067916870e-02,-8.685494214296340942e-02
1.853787526488304138e-02,3.922162577509880066e-03,7.840293049812316895e-01,9.221927523612976074e-01,5.595922120846807957e-04,2.379492856562137604e-02,-3.859973251819610596e-01,2.310683578252792358e-01,1.033139452338218689e-01,1.104208469390869141e+00,6.172172352671623230e-02,-1.915619224309921265e-01,-1.236009895801544189e-01,-1.204524040222167969e-01,1.206851303577423096e-01,5.262880325317382812e-01,1.210402026772499084e-01,-4.388029500842094421e-02,7.959973812103271484e-02,-5.277285575866699219e-01,1.028261929750442505e-01,1.033577471971511841e-01,-1.396575570106506348e+00,2.502421736717224121e-01,-1.193618297576904297e+00,1.020547628402709961e+00,2.270577996969223022e-01,1.961592286825180054e-01,1.166665740311145782e-02,-1.151048168540000916e-01,-2.196639478206634521e-01,7.939733862876892090e-01,1.228722691535949707e+00,2.679548561573028564e-01,6.242858991026878357e-02,-8.958883583545684814e-02
1.827051863074302673e-02,4.193882457911968231e-03,7.840401530265808105e-01,9.208558201789855957e-01,8.174980175681412220e-04,2.368794381618499756e-02,-3.891821801662445068e-01,2.327448725700378418e-01,1.016750335693359375e-01,1.109559893608093262e+00,6.095913052558898926e-02,-1.920151561498641968e-01,-1.235459148883819580e-01,-1.214177533984184265e-01,1.216153353452682495e-01,5.320492386817932129e-01,1.212059259414672852e-01,-4.262289032340049744e-02,8.174950629472732544e-02,-5.289942026138305664e-01,1.048274338245391846e-01,1.075878515839576721e-01,-1.425463438034057617e+00,2.370768785476684570e-01,-1.188644051551818848e+00,1.063191533088684082e+00,2.123218923807144165e-01,1.964316815137863159e-01,8.050142787396907806e-03,-1.193076521158218384e-01,-2.183725237846374512e-01,7.897070646286010742e-01,1.227281928062438965e+00,2.688877284526824951e-01,6.049102172255516052e-02,-9.168960899114608765e-02
1.805951632559299469e-02,4.409298300743103027e-03,7.840451002120971680e-01,9.197704195976257324e-01,9.513125987723469734e-04,2.353641390800476074e-02,-3.917492330074310303e-01,2.345388382673263550e-01,1.002386659383773804e-01,1.113756775856018066e+00,6.005661189556121826e-02,-1.922975182533264160e-01,-1.236433833837509155e-01,-1.220743954181671143e-01,1.223858296871185303e-01,5.366250872611999512e-01,1.214626058936119080e-01,-4.152696207165718079e-02,8.353102207183837891e-02,-5.298155546188354492e-01,1.065509989857673645e-01,1.114064082503318787e-01,-1.450577616691589355e+00,2.251624614000320435e-01,-1.182880163192749023e+00,1.100083827972412109e+00,1.989459693431854248e-01,1.965661644935607910e-01,5.258322227746248245e-03,-1.227436587214469910e-01,-2.171704024076461792e-01,7.848612666130065918e-01,1.225890636444091797e+00,2.697425782680511475e-01,5.870356410741806030e-02,-9.360313415527343750e-02
1.790486462414264679e-02,4.592412151396274567e-03,7.840546965599060059e-01,9.188382625579833984e-01,9.674602770246565342e-04,2.323868311941623688e-02,-3.939484655857086182e-01,2.364886701107025146e-01,9.896948933601379395e-02,1.117341279983520508e+00,5.913904309272766113e-02,-1.925047934055328369e-01,-1.238451600074768066e-01,-1.220318451523780823e-01,1.232517138123512268e-01,5.405859351158142090e-01,1.218547075986862183e-01,-4.082268849015235901e-02,8.518690615892410278e-02,-5.301613807678222656e-01,1.079447045922279358e-01,1.148084029555320740e-01,-1.471600413322448730e+00,2.149057686328887939e-01,-1.177588462829589844e+00,1.131933689117431641e+00,1.869190782308578491e-01,1.970999985933303833e-01,2.917696954682469368e-03,-1.255446374416351318e-01,-2.160538882017135620e-01,7.796874642372131348e-01,1.224445939064025879e+00,2.712515592575073242e-01,5.710845813155174255e-02,-9.574314206838607788e-02
1.788248308002948761e-02,4.733383655548095703e-03,7.840445041656494141e-01,9.180749058723449707e-01,9.049150394275784492e-04,2.282062731683254242e-02,-3.957484662532806396e-01,2.385385185480117798e-01,9.794569015502929688e-02,1.120100021362304688e+00,5.827793106436729431e-02,-1.927789896726608276e-01,-1.241802945733070374e-01,-1.216189712285995483e-01,1.240971162915229797e-01,5.435761213302612305e-01,1.224883347749710083e-01,-4.058729112148284912e-02,8.629895001649856567e-02,-5.301132202148437500e-01,1.091105788946151733e-01,1.177325770258903503e-01,-1.489023923873901367e+00,2.056879848241806030e-01,-1.173054575920104980e+00,1.159100413322448730e+00,1.757664531469345093e-01,1.981572806835174561e-01,9.716036147437989712e-04,-1.277223527431488037e-01,-2.151088863611221313e-01,7.743509411811828613e-01,1.222858905792236328e+00,2.737049460411071777e-01,5.564738437533378601e-02,-9.801191836595535278e-02
1.799768581986427307e-02,4.794966429471969604e-03,7.839961647987365723e-01,9.175016880035400391e-01,8.198693976737558842e-04,2.233880013227462769e-02,-3.971032202243804932e-01,2.403424382209777832e-01,9.701224416494369507e-02,1.121761441230773926e+00,5.744050815701484680e-02,-1.929487735033035278e-01,-1.247296258807182312e-01,-1.207584515213966370e-01,1.247546598315238953e-01,5.455015897750854492e-01,1.231728270649909973e-01,-4.082937538623809814e-02,8.696512132883071899e-02,-5.298947691917419434e-01,1.101742461323738098e-01,1.198773384094238281e-01,-1.503290176391601562e+00,1.971241086721420288e-01,-1.168980002403259277e+00,1.181900262832641602e+00,1.663390994071960449e-01,1.997990608215332031e-01,-7.276442483998835087e-04,-1.291832774877548218e-01,-2.143631577491760254e-01,7.692492008209228516e-01,1.221355438232421875e+00,2.765714824199676514e-01,5.429786443710327148e-02,-1.000655144453048706e-01
1.819689571857452393e-02,4.766305908560752869e-03,7.839161753654479980e-01,9.171180725097656250e-01,7.067371043376624584e-04,2.180352434515953064e-02,-3.980182707309722900e-01,2.421063631772994995e-01,9.627950191497802734e-02,1.122649788856506348e+00,5.681909248232841492e-02,-1.929175704717636108e-01,-1.250190138816833496e-01,-1.194528490304946899e-01,1.251576542854309082e-01,5.463464260101318359e-01,1.240982860326766968e-01,-4.152420908212661743e-02,8.712242543697357178e-02,-5.296953320503234863e-01,1.110283434391021729e-01,1.212653666734695435e-01,-1.515409231185913086e+00,1.898344755172729492e-01,-1.166527748107910156e+00,1.200298190116882324e+00,1.590291112661361694e-01,2.013422250747680664e-01,-2.044679364189505577e-03,-1.299751996994018555e-01,-2.137416601181030273e-01,7.648709416389465332e-01,1.219970941543579102e+00,2.793114185333251953e-01,5.305559188127517700e-02,-1.018313840031623840e-01
1.840817928314208984e-02,4.665601998567581177e-03,7.838574051856994629e-01,9.168117642402648926e-01,5.740105989389121532e-04,2.128827571868896484e-02,-3.987513780593872070e-01,2.440456598997116089e-01,9.580130130052566528e-02,1.123165845870971680e+00,5.643672123551368713e-02,-1.926995664834976196e-01,-1.250440180301666260e-01,-1.181318163871765137e-01,1.255248337984085083e-01,5.467449426651000977e-01,1.252478361129760742e-01,-4.246223345398902893e-02,8.695894479751586914e-02,-5.292049646377563477e-01,1.118936389684677124e-01,1.223216280341148376e-01,-1.525028705596923828e+00,1.843373477458953857e-01,-1.165350437164306641e+00,1.214685320854187012e+00,1.525997817516326904e-01,2.028713524341583252e-01,-2.254754537716507912e-03,-1.307073235511779785e-01,-2.134405821561813354e-01,7.605710029602050781e-01,1.218645572662353516e+00,2.804743349552154541e-01,5.213563889265060425e-02,-1.038138717412948608e-01
1.858282834291458130e-02,4.514862783253192902e-03,7.838184833526611328e-01,9.165615439414978027e-01,3.652622399386018515e-04,2.073656581342220306e-02,-3.993553817272186279e-01,2.461825609207153320e-01,9.563998878002166748e-02,1.123732447624206543e+00,5.640367045998573303e-02,-1.925361156463623047e-01,-1.248529404401779175e-01,-1.167614609003067017e-01,1.260424256324768066e-01,5.469940304756164551e-01,1.264773756265640259e-01,-4.351757839322090149e-02,8.672048151493072510e-02,-5.285767912864685059e-01,1.127259507775306702e-01,1.233771592378616333e-01,-1.532955408096313477e+00,1.804704964160919189e-01,-1.165315866470336914e+00,1.225992918014526367e+00,1.473967581987380981e-01,2.042994499206542969e-01,-1.825983752496540546e-03,-1.314560920000076294e-01,-2.133777141571044922e-01,7.560564875602722168e-01,1.217405319213867188e+00,2.798952460289001465e-01,5.152383819222450256e-02,-1.055767536163330078e-01
1.873525418341159821e-02,4.310916177928447723e-03,7.838035225868225098e-01,9.162913560867309570e-01,1.259147247765213251e-04,2.018410712480545044e-02,-4.000034630298614502e-01,2.482675760984420776e-01,9.573021531105041504e-02,1.124651074409484863e+00,5.664744600653648376e-02,-1.923715621232986450e-01,-1.248571202158927917e-01,-1.155283525586128235e-01,1.265408098697662354e-01,5.472388863563537598e-01,1.272488534450531006e-01,-4.428026080131530762e-02,8.660092204809188843e-02,-5.275522470474243164e-01,1.135442182421684265e-01,1.242137551307678223e-01,-1.539750933647155762e+00,1.777076721191406250e-01,-1.165410995483398438e+00,1.235191106796264648e+00,1.436734795570373535e-01,2.055448889732360840e-01,-1.642323331907391548e-03,-1.319707930088043213e-01,-2.134516984224319458e-01,7.516667842864990234e-01,1.216153144836425781e+00,2.782571315765380859e-01,5.159836262464523315e-02,-1.076944544911384583e-01
1.887268014252185822e-02,4.045975860208272934e-03,7.837820649147033691e-01,9.159821867942810059e-01,-1.055854154401458800e-04,1.967119984328746796e-02,-4.007364511489868164e-01,2.504934966564178467e-01,9.587360918521881104e-02,1.125627279281616211e+00,5.689982324838638306e-02,-1.924321949481964111e-01,-1.251145154237747192e-01,-1.146228387951850891e-01,1.271869093179702759e-01,5.477678775787353516e-01,1.279419213533401489e-01,-4.498559609055519104e-02,8.641289174556732178e-02,-5.263256430625915527e-01,1.142477765679359436e-01,1.248272880911827087e-01,-1.545896053314208984e+00,1.758981049060821533e-01,-1.165103673934936523e+00,1.243185997009277344e+00,1.402166783809661865e-01,2.065900862216949463e-01,-1.353995990939438343e-03,-1.323091238737106323e-01,-2.136114537715911865e-01,7.472764253616333008e-01,1.214899539947509766e+00,2.758239209651947021e-01,5.245428159832954407e-02,-1.097965613007545471e-01
1.898301951587200165e-02,3.781796433031558990e-03,7.837531566619873047e-01,9.156741499900817871e-01,-2.918584214057773352e-04,1.928448490798473358e-02,-4.014584422111511230e-01,2.525160610675811768e-01,9.588778018951416016e-02,1.126682519912719727e+00,5.692777410149574280e-02,-1.925595402717590332e-01,-1.254153102636337280e-01,-1.136522144079208374e-01,1.279429644346237183e-01,5.487524867057800293e-01,1.282501220703125000e-01,-4.542652145028114319e-02,8.622051775455474854e-02,-5.249717831611633301e-01,1.148882582783699036e-01,1.252000331878662109e-01,-1.551258444786071777e+00,1.744676381349563599e-01,-1.165316820144653320e+00,1.250858187675476074e+00,1.390549391508102417e-01,2.077378481626510620e-01,-2.066050190478563309e-03,-1.325843930244445801e-01,-2.137483805418014526e-01,7.429612874984741211e-01,1.213567495346069336e+00,2.737123072147369385e-01,5.340708419680595398e-02,-1.119024232029914856e-01
1.901374571025371552e-02,3.550956025719642639e-03,7.837100625038146973e-01,9.154028296470642090e-01,-3.821910650003701448e-04,1.898794248700141907e-02,-4.020906984806060791e-01,2.541649341583251953e-01,9.594297409057617188e-02,1.128076553344726562e+00,5.699208006262779236e-02,-1.927594840526580811e-01,-1.255450695753097534e-01,-1.126994788646697998e-01,1.285919100046157837e-01,5.500285625457763672e-01,1.283810287714004517e-01,-4.573143273591995239e-02,8.614653348922729492e-02,-5.239271521568298340e-01,1.154230386018753052e-01,1.254264712333679199e-01,-1.555649280548095703e+00,1.737875342369079590e-01,-1.165882587432861328e+00,1.257694125175476074e+00,1.378260254859924316e-01,2.086789160966873169e-01,-2.670317422598600388e-03,-1.324984580278396606e-01,-2.139373123645782471e-01,7.386713027954101562e-01,1.211676716804504395e+00,2.722417712211608887e-01,5.389199405908584595e-02,-1.143599525094032288e-01
1.898640766739845276e-02,3.379384521394968033e-03,7.836788296699523926e-01,9.151876568794250488e-01,-3.389949852135032415e-04,1.885294355452060699e-02,-4.025865495204925537e-01,2.550387680530548096e-01,9.603609144687652588e-02,1.129387855529785156e+00,5.714417994022369385e-02,-1.927188783884048462e-01,-1.252226382493972778e-01,-1.120683029294013977e-01,1.290182620286941528e-01,5.512354969978332520e-01,1.283960789442062378e-01,-4.574306309223175049e-02,8.596733212471008301e-02,-5.236259698867797852e-01,1.157555356621742249e-01,1.255387365818023682e-01,-1.559634923934936523e+00,1.737817525863647461e-01,-1.166435480117797852e+00,1.263217091560363770e+00,1.372296959161758423e-01,2.097062915563583374e-01,-2.634025411680340767e-03,-1.323962360620498657e-01,-2.140227854251861572e-01,7.353623509407043457e-01,1.209309101104736328e+00,2.709782123565673828e-01,5.394481867551803589e-02,-1.167946010828018188e-01
1.897826232016086578e-02,3.300009295344352722e-03,7.836960554122924805e-01,9.150058627128601074e-01,-1.711088116280734539e-04,1.887958124279975891e-02,-4.029985666275024414e-01,2.549767494201660156e-01,9.605499356985092163e-02,1.130415081977844238e+00,5.722538381814956665e-02,-1.921778172254562378e-01,-1.246645748615264893e-01,-1.120598688721656799e-01,1.291388571262359619e-01,5.518282055854797363e-01,1.282686144113540649e-01,-4.546381533145904541e-02,8.555052429437637329e-02,-5.237098336219787598e-01,1.158778220415115356e-01,1.254035532474517822e-01,-1.562807440757751465e+00,1.741256415843963623e-01,-1.166718721389770508e+00,1.267105698585510254e+00,1.380842179059982300e-01,2.109707146883010864e-01,-1.660877489484846592e-03,-1.324727833271026611e-01,-2.138901799917221069e-01,7.330302000045776367e-01,1.206979632377624512e+00,2.697601318359375000e-01,5.347532778978347778e-02,-1.188066378235816956e-01
1.902203634381294250e-02,3.284404054284095764e-03,7.837526798248291016e-01,9.149152040481567383e-01,1.102388559957034886e-04,1.903176680207252502e-02,-4.031971395015716553e-01,2.542522251605987549e-01,9.599080681800842285e-02,1.131180167198181152e+00,5.738938227295875549e-02,-1.912643015384674072e-01,-1.240965425968170166e-01,-1.123354211449623108e-01,1.290012747049331665e-01,5.523450374603271484e-01,1.281020194292068481e-01,-4.497282207012176514e-02,8.492752164602279663e-02,-5.241599678993225098e-01,1.157298386096954346e-01,1.251861602067947388e-01,-1.565750956535339355e+00,1.742167472839355469e-01,-1.166228771209716797e+00,1.270017147064208984e+00,1.390046328306198120e-01,2.118991315364837646e-01,-5.941284689470194280e-05,-1.326885074377059937e-01,-2.136107385158538818e-01,7.313235998153686523e-01,1.205309391021728516e+00,2.685112059116363525e-01,5.266337469220161438e-02,-1.206664294004440308e-01
1.908071525394916534e-02,3.335359739139676094e-03,7.838042974472045898e-01,9.148456454277038574e-01,4.056940379086881876e-04,1.918150298297405243e-02,-4.033476710319519043e-01,2.533979415893554688e-01,9.575798362493515015e-02,1.131713986396789551e+00,5.739622935652732849e-02,-1.902756392955780029e-01,-1.237564161419868469e-01,-1.128578931093215942e-01,1.287954002618789673e-01,5.527325868606567383e-01,1.279393881559371948e-01,-4.440573975443840027e-02,8.469243347644805908e-02,-5.240816473960876465e-01,1.155143827199935913e-01,1.250853389501571655e-01,-1.568743228912353516e+00,1.739647537469863892e-01,-1.164533257484436035e+00,1.271838426589965820e+00,1.390979290008544922e-01,2.126494646072387695e-01,2.179085277020931244e-03,-1.331345587968826294e-01,-2.132851034402847290e-01,7.297366261482238770e-01,1.204071998596191406e+00,2.659569978713989258e-01,5.215207487344741821e-02,-1.227038800716400146e-01
1.912157982587814331e-02,3.421447472646832466e-03,7.838408350944519043e-01,9.148017168045043945e-01,7.074724417179822922e-04,1.933416910469532013e-02,-4.034396409988403320e-01,2.524498403072357178e-01,9.540696442127227783e-02,1.132187128067016602e+00,5.725729465484619141e-02,-1.895741522312164307e-01,-1.234858706593513489e-01,-1.134595796465873718e-01,1.285884380340576172e-01,5.530232191085815430e-01,1.279068887233734131e-01,-4.407466575503349304e-02,8.492959290742874146e-02,-5.237115621566772461e-01,1.153000816702842712e-01,1.249031573534011841e-01,-1.571249723434448242e+00,1.731370836496353149e-01,-1.162053108215332031e+00,1.273319244384765625e+00,1.376203894615173340e-01,2.132508009672164917e-01,4.755133762955665588e-03,-1.333744972944259644e-01,-2.128162235021591187e-01,7.290130853652954102e-01,1.203607082366943359e+00,2.644011080265045166e-01,5.210967361927032471e-02,-1.247907280921936035e-01
1.912374235689640045e-02,3.544694744050502777e-03,7.838615179061889648e-01,9.147472381591796875e-01,9.807343594729900360e-04,1.942868158221244812e-02,-4.035581350326538086e-01,2.517107129096984863e-01,9.505913406610488892e-02,1.132758140563964844e+00,5.706041678786277771e-02,-1.892232894897460938e-01,-1.231818199157714844e-01,-1.140737608075141907e-01,1.284392774105072021e-01,5.533964633941650391e-01,1.279440373182296753e-01,-4.373302683234214783e-02,8.537960052490234375e-02,-5.228865742683410645e-01,1.151280626654624939e-01,1.246766224503517151e-01,-1.573280930519104004e+00,1.721643507480621338e-01,-1.158945918083190918e+00,1.274294853210449219e+00,1.359437108039855957e-01,2.133916765451431274e-01,7.496714126318693161e-03,-1.333971172571182251e-01,-2.124503105878829956e-01,7.289011478424072266e-01,1.203686833381652832e+00,2.635316252708435059e-01,5.239221453666687012e-02,-1.271265894174575806e-01
1.909122243523597717e-02,3.678813343867659569e-03,7.838792204856872559e-01,9.147666096687316895e-01,1.196702825836837292e-03,1.942253857851028442e-02,-4.035137295722961426e-01,2.513271868228912354e-01,9.477584809064865112e-02,1.133167266845703125e+00,5.698503926396369934e-02,-1.887618750333786011e-01,-1.226274967193603516e-01,-1.143772602081298828e-01,1.281154304742813110e-01,5.531327724456787109e-01,1.279615759849548340e-01,-4.348164796829223633e-02,8.589359372854232788e-02,-5.217409133911132812e-01,1.149075701832771301e-01,1.245561242103576660e-01,-1.575375556945800781e+00,1.707251220941543579e-01,-1.155441164970397949e+00,1.274627685546875000e+00,1.349634826183319092e-01,2.137331813573837280e-01,8.816535584628582001e-03,-1.335090994834899902e-01,-2.121315896511077881e-01,7.289421558380126953e-01,1.204270839691162109e+00,2.630958557128906250e-01,5.290114507079124451e-02,-1.296170651912689209e-01
1.899120770394802094e-02,3.844248829409480095e-03,7.838964462280273438e-01,9.148944616317749023e-01,1.335082808509469032e-03,1.927666738629341125e-02,-4.032304286956787109e-01,2.509693205356597900e-01,9.467647224664688110e-02,1.132949113845825195e+00,5.731328204274177551e-02,-1.884927600622177124e-01,-1.221397742629051208e-01,-1.145368590950965881e-01,1.276479065418243408e-01,5.522691011428833008e-01,1.279816180467605591e-01,-4.323529452085494995e-02,8.618273586034774780e-02,-5.205138325691223145e-01,1.145828589797019958e-01,1.245622411370277405e-01,-1.576511859893798828e+00,1.688446104526519775e-01,-1.151423692703247070e+00,1.274761915206909180e+00,1.352126449346542358e-01,2.143183499574661255e-01,9.331837296485900879e-03,-1.335358917713165283e-01,-2.118312716484069824e-01,7.290863394737243652e-01,1.205304026603698730e+00,2.614899575710296631e-01,5.367972701787948608e-02,-1.316144764423370361e-01
1.884413883090019226e-02,4.055536352097988129e-03,7.838982939720153809e-01,9.150993824005126953e-01,1.404816750437021255e-03,1.909711398184299469e-02,-4.027733802795410156e-01,2.506049275398254395e-01,9.481254965066909790e-02,1.132050275802612305e+00,5.791247263550758362e-02,-1.885076612234115601e-01,-1.216909363865852356e-01,-1.147430017590522766e-01,1.272020339965820312e-01,5.510449409484863281e-01,1.279903203248977661e-01,-4.295499622821807861e-02,8.604650199413299561e-02,-5.191645622253417969e-01,1.142975017428398132e-01,1.246227174997329712e-01,-1.579056382179260254e+00,1.666620522737503052e-01,-1.147010326385498047e+00,1.274932384490966797e+00,1.358093619346618652e-01,2.151624709367752075e-01,9.002053178846836090e-03,-1.334924995899200439e-01,-2.115740627050399780e-01,7.290388345718383789e-01,1.206364512443542480e+00,2.582797110080718994e-01,5.448707938194274902e-02,-1.328291296958923340e-01
1.862306147813796997e-02,4.314675461500883102e-03,7.838885784149169922e-01,9.153186082839965820e-01,1.420128159224987030e-03,1.885607652366161346e-02,-4.022863507270812988e-01,2.501891851425170898e-01,9.520925581455230713e-02,1.130851626396179199e+00,5.862481147050857544e-02,-1.885654032230377197e-01,-1.212357878684997559e-01,-1.147574707865715027e-01,1.269091665744781494e-01,5.498667359352111816e-01,1.279343813657760620e-01,-4.272775352001190186e-02,8.601052314043045044e-02,-5.177261829376220703e-01,1.140491515398025513e-01,1.246963515877723694e-01,-1.581467390060424805e+00,1.643416583538055420e-01,-1.142547130584716797e+00,1.275269269943237305e+00,1.365147083997726440e-01,2.159905284643173218e-01,8.035507984459400177e-03,-1.332589983940124512e-01,-2.114650607109069824e-01,7.287353873252868652e-01,1.206699013710021973e+00,2.545062899589538574e-01,5.518281832337379456e-02,-1.334135681390762329e-01
1.830961555242538452e-02,4.558822140097618103e-03,7.838737368583679199e-01,9.155733585357666016e-01,1.460032304748892784e-03,1.861982792615890503e-02,-4.017170369625091553e-01,2.497609406709671021e-01,9.563007950782775879e-02,1.129895687103271484e+00,5.930261686444282532e-02,-1.884507387876510620e-01,-1.207618489861488342e-01,-1.147866398096084595e-01,1.266216039657592773e-01,5.490381717681884766e-01,1.279870122671127319e-01,-4.258339479565620422e-02,8.600282669067382812e-02,-5.164216160774230957e-01,1.136991530656814575e-01,1.244506686925888062e-01,-1.584102153778076172e+00,1.619751453399658203e-01,-1.138625025749206543e+00,1.276050090789794922e+00,1.364914178848266602e-01,2.165435403585433960e-01,6.885818205773830414e-03,-1.330125927925109863e-01,-2.114411741495132446e-01,7.285133600234985352e-01,1.206445693969726562e+00,2.513560056686401367e-01,5.565863847732543945e-02,-1.339410692453384399e-01
1.790284551680088043e-02,4.777546972036361694e-03,7.838629484176635742e-01,9.158356785774230957e-01,1.470365794375538826e-03,1.838284730911254883e-02,-4.011293351650238037e-01,2.494505941867828369e-01,9.609660506248474121e-02,1.129138708114624023e+00,5.975717306137084961e-02,-1.884536147117614746e-01,-1.204359903931617737e-01,-1.147662028670310974e-01,1.263746619224548340e-01,5.481855869293212891e-01,1.280486732721328735e-01,-4.238982126116752625e-02,8.627758175134658813e-02,-5.152646303176879883e-01,1.132677644491195679e-01,1.239687949419021606e-01,-1.587334036827087402e+00,1.600460261106491089e-01,-1.135237336158752441e+00,1.276323318481445312e+00,1.368098556995391846e-01,2.168597728013992310e-01,5.501093808561563492e-03,-1.326143890619277954e-01,-2.114279270172119141e-01,7.281534075736999512e-01,1.205642938613891602e+00,2.493223100900650024e-01,5.620083957910537720e-02,-1.347040086984634399e-01
1.743372157216072083e-02,4.955313168466091156e-03,7.838807106018066406e-01,9.160308241844177246e-01,1.525836531072854996e-03,1.820374280214309692e-02,-4.006915986537933350e-01,2.490754425525665283e-01,9.641671925783157349e-02,1.128970861434936523e+00,5.982605740427970886e-02,-1.880978792905807495e-01,-1.203715354204177856e-01,-1.150318756699562073e-01,1.263013929128646851e-01,5.477856993675231934e-01,1.282355785369873047e-01,-4.211338609457015991e-02,8.673360943794250488e-02,-5.143133401870727539e-01,1.127609014511108398e-01,1.232504472136497498e-01,-1.588824510574340820e+00,1.587081104516983032e-01,-1.132076978683471680e+00,1.276041030883789062e+00,1.361699402332305908e-01,2.172809988260269165e-01,3.812434384599328041e-03,-1.322960704565048218e-01,-2.113000303506851196e-01,7.276403903961181641e-01,1.204594850540161133e+00,2.487537264823913574e-01,5.681199580430984497e-02,-1.360963582992553711e-01
1.694313064217567444e-02,5.066721700131893158e-03,7.839184403419494629e-01,9.161763787269592285e-01,1.580875483341515064e-03,1.800199970602989197e-02,-4.003677070140838623e-01,2.486842125654220581e-01,9.663133323192596436e-02,1.129107832908630371e+00,5.958810821175575256e-02,-1.873744726181030273e-01,-1.202285662293434143e-01,-1.149636432528495789e-01,1.263207942247390747e-01,5.476264357566833496e-01,1.282795369625091553e-01,-4.172293096780776978e-02,8.736555278301239014e-02,-5.137264132499694824e-01,1.120982468128204346e-01,1.226872056722640991e-01,-1.589680433273315430e+00,1.583136767148971558e-01,-1.129079580307006836e+00,1.274886369705200195e+00,1.361574530601501465e-01,2.180773615837097168e-01,2.870588097721338272e-03,-1.321759074926376343e-01,-2.112214863300323486e-01,7.266494035720825195e-01,1.203349232673645020e+00,2.482524067163467407e-01,5.736514925956726074e-02,-1.379025578498840332e-01
1.647242717444896698e-02,5.152864381670951843e-03,7.839665412902832031e-01,9.162645936012268066e-01,1.619821647182106972e-03,1.778670214116573334e-02,-4.001752734184265137e-01,2.484444081783294678e-01,9.704365581274032593e-02,1.129003524780273438e+00,5.954353511333465576e-02,-1.866311877965927124e-01,-1.198847219347953796e-01,-1.149019151926040649e-01,1.265338808298110962e-01,5.475761890411376953e-01,1.283962130546569824e-01,-4.103218764066696167e-02,8.764801174402236938e-02,-5.132014155387878418e-01,1.113227382302284241e-01,1.224066838622093201e-01,-1.590622186660766602e+00,1.585755199193954468e-01,-1.125927448272705078e+00,1.273817539215087891e+00,1.367776095867156982e-01,2.186651974916458130e-01,2.931320806965231895e-03,-1.320699751377105713e-01,-2.110173553228378296e-01,7.251803874969482422e-01,1.202020406723022461e+00,2.471884787082672119e-01,5.787126347422599792e-02,-1.394479870796203613e-01
1.602781563997268677e-02,5.208482034504413605e-03,7.840003371238708496e-01,9.163434505462646484e-01,1.633995212614536285e-03,1.760434731841087341e-02,-4.000026583671569824e-01,2.480620592832565308e-01,9.765501320362091064e-02,1.128785014152526855e+00,5.976647511124610901e-02,-1.861790418624877930e-01,-1.193890646100044250e-01,-1.147025227546691895e-01,1.267410218715667725e-01,5.472800731658935547e-01,1.283812522888183594e-01,-4.020115733146667480e-02,8.776603639125823975e-02,-5.128108859062194824e-01,1.105456724762916565e-01,1.222893893718719482e-01,-1.591767668724060059e+00,1.589049994945526123e-01,-1.123418807983398438e+00,1.273705720901489258e+00,1.383425891399383545e-01,2.196973562240600586e-01,3.652356332167983055e-03,-1.321979463100433350e-01,-2.106926590204238892e-01,7.235327363014221191e-01,1.201198577880859375e+00,2.460758984088897705e-01,5.795989558100700378e-02,-1.403638422489166260e-01
1.563327759504318237e-02,5.254060961306095123e-03,7.840043902397155762e-01,9.163749217987060547e-01,1.608091290108859539e-03,1.747735776007175446e-02,-3.999361693859100342e-01,2.478919476270675659e-01,9.837073087692260742e-02,1.128494739532470703e+00,6.008478254079818726e-02,-1.861917972564697266e-01,-1.188428252935409546e-01,-1.148962676525115967e-01,1.271814107894897461e-01,5.469470024108886719e-01,1.283909827470779419e-01,-3.926429152488708496e-02,8.758980780839920044e-02,-5.123499631881713867e-01,1.098811179399490356e-01,1.224823668599128723e-01,-1.593154311180114746e+00,1.589033007621765137e-01,-1.121069669723510742e+00,1.274349689483642578e+00,1.400917917490005493e-01,2.205949276685714722e-01,5.065384786576032639e-03,-1.325317323207855225e-01,-2.103585600852966309e-01,7.217532992362976074e-01,1.200495004653930664e+00,2.442389875650405884e-01,5.807924643158912659e-02,-1.412152498960494995e-01
1.529447641223669052e-02,5.276130512356758118e-03,7.839860916137695312e-01,9.163290858268737793e-01,1.608858234249055386e-03,1.745576038956642151e-02,-4.000421166419982910e-01,2.476866543292999268e-01,9.898595511913299561e-02,1.128704309463500977e+00,6.036174297332763672e-02,-1.864769458770751953e-01,-1.185029596090316772e-01,-1.154630109667778015e-01,1.277788579463958740e-01,5.470514893531799316e-01,1.282437741756439209e-01,-3.825632110238075256e-02,8.754771947860717773e-02,-5.118730664253234863e-01,1.093565151095390320e-01,1.224856153130531311e-01,-1.594764709472656250e+00,1.587627828121185303e-01,-1.119862318038940430e+00,1.276077389717102051e+00,1.414962410926818848e-01,2.217406481504440308e-01,6.312426179647445679e-03,-1.327261179685592651e-01,-2.099867761135101318e-01,7.202049493789672852e-01,1.199967384338378906e+00,2.426200658082962036e-01,5.829853191971778870e-02,-1.417989581823348999e-01
1.499774120748043060e-02,5.319513846188783646e-03,7.839603424072265625e-01,9.162457585334777832e-01,1.632470986805856228e-03,1.747866906225681305e-02,-4.002318382263183594e-01,2.475526779890060425e-01,9.932575374841690063e-02,1.129153490066528320e+00,6.041093170642852783e-02,-1.864960640668869019e-01,-1.183281317353248596e-01,-1.161604598164558411e-01,1.283529847860336304e-01,5.472860932350158691e-01,1.280798614025115967e-01,-3.716181591153144836e-02,8.795431256294250488e-02,-5.113329291343688965e-01,1.088518202304840088e-01,1.223054006695747375e-01,-1.596865653991699219e+00,1.583166718482971191e-01,-1.120088577270507812e+00,1.278550982475280762e+00,1.436247229576110840e-01,2.228281795978546143e-01,6.620645988732576370e-03,-1.330423653125762939e-01,-2.095134556293487549e-01,7.189024090766906738e-01,1.199438333511352539e+00,2.408258914947509766e-01,5.894337221980094910e-02,-1.427357941865921021e-01
1.474316604435443878e-02,5.363747477531433105e-03,7.839337587356567383e-01,9.161290526390075684e-01,1.659968052990734577e-03,1.751266047358512878e-02,-4.004972875118255615e-01,2.473214715719223022e-01,9.954679757356643677e-02,1.129467129707336426e+00,6.020840257406234741e-02,-1.863720118999481201e-01,-1.183632761240005493e-01,-1.166518405079841614e-01,1.286840289831161499e-01,5.472798347473144531e-01,1.276288628578186035e-01,-3.626723214983940125e-02,8.853152394294738770e-02,-5.108281970024108887e-01,1.083605065941810608e-01,1.220889687538146973e-01,-1.598538398742675781e+00,1.577912122011184692e-01,-1.121258020401000977e+00,1.281086087226867676e+00,1.465250253677368164e-01,2.246112525463104248e-01,5.995735060423612595e-03,-1.333835124969482422e-01,-2.088157683610916138e-01,7.180913090705871582e-01,1.199271440505981445e+00,2.389066368341445923e-01,5.979714542627334595e-02,-1.432613283395767212e-01
1.456122379750013351e-02,5.390098784118890762e-03,7.839196324348449707e-01,9.159847497940063477e-01,1.686542411334812641e-03,1.759184710681438446e-02,-4.008236527442932129e-01,2.471270859241485596e-01,9.978800266981124878e-02,1.129813313484191895e+00,5.993149057030677795e-02,-1.860651820898056030e-01,-1.185636445879936218e-01,-1.171406656503677368e-01,1.290427446365356445e-01,5.473354458808898926e-01,1.270429491996765137e-01,-3.534050658345222473e-02,8.941486477851867676e-02,-5.103586912155151367e-01,1.080576404929161072e-01,1.219835951924324036e-01,-1.599503397941589355e+00,1.570146530866622925e-01,-1.122816324234008789e+00,1.283611536026000977e+00,1.500770300626754761e-01,2.260065823793411255e-01,4.784165881574153900e-03,-1.336379498243331909e-01,-2.079758495092391968e-01,7.184336185455322266e-01,1.199648022651672363e+00,2.380425035953521729e-01,6.083262339234352112e-02,-1.439331173896789551e-01
1.444749440997838974e-02,5.416988395154476166e-03,7.839086055755615234e-01,9.158321022987365723e-01,1.672637299634516239e-03,1.771507225930690765e-02,-4.011670351028442383e-01,2.469744384288787842e-01,1.000235080718994141e-01,1.130198240280151367e+00,5.954596772789955139e-02,-1.856867671012878418e-01,-1.188055574893951416e-01,-1.175163611769676208e-01,1.296198815107345581e-01,5.476693511009216309e-01,1.266322880983352661e-01,-3.442895039916038513e-02,8.990901708602905273e-02,-5.096719861030578613e-01,1.079537793993949890e-01,1.219734176993370056e-01,-1.599921464920043945e+00,1.561006009578704834e-01,-1.124052762985229492e+00,1.285410881042480469e+00,1.537380516529083252e-01,2.269527167081832886e-01,3.896039910614490509e-03,-1.340157836675643921e-01,-2.072039544582366943e-01,7.190754413604736328e-01,1.200232744216918945e+00,2.371834218502044678e-01,6.187740713357925415e-02,-1.446086615324020386e-01
1.440589129924774170e-02,5.409259349107742310e-03,7.839314937591552734e-01,9.156665802001953125e-01,1.614948036149144173e-03,1.784002780914306641e-02,-4.015392959117889404e-01,2.467093020677566528e-01,1.003817692399024963e-01,1.130892157554626465e+00,5.934419110417366028e-02,-1.854733973741531372e-01,-1.189863681793212891e-01,-1.178570091724395752e-01,1.305537521839141846e-01,5.486499667167663574e-01,1.266924589872360229e-01,-3.369444608688354492e-02,8.994565904140472412e-02,-5.087443590164184570e-01,1.079340502619743347e-01,1.220761090517044067e-01,-1.599673151969909668e+00,1.551652997732162476e-01,-1.125366687774658203e+00,1.287268519401550293e+00,1.569662988185882568e-01,2.282031625509262085e-01,2.914459211751818657e-03,-1.344606429338455200e-01,-2.066137194633483887e-01,7.198079824447631836e-01,1.200942039489746094e+00,2.371658831834793091e-01,6.260249018669128418e-02,-1.449294686317443848e-01
1.442585885524749756e-02,5.304998718202114105e-03,7.839799523353576660e-01,9.155542254447937012e-01,1.566578983329236507e-03,1.795212551951408386e-02,-4.017907381057739258e-01,2.463952153921127319e-01,1.007433608174324036e-01,1.131408452987670898e+00,5.923759937286376953e-02,-1.853393167257308960e-01,-1.192452237010002136e-01,-1.180215924978256226e-01,1.314153373241424561e-01,5.496546626091003418e-01,1.267777979373931885e-01,-3.322105109691619873e-02,8.995193243026733398e-02,-5.077056288719177246e-01,1.077729389071464539e-01,1.222715824842453003e-01,-1.599353790283203125e+00,1.538683027029037476e-01,-1.126600742340087891e+00,1.289332866668701172e+00,1.592618823051452637e-01,2.293779999017715454e-01,1.821009442210197449e-03,-1.348759979009628296e-01,-2.061477005481719971e-01,7.201762795448303223e-01,1.201609492301940918e+00,2.379608601331710815e-01,6.293077766895294189e-02,-1.452511250972747803e-01
1.446850411593914032e-02,5.192635115236043930e-03,7.840399742126464844e-01,9.154674410820007324e-01,1.531263231299817562e-03,1.807673089206218719e-02,-4.019829332828521729e-01,2.460015267133712769e-01,1.011451482772827148e-01,1.131525993347167969e+00,5.923292040824890137e-02,-1.854775398969650269e-01,-1.192193031311035156e-01,-1.180810034275054932e-01,1.321964561939239502e-01,5.504498481750488281e-01,1.267378926277160645e-01,-3.259082138538360596e-02,8.944549411535263062e-02,-5.070517659187316895e-01,1.075493916869163513e-01,1.224194243550300598e-01,-1.598079085350036621e+00,1.530264616012573242e-01,-1.128320217132568359e+00,1.291120529174804688e+00,1.605952531099319458e-01,2.304752916097640991e-01,8.124919258989393711e-04,-1.347905397415161133e-01,-2.057353407144546509e-01,7.202124595642089844e-01,1.202192306518554688e+00,2.399266809225082397e-01,6.267603486776351929e-02,-1.456550508737564087e-01
1.442556548863649368e-02,5.102802999317646027e-03,7.840848565101623535e-01,9.153649210929870605e-01,1.493357820436358452e-03,1.817270554602146149e-02,-4.022121429443359375e-01,2.459943443536758423e-01,1.015925705432891846e-01,1.131525874137878418e+00,5.922506749629974365e-02,-1.855332255363464355e-01,-1.188985183835029602e-01,-1.179636716842651367e-01,1.329484581947326660e-01,5.511972308158874512e-01,1.265963464975357056e-01,-3.206574544310569763e-02,8.913508057594299316e-02,-5.063490271568298340e-01,1.072397306561470032e-01,1.226984411478042603e-01,-1.596765398979187012e+00,1.527779102325439453e-01,-1.130458116531372070e+00,1.292629003524780273e+00,1.630234271287918091e-01,2.310509085655212402e-01,7.790836389176547527e-04,-1.344732642173767090e-01,-2.055210769176483154e-01,7.197766304016113281e-01,1.202325940132141113e+00,2.408264428377151489e-01,6.275898963212966919e-02,-1.464509367942810059e-01
1.430994085967540741e-02,5.054357461631298065e-03,7.841120362281799316e-01,9.152290821075439453e-01,1.440390362404286861e-03,1.826103404164314270e-02,-4.025172591209411621e-01,2.461308240890502930e-01,1.019848585128784180e-01,1.131353735923767090e+00,5.906588211655616760e-02,-1.857711374759674072e-01,-1.186337396502494812e-01,-1.177704185247421265e-01,1.334844678640365601e-01,5.518887639045715332e-01,1.264135092496871948e-01,-3.171131387352943420e-02,8.862725645303726196e-02,-5.056585073471069336e-01,1.069680601358413696e-01,1.229302883148193359e-01,-1.595069885253906250e+00,1.529340744018554688e-01,-1.132590055465698242e+00,1.293913602828979492e+00,1.640040129423141479e-01,2.311250716447830200e-01,2.047750866040587425e-03,-1.335130780935287476e-01,-2.054698169231414795e-01,7.189611196517944336e-01,1.202065110206604004e+00,2.408943474292755127e-01,6.304980069398880005e-02,-1.464489400386810303e-01
1.420719083398580551e-02,5.010458640754222870e-03,7.841588854789733887e-01,9.150915741920471191e-01,1.453474396839737892e-03,1.844914443790912628e-02,-4.028213620185852051e-01,2.461000680923461914e-01,1.022797301411628723e-01,1.131773114204406738e+00,5.878543853759765625e-02,-1.857800185680389404e-01,-1.182614341378211975e-01,-1.179471611976623535e-01,1.338775157928466797e-01,5.527848005294799805e-01,1.262445449829101562e-01,-3.134235367178916931e-02,8.825591206550598145e-02,-5.051275491714477539e-01,1.069507822394371033e-01,1.228053420782089233e-01,-1.593522310256958008e+00,1.531857848167419434e-01,-1.135186672210693359e+00,1.295184135437011719e+00,1.654638946056365967e-01,2.304883748292922974e-01,3.521652892231941223e-03,-1.325002014636993408e-01,-2.055082917213439941e-01,7.185595631599426270e-01,1.201824665069580078e+00,2.413233667612075806e-01,6.367462128400802612e-02,-1.459880024194717407e-01
1.418667100369930267e-02,5.007099360227584839e-03,7.841882705688476562e-01,9.150187373161315918e-01,1.498424331657588482e-03,1.862211152911186218e-02,-4.029785096645355225e-01,2.461431026458740234e-01,1.025854721665382385e-01,1.132555961608886719e+00,5.856787785887718201e-02,-1.857868582010269165e-01,-1.178379580378532410e-01,-1.182783916592597961e-01,1.340377032756805420e-01,5.537195205688476562e-01,1.261646747589111328e-01,-3.123918548226356506e-02,8.772364258766174316e-02,-5.047972798347473145e-01,1.069418564438819885e-01,1.226813793182373047e-01,-1.592156648635864258e+00,1.531815081834793091e-01,-1.137042522430419922e+00,1.295964956283569336e+00,1.669470518827438354e-01,2.297421246767044067e-01,5.184040404856204987e-03,-1.317243427038192749e-01,-2.056458443403244019e-01,7.181725502014160156e-01,1.201997756958007812e+00,2.421231567859649658e-01,6.433075666427612305e-02,-1.450584232807159424e-01
1.424695271998643875e-02,5.075030494481325150e-03,7.841826081275939941e-01,9.150165319442749023e-01,1.575318165123462677e-03,1.872109435498714447e-02,-4.029787480831146240e-01,2.462062537670135498e-01,1.027967184782028198e-01,1.133167743682861328e+00,5.846620723605155945e-02,-1.858233511447906494e-01,-1.173210814595222473e-01,-1.185359954833984375e-01,1.338663995265960693e-01,5.542836189270019531e-01,1.258546561002731323e-01,-3.115352988243103027e-02,8.759655803442001343e-02,-5.046014189720153809e-01,1.067707240581512451e-01,1.227992773056030273e-01,-1.591363310813903809e+00,1.525267362594604492e-01,-1.138346433639526367e+00,1.296443700790405273e+00,1.697154194116592407e-01,2.286703288555145264e-01,6.734653376042842865e-03,-1.316027641296386719e-01,-2.061017155647277832e-01,7.180045247077941895e-01,1.202493190765380859e+00,2.440098822116851807e-01,6.496235728263854980e-02,-1.448473781347274780e-01
1.430851593613624573e-02,5.237855017185211182e-03,7.841557264328002930e-01,9.150944352149963379e-01,1.669272314757108688e-03,1.870386302471160889e-02,-4.028021097183227539e-01,2.460402995347976685e-01,1.027081683278083801e-01,1.132966518402099609e+00,5.838719755411148071e-02,-1.859601885080337524e-01,-1.166778877377510071e-01,-1.185166463255882263e-01,1.332715600728988647e-01,5.542968511581420898e-01,1.251503080129623413e-01,-3.113635815680027008e-02,8.816538751125335693e-02,-5.045096874237060547e-01,1.062903329730033875e-01,1.232645884156227112e-01,-1.590473890304565430e+00,1.516742855310440063e-01,-1.139007091522216797e+00,1.296353459358215332e+00,1.716607809066772461e-01,2.276561707258224487e-01,8.792722597718238831e-03,-1.319044828414916992e-01,-2.069385945796966553e-01,7.179156541824340820e-01,1.203247308731079102e+00,2.463199794292449951e-01,6.562341749668121338e-02,-1.451869755983352661e-01
1.431850716471672058e-02,5.496170371770858765e-03,7.841474413871765137e-01,9.152700901031494141e-01,1.779854763299226761e-03,1.866154186427593231e-02,-4.024043381214141846e-01,2.453314065933227539e-01,1.024591997265815735e-01,1.131861209869384766e+00,5.838873609900474548e-02,-1.861005723476409912e-01,-1.160411089658737183e-01,-1.183435097336769104e-01,1.324786096811294556e-01,5.540123581886291504e-01,1.241324245929718018e-01,-3.086149133741855621e-02,8.911724388599395752e-02,-5.048060417175292969e-01,1.057731658220291138e-01,1.239928081631660461e-01,-1.589555144309997559e+00,1.517973840236663818e-01,-1.140376091003417969e+00,1.295240879058837891e+00,1.723466813564300537e-01,2.268122583627700806e-01,1.194031443446874619e-02,-1.328638941049575806e-01,-2.080001085996627808e-01,7.180718779563903809e-01,1.204444169998168945e+00,2.490556389093399048e-01,6.612856686115264893e-02,-1.459894627332687378e-01
1.421315968036651611e-02,5.839527118951082230e-03,7.841805219650268555e-01,9.154753684997558594e-01,1.909840968437492847e-03,1.852847449481487274e-02,-4.019426107406616211e-01,2.444151937961578369e-01,1.021824777126312256e-01,1.130273818969726562e+00,5.854768306016921997e-02,-1.862106025218963623e-01,-1.151302754878997803e-01,-1.182141751050949097e-01,1.315183937549591064e-01,5.534542202949523926e-01,1.230689212679862976e-01,-3.020535781979560852e-02,9.026921540498733521e-02,-5.048446059226989746e-01,1.051125451922416687e-01,1.252259761095046997e-01,-1.589231133460998535e+00,1.534990370273590088e-01,-1.141904830932617188e+00,1.292775869369506836e+00,1.719820648431777954e-01,2.263570874929428101e-01,1.629946753382682800e-02,-1.344034671783447266e-01,-2.092041373252868652e-01,7.178663015365600586e-01,1.205820679664611816e+00,2.505838572978973389e-01,6.681067496538162231e-02,-1.474750190973281860e-01
1.400034874677658081e-02,6.209174171090126038e-03,7.842184901237487793e-01,9.157568812370300293e-01,2.067352179437875748e-03,1.833759434521198273e-02,-4.013088941574096680e-01,2.430875450372695923e-01,1.020527780055999756e-01,1.128252506256103516e+00,5.894389748573303223e-02,-1.862052530050277710e-01,-1.142460405826568604e-01,-1.181934475898742676e-01,1.303855925798416138e-01,5.525990128517150879e-01,1.218238770961761475e-01,-2.941670641303062439e-02,9.164404124021530151e-02,-5.046886205673217773e-01,1.044345498085021973e-01,1.266682595014572144e-01,-1.589915394783020020e+00,1.559942662715911865e-01,-1.143586158752441406e+00,1.289802908897399902e+00,1.704198122024536133e-01,2.266889959573745728e-01,2.078351378440856934e-02,-1.364053934812545776e-01,-2.103659063577651978e-01,7.175975441932678223e-01,1.206854939460754395e+00,2.500303685665130615e-01,6.765138357877731323e-02,-1.490932255983352661e-01
1.372397504746913910e-02,6.557722575962543488e-03,7.842371463775634766e-01,9.161084294319152832e-01,2.223600400611758232e-03,1.809719204902648926e-02,-4.005157649517059326e-01,2.417883723974227905e-01,1.021205261349678040e-01,1.125851392745971680e+00,5.955713614821434021e-02,-1.860194802284240723e-01,-1.132984310388565063e-01,-1.186700016260147095e-01,1.292947679758071899e-01,5.515478849411010742e-01,1.209620013833045959e-01,-2.862666733562946320e-02,9.293467551469802856e-02,-5.041833519935607910e-01,1.038135364651679993e-01,1.279017031192779541e-01,-1.591237187385559082e+00,1.583421379327774048e-01,-1.144911170005798340e+00,1.287069320678710938e+00,1.682555526494979858e-01,2.261701822280883789e-01,2.562908641993999481e-02,-1.385290920734405518e-01,-2.112008929252624512e-01,7.177891135215759277e-01,1.207139730453491211e+00,2.480874061584472656e-01,6.864778697490692139e-02,-1.499803066253662109e-01
1.342211104929447174e-02,6.910612341016530991e-03,7.842140197753906250e-01,9.165261983871459961e-01,2.387244254350662231e-03,1.783357933163642883e-02,-3.995696604251861572e-01,2.405851036310195923e-01,1.023407578468322754e-01,1.123570203781127930e+00,6.017899140715599060e-02,-1.857662796974182129e-01,-1.125096231698989868e-01,-1.193850338459014893e-01,1.280698031187057495e-01,5.503089427947998047e-01,1.204045340418815613e-01,-2.802015468478202820e-02,9.381875395774841309e-02,-5.035187602043151855e-01,1.032835841178894043e-01,1.287905573844909668e-01,-1.592945575714111328e+00,1.598787903785705566e-01,-1.145327568054199219e+00,1.284373998641967773e+00,1.660457104444503784e-01,2.257625460624694824e-01,2.948514930903911591e-02,-1.408326476812362671e-01,-2.117111682891845703e-01,7.188259959220886230e-01,1.206262111663818359e+00,2.450254261493682861e-01,6.950826197862625122e-02,-1.499965190887451172e-01
1.311314571648836136e-02,7.288515102118253708e-03,7.842087149620056152e-01,9.169552922248840332e-01,2.612208714708685875e-03,1.757503859698772430e-02,-3.985942006111145020e-01,2.393362969160079956e-01,1.025985330343246460e-01,1.121799468994140625e+00,6.097286567091941833e-02,-1.853699535131454468e-01,-1.118314340710639954e-01,-1.203212812542915344e-01,1.267658323049545288e-01,5.492956042289733887e-01,1.203121319413185120e-01,-2.760739810764789581e-02,9.419738501310348511e-02,-5.031515955924987793e-01,1.027211099863052368e-01,1.294850111007690430e-01,-1.594703555107116699e+00,1.610540598630905151e-01,-1.145175457000732422e+00,1.281909465789794922e+00,1.626871973276138306e-01,2.252783775329589844e-01,3.272372484207153320e-02,-1.435232162475585938e-01,-2.118508666753768921e-01,7.204076647758483887e-01,1.204836726188659668e+00,2.420678734779357910e-01,6.975779682397842407e-02,-1.496435552835464478e-01
1.280684676021337509e-02,7.704765535891056061e-03,7.842477560043334961e-01,9.174244403839111328e-01,2.890668576583266258e-03,1.728804782032966614e-02,-3.975236713886260986e-01,2.378853410482406616e-01,1.027737781405448914e-01,1.119960904121398926e+00,6.192709505558013916e-02,-1.848080158233642578e-01,-1.110992580652236938e-01,-1.212334930896759033e-01,1.252478808164596558e-01,5.481727719306945801e-01,1.205580756068229675e-01,-2.744331583380699158e-02,9.422011673450469971e-02,-5.032830834388732910e-01,1.020655483007431030e-01,1.302575170993804932e-01,-1.596210598945617676e+00,1.624068021774291992e-01,-1.144544601440429688e+00,1.279418945312500000e+00,1.578098237514495850e-01,2.249323129653930664e-01,3.482343256473541260e-02,-1.464619785547256470e-01,-2.116739898920059204e-01,7.225860953330993652e-01,1.203264713287353516e+00,2.398760169744491577e-01,6.949105858802795410e-02,-1.497111916542053223e-01
1.249128766357898712e-02,8.133914321660995483e-03,7.843417525291442871e-01,9.178869128227233887e-01,3.188532544299960136e-03,1.698887534439563751e-02,-3.964653611183166504e-01,2.365256696939468384e-01,1.028299853205680847e-01,1.118238210678100586e+00,6.297198683023452759e-02,-1.841236650943756104e-01,-1.102674305438995361e-01,-1.221414059400558472e-01,1.238332539796829224e-01,5.471294522285461426e-01,1.211651712656021118e-01,-2.749089524149894714e-02,9.413993358612060547e-02,-5.037407875061035156e-01,1.014373674988746643e-01,1.313011646270751953e-01,-1.597129821777343750e+00,1.645601391792297363e-01,-1.143764257431030273e+00,1.276582717895507812e+00,1.525057405233383179e-01,2.246346622705459595e-01,3.643237054347991943e-02,-1.497127860784530640e-01,-2.112657725811004639e-01,7.249653339385986328e-01,1.201912760734558105e+00,2.379841357469558716e-01,6.909504532814025879e-02,-1.500616669654846191e-01
1.211890764534473419e-02,8.419085294008255005e-03,7.844493389129638672e-01,9.184370636940002441e-01,3.452448872849345207e-03,1.666681654751300812e-02,-3.952006697654724121e-01,2.353764325380325317e-01,1.027188673615455627e-01,1.116176366806030273e+00,6.389151513576507568e-02,-1.832632422447204590e-01,-1.097260043025016785e-01,-1.227389350533485413e-01,1.226089075207710266e-01,5.460324287414550781e-01,1.219146698713302612e-01,-2.766494080424308777e-02,9.439872205257415771e-02,-5.046630501747131348e-01,1.007617488503456116e-01,1.324575543403625488e-01,-1.597162961959838867e+00,1.667357683181762695e-01,-1.143397331237792969e+00,1.273899316787719727e+00,1.478770822286605835e-01,2.239526063203811646e-01,3.743903338909149170e-02,-1.534183472394943237e-01,-2.104112803936004639e-01,7.273246645927429199e-01,1.201167821884155273e+00,2.351363152265548706e-01,6.919150799512863159e-02,-1.507106870412826538e-01
1.163261290639638901e-02,8.530231192708015442e-03,7.845026254653930664e-01,9.190215468406677246e-01,3.679452696815133095e-03,1.633770391345024109e-02,-3.938515186309814453e-01,2.341322153806686401e-01,1.025062650442123413e-01,1.113642930984497070e+00,6.468259543180465698e-02,-1.825519651174545288e-01,-1.090914160013198853e-01,-1.235486939549446106e-01,1.217725500464439392e-01,5.449428558349609375e-01,1.229452192783355713e-01,-2.753451094031333923e-02,9.525988250970840454e-02,-5.054485201835632324e-01,1.001472845673561096e-01,1.334424763917922974e-01,-1.596311211585998535e+00,1.686129271984100342e-01,-1.142752170562744141e+00,1.271153092384338379e+00,1.445071697235107422e-01,2.234396189451217651e-01,3.772694617509841919e-02,-1.572472155094146729e-01,-2.088845670223236084e-01,7.286276221275329590e-01,1.200471639633178711e+00,2.302967458963394165e-01,6.989241391420364380e-02,-1.511518657207489014e-01
1.105739269405603409e-02,8.601915091276168823e-03,7.844913005828857422e-01,9.195610284805297852e-01,3.935619723051786423e-03,1.600161008536815643e-02,-3.926014900207519531e-01,2.327283918857574463e-01,1.022619530558586121e-01,1.111082315444946289e+00,6.525403261184692383e-02,-1.821196079254150391e-01,-1.079864948987960815e-01,-1.245276480913162231e-01,1.209573149681091309e-01,5.438554286956787109e-01,1.241758614778518677e-01,-2.726320736110210419e-02,9.649337083101272583e-02,-5.060527920722961426e-01,9.947023540735244751e-02,1.342722028493881226e-01,-1.593833565711975098e+00,1.698123365640640259e-01,-1.140901088714599609e+00,1.268002748489379883e+00,1.413016915321350098e-01,2.236801534891128540e-01,3.728484734892845154e-02,-1.612185984849929810e-01,-2.066511511802673340e-01,7.291716337203979492e-01,1.199679613113403320e+00,2.244510203599929810e-01,7.069150358438491821e-02,-1.518326699733734131e-01
1.031594723463058472e-02,8.715661242604255676e-03,7.844439148902893066e-01,9.200702905654907227e-01,4.357372410595417023e-03,1.571604236960411072e-02,-3.914137184619903564e-01,2.310392111539840698e-01,1.019680649042129517e-01,1.108870863914489746e+00,6.581254303455352783e-02,-1.824930012226104736e-01,-1.058079302310943604e-01,-1.254898458719253540e-01,1.201048865914344788e-01,5.432378649711608887e-01,1.256449818611145020e-01,-2.723807469010353088e-02,9.805405884981155396e-02,-5.070473551750183105e-01,9.872721135616302490e-02,1.344966739416122437e-01,-1.588676333427429199e+00,1.701751798391342163e-01,-1.135836005210876465e+00,1.265486717224121094e+00,1.393853574991226196e-01,2.239429503679275513e-01,3.655286878347396851e-02,-1.654710769653320312e-01,-2.034015208482742310e-01,7.299380898475646973e-01,1.198792457580566406e+00,2.188020795583724976e-01,7.146716117858886719e-02,-1.525471061468124390e-01
