-1.792149618268013000e-02,-2.045686170458793640e-02,7.825912237167358398e-01,9.998259544372558594e-01,1.463176310062408447e-02,1.146184280514717102e-02,1.598187256604433060e-03,-5.938638933002948761e-04,1.556320786476135254e-01,4.624992012977600098e-01,1.187716871500015259e-01,-9.295284003019332886e-02,-1.180120259523391724e-01,1.679630577564239502e-02,-2.227010875940322876e-01,-5.011384487152099609e-01,1.439016163349151611e-01,-1.327976733446121216e-01,1.310636699199676514e-01,7.804343476891517639e-03,9.873495437204837799e-03,1.518482267856597900e-01,-1.532570570707321167e-01,2.761237323284149170e-01,-7.584943771362304688e-01,1.082569599151611328e+00,2.205939590930938721e-01,7.803407311439514160e-02,-1.270743310451507568e-01,-2.505092620849609375e-01,-2.416151016950607300e-01,9.196012616157531738e-01,1.101264119148254395e+00,-2.165471203625202179e-02,1.830571144819259644e-01,1.432614177465438843e-01
-1.757118850946426392e-02,-2.070190012454986572e-02,7.825363874435424805e-01,9.997990131378173828e-01,1.516559813171625137e-02,1.051394362002611160e-02,7.837745361030101776e-03,-2.997907344251871109e-03,1.526146680116653442e-01,4.506698250770568848e-01,1.194952353835105896e-01,-9.265210479497909546e-02,-1.171035766601562500e-01,2.293943986296653748e-02,-2.253376543521881104e-01,-5.112906694412231445e-01,1.453576385974884033e-01,-1.352660953998565674e-01,1.326718032360076904e-01,1.168851181864738464e-02,1.016748882830142975e-02,1.521664261817932129e-01,-1.517771482467651367e-01,2.777890861034393311e-01,-7.553859353065490723e-01,1.076783537864685059e+00,2.204963713884353638e-01,8.002217859029769897e-02,-1.351538747549057007e-01,-2.623680531978607178e-01,-2.394862920045852661e-01,9.337544441223144531e-01,1.084445238113403320e+00,-1.919551566243171692e-02,1.923567503690719604e-01,1.530970484018325806e-01
-1.731375791132450104e-02,-2.107001282274723053e-02,7.824301123619079590e-01,9.997126460075378418e-01,1.562925614416599274e-02,9.493128396570682526e-03,1.550021581351757050e-02,-6.469507236033678055e-03,1.495808362960815430e-01,4.361883401870727539e-01,1.208586990833282471e-01,-9.053692221641540527e-02,-1.149600371718406677e-01,3.086336329579353333e-02,-2.281388044357299805e-01,-5.250655412673950195e-01,1.460496038198471069e-01,-1.382877230644226074e-01,1.338216513395309448e-01,1.609514653682708740e-02,9.513087570667266846e-03,1.525043994188308716e-01,-1.493990868330001831e-01,2.805100977420806885e-01,-7.511189579963684082e-01,1.069869875907897949e+00,2.201703935861587524e-01,8.037645369768142700e-02,-1.418541967868804932e-01,-2.795055508613586426e-01,-2.360543161630630493e-01,9.569169878959655762e-01,1.052314996719360352e+00,-9.375408291816711426e-03,2.040165513753890991e-01,1.652463078498840332e-01
-1.690942421555519104e-02,-2.144954539835453033e-02,7.823880910873413086e-01,9.995339512825012207e-01,1.601454429328441620e-02,8.412195369601249695e-03,2.458913251757621765e-02,-1.080359891057014465e-02,1.464024633169174194e-01,4.193164408206939697e-01,1.226827874779701233e-01,-8.784862607717514038e-02,-1.128311529755592346e-01,4.095968976616859436e-02,-2.301904112100601196e-01,-5.417501330375671387e-01,1.446794271469116211e-01,-1.406487524509429932e-01,1.355784088373184204e-01,2.237428538501262665e-02,6.670024245977401733e-03,1.524336487054824829e-01,-1.467365920543670654e-01,2.839552164077758789e-01,-7.459039092063903809e-01,1.064880609512329102e+00,2.210418581962585449e-01,8.231598138809204102e-02,-1.470454633235931396e-01,-3.034015595912933350e-01,-2.295347452163696289e-01,9.896997809410095215e-01,1.003549098968505859e+00,5.130719859153032303e-03,2.178073525428771973e-01,1.827218979597091675e-01
-1.651519164443016052e-02,-2.180499024689197540e-02,7.823970913887023926e-01,9.992453455924987793e-01,1.614434830844402313e-02,7.623371668159961700e-03,3.449610248208045959e-02,-1.621137000620365143e-02,1.435853838920593262e-01,4.016013741493225098e-01,1.245432868599891663e-01,-8.464733511209487915e-02,-1.111855357885360718e-01,5.185872688889503479e-02,-2.310628890991210938e-01,-5.599476695060729980e-01,1.413609534502029419e-01,-1.416702121496200562e-01,1.376883089542388916e-01,3.122450783848762512e-02,1.919095986522734165e-03,1.518624871969223022e-01,-1.456391960382461548e-01,2.874716222286224365e-01,-7.399780750274658203e-01,1.063373088836669922e+00,2.212249040603637695e-01,8.551596850156784058e-02,-1.507012248039245605e-01,-3.354428410530090332e-01,-2.203278541564941406e-01,1.028343200683593750e+00,9.369738698005676270e-01,2.276664786040782928e-02,2.337742000818252563e-01,2.060977071523666382e-01
-1.610799320042133331e-02,-2.205041050910949707e-02,7.824584245681762695e-01,9.988222718238830566e-01,1.601035706698894501e-02,7.375412620604038239e-03,4.520360380411148071e-02,-2.309430763125419617e-02,1.407450735569000244e-01,3.824487626552581787e-01,1.259544640779495239e-01,-8.057864010334014893e-02,-1.099219545722007751e-01,6.329920887947082520e-02,-2.306634336709976196e-01,-5.798850059509277344e-01,1.357726305723190308e-01,-1.413646787405014038e-01,1.398738324642181396e-01,4.308409988880157471e-02,-4.459870979189872742e-03,1.511287838220596313e-01,-1.459483653306961060e-01,2.911702692508697510e-01,-7.342457771301269531e-01,1.063891053199768066e+00,2.220428287982940674e-01,8.896717429161071777e-02,-1.539646536111831665e-01,-3.780651986598968506e-01,-2.087792903184890747e-01,1.067727088928222656e+00,8.528250455856323242e-01,4.706637933850288391e-02,2.516017258167266846e-01,2.332211583852767944e-01
-1.564191654324531555e-02,-2.218875661492347717e-02,7.825697064399719238e-01,9.982587695121765137e-01,1.576977968215942383e-02,7.859118282794952393e-03,5.629430711269378662e-02,-3.131613507866859436e-02,1.373504847288131714e-01,3.626939058303833008e-01,1.263210475444793701e-01,-7.575228065252304077e-02,-1.086830943822860718e-01,7.408896833658218384e-02,-2.296412885189056396e-01,-6.008841991424560547e-01,1.287921220064163208e-01,-1.402778923511505127e-01,1.421000361442565918e-01,5.767878890037536621e-02,-1.176894363015890121e-02,1.505915075540542603e-01,-1.472138166427612305e-01,2.946961224079132080e-01,-7.287546396255493164e-01,1.065057039260864258e+00,2.244588881731033325e-01,9.200393408536911011e-02,-1.564069092273712158e-01,-4.310750961303710938e-01,-1.954346150159835815e-01,1.099497556686401367e+00,7.601461410522460938e-01,8.366165310144424438e-02,2.678188085556030273e-01,2.577906250953674316e-01
-1.514906436204910278e-02,-2.222649753093719482e-02,7.826839685440063477e-01,9.975302219390869141e-01,1.560498680919408798e-02,8.958556689321994781e-03,6.789469718933105469e-02,-4.042224213480949402e-02,1.328063905239105225e-01,3.424573242664337158e-01,1.252643465995788574e-01,-7.025655359029769897e-02,-1.070917770266532898e-01,8.385188877582550049e-02,-2.289154678583145142e-01,-6.228041052818298340e-01,1.219874471426010132e-01,-1.391560882329940796e-01,1.447261869907379150e-01,7.453897595405578613e-02,-1.965832896530628204e-02,1.503837257623672485e-01,-1.493270397186279297e-01,2.977689206600189209e-01,-7.222418189048767090e-01,1.065829753875732422e+00,2.266178131103515625e-01,9.451348334550857544e-02,-1.580023467540740967e-01,-4.946159124374389648e-01,-1.801399737596511841e-01,1.119249939918518066e+00,6.661311388015747070e-01,1.365084499120712280e-01,2.790053784847259521e-01,2.766338288784027100e-01
-1.464984752237796783e-02,-2.192958816885948181e-02,7.827271223068237305e-01,9.965814352035522461e-01,1.552250422537326813e-02,1.039715111255645752e-02,8.047636598348617554e-02,-5.031212046742439270e-02,1.269021034240722656e-01,3.202493786811828613e-01,1.231436133384704590e-01,-6.434251368045806885e-02,-1.053742021322250366e-01,9.313236922025680542e-02,-2.291303724050521851e-01,-6.468724012374877930e-01,1.166717931628227234e-01,-1.387860924005508423e-01,1.483213156461715698e-01,9.284599125385284424e-02,-2.764265239238739014e-02,1.509652882814407349e-01,-1.518165767192840576e-01,3.000377416610717773e-01,-7.139139771461486816e-01,1.066337823867797852e+00,2.280643731355667114e-01,9.606093168258666992e-02,-1.586526483297348022e-01,-5.678134560585021973e-01,-1.619821339845657349e-01,1.122143030166625977e+00,5.789425373077392578e-01,2.050490528345108032e-01,2.839744985103607178e-01,2.876228094100952148e-01
-1.413541473448276520e-02,-2.160149440169334412e-02,7.826703190803527832e-01,9.953525662422180176e-01,1.545124966651201248e-02,1.188484486192464828e-02,9.430415928363800049e-02,-6.044053286314010620e-02,1.198069155216217041e-01,2.957892417907714844e-01,1.203688681125640869e-01,-5.839180946350097656e-02,-1.040920093655586243e-01,1.028035506606101990e-01,-2.301369905471801758e-01,-6.740546822547912598e-01,1.128462478518486023e-01,-1.393241584300994873e-01,1.526647061109542847e-01,1.119592636823654175e-01,-3.527535498142242432e-02,1.529110670089721680e-01,-1.551209092140197754e-01,3.012233972549438477e-01,-7.033540010452270508e-01,1.067933082580566406e+00,2.294974029064178467e-01,9.682650119066238403e-02,-1.576899588108062744e-01,-6.481059789657592773e-01,-1.407644003629684448e-01,1.106159090995788574e+00,5.075489878654479980e-01,2.826720476150512695e-01,2.830629646778106689e-01,2.892293035984039307e-01
-1.356138475239276886e-02,-2.114876732230186462e-02,7.824873924255371094e-01,9.937977194786071777e-01,1.524523179978132248e-02,1.337176281958818436e-02,1.093379855155944824e-01,-7.086034119129180908e-02,1.121529042720794678e-01,2.690913677215576172e-01,1.177860051393508911e-01,-5.286998301744461060e-02,-1.035791784524917603e-01,1.130536496639251709e-01,-2.312816083431243896e-01,-7.040476202964782715e-01,1.101303994655609131e-01,-1.406353116035461426e-01,1.569733768701553345e-01,1.313726305961608887e-01,-4.214183986186981201e-02,1.559233665466308594e-01,-1.592667400836944580e-01,3.016050159931182861e-01,-6.909920573234558105e-01,1.070056438446044922e+00,2.317667454481124878e-01,9.720505774021148682e-02,-1.559196412563323975e-01,-7.333295345306396484e-01,-1.173905134201049805e-01,1.075848102569580078e+00,4.576488435268402100e-01,3.571183085441589355e-01,2.768542766571044922e-01,2.803384959697723389e-01
-1.285506784915924072e-02,-2.065044268965721130e-02,7.822427153587341309e-01,9.918852448463439941e-01,1.483237929642200470e-02,1.501402352005243301e-02,1.253726631402969360e-01,-8.194001019001007080e-02,1.042299568653106689e-01,2.402157485485076904e-01,1.157208606600761414e-01,-4.748255759477615356e-02,-1.034970581531524658e-01,1.236659884452819824e-01,-2.318451106548309326e-01,-7.364093661308288574e-01,1.076240316033363342e-01,-1.420508027076721191e-01,1.610053479671478271e-01,1.511741876602172852e-01,-4.826974868774414062e-02,1.592855155467987061e-01,-1.642251461744308472e-01,3.018029034137725830e-01,-6.777060627937316895e-01,1.072474002838134766e+00,2.350407838821411133e-01,9.700960665941238403e-02,-1.542645543813705444e-01,-8.226630687713623047e-01,-9.376578032970428467e-02,1.038964986801147461e+00,4.301665723323822021e-01,4.202358424663543701e-01,2.670907974243164062e-01,2.604449391365051270e-01
-1.196196116507053375e-02,-2.020992152392864227e-02,7.819970250129699707e-01,9.896322488784790039e-01,1.433148793876171112e-02,1.692503131926059723e-02,1.419017165899276733e-01,-9.389222413301467896e-02,9.590095281600952148e-02,2.103218138217926025e-01,1.137427017092704773e-01,-4.195551946759223938e-02,-1.033973395824432373e-01,1.342948377132415771e-01,-2.317957878112792969e-01,-7.697234153747558594e-01,1.050179153680801392e-01,-1.436169743537902832e-01,1.647155284881591797e-01,1.707329154014587402e-01,-5.427825450897216797e-02,1.622884422540664673e-01,-1.694372892379760742e-01,3.023569285869598389e-01,-6.648753285408020020e-01,1.075255513191223145e+00,2.379882186651229858e-01,9.618125855922698975e-02,-1.525117009878158569e-01,-9.151741862297058105e-01,-7.277734577655792236e-02,1.002441883087158203e+00,4.237167537212371826e-01,4.654966592788696289e-01,2.550622224807739258e-01,2.313396483659744263e-01
-1.083858311176300049e-02,-1.989053934812545776e-02,7.817378640174865723e-01,9.870842099189758301e-01,1.375821139663457870e-02,1.908750645816326141e-02,1.584649085998535156e-01,-1.064626425504684448e-01,8.740559220314025879e-02,1.803738474845886230e-01,1.119202002882957458e-01,-3.662363067269325256e-02,-1.032001674175262451e-01,1.449371576309204102e-01,-2.311522960662841797e-01,-8.034547567367553711e-01,1.022700443863868713e-01,-1.453507840633392334e-01,1.681398898363113403e-01,1.901835203170776367e-01,-6.057250127196311951e-02,1.648605465888977051e-01,-1.746866255998611450e-01,3.034544587135314941e-01,-6.525241732597351074e-01,1.078689455986022949e+00,2.392342090606689453e-01,9.471536427736282349e-02,-1.498357504606246948e-01,-1.010090470314025879e+00,-5.604014545679092407e-02,9.686229825019836426e-01,4.356009066104888916e-01,4.896255433559417725e-01,2.415802776813507080e-01,1.959490180015563965e-01
-9.535944089293479919e-03,-1.970559358596801758e-02,7.814567089080810547e-01,9.843475222587585449e-01,1.315809413790702820e-02,2.138661406934261322e-02,1.744401603937149048e-01,-1.189324259757995605e-01,7.916197925806045532e-02,1.518142223358154297e-01,1.104615777730941772e-01,-3.187037631869316101e-02,-1.031116694211959839e-01,1.552209258079528809e-01,-2.299423515796661377e-01,-8.364636301994323730e-01,9.944007545709609985e-02,-1.473448425531387329e-01,1.712657660245895386e-01,2.097403854131698608e-01,-6.727270781993865967e-02,1.673589348793029785e-01,-1.798733919858932495e-01,3.051447570323944092e-01,-6.411297321319580078e-01,1.082087635993957520e+00,2.388922870159149170e-01,9.276563674211502075e-02,-1.462356746196746826e-01,-1.104434967041015625e+00,-4.314450919628143311e-02,9.378836750984191895e-01,4.618681669235229492e-01,4.943859577178955078e-01,2.276507019996643066e-01,1.584254801273345947e-01
-8.055163547396659851e-03,-1.960766129195690155e-02,7.811229825019836426e-01,9.814527630805969238e-01,1.253557484596967697e-02,2.371186576783657074e-02,1.898183822631835938e-01,-1.308311074972152710e-01,7.117799669504165649e-02,1.241449415683746338e-01,1.091430932283401489e-01,-2.762669138610363007e-02,-1.034879982471466064e-01,1.655001044273376465e-01,-2.279921025037765503e-01,-8.686364293098449707e-01,9.625507146120071411e-02,-1.496993899345397949e-01,1.738312542438507080e-01,2.292948067188262939e-01,-7.457409799098968506e-02,1.703092753887176514e-01,-1.846663057804107666e-01,3.075635433197021484e-01,-6.295194625854492188e-01,1.085320472717285156e+00,2.363802045583724976e-01,9.030235558748245239e-02,-1.419857293367385864e-01,-1.197310447692871094e+00,-3.172053396701812744e-02,9.088675379753112793e-01,4.999613463878631592e-01,4.826751351356506348e-01,2.141307145357131958e-01,1.228625923395156860e-01
-6.423238199204206467e-03,-1.955888979136943817e-02,7.807548642158508301e-01,9.784260988235473633e-01,1.186208240687847137e-02,2.617821656167507172e-02,2.045886069536209106e-01,-1.422944962978363037e-01,6.339180469512939453e-02,9.686582535505294800e-02,1.078904792666435242e-01,-2.392215095460414886e-02,-1.045928597450256348e-01,1.749938279390335083e-01,-2.254409939050674438e-01,-8.999343514442443848e-01,9.278354793787002563e-02,-1.519559025764465332e-01,1.761000305414199829e-01,2.489096373319625854e-01,-8.257377147674560547e-02,1.737865358591079712e-01,-1.892485618591308594e-01,3.105671107769012451e-01,-6.169411540031433105e-01,1.089145898818969727e+00,2.311511635780334473e-01,8.780183643102645874e-02,-1.369416415691375732e-01,-1.287454247474670410e+00,-1.963059231638908386e-02,8.812229037284851074e-01,5.487065315246582031e-01,4.612852931022644043e-01,2.015975415706634521e-01,9.123315662145614624e-02
-4.687088541686534882e-03,-1.956072822213172913e-02,7.803748846054077148e-01,9.752718806266784668e-01,1.119087636470794678e-02,2.874301746487617493e-02,2.188454866409301758e-01,-1.532162725925445557e-01,5.566316470503807068e-02,7.021176815032958984e-02,1.066424623131752014e-01,-2.074022032320499420e-02,-1.061844378709793091e-01,1.834639161825180054e-01,-2.224319577217102051e-01,-9.306626915931701660e-01,8.926976472139358521e-02,-1.540858745574951172e-01,1.782189607620239258e-01,2.677949070930480957e-01,-9.118478000164031982e-02,1.779946386814117432e-01,-1.938853412866592407e-01,3.140387833118438721e-01,-6.037583947181701660e-01,1.093477010726928711e+00,2.242862433195114136e-01,8.532986789941787720e-02,-1.319462209939956665e-01,-1.370590090751647949e+00,-6.395851727575063705e-03,8.555203676223754883e-01,6.046499609947204590e-01,4.381361901760101318e-01,1.911076307296752930e-01,6.548908352851867676e-02
-2.879718784242868423e-03,-1.961858011782169342e-02,7.800096273422241211e-01,9.718754887580871582e-01,1.051732245832681656e-02,3.146635740995407104e-02,2.331464141607284546e-01,-1.641476303339004517e-01,4.770157113671302795e-02,4.372061789035797119e-02,1.053433120250701904e-01,-1.772920787334442139e-02,-1.079091504216194153e-01,1.912675797939300537e-01,-2.189512848854064941e-01,-9.620804190635681152e-01,8.607360720634460449e-02,-1.562243402004241943e-01,1.804179996252059937e-01,2.853099703788757324e-01,-1.000161990523338318e-01,1.831642091274261475e-01,-1.985804438591003418e-01,3.178272843360900879e-01,-5.918364524841308594e-01,1.098914265632629395e+00,2.151029706001281738e-01,8.304671943187713623e-02,-1.266713440418243408e-01,-1.446096777915954590e+00,7.575633469969034195e-03,8.303003311157226562e-01,6.671178340911865234e-01,4.204799532890319824e-01,1.823898702859878540e-01,4.269157350063323975e-02
-1.079109497368335724e-03,-1.973452605307102203e-02,7.796099781990051270e-01,9.681473970413208008e-01,9.855910204350948334e-03,3.428726270794868469e-02,2.478262484073638916e-01,-1.751198619604110718e-01,3.921940550208091736e-02,1.674647070467472076e-02,1.040913984179496765e-01,-1.420764252543449402e-02,-1.099687069654464722e-01,1.986141651868820190e-01,-2.153926044702529907e-01,-9.941462278366088867e-01,8.362301439046859741e-02,-1.588081419467926025e-01,1.823461502790451050e-01,3.007146716117858887e-01,-1.086828634142875671e-01,1.892634481191635132e-01,-2.037176191806793213e-01,3.217403292655944824e-01,-5.819313526153564453e-01,1.105005621910095215e+00,2.053427100181579590e-01,8.058681339025497437e-02,-1.216174587607383728e-01,-1.514065504074096680e+00,2.091129124164581299e-02,8.047024607658386230e-01,7.343915700912475586e-01,4.079842865467071533e-01,1.742246299982070923e-01,2.108754590153694153e-02
6.885653128847479820e-04,-1.984915882349014282e-02,7.792016267776489258e-01,9.640434384346008301e-01,9.209576062858104706e-03,3.724832832813262939e-02,2.629601359367370605e-01,-1.865166425704956055e-01,2.996523492038249969e-02,-1.080873887985944748e-02,1.030931770801544189e-01,-9.967620484530925751e-03,-1.118463724851608276e-01,2.052693814039230347e-01,-2.118401527404785156e-01,-1.026812553405761719e+00,8.173347264528274536e-02,-1.611842364072799683e-01,1.842185258865356445e-01,3.134557902812957764e-01,-1.168282181024551392e-01,1.959865987300872803e-01,-2.090007364749908447e-01,3.256421089172363281e-01,-5.754505395889282227e-01,1.111486196517944336e+00,1.953671127557754517e-01,7.836287468671798706e-02,-1.158309653401374817e-01,-1.573360085487365723e+00,3.274064138531684875e-02,7.781991958618164062e-01,8.033148050308227539e-01,4.011954069137573242e-01,1.661397516727447510e-01,-1.446601701900362968e-03
2.380238845944404602e-03,-1.992342807352542877e-02,7.788031101226806641e-01,9.595620632171630859e-01,8.573457598686218262e-03,4.027626290917396545e-02,2.784690856933593750e-01,-1.983543038368225098e-01,1.999782957136631012e-02,-3.864312171936035156e-02,1.022847220301628113e-01,-5.168106872588396072e-03,-1.138501241803169250e-01,2.112914472818374634e-01,-2.083481699228286743e-01,-1.059647798538208008e+00,8.043858408927917480e-02,-1.637884229421615601e-01,1.860361248254776001e-01,3.235024809837341309e-01,-1.243068650364875793e-01,2.032718360424041748e-01,-2.148978263139724731e-01,3.291563987731933594e-01,-5.715368986129760742e-01,1.117881536483764648e+00,1.857660263776779175e-01,7.631914317607879639e-02,-1.103369444608688354e-01,-1.624811053276062012e+00,4.238124936819076538e-02,7.515079975128173828e-01,8.717223405838012695e-01,3.980547487735748291e-01,1.587079763412475586e-01,-2.455871924757957458e-02
4.198910668492317200e-03,-2.002592198550701141e-02,7.784137129783630371e-01,9.548102021217346191e-01,7.934304885566234589e-03,4.327050223946571350e-02,2.939423918724060059e-01,-2.099624872207641602e-01,9.453112259507179260e-03,-6.641005724668502808e-02,1.017022430896759033e-01,-1.334684202447533607e-05,-1.160309240221977234e-01,2.170855998992919922e-01,-2.047465741634368896e-01,-1.092443704605102539e+00,7.918583601713180542e-02,-1.660617142915725708e-01,1.881632208824157715e-01,3.313608765602111816e-01,-1.307244747877120972e-01,2.109690159559249878e-01,-2.206195890903472900e-01,3.316939771175384521e-01,-5.689867138862609863e-01,1.123898983001708984e+00,1.762445271015167236e-01,7.458342611789703369e-02,-1.053341552615165710e-01,-1.667183518409729004e+00,4.929924383759498596e-02,7.266964316368103027e-01,9.372909069061279297e-01,3.959507048130035400e-01,1.513428241014480591e-01,-4.688688367605209351e-02
5.817896686494350433e-03,-1.982838846743106842e-02,7.780630588531494141e-01,9.499668478965759277e-01,7.322230376303195953e-03,4.609234258532524109e-02,3.088443875312805176e-01,-2.202949970960617065e-01,-1.394610619172453880e-03,-9.366262704133987427e-02,1.010462716221809387e-01,5.245010834187269211e-03,-1.186174079775810242e-01,2.225322574377059937e-01,-2.011724561452865601e-01,-1.123842120170593262e+00,7.775309681892395020e-02,-1.677903532981872559e-01,1.905280798673629761e-01,3.373196423053741455e-01,-1.359834671020507812e-01,2.188278585672378540e-01,-2.250964939594268799e-01,3.329455256462097168e-01,-5.664613246917724609e-01,1.129068374633789062e+00,1.673275381326675415e-01,7.308473438024520874e-02,-1.007033213973045349e-01,-1.703143358230590820e+00,5.354051291942596436e-02,7.069869637489318848e-01,9.968385696411132812e-01,3.898631036281585693e-01,1.445595473051071167e-01,-6.527839601039886475e-02
7.375613786280155182e-03,-1.947244629263877869e-02,7.777709364891052246e-01,9.452587962150573730e-01,6.753869820386171341e-03,4.877293854951858521e-02,3.225852847099304199e-01,-2.295670211315155029e-01,-1.210195384919643402e-02,-1.196564212441444397e-01,1.005418598651885986e-01,1.019223220646381378e-02,-1.211476773023605347e-01,2.273287773132324219e-01,-1.978190988302230835e-01,-1.152799725532531738e+00,7.623916864395141602e-02,-1.691026836633682251e-01,1.929771751165390015e-01,3.418186604976654053e-01,-1.402234286069869995e-01,2.261515110731124878e-01,-2.273332923650741577e-01,3.328964710235595703e-01,-5.628165602684020996e-01,1.133852005004882812e+00,1.596030741930007935e-01,7.205037027597427368e-02,-9.705515950918197632e-02,-1.732430934906005859e+00,5.487803742289543152e-02,6.937382817268371582e-01,1.049474716186523438e+00,3.766828179359436035e-01,1.393443793058395386e-01,-7.941431552171707153e-02
8.841859176754951477e-03,-1.897023618221282959e-02,7.775607705116271973e-01,9.410288929939270020e-01,6.310804747045040131e-03,5.128503963351249695e-02,3.343571722507476807e-01,-2.371576726436614990e-01,-2.194844558835029602e-02,-1.423683464527130127e-01,9.995777904987335205e-02,1.484633050858974457e-02,-1.231453940272331238e-01,2.308474481105804443e-01,-1.952335834503173828e-01,-1.177790880203247070e+00,7.460898160934448242e-02,-1.696331501007080078e-01,1.956069171428680420e-01,3.456329405307769775e-01,-1.436630189418792725e-01,2.323973476886749268e-01,-2.269024103879928589e-01,3.316209912300109863e-01,-5.577241778373718262e-01,1.137901544570922852e+00,1.531750261783599854e-01,7.159785926342010498e-02,-9.467922896146774292e-02,-1.755936264991760254e+00,5.297496542334556580e-02,6.876850724220275879e-01,1.093688368797302246e+00,3.549577593803405762e-01,1.358896046876907349e-01,-8.787412196397781372e-02
1.024230103939771652e-02,-1.828997023403644562e-02,7.774232029914855957e-01,9.374585747718811035e-01,6.019916851073503494e-03,5.355878546833992004e-02,3.438991904258728027e-01,-2.432109862565994263e-01,-3.054577670991420746e-02,-1.609468460083007812e-01,9.927947074174880981e-02,1.930211111903190613e-02,-1.240809708833694458e-01,2.331925928592681885e-01,-1.935586780309677124e-01,-1.198116302490234375e+00,7.314311712980270386e-02,-1.692280322313308716e-01,1.980153173208236694e-01,3.484380543231964111e-01,-1.464191675186157227e-01,2.371657341718673706e-01,-2.239866405725479126e-01,3.298290371894836426e-01,-5.515329837799072266e-01,1.140990257263183594e+00,1.476433873176574707e-01,7.176277786493301392e-02,-9.299572557210922241e-02,-1.774492263793945312e+00,4.752365499734878540e-02,6.877166032791137695e-01,1.127604842185974121e+00,3.305497169494628906e-01,1.343716979026794434e-01,-9.178972244262695312e-02
1.155655179172754288e-02,-1.740686409175395966e-02,7.772971391677856445e-01,9.344739913940429688e-01,5.942954216152429581e-03,5.558162555098533630e-02,3.516158759593963623e-01,-2.477410882711410522e-01,-3.815748542547225952e-02,-1.757317334413528442e-01,9.859294444322586060e-02,2.319499291479587555e-02,-1.240705028176307678e-01,2.348123937845230103e-01,-1.929816156625747681e-01,-1.214101076126098633e+00,7.227432727813720703e-02,-1.685088127851486206e-01,2.005022615194320679e-01,3.501507341861724854e-01,-1.488043367862701416e-01,2.407740354537963867e-01,-2.193108499050140381e-01,3.276526331901550293e-01,-5.448616743087768555e-01,1.143326640129089355e+00,1.427814066410064697e-01,7.261982560157775879e-02,-9.164022654294967651e-02,-1.788929462432861328e+00,3.946319967508316040e-02,6.898776888847351074e-01,1.152343988418579102e+00,3.080869913101196289e-01,1.335509717464447021e-01,-9.378621727228164673e-02
1.274645328521728516e-02,-1.633070223033428192e-02,7.771622538566589355e-01,9.320048689842224121e-01,6.040313746780157089e-03,5.739688500761985779e-02,3.578212857246398926e-01,-2.510582208633422852e-01,-4.505298286676406860e-02,-1.874440908432006836e-01,9.828201681375503540e-02,2.595984190702438354e-02,-1.232488751411437988e-01,2.360647320747375488e-01,-1.933497190475463867e-01,-1.226601123809814453e+00,7.196477055549621582e-02,-1.674095988273620605e-01,2.028270959854125977e-01,3.511509597301483154e-01,-1.508291959762573242e-01,2.430891692638397217e-01,-2.133529186248779297e-01,3.250225186347961426e-01,-5.386779308319091797e-01,1.145005941390991211e+00,1.374612748622894287e-01,7.396342605352401733e-02,-9.044115245342254639e-02,-1.799927830696105957e+00,2.980057895183563232e-02,6.909515261650085449e-01,1.169169187545776367e+00,2.937958836555480957e-01,1.333462595939636230e-01,-9.624625742435455322e-02
1.378634013235569000e-02,-1.509212888777256012e-02,7.770397067070007324e-01,9.300477504730224609e-01,6.269499193876981735e-03,5.903664603829383850e-02,3.626107275485992432e-01,-2.534678578376770020e-01,-5.131661891937255859e-02,-1.965333074331283569e-01,9.821721166372299194e-02,2.730852924287319183e-02,-1.222839280962944031e-01,2.373106777667999268e-01,-1.943931430578231812e-01,-1.236231565475463867e+00,7.212541997432708740e-02,-1.663419008255004883e-01,2.050480991601943970e-01,3.518887162208557129e-01,-1.521926969289779663e-01,2.443431615829467773e-01,-2.069219946861267090e-01,3.217924535274505615e-01,-5.336216092109680176e-01,1.145958662033081055e+00,1.310807615518569946e-01,7.471100240945816040e-02,-8.976989239454269409e-02,-1.807797670364379883e+00,1.945342682301998138e-02,6.886207461357116699e-01,1.179599761962890625e+00,2.917330265045166016e-01,1.342719793319702148e-01,-1.010211855173110962e-01
1.477128267288208008e-02,-1.372087188065052032e-02,7.769362330436706543e-01,9.285395145416259766e-01,6.510986480861902237e-03,6.063110008835792542e-02,3.661909699440002441e-01,-2.555688619613647461e-01,-5.679351091384887695e-02,-2.030383497476577759e-01,9.844557940959930420e-02,2.773934975266456604e-02,-1.214944198727607727e-01,2.380914390087127686e-01,-1.960618644952774048e-01,-1.243601083755493164e+00,7.306306064128875732e-02,-1.660593599081039429e-01,2.069280594587326050e-01,3.524072766304016113e-01,-1.531704068183898926e-01,2.450632005929946899e-01,-2.008344680070877075e-01,3.184586465358734131e-01,-5.300100445747375488e-01,1.146024227142333984e+00,1.257409602403640747e-01,7.481045275926589966e-02,-8.967108279466629028e-02,-1.813711166381835938e+00,9.636809118092060089e-03,6.851778030395507812e-01,1.186232566833496094e+00,2.963795065879821777e-01,1.358730942010879517e-01,-1.079333201050758362e-01
1.569271273910999298e-02,-1.231177803128957748e-02,7.768570184707641602e-01,9.274472594261169434e-01,6.836992222815752029e-03,6.212323531508445740e-02,3.686943352222442627e-01,-2.571732699871063232e-01,-6.162451580166816711e-02,-2.072852998971939087e-01,9.897749125957489014e-02,2.773107402026653290e-02,-1.204925179481506348e-01,2.383484840393066406e-01,-1.984212696552276611e-01,-1.248450636863708496e+00,7.429139316082000732e-02,-1.660788655281066895e-01,2.090009152889251709e-01,3.524886965751647949e-01,-1.540292352437973022e-01,2.457067519426345825e-01,-1.960781067609786987e-01,3.154037594795227051e-01,-5.284723043441772461e-01,1.145605802536010742e+00,1.218383759260177612e-01,7.448504865169525146e-02,-9.015558660030364990e-02,-1.817857384681701660e+00,1.636504777707159519e-03,6.822261214256286621e-01,1.190199613571166992e+00,3.025568425655364990e-01,1.372228115797042847e-01,-1.147496551275253296e-01
1.657943241298198700e-02,-1.095433719456195831e-02,7.768096327781677246e-01,9.266373515129089355e-01,7.212099153548479080e-03,6.347656250000000000e-02,3.704888224601745605e-01,-2.583608329296112061e-01,-6.582170724868774414e-02,-2.100267857313156128e-01,9.959061443805694580e-02,2.761640772223472595e-02,-1.192779317498207092e-01,2.381626516580581665e-01,-2.012673616409301758e-01,-1.251470804214477539e+00,7.560399919748306274e-02,-1.660624742507934570e-01,2.109917253255844116e-01,3.521779477596282959e-01,-1.548677384853363037e-01,2.465114444494247437e-01,-1.932563185691833496e-01,3.129338920116424561e-01,-5.281658768653869629e-01,1.144861936569213867e+00,1.192225068807601929e-01,7.396817952394485474e-02,-9.052368998527526855e-02,-1.820732116699218750e+00,-4.960990045219659805e-03,6.817898750305175781e-01,1.192464232444763184e+00,3.063063025474548340e-01,1.377289444208145142e-01,-1.200376525521278381e-01
1.742104813456535339e-02,-9.737139567732810974e-03,7.767931818962097168e-01,9.261042475700378418e-01,7.639555260539054871e-03,6.465937197208404541e-02,3.716069459915161133e-01,-2.589961588382720947e-01,-6.932973116636276245e-02,-2.117660939693450928e-01,1.001303717494010925e-01,2.727171033620834351e-02,-1.177281290292739868e-01,2.377662807703018188e-01,-2.043642252683639526e-01,-1.252958297729492188e+00,7.678717374801635742e-02,-1.656411588191986084e-01,2.128346562385559082e-01,3.517337441444396973e-01,-1.557504385709762573e-01,2.472790032625198364e-01,-1.921392679214477539e-01,3.110978007316589355e-01,-5.279862284660339355e-01,1.144059777259826660e+00,1.168253645300865173e-01,7.334701716899871826e-02,-9.001833200454711914e-02,-1.823018670082092285e+00,-1.064832042902708054e-02,6.831052899360656738e-01,1.193811893463134766e+00,3.080093264579772949e-01,1.373866647481918335e-01,-1.234147772192955017e-01
1.822796836495399475e-02,-8.681068196892738342e-03,7.767981886863708496e-01,9.258169531822204590e-01,8.093972690403461456e-03,6.570389121770858765e-02,3.721296191215515137e-01,-2.591714560985565186e-01,-7.213706523180007935e-02,-2.129091322422027588e-01,1.004207208752632141e-01,2.685309946537017822e-02,-1.161166727542877197e-01,2.373105287551879883e-01,-2.073244005441665649e-01,-1.253328800201416016e+00,7.767783850431442261e-02,-1.648860424757003784e-01,2.145477980375289917e-01,3.513780534267425537e-01,-1.569074988365173340e-01,2.478784918785095215e-01,-1.923886984586715698e-01,3.100196123123168945e-01,-5.272167921066284180e-01,1.142885446548461914e+00,1.152428537607192993e-01,7.287584245204925537e-02,-8.859820663928985596e-02,-1.824692249298095703e+00,-1.600261405110359192e-02,6.854318380355834961e-01,1.194050788879394531e+00,3.068726360797882080e-01,1.369595527648925781e-01,-1.254701167345046997e-01
1.896165683865547180e-02,-7.768004667013883591e-03,7.768314480781555176e-01,9.256727695465087891e-01,8.531186729669570923e-03,6.668750941753387451e-02,3.723035752773284912e-01,-2.593391239643096924e-01,-7.447750121355056763e-02,-2.137440443038940430e-01,1.004430428147315979e-01,2.623250707983970642e-02,-1.148412823677062988e-01,2.369685918092727661e-01,-2.098169028759002686e-01,-1.252977132797241211e+00,7.841600477695465088e-02,-1.641420274972915649e-01,2.161990106105804443e-01,3.511848449707031250e-01,-1.581813395023345947e-01,2.482709139585494995e-01,-1.937303096055984497e-01,3.095444440841674805e-01,-5.260297656059265137e-01,1.141316294670104980e+00,1.139415279030799866e-01,7.243008166551589966e-02,-8.698125183582305908e-02,-1.825211524963378906e+00,-2.091392502188682556e-02,6.872071623802185059e-01,1.193359971046447754e+00,3.062970340251922607e-01,1.376633346080780029e-01,-1.268812716007232666e-01
1.966190151870250702e-02,-6.965319626033306122e-03,7.768535017967224121e-01,9.256292581558227539e-01,8.959497325122356415e-03,6.762076914310455322e-02,3.722332715988159180e-01,-2.593832015991210938e-01,-7.644362747669219971e-02,-2.142151594161987305e-01,1.003238782286643982e-01,2.566365711390972137e-02,-1.136953383684158325e-01,2.367044985294342041e-01,-2.120061367750167847e-01,-1.251609325408935547e+00,7.900901138782501221e-02,-1.635889112949371338e-01,2.175644040107727051e-01,3.508901596069335938e-01,-1.595735698938369751e-01,2.486184835433959961e-01,-1.956053227186203003e-01,3.095383048057556152e-01,-5.242679715156555176e-01,1.139636635780334473e+00,1.132707148790359497e-01,7.221318781375885010e-02,-8.547680079936981201e-02,-1.825609087944030762e+00,-2.542176283895969391e-02,6.890053153038024902e-01,1.192539930343627930e+00,3.083493113517761230e-01,1.379755586385726929e-01,-1.285033375024795532e-01
2.041143923997879028e-02,-6.195941008627414703e-03,7.768651843070983887e-01,9.256122112274169922e-01,9.386644698679447174e-03,6.845651566982269287e-02,3.721123039722442627e-01,-2.591433823108673096e-01,-7.821436226367950439e-02,-2.142712920904159546e-01,1.000818163156509399e-01,2.511364035308361053e-02,-1.125904917716979980e-01,2.367294728755950928e-01,-2.139334380626678467e-01,-1.250195622444152832e+00,7.959434390068054199e-02,-1.633630096912384033e-01,2.188472002744674683e-01,3.506785035133361816e-01,-1.610366404056549072e-01,2.489580363035202026e-01,-1.980645656585693359e-01,3.099422156810760498e-01,-5.222843289375305176e-01,1.138004779815673828e+00,1.122141852974891663e-01,7.189171761274337769e-02,-8.344956487417221069e-02,-1.826180934906005859e+00,-2.941816672682762146e-02,6.911513209342956543e-01,1.192530751228332520e+00,3.102220594882965088e-01,1.380459070205688477e-01,-1.286598145961761475e-01
2.123844251036643982e-02,-5.449068732559680939e-03,7.768514752388000488e-01,9.255270361900329590e-01,9.786265902221202850e-03,6.917702406644821167e-02,3.721806108951568604e-01,-2.586574256420135498e-01,-7.973945140838623047e-02,-2.141399979591369629e-01,9.992981702089309692e-02,2.447040937840938568e-02,-1.116740331053733826e-01,2.369801104068756104e-01,-2.153072655200958252e-01,-1.249094605445861816e+00,7.996256649494171143e-02,-1.632439494132995605e-01,2.196503728628158569e-01,3.502151370048522949e-01,-1.623943895101547241e-01,2.492690980434417725e-01,-2.007572501897811890e-01,3.106909096240997314e-01,-5.207273960113525391e-01,1.136528372764587402e+00,1.105116531252861023e-01,7.142532616853713989e-02,-8.119045943021774292e-02,-1.827519655227661133e+00,-3.286486864089965820e-02,6.936966776847839355e-01,1.194024443626403809e+00,3.129678666591644287e-01,1.380776315927505493e-01,-1.278886944055557251e-01
2.210624702274799347e-02,-4.798907320946455002e-03,7.767830491065979004e-01,9.253755211830139160e-01,1.022079959511756897e-02,6.977915018796920776e-02,3.724332153797149658e-01,-2.579281330108642578e-01,-8.122669160366058350e-02,-2.144225984811782837e-01,9.992125630378723145e-02,2.384638972580432892e-02,-1.110371947288513184e-01,2.372800111770629883e-01,-2.164582312107086182e-01,-1.248269438743591309e+00,8.035743981599807739e-02,-1.633062958717346191e-01,2.201663851737976074e-01,3.497218489646911621e-01,-1.635883152484893799e-01,2.495781481266021729e-01,-2.036516070365905762e-01,3.115256726741790771e-01,-5.199996829032897949e-01,1.135123491287231445e+00,1.081700697541236877e-01,7.097731530666351318e-02,-7.945525646209716797e-02,-1.829243183135986328e+00,-3.608165681362152100e-02,6.961316466331481934e-01,1.196367979049682617e+00,3.154637813568115234e-01,1.381470710039138794e-01,-1.268742680549621582e-01
2.295962162315845490e-02,-4.288344644010066986e-03,7.766758203506469727e-01,9.251480102539062500e-01,1.065075956284999847e-02,7.036676257848739624e-02,3.728757202625274658e-01,-2.573926448822021484e-01,-8.276504278182983398e-02,-2.152501940727233887e-01,1.001139208674430847e-01,2.316922880709171295e-02,-1.105384379625320435e-01,2.374467253684997559e-01,-2.173891365528106689e-01,-1.248113393783569336e+00,8.080141991376876831e-02,-1.633903533220291138e-01,2.205909043550491333e-01,3.493680357933044434e-01,-1.646506190299987793e-01,2.496895790100097656e-01,-2.068329006433486938e-01,3.123530447483062744e-01,-5.196717381477355957e-01,1.133893489837646484e+00,1.058442890644073486e-01,7.088374346494674683e-02,-7.800283282995223999e-02,-1.830831050872802734e+00,-3.950447961688041687e-02,6.986120939254760742e-01,1.198988556861877441e+00,3.171766102313995361e-01,1.386411935091018677e-01,-1.264732033014297485e-01
2.374956384301185608e-02,-3.895683446899056435e-03,7.765646576881408691e-01,9.248073101043701172e-01,1.109142601490020752e-02,7.090230286121368408e-02,3.736060261726379395e-01,-2.570505738258361816e-01,-8.452012389898300171e-02,-2.167497426271438599e-01,1.003529876470565796e-01,2.269710414111614227e-02,-1.101212054491043091e-01,2.380190640687942505e-01,-2.183321863412857056e-01,-1.249053716659545898e+00,8.157847076654434204e-02,-1.637999862432479858e-01,2.212332934141159058e-01,3.489657044410705566e-01,-1.654465347528457642e-01,2.496895790100097656e-01,-2.102823555469512939e-01,3.129356801509857178e-01,-5.193207263946533203e-01,1.132788181304931641e+00,1.032705679535865784e-01,7.088873535394668579e-02,-7.679787278175354004e-02,-1.831447362899780273e+00,-4.326637461781501770e-02,7.010623812675476074e-01,1.201328754425048828e+00,3.186480998992919922e-01,1.395531296730041504e-01,-1.269827336072921753e-01
2.443699538707733154e-02,-3.653711639344692230e-03,7.764602899551391602e-01,9.244146347045898438e-01,1.151779014617204666e-02,7.137303054332733154e-02,3.744740486145019531e-01,-2.569797337055206299e-01,-8.619450032711029053e-02,-2.179598361253738403e-01,1.006653904914855957e-01,2.198452502489089966e-02,-1.097647100687026978e-01,2.387875020503997803e-01,-2.195648252964019775e-01,-1.251101255416870117e+00,8.297800272703170776e-02,-1.647522747516632080e-01,2.222175896167755127e-01,3.487000465393066406e-01,-1.659328192472457886e-01,2.494682520627975464e-01,-2.135839760303497314e-01,3.131780028343200684e-01,-5.190662145614624023e-01,1.131515383720397949e+00,1.009289771318435669e-01,7.057773321866989136e-02,-7.585968077182769775e-02,-1.831410527229309082e+00,-4.689158499240875244e-02,7.032813429832458496e-01,1.203327298164367676e+00,3.203888535499572754e-01,1.407728493213653564e-01,-1.281631737947463989e-01
2.505173906683921814e-02,-3.527122084051370621e-03,7.763513326644897461e-01,9.240117073059082031e-01,1.197187229990959167e-02,7.174105942249298096e-02,3.753828406333923340e-01,-2.569711506366729736e-01,-8.795675635337829590e-02,-2.192174047231674194e-01,1.010714396834373474e-01,2.104428783059120178e-02,-1.097019165754318237e-01,2.400331199169158936e-01,-2.207977771759033203e-01,-1.253725051879882812e+00,8.441250026226043701e-02,-1.660338044166564941e-01,2.235649526119232178e-01,3.483717739582061768e-01,-1.661228537559509277e-01,2.491631805896759033e-01,-2.163477092981338501e-01,3.129414618015289307e-01,-5.194047093391418457e-01,1.130373477935791016e+00,9.876220673322677612e-02,7.004494965076446533e-02,-7.489369809627532959e-02,-1.830749154090881348e+00,-4.987629130482673645e-02,7.050229310989379883e-01,1.205011606216430664e+00,3.217594027519226074e-01,1.414832919836044312e-01,-1.296265423297882080e-01
2.569933794438838959e-02,-3.400570480152964592e-03,7.762333750724792480e-01,9.235916137695312500e-01,1.241722144186496735e-02,7.197172194719314575e-02,3.763568103313446045e-01,-2.567698657512664795e-01,-8.972983062267303467e-02,-2.209764420986175537e-01,1.013488620519638062e-01,1.981523260474205017e-02,-1.100690066814422607e-01,2.416467517614364624e-01,-2.220255881547927856e-01,-1.256428599357604980e+00,8.616281300783157349e-02,-1.680269092321395874e-01,2.247340977191925049e-01,3.480240106582641602e-01,-1.659180521965026855e-01,2.490816265344619751e-01,-2.184549272060394287e-01,3.119953572750091553e-01,-5.201779603958129883e-01,1.130147337913513184e+00,9.674694389104843140e-02,6.922302395105361938e-02,-7.440537959337234497e-02,-1.829970240592956543e+00,-5.260569229722023010e-02,7.065075039863586426e-01,1.207269430160522461e+00,3.227343261241912842e-01,1.418165564537048340e-01,-1.313035935163497925e-01
2.639570087194442749e-02,-3.245987696573138237e-03,7.761129736900329590e-01,9.232130646705627441e-01,1.289767958223819733e-02,7.205727696418762207e-02,3.772518932819366455e-01,-2.559469044208526611e-01,-9.140626341104507446e-02,-2.229793816804885864e-01,1.013746559619903564e-01,1.858326606452465057e-02,-1.107112392783164978e-01,2.434997260570526123e-01,-2.231853455305099487e-01,-1.258366584777832031e+00,8.754171431064605713e-02,-1.699856668710708618e-01,2.258336842060089111e-01,3.475862443447113037e-01,-1.654544174671173096e-01,2.492475509643554688e-01,-2.201370745897293091e-01,3.102213740348815918e-01,-5.215656161308288574e-01,1.130828142166137695e+00,9.583081305027008057e-02,6.827518343925476074e-02,-7.449112832546234131e-02,-1.829280853271484375e+00,-5.505352467298507690e-02,7.080128788948059082e-01,1.210573792457580566e+00,3.219299316406250000e-01,1.412370949983596802e-01,-1.325754076242446899e-01
2.704920247197151184e-02,-3.138608997687697411e-03,7.760293483734130859e-01,9.228934049606323242e-01,1.333758514374494553e-02,7.203911244869232178e-02,3.780215084552764893e-01,-2.548370957374572754e-01,-9.285574406385421753e-02,-2.249023616313934326e-01,1.013744547963142395e-01,1.715677604079246521e-02,-1.116060912609100342e-01,2.454654574394226074e-01,-2.240236103534698486e-01,-1.260035634040832520e+00,8.851695805788040161e-02,-1.715483665466308594e-01,2.268716096878051758e-01,3.471723496913909912e-01,-1.646305173635482788e-01,2.496372610330581665e-01,-2.214453369379043579e-01,3.079807460308074951e-01,-5.240725278854370117e-01,1.132919549942016602e+00,9.547450393438339233e-02,6.755166500806808472e-02,-7.470045238733291626e-02,-1.828967332839965820e+00,-5.691751465201377869e-02,7.087211608886718750e-01,1.214441061019897461e+00,3.216487765312194824e-01,1.406611949205398560e-01,-1.335987001657485962e-01
2.757647633552551270e-02,-3.121905960142612457e-03,7.759772539138793945e-01,9.226914644241333008e-01,1.374328695237636566e-02,7.195347547531127930e-02,3.785158693790435791e-01,-2.534346282482147217e-01,-9.389198571443557739e-02,-2.261919081211090088e-01,1.013104841113090515e-01,1.606663689017295837e-02,-1.122622936964035034e-01,2.470853626728057861e-01,-2.246575057506561279e-01,-1.261042833328247070e+00,8.898761123418807983e-02,-1.723363697528839111e-01,2.278242260217666626e-01,3.467911481857299805e-01,-1.636313647031784058e-01,2.501892745494842529e-01,-2.223152816295623779e-01,3.054313361644744873e-01,-5.281438827514648438e-01,1.135840773582458496e+00,9.606166183948516846e-02,6.710327416658401489e-02,-7.457844167947769165e-02,-1.829118371009826660e+00,-5.880493670701980591e-02,7.081223130226135254e-01,1.217787981033325195e+00,3.212041854858398438e-01,1.398619115352630615e-01,-1.349591761827468872e-01
2.794929780066013336e-02,-3.162260167300701141e-03,7.759667038917541504e-01,9.226008653640747070e-01,1.401245128363370895e-02,7.188809663057327271e-02,3.787391483783721924e-01,-2.522774934768676758e-01,-9.442740678787231445e-02,-2.269648909568786621e-01,1.014713272452354431e-01,1.549755316227674484e-02,-1.123917400836944580e-01,2.476876378059387207e-01,-2.252313941717147827e-01,-1.261544466018676758e+00,8.939038217067718506e-02,-1.726469248533248901e-01,2.282931357622146606e-01,3.465099334716796875e-01,-1.624482721090316772e-01,2.504895627498626709e-01,-2.222145497798919678e-01,3.027719855308532715e-01,-5.330449938774108887e-01,1.138820290565490723e+00,9.549103677272796631e-02,6.703487783670425415e-02,-7.419852912425994873e-02,-1.828976392745971680e+00,-6.078673154115676880e-02,7.066422700881958008e-01,1.219710111618041992e+00,3.216328024864196777e-01,1.389388293027877808e-01,-1.376424729824066162e-01
2.821692079305648804e-02,-3.189773298799991608e-03,7.759771943092346191e-01,9.225795865058898926e-01,1.420712005347013474e-02,7.192989438772201538e-02,3.787758052349090576e-01,-2.518657147884368896e-01,-9.491595625877380371e-02,-2.274731397628784180e-01,1.017657816410064697e-01,1.545884739607572556e-02,-1.119819283485412598e-01,2.479431182146072388e-01,-2.257078140974044800e-01,-1.262242794036865234e+00,8.939187228679656982e-02,-1.722621172666549683e-01,2.285594046115875244e-01,3.464217185974121094e-01,-1.612881273031234741e-01,2.501287758350372314e-01,-2.216997444629669189e-01,3.003593683242797852e-01,-5.377476215362548828e-01,1.141656756401062012e+00,9.360832720994949341e-02,6.722357124090194702e-02,-7.367028295993804932e-02,-1.828513503074645996e+00,-6.259965896606445312e-02,7.052059769630432129e-01,1.220813870429992676e+00,3.226957917213439941e-01,1.388251334428787231e-01,-1.406973004341125488e-01
2.839445881545543671e-02,-3.151100827381014824e-03,7.760323286056518555e-01,9.226747155189514160e-01,1.437229104340076447e-02,7.200875133275985718e-02,3.785228729248046875e-01,-2.516565918922424316e-01,-9.519368410110473633e-02,-2.271354943513870239e-01,1.019620224833488464e-01,1.559088006615638733e-02,-1.111446544528007507e-01,2.479437589645385742e-01,-2.262651771306991577e-01,-1.262372612953186035e+00,8.940785378217697144e-02,-1.716422438621520996e-01,2.289697527885437012e-01,3.460562825202941895e-01,-1.598723381757736206e-01,2.495208978652954102e-01,-2.208279371261596680e-01,2.984496653079986572e-01,-5.425454974174499512e-01,1.143924832344055176e+00,9.182250499725341797e-02,6.700259447097778320e-02,-7.341191172599792480e-02,-1.828039407730102539e+00,-6.364770978689193726e-02,7.038636803627014160e-01,1.222383975982666016e+00,3.248640596866607666e-01,1.391618698835372925e-01,-1.426757723093032837e-01
2.850954793393611908e-02,-3.021407872438430786e-03,7.761169075965881348e-01,9.229065179824829102e-01,1.454642973840236664e-02,7.206071168184280396e-02,3.779408335685729980e-01,-2.511358559131622314e-01,-9.531060606241226196e-02,-2.256814092397689819e-01,1.021234616637229919e-01,1.553610712289810181e-02,-1.101797074079513550e-01,2.478706538677215576e-01,-2.273886650800704956e-01,-1.261808156967163086e+00,8.965848386287689209e-02,-1.709565967321395874e-01,2.295481860637664795e-01,3.451026678085327148e-01,-1.583490520715713501e-01,2.489837557077407837e-01,-2.197884172201156616e-01,2.970809936523437500e-01,-5.468500256538391113e-01,1.145324110984802246e+00,9.106091409921646118e-02,6.690481305122375488e-02,-7.224036008119583130e-02,-1.827907323837280273e+00,-6.390567868947982788e-02,7.038398981094360352e-01,1.224212527275085449e+00,3.269700109958648682e-01,1.375217735767364502e-01,-1.430267989635467529e-01
2.856028452515602112e-02,-2.778809983283281326e-03,7.761919498443603516e-01,9.232490658760070801e-01,1.468591392040252686e-02,7.208505272865295410e-02,3.770931065082550049e-01,-2.505396008491516113e-01,-9.512038528919219971e-02,-2.229305803775787354e-01,1.024799272418022156e-01,1.508271787315607071e-02,-1.089985668659210205e-01,2.475750297307968140e-01,-2.288622558116912842e-01,-1.260097980499267578e+00,9.020210802555084229e-02,-1.703772991895675659e-01,2.297368794679641724e-01,3.439551591873168945e-01,-1.566432565450668335e-01,2.488292604684829712e-01,-2.190339565277099609e-01,2.964549362659454346e-01,-5.508067607879638672e-01,1.145688652992248535e+00,9.065320342779159546e-02,6.672088056802749634e-02,-6.961901485919952393e-02,-1.828276991844177246e+00,-6.375174969434738159e-02,7.045323252677917480e-01,1.225848555564880371e+00,3.283990025520324707e-01,1.349804997444152832e-01,-1.420057415962219238e-01
2.854992076754570007e-02,-2.441030461341142654e-03,7.762330770492553711e-01,9.237193465232849121e-01,1.479218620806932449e-02,7.215585559606552124e-02,3.759219050407409668e-01,-2.500858306884765625e-01,-9.484253823757171631e-02,-2.194001227617263794e-01,1.030878126621246338e-01,1.430925074964761734e-02,-1.072842851281166077e-01,2.470271438360214233e-01,-2.305059581995010376e-01,-1.257774591445922852e+00,9.084948152303695679e-02,-1.699011027812957764e-01,2.295926809310913086e-01,3.428091406822204590e-01,-1.548299044370651245e-01,2.487829029560089111e-01,-2.182934433221817017e-01,2.963573336601257324e-01,-5.550562143325805664e-01,1.145371437072753906e+00,9.039108455181121826e-02,6.642117351293563843e-02,-6.627542525529861450e-02,-1.828948616981506348e+00,-6.360272318124771118e-02,7.056621909141540527e-01,1.227002620697021484e+00,3.301456272602081299e-01,1.329540610313415527e-01,-1.407264024019241333e-01
2.844930440187454224e-02,-2.063894644379615784e-03,7.762405276298522949e-01,9.243218302726745605e-01,1.484493166208267212e-02,7.233939319849014282e-02,3.744006156921386719e-01,-2.500309348106384277e-01,-9.446428716182708740e-02,-2.153355926275253296e-01,1.038771644234657288e-01,1.299911551177501678e-02,-1.053902953863143921e-01,2.459492981433868408e-01,-2.323500365018844604e-01,-1.254882931709289551e+00,9.172202646732330322e-02,-1.695778369903564453e-01,2.292328774929046631e-01,3.419610559940338135e-01,-1.530342698097229004e-01,2.489116191864013672e-01,-2.181176394224166870e-01,2.964465320110321045e-01,-5.596601366996765137e-01,1.144633531570434570e+00,9.107448905706405640e-02,6.591633707284927368e-02,-6.325927376747131348e-02,-1.829616665840148926e+00,-6.325595080852508545e-02,7.058939933776855469e-01,1.227529287338256836e+00,3.299120962619781494e-01,1.321995854377746582e-01,-1.396503448486328125e-01
2.824010699987411499e-02,-1.640402362681925297e-03,7.762298583984375000e-01,9.250237941741943359e-01,1.477371528744697571e-02,7.269410043954849243e-02,3.725966513156890869e-01,-2.504453659057617188e-01,-9.393470734357833862e-02,-2.111905515193939209e-01,1.045078709721565247e-01,1.168136671185493469e-02,-1.034475341439247131e-01,2.441599667072296143e-01,-2.342848181724548340e-01,-1.251239895820617676e+00,9.292020648717880249e-02,-1.693885773420333862e-01,2.287701070308685303e-01,3.410588502883911133e-01,-1.513021886348724365e-01,2.490620017051696777e-01,-2.184718251228332520e-01,2.966654896736145020e-01,-5.641283988952636719e-01,1.143630743026733398e+00,9.270198643207550049e-02,6.548559665679931641e-02,-6.096241250634193420e-02,-1.830366730690002441e+00,-6.263600289821624756e-02,7.053889632225036621e-01,1.227432608604431152e+00,3.285449743270874023e-01,1.320620179176330566e-01,-1.388334482908248901e-01
2.792846970260143280e-02,-1.172117423266172409e-03,7.762296199798583984e-01,9.257591366767883301e-01,1.459138840436935425e-02,7.317078113555908203e-02,3.706793189048767090e-01,-2.511100471019744873e-01,-9.320508688688278198e-02,-2.071059793233871460e-01,1.048308163881301880e-01,1.073127798736095428e-02,-1.019778177142143250e-01,2.416559904813766479e-01,-2.365678697824478149e-01,-1.247077226638793945e+00,9.427277743816375732e-02,-1.692043095827102661e-01,2.285855859518051147e-01,3.399279415607452393e-01,-1.496769785881042480e-01,2.494883835315704346e-01,-2.194322496652603149e-01,2.969582974910736084e-01,-5.682848095893859863e-01,1.142145633697509766e+00,9.515821188688278198e-02,6.530387699604034424e-02,-5.923448875546455383e-02,-1.831561326980590820e+00,-6.180048733949661255e-02,7.037295103073120117e-01,1.226324915885925293e+00,3.256283700466156006e-01,1.317946761846542358e-01,-1.385503560304641724e-01
2.749418839812278748e-02,-7.204056601040065289e-04,7.762762308120727539e-01,9.265683889389038086e-01,1.433626841753721237e-02,7.374437153339385986e-02,3.685475587844848633e-01,-2.520620226860046387e-01,-9.223081171512603760e-02,-2.024460136890411377e-01,1.048939228057861328e-01,1.013917569071054459e-02,-1.008065640926361084e-01,2.388383448123931885e-01,-2.388958185911178589e-01,-1.242272019386291504e+00,9.565557539463043213e-02,-1.690169274806976318e-01,2.285748273134231567e-01,3.385542929172515869e-01,-1.481860131025314331e-01,2.502712905406951904e-01,-2.209332138299942017e-01,2.975499033927917480e-01,-5.723481774330139160e-01,1.140609860420227051e+00,9.762793779373168945e-02,6.523955613374710083e-02,-5.779385194182395935e-02,-1.832918643951416016e+00,-6.033064424991607666e-02,7.016679644584655762e-01,1.224485278129577637e+00,3.216879069805145264e-01,1.314931362867355347e-01,-1.375421881675720215e-01
2.692000567913055420e-02,-2.988828346133232117e-04,7.763752937316894531e-01,9.274366497993469238e-01,1.397257950156927109e-02,7.433100789785385132e-02,3.662523925304412842e-01,-2.531178593635559082e-01,-9.079659730195999146e-02,-1.971753686666488647e-01,1.047068089246749878e-01,9.526279754936695099e-03,-1.000075265765190125e-01,2.354813814163208008e-01,-2.413181513547897339e-01,-1.236893653869628906e+00,9.719195216894149780e-02,-1.688539534807205200e-01,2.287153899669647217e-01,3.370086848735809326e-01,-1.467070728540420532e-01,2.513557374477386475e-01,-2.226695269346237183e-01,2.982233464717864990e-01,-5.761021375656127930e-01,1.139142990112304688e+00,1.004588454961776733e-01,6.512740999460220337e-02,-5.627609044313430786e-02,-1.834237217903137207e+00,-5.841913446784019470e-02,6.992716193199157715e-01,1.221880912780761719e+00,3.179863095283508301e-01,1.306823045015335083e-01,-1.367142051458358765e-01
2.630310878157615662e-02,1.664017327129840851e-04,7.765057086944580078e-01,9.284014701843261719e-01,1.350782159715890884e-02,7.500504702329635620e-02,3.636791110038757324e-01,-2.544225156307220459e-01,-8.901474624872207642e-02,-1.911287903785705566e-01,1.046031937003135681e-01,9.074655361473560333e-03,-9.934513270854949951e-02,2.317092716693878174e-01,-2.436588108539581299e-01,-1.230808854103088379e+00,9.869936108589172363e-02,-1.686486154794692993e-01,2.288480103015899658e-01,3.353630602359771729e-01,-1.450930684804916382e-01,2.529278397560119629e-01,-2.244339883327484131e-01,2.987057268619537354e-01,-5.796890258789062500e-01,1.137885570526123047e+00,1.036263853311538696e-01,6.536442041397094727e-02,-5.459406971931457520e-02,-1.835272669792175293e+00,-5.612366646528244019e-02,6.965500116348266602e-01,1.218864440917968750e+00,3.135130703449249268e-01,1.293455958366394043e-01,-1.357980966567993164e-01
2.570224553346633911e-02,7.203787099570035934e-04,7.766633033752441406e-01,9.294785857200622559e-01,1.290298998355865479e-02,7.583610713481903076e-02,3.607655465602874756e-01,-2.563369274139404297e-01,-8.696358650922775269e-02,-1.845816373825073242e-01,1.044997423887252808e-01,8.860055357217788696e-03,-9.841946512460708618e-02,2.272150367498397827e-01,-2.458366751670837402e-01,-1.224269628524780273e+00,1.000994592905044556e-01,-1.681409776210784912e-01,2.291162908077239990e-01,3.339129686355590820e-01,-1.433710306882858276e-01,2.549927830696105957e-01,-2.264928817749023438e-01,2.989508211612701416e-01,-5.833836197853088379e-01,1.136885166168212891e+00,1.060820594429969788e-01,6.570188701152801514e-02,-5.280238762497901917e-02,-1.835797190666198730e+00,-5.357211455702781677e-02,6.931484937667846680e-01,1.214851498603820801e+00,3.102146089076995850e-01,1.279433667659759521e-01,-1.357157677412033081e-01
2.510790526866912842e-02,1.308595295995473862e-03,7.768475413322448730e-01,9.306719899177551270e-01,1.213594712316989899e-02,7.681877911090850830e-02,3.574929237365722656e-01,-2.587505578994750977e-01,-8.455715328454971313e-02,-1.778478622436523438e-01,1.045550853013992310e-01,8.906834758818149567e-03,-9.724752604961395264e-02,2.221213281154632568e-01,-2.475385069847106934e-01,-1.217041611671447754e+00,1.010728850960731506e-01,-1.670593768358230591e-01,2.289170026779174805e-01,3.327203691005706787e-01,-1.415349096059799194e-01,2.575241923332214355e-01,-2.283791601657867432e-01,2.990209460258483887e-01,-5.865784883499145508e-01,1.135722637176513672e+00,1.078138723969459534e-01,6.563533097505569458e-02,-5.098787695169448853e-02,-1.836076736450195312e+00,-5.082417652010917664e-02,6.895564794540405273e-01,1.210245490074157715e+00,3.070299625396728516e-01,1.266450136899948120e-01,-1.364234387874603271e-01
2.441908791661262512e-02,1.863069133833050728e-03,7.770749926567077637e-01,9.319813251495361328e-01,1.120786927640438080e-02,7.797398418188095093e-02,3.538435995578765869e-01,-2.616853713989257812e-01,-8.179495483636856079e-02,-1.707546859979629517e-01,1.047806441783905029e-01,8.805416524410247803e-03,-9.595388174057006836e-02,2.165059000253677368e-01,-2.488239109516143799e-01,-1.209621191024780273e+00,1.012334078550338745e-01,-1.650596112012863159e-01,2.285539954900741577e-01,3.318701088428497314e-01,-1.395399719476699829e-01,2.602436244487762451e-01,-2.301186621189117432e-01,2.988405823707580566e-01,-5.890415310859680176e-01,1.134377598762512207e+00,1.088131368160247803e-01,6.493644416332244873e-02,-4.916917905211448669e-02,-1.836269974708557129e+00,-4.777920991182327271e-02,6.860665678977966309e-01,1.205212354660034180e+00,3.036389648914337158e-01,1.251269429922103882e-01,-1.368416398763656616e-01
2.358703128993511200e-02,2.312714932486414909e-03,7.773269414901733398e-01,9.333696365356445312e-01,1.015330292284488678e-02,7.932133227586746216e-02,3.498944640159606934e-01,-2.650766074657440186e-01,-7.867853343486785889e-02,-1.632423400878906250e-01,1.050986796617507935e-01,8.559453301131725311e-03,-9.460514038801193237e-02,2.097314447164535522e-01,-2.501235306262969971e-01,-1.201131582260131836e+00,1.012766435742378235e-01,-1.625438183546066284e-01,2.277551889419555664e-01,3.311292231082916260e-01,-1.373765617609024048e-01,2.629791498184204102e-01,-2.317381203174591064e-01,2.984763085842132568e-01,-5.911555886268615723e-01,1.132510185241699219e+00,1.099203154444694519e-01,6.384190171957015991e-02,-4.703525453805923462e-02,-1.836349964141845703e+00,-4.509994760155677795e-02,6.829589009284973145e-01,1.199678897857666016e+00,2.994273304939270020e-01,1.231784075498580933e-01,-1.374919265508651733e-01
2.262531407177448273e-02,2.671666443347930908e-03,7.775807380676269531e-01,9.348970651626586914e-01,9.003107436001300812e-03,8.089412748813629150e-02,3.454599678516387939e-01,-2.687869966030120850e-01,-7.519321888685226440e-02,-1.548353433609008789e-01,1.053153648972511292e-01,8.231258951127529144e-03,-9.314925968647003174e-02,2.017036229372024536e-01,-2.515699863433837891e-01,-1.191353440284729004e+00,1.011660322546958923e-01,-1.597476154565811157e-01,2.268606871366500854e-01,3.306012451648712158e-01,-1.353050470352172852e-01,2.660375237464904785e-01,-2.336859405040740967e-01,2.980082631111145020e-01,-5.928707122802734375e-01,1.130574822425842285e+00,1.110953688621520996e-01,6.298710405826568604e-02,-4.460068047046661377e-02,-1.836787223815917969e+00,-4.281092435121536255e-02,6.803981065750122070e-01,1.193887114524841309e+00,2.952373623847961426e-01,1.200429499149322510e-01,-1.383145898580551147e-01
2.158732898533344269e-02,2.999306190758943558e-03,7.778381109237670898e-01,9.366087317466735840e-01,7.838921621441841125e-03,8.263151347637176514e-02,3.404038250446319580e-01,-2.727426886558532715e-01,-7.134962826967239380e-02,-1.452016532421112061e-01,1.053726151585578918e-01,7.938767783343791962e-03,-9.153126180171966553e-02,1.925728470087051392e-01,-2.535133957862854004e-01,-1.180122375488281250e+00,1.014602631330490112e-01,-1.570048481225967407e-01,2.261037230491638184e-01,3.300052285194396973e-01,-1.333064287900924683e-01,2.693974971771240234e-01,-2.360442727804183960e-01,2.974604070186614990e-01,-5.941758751869201660e-01,1.128905534744262695e+00,1.127033680677413940e-01,6.272654980421066284e-02,-4.266148433089256287e-02,-1.837010025978088379e+00,-4.068243131041526794e-02,6.780275702476501465e-01,1.187672615051269531e+00,2.917524874210357666e-01,1.159965619444847107e-01,-1.392444521188735962e-01
2.049975655972957611e-02,3.304515965282917023e-03,7.781088352203369141e-01,9.385852813720703125e-01,6.633742246776819229e-03,8.452236652374267578e-02,3.344692289829254150e-01,-2.768496274948120117e-01,-6.682873517274856567e-02,-1.340341418981552124e-01,1.051933392882347107e-01,7.375824730843305588e-03,-8.992884308099746704e-02,1.825000941753387451e-01,-2.554940283298492432e-01,-1.167310357093811035e+00,1.018651723861694336e-01,-1.544519215822219849e-01,2.252299189567565918e-01,3.294847905635833740e-01,-1.314676553010940552e-01,2.731396555900573730e-01,-2.388778626918792725e-01,2.969225943088531494e-01,-5.949170589447021484e-01,1.127713441848754883e+00,1.151616424322128296e-01,6.262514740228652954e-02,-4.166890680789947510e-02,-1.836880445480346680e+00,-3.876948356628417969e-02,6.756711602210998535e-01,1.180694580078125000e+00,2.890884280204772949e-01,1.120937913656234741e-01,-1.405340284109115601e-01
1.941531151533126831e-02,3.646540455520153046e-03,7.784047126770019531e-01,9.407166242599487305e-01,5.437168292701244354e-03,8.650210499763488770e-02,3.279330432415008545e-01,-2.811009883880615234e-01,-6.201659142971038818e-02,-1.220143511891365051e-01,1.051146984100341797e-01,6.663177162408828735e-03,-8.833687007427215576e-02,1.715936064720153809e-01,-2.577560842037200928e-01,-1.153398275375366211e+00,1.027066782116889954e-01,-1.519407182931900024e-01,2.242509722709655762e-01,3.287196457386016846e-01,-1.299787461757659912e-01,2.772000730037689209e-01,-2.419646233320236206e-01,2.964073419570922852e-01,-5.952550172805786133e-01,1.126960515975952148e+00,1.185433864593505859e-01,6.296237558126449585e-02,-4.126062616705894470e-02,-1.836443543434143066e+00,-3.723174706101417542e-02,6.739274859428405762e-01,1.173698067665100098e+00,2.870863676071166992e-01,1.073139905929565430e-01,-1.419726610183715820e-01
1.835787668824195862e-02,4.100139718502759933e-03,7.787390947341918945e-01,9.430087804794311523e-01,4.266293719410896301e-03,8.851815760135650635e-02,3.207502663135528564e-01,-2.851484417915344238e-01,-5.680550262331962585e-02,-1.087954640388488770e-01,1.048608794808387756e-01,6.028869654983282089e-03,-8.674801886081695557e-02,1.601863205432891846e-01,-2.601054012775421143e-01,-1.138275742530822754e+00,1.036623418331146240e-01,-1.491824239492416382e-01,2.230903208255767822e-01,3.277282714843750000e-01,-1.288201063871383667e-01,2.816770672798156738e-01,-2.452537864446640015e-01,2.959881126880645752e-01,-5.952279567718505859e-01,1.126794099807739258e+00,1.219722330570220947e-01,6.329739838838577271e-02,-4.090106114745140076e-02,-1.836142301559448242e+00,-3.603781014680862427e-02,6.724348068237304688e-01,1.167209267616271973e+00,2.860833108425140381e-01,1.020520552992820740e-01,-1.440913975238800049e-01
1.732989959418773651e-02,4.666247870773077011e-03,7.790977358818054199e-01,9.454413652420043945e-01,3.127594944089651108e-03,9.063556790351867676e-02,3.129153549671173096e-01,-2.890848815441131592e-01,-5.126817524433135986e-02,-9.445700049400329590e-02,1.047774776816368103e-01,5.141529720276594162e-03,-8.498010039329528809e-02,1.477982848882675171e-01,-2.628345191478729248e-01,-1.121821761131286621e+00,1.046949401497840881e-01,-1.459367424249649048e-01,2.217497974634170532e-01,3.261078298091888428e-01,-1.281224191188812256e-01,2.864279747009277344e-01,-2.488010525703430176e-01,2.960215508937835693e-01,-5.947908759117126465e-01,1.126674532890319824e+00,1.256015896797180176e-01,6.353146582841873169e-02,-4.062377661466598511e-02,-1.835934042930603027e+00,-3.517354652285575867e-02,6.710884571075439453e-01,1.161265373229980469e+00,2.863469719886779785e-01,9.618880599737167358e-02,-1.468245387077331543e-01
1.627642288804054260e-02,5.256570875644683838e-03,7.794863581657409668e-01,9.479950666427612305e-01,2.050778130069375038e-03,9.287185966968536377e-02,3.044272661209106445e-01,-2.930253446102142334e-01,-4.562594741582870483e-02,-7.913272827863693237e-02,1.046253964304924011e-01,4.111248068511486053e-03,-8.290081471204757690e-02,1.347638219594955444e-01,-2.654408216476440430e-01,-1.104211568832397461e+00,1.054261401295661926e-01,-1.424203068017959595e-01,2.204829603433609009e-01,3.240130841732025146e-01,-1.277171671390533447e-01,2.915136814117431641e-01,-2.529113888740539551e-01,2.963821589946746826e-01,-5.944054126739501953e-01,1.126935362815856934e+00,1.284431219100952148e-01,6.364130228757858276e-02,-4.072412475943565369e-02,-1.835319042205810547e+00,-3.454077616333961487e-02,6.698438525199890137e-01,1.155893564224243164e+00,2.892963588237762451e-01,9.123673290014266968e-02,-1.494001448154449463e-01
1.505242288112640381e-02,5.801862105727195740e-03,7.798796296119689941e-01,9.506764411926269531e-01,1.043932978063821793e-03,9.516020119190216064e-02,2.952249944210052490e-01,-2.965281605720520020e-01,-3.971086442470550537e-02,-6.269935518503189087e-02,1.046064943075180054e-01,2.545692957937717438e-03,-8.052428066730499268e-02,1.209936216473579407e-01,-2.682879567146301270e-01,-1.085159897804260254e+00,1.060966700315475464e-01,-1.383731067180633545e-01,2.189205437898635864e-01,3.217961490154266357e-01,-1.275454312562942505e-01,2.967550456523895264e-01,-2.571620047092437744e-01,2.970004379749298096e-01,-5.940225720405578613e-01,1.127096891403198242e+00,1.314387172460556030e-01,6.354005634784698486e-02,-4.115311801433563232e-02,-1.833950996398925781e+00,-3.446211665868759155e-02,6.688554883003234863e-01,1.151121973991394043e+00,2.959481179714202881e-01,8.474633097648620605e-02,-1.536294221878051758e-01
1.358861476182937622e-02,6.349805742502212524e-03,7.802570462226867676e-01,9.535219669342041016e-01,1.798832236090674996e-04,9.742394089698791504e-02,2.851392328739166260e-01,-2.993849217891693115e-01,-3.352257236838340759e-02,-4.457046091556549072e-02,1.045497804880142212e-01,7.737472769804298878e-04,-7.750395685434341431e-02,1.067471876740455627e-01,-2.712256312370300293e-01,-1.063886880874633789e+00,1.067136451601982117e-01,-1.340008825063705444e-01,2.174654006958007812e-01,3.194144964218139648e-01,-1.274464875459671021e-01,3.023388087749481201e-01,-2.612714171409606934e-01,2.978219389915466309e-01,-5.935751795768737793e-01,1.126527309417724609e+00,1.342227160930633545e-01,6.329977512359619141e-02,-4.196909442543983459e-02,-1.830491542816162109e+00,-3.478260338306427002e-02,6.672593355178833008e-01,1.146549344062805176e+00,3.035896718502044678e-01,7.729841023683547974e-02,-1.591744124889373779e-01
1.220765523612499237e-02,7.134921383112668991e-03,7.806338667869567871e-01,9.565522074699401855e-01,-6.175407324917614460e-04,9.961289912462234497e-02,2.740159928798675537e-01,-3.015481829643249512e-01,-2.658723667263984680e-02,-2.421971783041954041e-02,1.044571250677108765e-01,-1.913723535835742950e-03,-7.450726628303527832e-02,9.172733128070831299e-02,-2.739413380622863770e-01,-1.040542364120483398e+00,1.071119010448455811e-01,-1.290845572948455811e-01,2.156999409198760986e-01,3.172142803668975830e-01,-1.271810531616210938e-01,3.083689510822296143e-01,-2.651955783367156982e-01,2.988660931587219238e-01,-5.923236608505249023e-01,1.125647425651550293e+00,1.372785568237304688e-01,6.291770935058593750e-02,-4.254810884594917297e-02,-1.825962662696838379e+00,-3.558307886123657227e-02,6.644451618194580078e-01,1.142000198364257812e+00,3.126029968261718750e-01,6.926441937685012817e-02,-1.658749729394912720e-01
1.081407256424427032e-02,8.085936307907104492e-03,7.810423374176025391e-01,9.597352147102355957e-01,-1.248899730853736401e-03,1.017087027430534363e-01,2.618436515331268311e-01,-3.028694391250610352e-01,-1.938407123088836670e-02,-1.811054418794810772e-03,1.045533791184425354e-01,-5.141609348356723785e-03,-7.102908194065093994e-02,7.571158558130264282e-02,-2.770082354545593262e-01,-1.015187501907348633e+00,1.079180985689163208e-01,-1.238365322351455688e-01,2.139018028974533081e-01,3.151398599147796631e-01,-1.267252713441848755e-01,3.146272301673889160e-01,-2.688430249691009521e-01,3.000979721546173096e-01,-5.903218388557434082e-01,1.124968767166137695e+00,1.394217014312744141e-01,6.248477846384048462e-02,-4.277809336781501770e-02,-1.820182323455810547e+00,-3.682749718427658081e-02,6.602023839950561523e-01,1.137711882591247559e+00,3.208635747432708740e-01,6.025565788149833679e-02,-1.736759394407272339e-01
9.296780452132225037e-03,9.194290265440940857e-03,7.814610600471496582e-01,9.630566835403442383e-01,-1.710672164335846901e-03,1.038005352020263672e-01,2.484841644763946533e-01,-3.035829663276672363e-01,-1.202053483575582504e-02,2.277744747698307037e-02,1.047831997275352478e-01,-8.881629444658756256e-03,-6.706181913614273071e-02,5.824974179267883301e-02,-2.804186046123504639e-01,-9.876628518104553223e-01,1.089127138257026672e-01,-1.180862858891487122e-01,2.117182612419128418e-01,3.130549788475036621e-01,-1.261920481920242310e-01,3.210985660552978516e-01,-2.725490033626556396e-01,3.016360104084014893e-01,-5.874496102333068848e-01,1.124868631362915039e+00,1.405405253171920776e-01,6.197682395577430725e-02,-4.270119592547416687e-02,-1.814666271209716797e+00,-3.869057446718215942e-02,6.543717384338378906e-01,1.133989334106445312e+00,3.269372880458831787e-01,5.081705749034881592e-02,-1.835119873285293579e-01
7.640059106051921844e-03,1.051055826246738434e-02,7.818855047225952148e-01,9.664576053619384766e-01,-1.929721445776522160e-03,1.059084832668304443e-01,2.339645773172378540e-01,-3.037612736225128174e-01,-4.743420518934726715e-03,4.936205968260765076e-02,1.051591560244560242e-01,-1.309312041848897934e-02,-6.253053992986679077e-02,3.955816477537155151e-02,-2.842422425746917725e-01,-9.577782750129699707e-01,1.099927425384521484e-01,-1.116789355874061584e-01,2.093591690063476562e-01,3.109613955020904541e-01,-1.254357546567916870e-01,3.274174928665161133e-01,-2.761172354221343994e-01,3.032426238059997559e-01,-5.844364166259765625e-01,1.125691890716552734e+00,1.397095769643783569e-01,6.124109029769897461e-02,-4.219955950975418091e-02,-1.806162714958190918e+00,-4.091186821460723877e-02,6.470660567283630371e-01,1.130806565284729004e+00,3.315072059631347656e-01,4.071096703410148621e-02,-1.940144002437591553e-01
5.880658049136400223e-03,1.209557894617319107e-02,7.823073267936706543e-01,9.698368310928344727e-01,-1.801599981263279915e-03,1.079807355999946594e-01,2.185255587100982666e-01,-3.033321797847747803e-01,2.096764044836163521e-03,7.813914865255355835e-02,1.053833290934562683e-01,-1.732845976948738098e-02,-5.713858082890510559e-02,1.981832087039947510e-02,-2.886631786823272705e-01,-9.255679249763488770e-01,1.114816814661026001e-01,-1.049122810363769531e-01,2.071022391319274902e-01,3.085166215896606445e-01,-1.245665401220321655e-01,3.337397277355194092e-01,-2.794460952281951904e-01,3.049347698688507080e-01,-5.817790031433105469e-01,1.127537369728088379e+00,1.379498690366744995e-01,6.078476086258888245e-02,-4.141807556152343750e-02,-1.795768260955810547e+00,-4.341541975736618042e-02,6.390874385833740234e-01,1.128380656242370605e+00,3.362255096435546875e-01,3.020019643008708954e-02,-2.051469534635543823e-01
4.040034022182226181e-03,1.406845357269048691e-02,7.827703952789306641e-01,9.732547998428344727e-01,-1.357853529043495655e-03,1.100719943642616272e-01,2.016371488571166992e-01,-3.020883202552795410e-01,8.849172852933406830e-03,1.105145141482353210e-01,1.055575907230377197e-01,-2.163737826049327850e-02,-5.106612294912338257e-02,-2.036809455603361130e-03,-2.939101457595825195e-01,-8.896129131317138672e-01,1.133262515068054199e-01,-9.693679213523864746e-02,2.048397511243820190e-01,3.058278262615203857e-01,-1.235007122159004211e-01,3.402747809886932373e-01,-2.817956209182739258e-01,3.068359792232513428e-01,-5.787938237190246582e-01,1.129624485969543457e+00,1.368812769651412964e-01,6.072102487087249756e-02,-4.140694066882133484e-02,-1.782995939254760742e+00,-4.682595655322074890e-02,6.305400133132934570e-01,1.127575993537902832e+00,3.447477221488952637e-01,1.681420207023620605e-02,-2.183147072792053223e-01
2.159625990316271782e-03,1.642929390072822571e-02,7.833040356636047363e-01,9.765833020210266113e-01,-5.906684673391282558e-04,1.121524050831794739e-01,1.835933178663253784e-01,-3.005344271659851074e-01,1.527523715049028397e-02,1.461013108491897583e-01,1.058396622538566589e-01,-2.598134055733680725e-02,-4.438422247767448425e-02,-2.543183788657188416e-02,-2.994618117809295654e-01,-8.508406877517700195e-01,1.150787472724914551e-01,-8.731403946876525879e-02,2.027660012245178223e-01,3.033440113067626953e-01,-1.221784427762031555e-01,3.472018539905548096e-01,-2.832211554050445557e-01,3.086769282817840576e-01,-5.751623511314392090e-01,1.130656719207763672e+00,1.357956975698471069e-01,6.063194200396537781e-02,-4.136410355567932129e-02,-1.768321514129638672e+00,-5.205186456441879272e-02,6.225072145462036133e-01,1.128724455833435059e+00,3.572403490543365479e-01,2.299711341038346291e-03,-2.325552701950073242e-01
7.435143925249576569e-05,1.898080483078956604e-02,7.837899327278137207e-01,9.796552062034606934e-01,4.684347368311136961e-04,1.141751334071159363e-01,1.650438159704208374e-01,-2.989942133426666260e-01,2.095243148505687714e-02,1.828906685113906860e-01,1.063908785581588745e-01,-3.005422651767730713e-02,-3.782304748892784119e-02,-4.949606955051422119e-02,-3.048420548439025879e-01,-8.114680051803588867e-01,1.160565167665481567e-01,-7.661478221416473389e-02,2.017622292041778564e-01,3.015250563621520996e-01,-1.206490024924278259e-01,3.546035885810852051e-01,-2.841103672981262207e-01,3.102088868618011475e-01,-5.716448426246643066e-01,1.130873441696166992e+00,1.354061812162399292e-01,5.972850695252418518e-02,-4.151894897222518921e-02,-1.753351092338562012e+00,-6.011513620615005493e-02,6.142563223838806152e-01,1.134311199188232422e+00,3.745208680629730225e-01,-1.243888959288597107e-02,-2.471545785665512085e-01
-2.173994202166795731e-03,2.164007164537906647e-02,7.841922640800476074e-01,9.823371767997741699e-01,1.665088231675326824e-03,1.161463260650634766e-01,1.467000395059585571e-01,-2.974696755409240723e-01,2.585327625274658203e-02,2.191715985536575317e-01,1.072006896138191223e-01,-3.374476358294487000e-02,-3.171283006668090820e-02,-7.373081892728805542e-02,-3.098030984401702881e-01,-7.733294963836669922e-01,1.168662458658218384e-01,-6.569643318653106689e-02,2.013326287269592285e-01,3.001981377601623535e-01,-1.187003329396247864e-01,3.626115024089813232e-01,-2.851633727550506592e-01,3.114680349826812744e-01,-5.686730742454528809e-01,1.130539059638977051e+00,1.354805529117584229e-01,5.755554139614105225e-02,-4.189909249544143677e-02,-1.739895582199096680e+00,-7.272437214851379395e-02,6.051015853881835938e-01,1.147011995315551758e+00,3.962089121341705322e-01,-2.762861549854278564e-02,-2.624095678329467773e-01
-4.456932190805673599e-03,2.435446716845035553e-02,7.844563722610473633e-01,9.846086502075195312e-01,2.955361967906355858e-03,1.181572675704956055e-01,1.287475526332855225e-01,-2.959224283695220947e-01,3.005736880004405975e-02,2.537016272544860840e-01,1.083347722887992859e-01,-3.699979558587074280e-02,-2.628411911427974701e-02,-9.811351448297500610e-02,-3.141242563724517822e-01,-7.374660372734069824e-01,1.171211898326873779e-01,-5.452486500144004822e-02,2.010283172130584717e-01,2.993848919868469238e-01,-1.166840717196464539e-01,3.714146018028259277e-01,-2.871026694774627686e-01,3.127092719078063965e-01,-5.671197772026062012e-01,1.129864692687988281e+00,1.373918056488037109e-01,5.457715317606925964e-02,-4.260684549808502197e-02,-1.728471398353576660e+00,-9.099484980106353760e-02,5.930907726287841797e-01,1.169292211532592773e+00,4.233998358249664307e-01,-4.459839686751365662e-02,-2.815398573875427246e-01
-6.668953690677881241e-03,2.705568633973598480e-02,7.846047878265380859e-01,9.864419102668762207e-01,4.315957427024841309e-03,1.201667338609695435e-01,1.116856038570404053e-01,-2.948589920997619629e-01,3.373917192220687866e-02,2.858062386512756348e-01,1.099799349904060364e-01,-3.996654227375984192e-02,-2.123860083520412445e-02,-1.216863244771957397e-01,-3.176723718643188477e-01,-7.044546604156494141e-01,1.167120933532714844e-01,-4.332474619150161743e-02,2.002156227827072144e-01,2.994994819164276123e-01,-1.148929670453071594e-01,3.805951178073883057e-01,-2.905071675777435303e-01,3.141664862632751465e-01,-5.669401288032531738e-01,1.129020452499389648e+00,1.395193636417388916e-01,5.152925476431846619e-02,-4.282970353960990906e-02,-1.719586014747619629e+00,-1.133621037006378174e-01,5.763618946075439453e-01,1.199433207511901855e+00,4.603116512298583984e-01,-6.386625766754150391e-02,-3.076017796993255615e-01
-8.791854605078697205e-03,2.975220419466495514e-02,7.846927046775817871e-01,9.879055023193359375e-01,5.695532076060771942e-03,1.221720874309539795e-01,9.531133621931076050e-02,-2.948509752750396729e-01,3.728562220931053162e-02,3.165313899517059326e-01,1.121486946940422058e-01,-4.254890978336334229e-02,-1.574365608394145966e-02,-1.444653272628784180e-01,-3.202078044414520264e-01,-6.728118658065795898e-01,1.155468821525573730e-01,-3.159267827868461609e-02,1.987335830926895142e-01,3.013682365417480469e-01,-1.134233251214027405e-01,3.897475004196166992e-01,-2.953155338764190674e-01,3.159405887126922607e-01,-5.679141879081726074e-01,1.128002285957336426e+00,1.400190889835357666e-01,4.856642708182334900e-02,-4.108286648988723755e-02,-1.712917089462280273e+00,-1.373300999402999878e-01,5.549192428588867188e-01,1.234220385551452637e+00,5.099339485168457031e-01,-8.488257229328155518e-02,-3.422090709209442139e-01
-1.087854243814945221e-02,3.236128389835357666e-02,7.847913503646850586e-01,9.891056418418884277e-01,7.031424436718225479e-03,1.240599080920219421e-01,7.892819494009017944e-02,-2.954073548316955566e-01,4.155884310603141785e-02,3.481169342994689941e-01,1.149111762642860413e-01,-4.565373808145523071e-02,-9.654272347688674927e-03,-1.670753359794616699e-01,-3.214632272720336914e-01,-6.409122943878173828e-01,1.137805804610252380e-01,-1.837905496358871460e-02,1.968875974416732788e-01,3.062238693237304688e-01,-1.122917607426643372e-01,3.990235328674316406e-01,-3.012012541294097900e-01,3.177376985549926758e-01,-5.689051151275634766e-01,1.126099586486816406e+00,1.379819363355636597e-01,4.561859369277954102e-02,-3.673766180872917175e-02,-1.707326531410217285e+00,-1.604668498039245605e-01,5.281350016593933105e-01,1.268177509307861328e+00,5.750396847724914551e-01,-1.084294989705085754e-01,-3.878057301044464111e-01
-1.303590741008520126e-02,3.467663750052452087e-02,7.849130034446716309e-01,9.900829792022705078e-01,8.414443582296371460e-03,1.256187558174133301e-01,6.232817098498344421e-02,-2.954481840133666992e-01,4.652591049671173096e-02,3.808524906635284424e-01,1.180681139230728149e-01,-4.925448819994926453e-02,-3.437251783907413483e-03,-1.891685873270034790e-01,-3.215321004390716553e-01,-6.090931296348571777e-01,1.114189699292182922e-01,-3.439833177253603935e-03,1.957664638757705688e-01,3.137960731983184814e-01,-1.118959635496139526e-01,4.081746339797973633e-01,-3.072956502437591553e-01,3.189262449741363525e-01,-5.681475996971130371e-01,1.124756217002868652e+00,1.348862349987030029e-01,4.241245239973068237e-02,-3.038968518376350403e-02,-1.701327443122863770e+00,-1.801230311393737793e-01,4.983805716037750244e-01,1.296175718307495117e+00,6.444623470306396484e-01,-1.308469623327255249e-01,-4.372861683368682861e-01
-1.535276882350444794e-02,3.648417815566062927e-02,7.850410938262939453e-01,9.907395839691162109e-01,9.767649695277214050e-03,1.273867040872573853e-01,4.596059769392013550e-02,-2.957012653350830078e-01,5.183305591344833374e-02,4.130255579948425293e-01,1.215211898088455200e-01,-5.307161435484886169e-02,2.542879898101091385e-03,-2.115945518016815186e-01,-3.209632337093353271e-01,-5.796884298324584961e-01,1.096197366714477539e-01,1.193099655210971832e-02,1.960489004850387573e-01,3.216746151447296143e-01,-1.132372021675109863e-01,4.161138534545898438e-01,-3.120058774948120117e-01,3.194196820259094238e-01,-5.638490915298461914e-01,1.123668074607849121e+00,1.319081336259841919e-01,3.849563747644424438e-02,-2.446145564317703247e-02,-1.694664478302001953e+00,-1.935761421918869019e-01,4.726925492286682129e-01,1.314321517944335938e+00,6.916720271110534668e-01,-1.456560939550399780e-01,-4.725258648395538330e-01
-1.741149462759494781e-02,3.788333386182785034e-02,7.851445674896240234e-01,9.910085797309875488e-01,1.089584641158580780e-02,1.294328272342681885e-01,3.210057318210601807e-02,-2.977599501609802246e-01,5.666827782988548279e-02,4.396184086799621582e-01,1.257356405258178711e-01,-5.633698403835296631e-02,7.919296622276306152e-03,-2.322980016469955444e-01,-3.202005922794342041e-01,-5.565012693405151367e-01,1.085784062743186951e-01,2.554740197956562042e-02,1.973551809787750244e-01,3.264250159263610840e-01,-1.158709898591041565e-01,4.216075837612152100e-01,-3.137051165103912354e-01,3.196725547313690186e-01,-5.584161877632141113e-01,1.122795343399047852e+00,1.279965043067932129e-01,3.349381312727928162e-02,-2.072610333561897278e-02,-1.687411904335021973e+00,-2.007267475128173828e-01,4.543464183807373047e-01,1.323180913925170898e+00,7.078173756599426270e-01,-1.519249081611633301e-01,-4.913051128387451172e-01
-1.975912600755691528e-02,4.034588858485221863e-02,7.853419780731201172e-01,9.909512996673583984e-01,1.205308269709348679e-02,1.325640529394149780e-01,1.723198965191841125e-02,-3.087255358695983887e-01,6.264600157737731934e-02,4.617869257926940918e-01,1.341130286455154419e-01,-5.807407945394515991e-02,1.544890273362398148e-02,-2.565586268901824951e-01,-3.195865452289581299e-01,-5.315936207771301270e-01,1.069207638502120972e-01,4.587375000119209290e-02,2.002817541360855103e-01,3.297394812107086182e-01,-1.186974197626113892e-01,4.273970425128936768e-01,-3.182249963283538818e-01,3.254582285881042480e-01,-5.497758388519287109e-01,1.125415086746215820e+00,1.128996610641479492e-01,2.656532265245914459e-02,-1.454964745789766312e-02,-1.680251836776733398e+00,-2.058664858341217041e-01,4.421681165695190430e-01,1.324617624282836914e+00,7.042634487152099609e-01,-1.611898839473724365e-01,-5.041653513908386230e-01
