-1.105060987174510956e-02,1.400897162966430187e-03,7.840586304664611816e-01,9.999697208404541016e-01,2.605789806693792343e-03,7.200363092124462128e-03,1.405396033078432083e-03,2.820448391139507294e-02,1.449855566024780273e-01,4.471739530563354492e-01,1.517176479101181030e-01,-1.616396158933639526e-01,-9.361930191516876221e-02,2.431810274720191956e-02,-1.219341754913330078e-01,-4.357381165027618408e-01,1.261112391948699951e-01,-1.465506553649902344e-01,8.300270140171051025e-02,-3.204016014933586121e-02,-2.051979489624500275e-02,7.328340411186218262e-02,1.118379533290863037e-01,4.758847355842590332e-01,-5.534701347351074219e-01,8.779948353767395020e-01,3.607265353202819824e-01,2.281823754310607910e-02,-1.458251327276229858e-01,-4.520750045776367188e-02,-4.550515711307525635e-01,8.331748843193054199e-01,8.123692274093627930e-01,-2.801501452922821045e-01,3.721866384148597717e-02,7.360700983554124832e-03
-1.050342619419097900e-02,1.295921276323497295e-03,7.839710116386413574e-01,9.999734163284301758e-01,2.763199154287576675e-03,6.436047144234180450e-03,2.016881946474313736e-03,2.986159734427928925e-02,1.447046399116516113e-01,4.445592164993286133e-01,1.519300192594528198e-01,-1.638923883438110352e-01,-9.447344392538070679e-02,2.714872546494007111e-02,-1.224203333258628845e-01,-4.360056221485137939e-01,1.274912506341934204e-01,-1.479502320289611816e-01,8.381798863410949707e-02,-2.942263148725032806e-02,-2.273124083876609802e-02,7.266385853290557861e-02,1.121891364455223083e-01,4.771406948566436768e-01,-5.519191026687622070e-01,8.773719072341918945e-01,3.569132685661315918e-01,2.507488057017326355e-02,-1.539389342069625854e-01,-5.777682736515998840e-02,-4.579145014286041260e-01,8.270333409309387207e-01,7.802255153656005859e-01,-2.778483331203460693e-01,3.907806053757667542e-02,9.222179651260375977e-03
-9.965450502932071686e-03,1.071859034709632397e-03,7.838339805603027344e-01,9.999759197235107422e-01,2.912658732384443283e-03,5.567725747823715210e-03,2.935901284217834473e-03,3.166968375444412231e-02,1.446011662483215332e-01,4.420571327209472656e-01,1.526130288839340210e-01,-1.651739180088043213e-01,-9.476661682128906250e-02,3.042255342006683350e-02,-1.230211332440376282e-01,-4.375403225421905518e-01,1.288165599107742310e-01,-1.501264572143554688e-01,8.428105711936950684e-02,-2.826376259326934814e-02,-2.586422674357891083e-02,7.184227555990219116e-02,1.143129616975784302e-01,4.783490002155303955e-01,-5.480995774269104004e-01,8.757150769233703613e-01,3.551891744136810303e-01,2.546439506113529205e-02,-1.614295989274978638e-01,-7.342652976512908936e-02,-4.619669616222381592e-01,8.136930465698242188e-01,7.291052937507629395e-01,-2.708489298820495605e-01,4.191538691520690918e-02,8.332621306180953979e-03
-9.232086129486560822e-03,7.873605936765670776e-04,7.837122082710266113e-01,9.999766945838928223e-01,3.104085335507988930e-03,4.556664265692234039e-03,4.026192240417003632e-03,3.383279964327812195e-02,1.443841308355331421e-01,4.392026364803314209e-01,1.532694697380065918e-01,-1.661232709884643555e-01,-9.521789848804473877e-02,3.447599336504936218e-02,-1.235145255923271179e-01,-4.399517476558685303e-01,1.291963458061218262e-01,-1.521869003772735596e-01,8.481040596961975098e-02,-2.797835320234298706e-02,-3.079213760793209076e-02,7.058110088109970093e-02,1.162539348006248474e-01,4.799563288688659668e-01,-5.443688631057739258e-01,8.752542734146118164e-01,3.548116981983184814e-01,2.678138390183448792e-02,-1.664271205663681030e-01,-9.276316314935684204e-02,-4.684926867485046387e-01,7.935025095939636230e-01,6.568329334259033203e-01,-2.620533406734466553e-01,4.601062461733818054e-02,5.907273851335048676e-03
-8.466324768960475922e-03,4.857646417804062366e-04,7.836318016052246094e-01,9.999759793281555176e-01,3.239260986447334290e-03,3.498201491311192513e-03,5.027340725064277649e-03,3.631203994154930115e-02,1.444101929664611816e-01,4.371984601020812988e-01,1.536092013120651245e-01,-1.667462140321731567e-01,-9.587428718805313110e-02,3.870414197444915771e-02,-1.236023306846618652e-01,-4.415520131587982178e-01,1.288426518440246582e-01,-1.536996215581893921e-01,8.535698056221008301e-02,-2.776516415178775787e-02,-3.715157508850097656e-02,6.898469477891921997e-02,1.166479736566543579e-01,4.818596839904785156e-01,-5.412931442260742188e-01,8.765969276428222656e-01,3.539386391639709473e-01,2.863769605755805969e-02,-1.682322323322296143e-01,-1.161340326070785522e-01,-4.789454042911529541e-01,7.677574157714843750e-01,5.651487112045288086e-01,-2.552175521850585938e-01,5.147483944892883301e-02,4.644298925995826721e-03
-7.699364330619573593e-03,2.517522661946713924e-04,7.835934758186340332e-01,9.999752044677734375e-01,3.296698210760951042e-03,2.404569182544946671e-03,5.736348219215869904e-03,3.912084922194480896e-02,1.447113603353500366e-01,4.362891316413879395e-01,1.536736935377120972e-01,-1.668985784053802490e-01,-9.651143848896026611e-02,4.314573854207992554e-02,-1.231707185506820679e-01,-4.420169293880462646e-01,1.277740597724914551e-01,-1.546501666307449341e-01,8.582338690757751465e-02,-2.739478461444377899e-02,-4.467477649450302124e-02,6.726568192243576050e-02,1.163497269153594971e-01,4.844494760036468506e-01,-5.388157963752746582e-01,8.784964084625244141e-01,3.531848192214965820e-01,3.023970313370227814e-02,-1.681843250989913940e-01,-1.456921398639678955e-01,-4.946624934673309326e-01,7.380765676498413086e-01,4.561256468296051025e-01,-2.518208324909210205e-01,5.752028897404670715e-02,5.296787712723016739e-03
-6.987964734435081482e-03,7.927682599984109402e-05,7.836114764213562012e-01,9.999746084213256836e-01,3.319418290629982948e-03,1.454722718335688114e-03,6.131217814981937408e-03,4.162373021245002747e-02,1.451219320297241211e-01,4.363169074058532715e-01,1.536754965782165527e-01,-1.668104827404022217e-01,-9.701955318450927734e-02,4.716654866933822632e-02,-1.224748641252517700e-01,-4.416807591915130615e-01,1.261379718780517578e-01,-1.551871746778488159e-01,8.615481853485107422e-02,-2.673461847007274628e-02,-5.265546590089797974e-02,6.548311561346054077e-02,1.163453012704849243e-01,4.877080619335174561e-01,-5.367586612701416016e-01,8.800113797187805176e-01,3.529317080974578857e-01,3.120657242834568024e-02,-1.663319170475006104e-01,-1.814222335815429688e-01,-5.148112773895263672e-01,7.058255672454833984e-01,3.399617969989776611e-01,-2.484998553991317749e-01,6.140407919883728027e-02,5.482305306941270828e-03
-6.375741213560104370e-03,-5.481956759467720985e-05,7.836163640022277832e-01,9.999746680259704590e-01,3.385298186913132668e-03,6.086971261538565159e-04,6.228957325220108032e-03,4.394625127315521240e-02,1.453363895416259766e-01,4.369082748889923096e-01,1.535148173570632935e-01,-1.668003499507904053e-01,-9.724132716655731201e-02,5.063679069280624390e-02,-1.217714473605155945e-01,-4.402293860912322998e-01,1.244277358055114746e-01,-1.558526605367660522e-01,8.673922717571258545e-02,-2.595868334174156189e-02,-6.091456487774848938e-02,6.346786022186279297e-02,1.168374642729759216e-01,4.914852380752563477e-01,-5.348020195960998535e-01,8.807956576347351074e-01,3.510977923870086670e-01,3.177941218018531799e-02,-1.633048653602600098e-01,-2.247878313064575195e-01,-5.391486883163452148e-01,6.691716313362121582e-01,2.196892201900482178e-01,-2.405110895633697510e-01,6.235279887914657593e-02,3.295319620519876480e-04
-5.881586112082004547e-03,-1.460635394323617220e-05,7.835893630981445312e-01,9.999744892120361328e-01,3.518541809171438217e-03,-2.273788559250533581e-04,6.214322522282600403e-03,4.627001658082008362e-02,1.453877836465835571e-01,4.378117918968200684e-01,1.535183340311050415e-01,-1.671703159809112549e-01,-9.716161340475082397e-02,5.360727757215499878e-02,-1.214716657996177673e-01,-4.384843409061431885e-01,1.231420785188674927e-01,-1.570618301630020142e-01,8.771981298923492432e-02,-2.528103068470954895e-02,-6.905595958232879639e-02,6.156776845455169678e-02,1.181259229779243469e-01,4.954224824905395508e-01,-5.327281951904296875e-01,8.808460831642150879e-01,3.479489088058471680e-01,3.208113089203834534e-02,-1.598957479000091553e-01,-2.759397923946380615e-01,-5.667046308517456055e-01,6.251423358917236328e-01,1.007309257984161377e-01,-2.245605736970901489e-01,6.204811856150627136e-02,-1.479307468980550766e-02
-5.491782445460557938e-03,-1.753149263095110655e-05,7.835361361503601074e-01,9.999732971191406250e-01,3.683443181216716766e-03,-1.079957466572523117e-03,6.217700894922018051e-03,4.869258031249046326e-02,1.452857255935668945e-01,4.389899969100952148e-01,1.537319123744964600e-01,-1.677868515253067017e-01,-9.716332703828811646e-02,5.625055730342864990e-02,-1.216225475072860718e-01,-4.374542534351348877e-01,1.224058941006660461e-01,-1.586643457412719727e-01,8.884775638580322266e-02,-2.481664717197418213e-02,-7.671490311622619629e-02,6.024532020092010498e-02,1.195366829633712769e-01,4.990684092044830322e-01,-5.304496884346008301e-01,8.807091116905212402e-01,3.454310894012451172e-01,3.302898257970809937e-02,-1.568980664014816284e-01,-3.343674242496490479e-01,-5.962067842483520508e-01,5.731058716773986816e-01,-8.185388520359992981e-03,-1.997504085302352905e-01,6.286123394966125488e-02,-4.244562983512878418e-02
-5.221487022936344147e-03,7.151506724767386913e-05,7.834807634353637695e-01,9.999718070030212402e-01,3.778138896450400352e-03,-1.875468529760837555e-03,6.216297391802072525e-03,5.094973742961883545e-02,1.453741937875747681e-01,4.404282569885253906e-01,1.544991731643676758e-01,-1.687886267900466919e-01,-9.736524522304534912e-02,5.830667167901992798e-02,-1.218313574790954590e-01,-4.367885589599609375e-01,1.224710792303085327e-01,-1.603699028491973877e-01,8.977659791707992554e-02,-2.458753623068332672e-02,-8.357622474431991577e-02,5.928691476583480835e-02,1.204866245388984680e-01,5.022800564765930176e-01,-5.281241536140441895e-01,8.797256350517272949e-01,3.444576263427734375e-01,3.503378108143806458e-02,-1.557806730270385742e-01,-4.018162488937377930e-01,-6.274533271789550781e-01,5.173536539077758789e-01,-1.005482673645019531e-01,-1.705093085765838623e-01,6.501635909080505371e-02,-7.909610867500305176e-02
-5.012406967580318451e-03,2.783636446110904217e-04,7.834355831146240234e-01,9.999702572822570801e-01,3.776662983000278473e-03,-2.529614372178912163e-03,6.227795965969562531e-03,5.294746533036231995e-02,1.455349624156951904e-01,4.418205916881561279e-01,1.555169820785522461e-01,-1.697353571653366089e-01,-9.740971028804779053e-02,5.981815606355667114e-02,-1.217823624610900879e-01,-4.362574219703674316e-01,1.228850707411766052e-01,-1.616646051406860352e-01,9.059821069240570068e-02,-2.486568689346313477e-02,-8.962415903806686401e-02,5.804255604743957520e-02,1.212076246738433838e-01,5.051403641700744629e-01,-5.260717272758483887e-01,8.780944943428039551e-01,3.437785804271697998e-01,3.741375729441642761e-02,-1.571404933929443359e-01,-4.833106100559234619e-01,-6.618483662605285645e-01,4.631398022174835205e-01,-1.728935986757278442e-01,-1.417845636606216431e-01,6.757995486259460449e-02,-1.193473041057586670e-01
-4.812860861420631409e-03,5.511610070243477821e-04,7.834249734878540039e-01,9.999679327011108398e-01,3.754581324756145477e-03,-2.936314325779676437e-03,6.435803603380918503e-03,5.423793569207191467e-02,1.451813429594039917e-01,4.422511458396911621e-01,1.555397808551788330e-01,-1.697241514921188354e-01,-9.709864854812622070e-02,6.076981499791145325e-02,-1.216371282935142517e-01,-4.361644983291625977e-01,1.230068057775497437e-01,-1.624582260847091675e-01,9.156601876020431519e-02,-2.628375776112079620e-02,-9.490019083023071289e-02,5.590130388736724854e-02,1.223800256848335266e-01,5.075992941856384277e-01,-5.246109962463378906e-01,8.763587474822998047e-01,3.425695896148681641e-01,3.944781795144081116e-02,-1.592870205640792847e-01,-5.840656757354736328e-01,-7.011653780937194824e-01,4.177678227424621582e-01,-2.174109071493148804e-01,-1.173275411128997803e-01,7.040414959192276001e-02,-1.562890559434890747e-01
-4.571134224534034729e-03,8.082604035735130310e-04,7.834518551826477051e-01,9.999649524688720703e-01,3.730306867510080338e-03,-3.137617139145731926e-03,6.807151250541210175e-03,5.499178171157836914e-02,1.443735212087631226e-01,4.415628612041473389e-01,1.544163972139358521e-01,-1.688255965709686279e-01,-9.656488150358200073e-02,6.139985844492912292e-02,-1.215620115399360657e-01,-4.366864860057830811e-01,1.227039918303489685e-01,-1.626364588737487793e-01,9.257711470127105713e-02,-2.907481789588928223e-02,-9.919307380914688110e-02,5.283903703093528748e-02,1.245306953787803650e-01,5.094410181045532227e-01,-5.225471854209899902e-01,8.750818371772766113e-01,3.409374356269836426e-01,4.077438637614250183e-02,-1.599444001913070679e-01,-7.084797024726867676e-01,-7.464761137962341309e-01,3.866377174854278564e-01,-2.271371483802795410e-01,-1.002392172813415527e-01,7.368906587362289429e-02,-1.881731003522872925e-01
-4.295125138014554977e-03,9.871239308267831802e-04,7.835354208946228027e-01,9.999611377716064453e-01,3.711582627147436142e-03,-3.254936775192618370e-03,7.300776895135641098e-03,5.523813515901565552e-02,1.436053216457366943e-01,4.404563605785369873e-01,1.530829519033432007e-01,-1.678644716739654541e-01,-9.597193449735641479e-02,6.221075728535652161e-02,-1.215547770261764526e-01,-4.378761351108551025e-01,1.221572235226631165e-01,-1.624924838542938232e-01,9.344002604484558105e-02,-3.231963515281677246e-02,-1.022276133298873901e-01,4.980988427996635437e-02,1.271220743656158447e-01,5.103186964988708496e-01,-5.200819373130798340e-01,8.744003176689147949e-01,3.400790691375732422e-01,4.084660857915878296e-02,-1.587677597999572754e-01,-8.527503609657287598e-01,-7.954784035682678223e-01,3.741824626922607422e-01,-2.027335166931152344e-01,-9.111978858709335327e-02,7.848702371120452881e-02,-2.154398411512374878e-01
-3.962007351219654083e-03,1.097228843718767166e-03,7.836524248123168945e-01,9.999551177024841309e-01,3.695735242217779160e-03,-3.410672303289175034e-03,8.028090000152587891e-03,5.548103153705596924e-02,1.430850774049758911e-01,4.394426941871643066e-01,1.516036838293075562e-01,-1.669774055480957031e-01,-9.550925344228744507e-02,6.374675780534744263e-02,-1.215354204177856445e-01,-4.395043253898620605e-01,1.216319203376770020e-01,-1.627904176712036133e-01,9.377934783697128296e-02,-3.482324630022048950e-02,-1.045093163847923279e-01,4.790103062987327576e-02,1.282668262720108032e-01,5.102964639663696289e-01,-5.179654359817504883e-01,8.755061030387878418e-01,3.399560749530792236e-01,4.003353416919708252e-02,-1.569838374853134155e-01,-1.008134126663208008e+00,-8.462526202201843262e-01,3.806479275226593018e-01,-1.528889685869216919e-01,-8.692596852779388428e-02,8.415915817022323608e-02,-2.390894144773483276e-01
-3.523256164044141769e-03,1.158828032203018665e-03,7.837935686111450195e-01,9.999466538429260254e-01,3.677731147035956383e-03,-3.563271835446357727e-03,8.970780298113822937e-03,5.638421699404716492e-02,1.426129937171936035e-01,4.386265277862548828e-01,1.492553651332855225e-01,-1.656663268804550171e-01,-9.540281444787979126e-02,6.568435579538345337e-02,-1.215592101216316223e-01,-4.415006637573242188e-01,1.213547661900520325e-01,-1.634203195571899414e-01,9.396134316921234131e-02,-3.596904128789901733e-02,-1.073325574398040771e-01,4.743704944849014282e-02,1.275840252637863159e-01,5.098152160644531250e-01,-5.163310170173645020e-01,8.796307444572448730e-01,3.409102559089660645e-01,3.930788114666938782e-02,-1.550210565328598022e-01,-1.161545753479003906e+00,-8.962129950523376465e-01,4.017112255096435547e-01,-8.955155313014984131e-02,-8.483445644378662109e-02,8.879835158586502075e-02,-2.600561678409576416e-01
-2.968223299831151962e-03,1.149559742771089077e-03,7.839356064796447754e-01,9.999344348907470703e-01,3.691720776259899139e-03,-3.727340372279286385e-03,1.017349958419799805e-02,5.804554000496864319e-02,1.420355439186096191e-01,4.375108778476715088e-01,1.460352987051010132e-01,-1.637389361858367920e-01,-9.554465860128402710e-02,6.780143082141876221e-02,-1.215667054057121277e-01,-4.439070820808410645e-01,1.211770400404930115e-01,-1.642881482839584351e-01,9.415093809366226196e-02,-3.575574979186058044e-02,-1.114222630858421326e-01,4.798267781734466553e-02,1.251640766859054565e-01,5.095260739326477051e-01,-5.156607627868652344e-01,8.865017890930175781e-01,3.435639739036560059e-01,3.937809541821479797e-02,-1.529143303632736206e-01,-1.309631347656250000e+00,-9.430590271949768066e-01,4.343794286251068115e-01,-1.858307421207427979e-02,-8.559057861566543579e-02,9.187503904104232788e-02,-2.778982818126678467e-01
-2.300911815837025642e-03,1.009245170280337334e-03,7.840620875358581543e-01,9.999184012413024902e-01,3.727844450622797012e-03,-3.914423286914825439e-03,1.157226040959358215e-02,6.041576713323593140e-02,1.414978057146072388e-01,4.360997676849365234e-01,1.421563178300857544e-01,-1.611522883176803589e-01,-9.600159525871276855e-02,7.015181332826614380e-02,-1.214816570281982422e-01,-4.467008411884307861e-01,1.211009547114372253e-01,-1.654928624629974365e-01,9.466920793056488037e-02,-3.454685583710670471e-02,-1.168315857648849487e-01,4.883994162082672119e-02,1.216380670666694641e-01,5.097494125366210938e-01,-5.169323682785034180e-01,8.956845998764038086e-01,3.466435670852661133e-01,4.074359312653541565e-02,-1.510138213634490967e-01,-1.453146696090698242e+00,-9.848216176033020020e-01,4.770170450210571289e-01,5.780559033155441284e-02,-8.788280934095382690e-02,9.553945809602737427e-02,-2.918742597103118896e-01
-1.573422341607511044e-03,7.060052594169974327e-04,7.841669917106628418e-01,9.998965859413146973e-01,3.791530616581439972e-03,-4.185455385595560074e-03,1.322595868259668350e-02,6.296797096729278564e-02,1.410452425479888916e-01,4.338243305683135986e-01,1.383548080921173096e-01,-1.582746058702468872e-01,-9.703222662210464478e-02,7.290254533290863037e-02,-1.213875636458396912e-01,-4.496800005435943604e-01,1.212734729051589966e-01,-1.671323180198669434e-01,9.519435465335845947e-02,-3.302280977368354797e-02,-1.232512071728706360e-01,4.956641793251037598e-02,1.175721958279609680e-01,5.106400251388549805e-01,-5.197097659111022949e-01,9.062543511390686035e-01,3.502608537673950195e-01,4.271945357322692871e-02,-1.491972804069519043e-01,-1.592876791954040527e+00,-1.019950151443481445e+00,5.302351117134094238e-01,1.405106335878372192e-01,-8.999793231487274170e-02,1.013846248388290405e-01,-3.024019300937652588e-01
-7.959045469760894775e-04,2.724433434195816517e-04,7.842470407485961914e-01,9.998684525489807129e-01,3.868200583383440971e-03,-4.533488303422927856e-03,1.508489530533552170e-02,6.537219136953353882e-02,1.407745629549026489e-01,4.309293925762176514e-01,1.351549178361892700e-01,-1.556366533041000366e-01,-9.836690872907638550e-02,7.607564330101013184e-02,-1.212045922875404358e-01,-4.528128206729888916e-01,1.215879246592521667e-01,-1.687222868204116821e-01,9.582761675119400024e-02,-3.193424642086029053e-02,-1.306854784488677979e-01,4.957945644855499268e-02,1.138152033090591431e-01,5.123022794723510742e-01,-5.230932235717773438e-01,9.173163175582885742e-01,3.534539043903350830e-01,4.506966099143028259e-02,-1.467995792627334595e-01,-1.724357247352600098e+00,-1.046724557876586914e+00,5.917122960090637207e-01,2.282701432704925537e-01,-8.977215737104415894e-02,1.082627624273300171e-01,-3.099520504474639893e-01
5.354726454243063927e-06,-2.677129814401268959e-04,7.843027114868164062e-01,9.998314976692199707e-01,3.948757890611886978e-03,-4.971725400537252426e-03,1.722364872694015503e-02,6.748487800359725952e-02,1.408473402261734009e-01,4.277828931808471680e-01,1.325312852859497070e-01,-1.536315977573394775e-01,-1.000901460647583008e-01,7.972025871276855469e-02,-1.208385154604911804e-01,-4.564879536628723145e-01,1.218331456184387207e-01,-1.703875064849853516e-01,9.638296067714691162e-02,-3.180307522416114807e-02,-1.390377581119537354e-01,4.878907278180122375e-02,1.109487041831016541e-01,5.147473216056823730e-01,-5.260673165321350098e-01,9.280271530151367188e-01,3.554579615592956543e-01,4.743358865380287170e-02,-1.442870050668716431e-01,-1.849445462226867676e+00,-1.064366817474365234e+00,6.631913185119628906e-01,3.201714456081390381e-01,-8.845569193363189697e-02,1.166044250130653381e-01,-3.144788742065429688e-01
9.039199212566018105e-04,-9.470164659433066845e-04,7.843204736709594727e-01,9.997845888137817383e-01,3.995176404714584351e-03,-5.392589140683412552e-03,1.963939331471920013e-02,6.927009671926498413e-02,1.412747800350189209e-01,4.246229827404022217e-01,1.306003630161285400e-01,-1.523256152868270874e-01,-1.018580645322799683e-01,8.367941528558731079e-02,-1.203244626522064209e-01,-4.609579741954803467e-01,1.217042431235313416e-01,-1.718163788318634033e-01,9.695168584585189819e-02,-3.243093192577362061e-02,-1.477225422859191895e-01,4.703031852841377258e-02,1.086934655904769897e-01,5.174538493156433105e-01,-5.283921957015991211e-01,9.381360411643981934e-01,3.564709126949310303e-01,4.997664690017700195e-02,-1.421162337064743042e-01,-1.965093493461608887e+00,-1.072576403617858887e+00,7.417349219322204590e-01,4.123697280883789062e-01,-8.746005594730377197e-02,1.244629025459289551e-01,-3.174400329589843750e-01
1.710714772343635559e-03,-1.542301266454160213e-03,7.843153476715087891e-01,9.997286796569824219e-01,3.989054821431636810e-03,-5.806601606309413910e-03,2.220110222697257996e-02,7.089886814355850220e-02,1.418236792087554932e-01,4.214738905429840088e-01,1.288907378911972046e-01,-1.513610035181045532e-01,-1.036185994744300842e-01,8.773238956928253174e-02,-1.195642873644828796e-01,-4.656771421432495117e-01,1.209915354847908020e-01,-1.728381961584091187e-01,9.747636318206787109e-02,-3.373891860246658325e-02,-1.563352793455123901e-01,4.429158195853233337e-02,1.072545051574707031e-01,5.198415517807006836e-01,-5.298221111297607422e-01,9.481322765350341797e-01,3.565663397312164307e-01,5.230089277029037476e-02,-1.406531482934951782e-01,-2.072674989700317383e+00,-1.073701262474060059e+00,8.236866593360900879e-01,4.983953237533569336e-01,-8.644080907106399536e-02,1.303541064262390137e-01,-3.209128677845001221e-01
2.504825824871659279e-03,-2.121804980561137199e-03,7.843196392059326172e-01,9.996644854545593262e-01,3.989615011960268021e-03,-6.203298456966876984e-03,2.482842281460762024e-02,7.217621058225631714e-02,1.423477083444595337e-01,4.182052016258239746e-01,1.275466084480285645e-01,-1.507149040699005127e-01,-1.052294149994850159e-01,9.185369312763214111e-02,-1.187148168683052063e-01,-4.705157577991485596e-01,1.198468953371047974e-01,-1.736300140619277954e-01,9.789039194583892822e-02,-3.546877950429916382e-02,-1.645860075950622559e-01,4.078313708305358887e-02,1.070056557655334473e-01,5.216159224510192871e-01,-5.304488539695739746e-01,9.586669206619262695e-01,3.557386696338653564e-01,5.454142019152641296e-02,-1.398774683475494385e-01,-2.170453310012817383e+00,-1.070443153381347656e+00,9.064919352531433105e-01,5.770109891891479492e-01,-8.693578094244003296e-02,1.352408975362777710e-01,-3.265212476253509521e-01
3.283896250650286674e-03,-2.664885949343442917e-03,7.843271493911743164e-01,9.995988607406616211e-01,4.013013094663619995e-03,-6.495662964880466461e-03,2.727453783154487610e-02,7.328828424215316772e-02,1.427142024040222168e-01,4.149163663387298584e-01,1.263501197099685669e-01,-1.502945721149444580e-01,-1.065849438309669495e-01,9.558816999197006226e-02,-1.179660484194755554e-01,-4.751511514186859131e-01,1.185728758573532104e-01,-1.741141080856323242e-01,9.821924567222595215e-02,-3.717531263828277588e-02,-1.719895005226135254e-01,3.646943718194961548e-02,1.075661256909370422e-01,5.225499868392944336e-01,-5.303573012351989746e-01,9.690400958061218262e-01,3.535660803318023682e-01,5.659729987382888794e-02,-1.397888213396072388e-01,-2.254614591598510742e+00,-1.065390110015869141e+00,9.831294417381286621e-01,6.459202766418457031e-01,-8.872918784618377686e-02,1.385686993598937988e-01,-3.338883817195892334e-01
4.082455299794673920e-03,-3.113564802333712578e-03,7.843363285064697266e-01,9.995363354682922363e-01,4.028011113405227661e-03,-6.722270045429468155e-03,2.942264825105667114e-02,7.430429011583328247e-02,1.429595798254013062e-01,4.115777909755706787e-01,1.254152804613113403e-01,-1.497554928064346313e-01,-1.073978021740913391e-01,9.893085807561874390e-02,-1.174008771777153015e-01,-4.793320000171661377e-01,1.174243912100791931e-01,-1.743150651454925537e-01,9.857136011123657227e-02,-3.882930055260658264e-02,-1.782909184694290161e-01,3.183406963944435120e-02,1.087123081088066101e-01,5.225927233695983887e-01,-5.298664569854736328e-01,9.784833192825317383e-01,3.514104783535003662e-01,5.858094617724418640e-02,-1.401777118444442749e-01,-2.321977138519287109e+00,-1.059623718261718750e+00,1.048457860946655273e+00,7.044262290000915527e-01,-9.254604578018188477e-02,1.402918100357055664e-01,-3.410976231098175049e-01
4.845747724175453186e-03,-3.403442911803722382e-03,7.843444347381591797e-01,9.994817972183227539e-01,4.055923782289028168e-03,-6.978304591029882431e-03,3.116233274340629578e-02,7.555343955755233765e-02,1.429471224546432495e-01,4.085209965705871582e-01,1.245502457022666931e-01,-1.490367054939270020e-01,-1.079284250736236572e-01,1.021469756960868835e-01,-1.170200556516647339e-01,-4.827109575271606445e-01,1.164981424808502197e-01,-1.745537668466567993e-01,9.912145137786865234e-02,-4.055843129754066467e-02,-1.836248338222503662e-01,2.722933702170848846e-02,1.106950566172599792e-01,5.217596292495727539e-01,-5.287254452705383301e-01,9.863756895065307617e-01,3.486667275428771973e-01,6.037343665957450867e-02,-1.402900815010070801e-01,-2.374449253082275391e+00,-1.054352998733520508e+00,1.101801037788391113e+00,7.527409195899963379e-01,-9.414201229810714722e-02,1.413577944040298462e-01,-3.482417464256286621e-01
5.519499070942401886e-03,-3.511177143082022667e-03,7.843466997146606445e-01,9.994360804557800293e-01,4.090025555342435837e-03,-7.291777525097131729e-03,3.251937031745910645e-02,7.691822946071624756e-02,1.427417844533920288e-01,4.060873091220855713e-01,1.240317374467849731e-01,-1.482643038034439087e-01,-1.082100272178649902e-01,1.050521880388259888e-01,-1.168860942125320435e-01,-4.852575361728668213e-01,1.158440262079238892e-01,-1.745874136686325073e-01,9.961951524019241333e-02,-4.218751192092895508e-02,-1.879558563232421875e-01,2.277951687574386597e-02,1.137989684939384460e-01,5.201142430305480957e-01,-5.264534354209899902e-01,9.928210377693176270e-01,3.454263806343078613e-01,6.183723732829093933e-02,-1.399863809347152710e-01,-2.413857460021972656e+00,-1.049608230590820312e+00,1.144227862358093262e+00,7.921011447906494141e-01,-9.332309663295745850e-02,1.414424031972885132e-01,-3.558735251426696777e-01
6.080675870180130005e-03,-3.443010849878191948e-03,7.843329310417175293e-01,9.993976950645446777e-01,4.118691664189100266e-03,-7.607485167682170868e-03,3.360584750771522522e-02,7.811463624238967896e-02,1.423023194074630737e-01,4.038901329040527344e-01,1.236103922128677368e-01,-1.477771848440170288e-01,-1.086298301815986633e-01,1.075713485479354858e-01,-1.169871389865875244e-01,-4.871822297573089600e-01,1.154657602310180664e-01,-1.746137142181396484e-01,1.001434251666069031e-01,-4.323807358741760254e-02,-1.911209225654602051e-01,1.885239221155643463e-02,1.169460639357566833e-01,5.178984403610229492e-01,-5.239207744598388672e-01,9.975696802139282227e-01,3.423175811767578125e-01,6.318535655736923218e-02,-1.390063911676406860e-01,-2.443162202835083008e+00,-1.044799566268920898e+00,1.176842093467712402e+00,8.243376612663269043e-01,-9.216838330030441284e-02,1.419829726219177246e-01,-3.611385822296142578e-01
6.560904905200004578e-03,-3.259156597778201103e-03,7.843177318572998047e-01,9.993662238121032715e-01,4.129831679165363312e-03,-7.972477935254573822e-03,3.444664180278778076e-02,7.931832969188690186e-02,1.418267190456390381e-01,4.022676944732666016e-01,1.231961771845817566e-01,-1.476802229881286621e-01,-1.092506647109985352e-01,1.098875775933265686e-01,-1.171027719974517822e-01,-4.885636866092681885e-01,1.152874529361724854e-01,-1.748144179582595825e-01,1.005721241235733032e-01,-4.369911551475524902e-02,-1.935113966464996338e-01,1.558015961199998856e-02,1.196735799312591553e-01,5.156726837158203125e-01,-5.213741660118103027e-01,1.000610947608947754e+00,3.398097157478332520e-01,6.444340199232101440e-02,-1.376730203628540039e-01,-2.465687513351440430e+00,-1.041090011596679688e+00,1.202910661697387695e+00,8.504275679588317871e-01,-8.909719437360763550e-02,1.428488940000534058e-01,-3.660168349742889404e-01
6.973477546125650406e-03,-2.976454095914959908e-03,7.843130826950073242e-01,9.993395209312438965e-01,4.153883084654808044e-03,-8.359843865036964417e-03,3.511922061443328857e-02,8.065054565668106079e-02,1.412640661001205444e-01,4.010582864284515381e-01,1.229057237505912781e-01,-1.479401588439941406e-01,-1.097381189465522766e-01,1.118716299533843994e-01,-1.174094974994659424e-01,-4.893801212310791016e-01,1.153431087732315063e-01,-1.750740259885787964e-01,1.010516434907913208e-01,-4.379569739103317261e-02,-1.951935887336730957e-01,1.306750066578388214e-02,1.215120926499366760e-01,5.136283040046691895e-01,-5.193555355072021484e-01,1.002732038497924805e+00,3.371939957141876221e-01,6.552124023437500000e-02,-1.365545988082885742e-01,-2.481702089309692383e+00,-1.038398265838623047e+00,1.223131060600280762e+00,8.710434436798095703e-01,-8.467633277177810669e-02,1.426586806774139404e-01,-3.696518838405609131e-01
7.371952291578054428e-03,-2.644511405378580093e-03,7.843071222305297852e-01,9.993135333061218262e-01,4.178031813353300095e-03,-8.815098553895950317e-03,3.573862835764884949e-02,8.213888108730316162e-02,1.407305896282196045e-01,4.001329839229583740e-01,1.226669698953628540e-01,-1.484143584966659546e-01,-1.099842190742492676e-01,1.139542013406753540e-01,-1.178585663437843323e-01,-4.902957677841186523e-01,1.154937297105789185e-01,-1.754295974969863892e-01,1.016626954078674316e-01,-4.384375363588333130e-02,-1.964763998985290527e-01,1.112168002873659134e-02,1.229436174035072327e-01,5.120217800140380859e-01,-5.184200406074523926e-01,1.004882693290710449e+00,3.345894813537597656e-01,6.647393852472305298e-02,-1.357897818088531494e-01,-2.493666172027587891e+00,-1.036538362503051758e+00,1.239001393318176270e+00,8.870458006858825684e-01,-7.829738408327102661e-02,1.431625485420227051e-01,-3.725719451904296875e-01
7.739387452602386475e-03,-2.334716031327843666e-03,7.842789888381958008e-01,9.992877244949340820e-01,4.196953959763050079e-03,-9.232102893292903900e-03,3.634762763977050781e-02,8.353216946125030518e-02,1.401890963315963745e-01,3.991133868694305420e-01,1.225877255201339722e-01,-1.490640342235565186e-01,-1.097859814763069153e-01,1.157492622733116150e-01,-1.183809265494346619e-01,-4.911201298236846924e-01,1.157477572560310364e-01,-1.756762266159057617e-01,1.024853065609931946e-01,-4.385887458920478821e-02,-1.975117474794387817e-01,9.546500630676746368e-03,1.236722841858863831e-01,5.110303759574890137e-01,-5.183886289596557617e-01,1.007624030113220215e+00,3.330063521862030029e-01,6.738419830799102783e-02,-1.347752958536148071e-01,-2.502971649169921875e+00,-1.035348415374755859e+00,1.251616239547729492e+00,9.000675082206726074e-01,-7.310124486684799194e-02,1.432080864906311035e-01,-3.752447366714477539e-01
8.078193292021751404e-03,-2.095454838126897812e-03,7.842680811882019043e-01,9.992645978927612305e-01,4.223163239657878876e-03,-9.547664783895015717e-03,3.689442947506904602e-02,8.461367338895797729e-02,1.396576464176177979e-01,3.980771303176879883e-01,1.224914565682411194e-01,-1.495312154293060303e-01,-1.094131991267204285e-01,1.171646490693092346e-01,-1.189020350575447083e-01,-4.916672110557556152e-01,1.160488054156303406e-01,-1.759363710880279541e-01,1.035095900297164917e-01,-4.412962123751640320e-02,-1.986112296581268311e-01,7.947356440126895905e-03,1.243130341172218323e-01,5.107039809226989746e-01,-5.183827877044677734e-01,1.010873317718505859e+00,3.319723308086395264e-01,6.814122945070266724e-02,-1.339548975229263306e-01,-2.509946823120117188e+00,-1.034545779228210449e+00,1.262559056282043457e+00,9.104683995246887207e-01,-7.072049379348754883e-02,1.433131545782089233e-01,-3.782276511192321777e-01
8.364503271877765656e-03,-1.924783457070589066e-03,7.842894196510314941e-01,9.992434382438659668e-01,4.236099310219287872e-03,-9.799124673008918762e-03,3.739603236317634583e-02,8.536269515752792358e-02,1.391733437776565552e-01,3.970092236995697021e-01,1.222582012414932251e-01,-1.498702764511108398e-01,-1.092565432190895081e-01,1.183211058378219604e-01,-1.194093152880668640e-01,-4.922459423542022705e-01,1.163068711757659912e-01,-1.761722415685653687e-01,1.045361086726188660e-01,-4.439311847090721130e-02,-1.996078640222549438e-01,6.300022825598716736e-03,1.249436810612678528e-01,5.109674930572509766e-01,-5.184090137481689453e-01,1.013976097106933594e+00,3.316870331764221191e-01,6.865449994802474976e-02,-1.334753930568695068e-01,-2.515688419342041016e+00,-1.033456563949584961e+00,1.271825313568115234e+00,9.193044900894165039e-01,-6.996367126703262329e-02,1.442886143922805786e-01,-3.813543617725372314e-01
8.627622388303279877e-03,-1.800181576982140541e-03,7.843153476715087891e-01,9.992263913154602051e-01,4.231209866702556610e-03,-1.003643963485956192e-02,3.778861835598945618e-02,8.618313074111938477e-02,1.388242542743682861e-01,3.961237370967864990e-01,1.219284832477569580e-01,-1.499312669038772583e-01,-1.092999503016471863e-01,1.194899380207061768e-01,-1.198554933071136475e-01,-4.924516379833221436e-01,1.165423095226287842e-01,-1.764607429504394531e-01,1.051496714353561401e-01,-4.445418715476989746e-02,-2.003908604383468628e-01,4.983975552022457123e-03,1.254798620939254761e-01,5.116828680038452148e-01,-5.177624821662902832e-01,1.016949653625488281e+00,3.315388858318328857e-01,6.892177462577819824e-02,-1.328624635934829712e-01,-2.519926071166992188e+00,-1.032718420028686523e+00,1.279922962188720703e+00,9.263655543327331543e-01,-7.068660110235214233e-02,1.455986648797988892e-01,-3.833250701427459717e-01
8.911024779081344604e-03,-1.658155350014567375e-03,7.843338251113891602e-01,9.992162585258483887e-01,4.203972406685352325e-03,-1.033090241253376007e-02,3.797896951436996460e-02,8.725102990865707397e-02,1.385919004678726196e-01,3.957566618919372559e-01,1.215334981679916382e-01,-1.500854939222335815e-01,-1.094027757644653320e-01,1.208642050623893738e-01,-1.201063543558120728e-01,-4.924974143505096436e-01,1.167089417576789856e-01,-1.768759042024612427e-01,1.055441349744796753e-01,-4.419057443737983704e-02,-2.010840773582458496e-01,3.983917646110057831e-03,1.260240823030471802e-01,5.128384232521057129e-01,-5.174278020858764648e-01,1.019900083541870117e+00,3.308116197586059570e-01,6.907708197832107544e-02,-1.317109763622283936e-01,-2.523880004882812500e+00,-1.032086014747619629e+00,1.287377476692199707e+00,9.328064322471618652e-01,-7.132453471422195435e-02,1.469954103231430054e-01,-3.839929103851318359e-01
9.241772815585136414e-03,-1.482030842453241348e-03,7.843446731567382812e-01,9.992092847824096680e-01,4.167098551988601685e-03,-1.071165967732667923e-02,3.806255012750625610e-02,8.862420171499252319e-02,1.384847909212112427e-01,3.958375751972198486e-01,1.212679892778396606e-01,-1.504225581884384155e-01,-1.094961240887641907e-01,1.223509535193443298e-01,-1.201663315296173096e-01,-4.923036694526672363e-01,1.168887391686439514e-01,-1.773770451545715332e-01,1.056647375226020813e-01,-4.376697912812232971e-02,-2.016552984714508057e-01,3.248605877161026001e-03,1.265418082475662231e-01,5.142856836318969727e-01,-5.170013308525085449e-01,1.022423505783081055e+00,3.285498619079589844e-01,6.922426819801330566e-02,-1.298157274723052979e-01,-2.527101278305053711e+00,-1.031362533569335938e+00,1.294483423233032227e+00,9.389100074768066406e-01,-7.073333114385604858e-02,1.479451656341552734e-01,-3.840833902359008789e-01
9.606389328837394714e-03,-1.302496646530926228e-03,7.843230366706848145e-01,9.992025494575500488e-01,4.155924078077077866e-03,-1.117475517094135284e-02,3.810665756464004517e-02,9.018225222826004028e-02,1.384100317955017090e-01,3.959161043167114258e-01,1.211596056818962097e-01,-1.508736759424209595e-01,-1.096234545111656189e-01,1.237667948007583618e-01,-1.201492175459861755e-01,-4.918581247329711914e-01,1.170674636960029602e-01,-1.777888238430023193e-01,1.056831404566764832e-01,-4.307777062058448792e-02,-2.021321803331375122e-01,2.810298232361674309e-03,1.266400218009948730e-01,5.160005092620849609e-01,-5.168805122375488281e-01,1.024565696716308594e+00,3.258997797966003418e-01,6.955506652593612671e-02,-1.276111751794815063e-01,-2.530074596405029297e+00,-1.030199050903320312e+00,1.301486015319824219e+00,9.448192715644836426e-01,-6.894826889038085938e-02,1.481334567070007324e-01,-3.838421404361724854e-01
9.964203462004661560e-03,-1.146543421782553196e-03,7.842687964439392090e-01,9.991948604583740234e-01,4.165141843259334564e-03,-1.161515805870294571e-02,3.817559406161308289e-02,9.167092293500900269e-02,1.383702009916305542e-01,3.960110247135162354e-01,1.212078407406806946e-01,-1.513939648866653442e-01,-1.096760556101799011e-01,1.250599324703216553e-01,-1.200968176126480103e-01,-4.913817942142486572e-01,1.171850338578224182e-01,-1.779679656028747559e-01,1.057136207818984985e-01,-4.231289774179458618e-02,-2.025519311428070068e-01,2.419906901195645332e-03,1.265903115272521973e-01,5.178102254867553711e-01,-5.165855288505554199e-01,1.026899576187133789e+00,3.235581517219543457e-01,7.028039544820785522e-02,-1.254703849554061890e-01,-2.531999826431274414e+00,-1.028923034667968750e+00,1.308314681053161621e+00,9.499633908271789551e-01,-6.634717434644699097e-02,1.475458741188049316e-01,-3.829386532306671143e-01
1.024897582828998566e-02,-1.026667421683669090e-03,7.842219471931457520e-01,9.991828203201293945e-01,4.222465213388204575e-03,-1.199492812156677246e-02,3.836652636528015137e-02,9.275364875793457031e-02,1.382689177989959717e-01,3.957697451114654541e-01,1.213137507438659668e-01,-1.517029106616973877e-01,-1.094944328069686890e-01,1.260893642902374268e-01,-1.202656179666519165e-01,-4.911036491394042969e-01,1.174845471978187561e-01,-1.782311946153640747e-01,1.057342812418937683e-01,-4.168270155787467957e-02,-2.028039693832397461e-01,2.127102576196193695e-03,1.262691468000411987e-01,5.194345712661743164e-01,-5.160535573959350586e-01,1.029463768005371094e+00,3.219631910324096680e-01,7.121877372264862061e-02,-1.242053359746932983e-01,-2.532889127731323242e+00,-1.026755332946777344e+00,1.314114093780517578e+00,9.552045464515686035e-01,-6.357928365468978882e-02,1.471643447875976562e-01,-3.811613917350769043e-01
1.043229363858699799e-02,-9.626545943319797516e-04,7.841956615447998047e-01,9.991661310195922852e-01,4.308780189603567123e-03,-1.236098911613225937e-02,3.867343440651893616e-02,9.347670525312423706e-02,1.382195651531219482e-01,3.955005705356597900e-01,1.214934960007667542e-01,-1.521587520837783813e-01,-1.090666726231575012e-01,1.270378679037094116e-01,-1.205797940492630005e-01,-4.914174973964691162e-01,1.178989782929420471e-01,-1.786452978849411011e-01,1.059221178293228149e-01,-4.109343886375427246e-02,-2.028701752424240112e-01,2.149178180843591690e-03,1.258258819580078125e-01,5.208191871643066406e-01,-5.160765647888183594e-01,1.031442046165466309e+00,3.215503990650177002e-01,7.186191529035568237e-02,-1.234233453869819641e-01,-2.534518241882324219e+00,-1.023959159851074219e+00,1.319013118743896484e+00,9.599078893661499023e-01,-6.139932200312614441e-02,1.475338041782379150e-01,-3.799766302108764648e-01
1.055759191513061523e-02,-9.514263947494328022e-04,7.841731905937194824e-01,9.991477131843566895e-01,4.417442250996828079e-03,-1.273531932383775711e-02,3.901471197605133057e-02,9.407407790422439575e-02,1.381562948226928711e-01,3.949887454509735107e-01,1.217846348881721497e-01,-1.526687890291213989e-01,-1.087100058794021606e-01,1.280696839094161987e-01,-1.209962517023086548e-01,-4.921424686908721924e-01,1.183786764740943909e-01,-1.793705672025680542e-01,1.061435788869857788e-01,-4.044825211167335510e-02,-2.027019709348678589e-01,2.658767625689506531e-03,1.249458640813827515e-01,5.219013690948486328e-01,-5.168455243110656738e-01,1.032533884048461914e+00,3.218082785606384277e-01,7.231286913156509399e-02,-1.227542236447334290e-01,-2.536992549896240234e+00,-1.020343780517578125e+00,1.322176337242126465e+00,9.643481969833374023e-01,-6.068230420351028442e-02,1.476981192827224731e-01,-3.795208930969238281e-01
1.067668572068214417e-02,-9.903416503220796585e-04,7.841333746910095215e-01,9.991285204887390137e-01,4.528463352471590042e-03,-1.313329767435789108e-02,3.935993462800979614e-02,9.481843560934066772e-02,1.379991918802261353e-01,3.941700160503387451e-01,1.219049170613288879e-01,-1.532789468765258789e-01,-1.086013913154602051e-01,1.292124390602111816e-01,-1.214326769113540649e-01,-4.930057227611541748e-01,1.190083697438240051e-01,-1.806052178144454956e-01,1.062056273221969604e-01,-3.964471817016601562e-02,-2.023913562297821045e-01,3.494455711916089058e-03,1.238850951194763184e-01,5.225051045417785645e-01,-5.181416869163513184e-01,1.033067226409912109e+00,3.222385644912719727e-01,7.277797907590866089e-02,-1.224641129374504089e-01,-2.538895368576049805e+00,-1.016828894615173340e+00,1.323479890823364258e+00,9.684991240501403809e-01,-6.045598909258842468e-02,1.481963247060775757e-01,-3.792762756347656250e-01
1.079319044947624207e-02,-1.051138038747012615e-03,7.840779423713684082e-01,9.991133809089660645e-01,4.630196839570999146e-03,-1.354807056486606598e-02,3.959102928638458252e-02,9.597931802272796631e-02,1.377743482589721680e-01,3.933868408203125000e-01,1.218073666095733643e-01,-1.539444178342819214e-01,-1.087174937129020691e-01,1.307651847600936890e-01,-1.216937974095344543e-01,-4.935816526412963867e-01,1.193657964468002319e-01,-1.819594204425811768e-01,1.061195954680442810e-01,-3.894959762692451477e-02,-2.019947171211242676e-01,4.520233720541000366e-03,1.229571104049682617e-01,5.224432349205017090e-01,-5.198459625244140625e-01,1.033208966255187988e+00,3.230652511119842529e-01,7.322465628385543823e-02,-1.223472058773040771e-01,-2.539724588394165039e+00,-1.013800859451293945e+00,1.323437333106994629e+00,9.726307392120361328e-01,-5.845464020967483521e-02,1.479678899049758911e-01,-3.791740238666534424e-01
1.086243055760860443e-02,-1.132610486820340157e-03,7.840369343757629395e-01,9.990996718406677246e-01,4.690367262810468674e-03,-1.398501917719841003e-02,3.977705165743827820e-02,9.728060662746429443e-02,1.377184987068176270e-01,3.930305540561676025e-01,1.216752454638481140e-01,-1.547163426876068115e-01,-1.089691892266273499e-01,1.326978504657745361e-01,-1.216410472989082336e-01,-4.942426681518554688e-01,1.192981600761413574e-01,-1.832164973020553589e-01,1.060266867280006409e-01,-3.853965550661087036e-02,-2.015244960784912109e-01,5.558356177061796188e-03,1.218287199735641479e-01,5.219431519508361816e-01,-5.220959186553955078e-01,1.033530712127685547e+00,3.237998783588409424e-01,7.364422082901000977e-02,-1.224939376115798950e-01,-2.540466308593750000e+00,-1.010814189910888672e+00,1.322896480560302734e+00,9.771782159805297852e-01,-5.408232286572456360e-02,1.476040184497833252e-01,-3.785208761692047119e-01
1.086596865206956863e-02,-1.240165089257061481e-03,7.840130329132080078e-01,9.990874528884887695e-01,4.716434981673955917e-03,-1.430929172784090042e-02,3.996517136693000793e-02,9.826938062906265259e-02,1.378313452005386353e-01,3.929248452186584473e-01,1.216273978352546692e-01,-1.552192419767379761e-01,-1.091656312346458435e-01,1.344340443611145020e-01,-1.213000193238258362e-01,-4.946396946907043457e-01,1.188735887408256531e-01,-1.840502172708511353e-01,1.059678867459297180e-01,-3.838444128632545471e-02,-2.010798603296279907e-01,6.575896404683589935e-03,1.202798038721084595e-01,5.212770104408264160e-01,-5.245301127433776855e-01,1.034137487411499023e+00,3.229250013828277588e-01,7.367313653230667114e-02,-1.221702769398689270e-01,-2.541360855102539062e+00,-1.007975578308105469e+00,1.322729945182800293e+00,9.820864200592041016e-01,-4.912693798542022705e-02,1.468072235584259033e-01,-3.768048584461212158e-01
1.084251981228590012e-02,-1.375974155962467194e-03,7.840089201927185059e-01,9.990809559822082520e-01,4.717627074569463730e-03,-1.444042474031448364e-02,4.007986187934875488e-02,9.862542897462844849e-02,1.379456222057342529e-01,3.927951157093048096e-01,1.217573881149291992e-01,-1.550615578889846802e-01,-1.092046499252319336e-01,1.351284533739089966e-01,-1.209166273474693298e-01,-4.947064518928527832e-01,1.184593066573143005e-01,-1.843459755182266235e-01,1.057500094175338745e-01,-3.848091512918472290e-02,-2.006295025348663330e-01,7.167798932641744614e-03,1.189175695180892944e-01,5.205464363098144531e-01,-5.266556143760681152e-01,1.034504175186157227e+00,3.208619654178619385e-01,7.345747202634811401e-02,-1.220413446426391602e-01,-2.541445732116699219e+00,-1.005354881286621094e+00,1.322322964668273926e+00,9.863777756690979004e-01,-4.358378797769546509e-02,1.457164734601974487e-01,-3.747497200965881348e-01
1.081855967640876770e-02,-1.488383044488728046e-03,7.840135693550109863e-01,9.990727305412292480e-01,4.748216364532709122e-03,-1.439043879508972168e-02,4.029938206076622009e-02,9.809593856334686279e-02,1.378938704729080200e-01,3.923886120319366455e-01,1.220460385084152222e-01,-1.543905735015869141e-01,-1.090462431311607361e-01,1.350769996643066406e-01,-1.208286434412002563e-01,-4.950200617313385010e-01,1.181166619062423706e-01,-1.840732693672180176e-01,1.055086106061935425e-01,-3.852667659521102905e-02,-2.002006769180297852e-01,7.516672369092702866e-03,1.169221177697181702e-01,5.198957324028015137e-01,-5.289101004600524902e-01,1.034672617912292480e+00,3.182992935180664062e-01,7.329487800598144531e-02,-1.223560348153114319e-01,-2.541584968566894531e+00,-1.002675294876098633e+00,1.322702884674072266e+00,9.899268746376037598e-01,-3.895111382007598877e-02,1.452010571956634521e-01,-3.718677461147308350e-01
1.076087262481451035e-02,-1.566513790749013424e-03,7.840440273284912109e-01,9.990693330764770508e-01,4.782912787050008774e-03,-1.428357698023319244e-02,4.041711613535881042e-02,9.731374680995941162e-02,1.377339065074920654e-01,3.918005526065826416e-01,1.222219914197921753e-01,-1.534265428781509399e-01,-1.088506653904914856e-01,1.345614343881607056e-01,-1.208957657217979431e-01,-4.952156543731689453e-01,1.179635003209114075e-01,-1.835481524467468262e-01,1.054601818323135376e-01,-3.842128068208694458e-02,-1.995777189731597900e-01,7.881189696490764618e-03,1.144960224628448486e-01,5.191845893859863281e-01,-5.310883522033691406e-01,1.034175038337707520e+00,3.160422146320343018e-01,7.312284409999847412e-02,-1.226845681667327881e-01,-2.541124343872070312e+00,-9.996486306190490723e-01,1.323393702507019043e+00,9.929138422012329102e-01,-3.658271953463554382e-02,1.460449099540710449e-01,-3.681918084621429443e-01
1.065308786928653717e-02,-1.600925228558480740e-03,7.840989828109741211e-01,9.990716576576232910e-01,4.813937004655599594e-03,-1.417826768010854721e-02,4.039340466260910034e-02,9.674055874347686768e-02,1.375736743211746216e-01,3.916440010070800781e-01,1.223197132349014282e-01,-1.524680852890014648e-01,-1.088274866342544556e-01,1.340982317924499512e-01,-1.210477650165557861e-01,-4.952303171157836914e-01,1.179782003164291382e-01,-1.830902844667434692e-01,1.055487692356109619e-01,-3.833227232098579407e-02,-1.986915916204452515e-01,8.583689108490943909e-03,1.125249043107032776e-01,5.184047222137451172e-01,-5.330198407173156738e-01,1.033193588256835938e+00,3.153215348720550537e-01,7.292275875806808472e-02,-1.225063651800155640e-01,-2.540769338607788086e+00,-9.968589544296264648e-01,1.324826002120971680e+00,9.949374794960021973e-01,-3.543539345264434814e-02,1.468571275472640991e-01,-3.643527925014495850e-01
1.050362829118967056e-02,-1.579616917297244072e-03,7.841539382934570312e-01,9.990776777267456055e-01,4.833708051592111588e-03,-1.412046886980533600e-02,4.026259854435920715e-02,9.644984453916549683e-02,1.375100761651992798e-01,3.921668827533721924e-01,1.223839744925498962e-01,-1.517973095178604126e-01,-1.089257895946502686e-01,1.335633099079132080e-01,-1.211328506469726562e-01,-4.947563707828521729e-01,1.180558875203132629e-01,-1.825883090496063232e-01,1.054614260792732239e-01,-3.813073411583900452e-02,-1.975878775119781494e-01,9.543284773826599121e-03,1.114180609583854675e-01,5.177739858627319336e-01,-5.347146987915039062e-01,1.031904578208923340e+00,3.152034878730773926e-01,7.261643558740615845e-02,-1.211594641208648682e-01,-2.541048765182495117e+00,-9.943076372146606445e-01,1.327069640159606934e+00,9.959494471549987793e-01,-3.504535928368568420e-02,1.473814249038696289e-01,-3.600281476974487305e-01
1.032991241663694382e-02,-1.500577782280743122e-03,7.841826081275939941e-01,9.990855455398559570e-01,4.859613720327615738e-03,-1.408189162611961365e-02,4.007656127214431763e-02,9.635297954082489014e-02,1.374146044254302979e-01,3.930907249450683594e-01,1.224607154726982117e-01,-1.513411700725555420e-01,-1.087053045630455017e-01,1.329845041036605835e-01,-1.212677657604217529e-01,-4.940816760063171387e-01,1.181348934769630432e-01,-1.821989119052886963e-01,1.054060831665992737e-01,-3.786509856581687927e-02,-1.963711678981781006e-01,1.049833651632070541e-02,1.108730882406234741e-01,5.172851085662841797e-01,-5.359902381896972656e-01,1.030274868011474609e+00,3.158174157142639160e-01,7.234771549701690674e-02,-1.193274408578872681e-01,-2.540889263153076172e+00,-9.926942586898803711e-01,1.329235672950744629e+00,9.956133365631103516e-01,-3.489329665899276733e-02,1.477573812007904053e-01,-3.556671440601348877e-01
1.012561656534671783e-02,-1.391097321175038815e-03,7.842028141021728516e-01,9.990969300270080566e-01,4.896032158285379410e-03,-1.404808461666107178e-02,3.979917615652084351e-02,9.626989811658859253e-02,1.371957808732986450e-01,3.941364288330078125e-01,1.224812716245651245e-01,-1.512436270713806152e-01,-1.084226220846176147e-01,1.322839111089706421e-01,-1.215507462620735168e-01,-4.933377206325531006e-01,1.181240156292915344e-01,-1.817981898784637451e-01,1.053802222013473511e-01,-3.759692609310150146e-02,-1.951790750026702881e-01,1.139823254197835922e-02,1.106089651584625244e-01,5.169371366500854492e-01,-5.369057655334472656e-01,1.028424382209777832e+00,3.171506524085998535e-01,7.200594991445541382e-02,-1.179924607276916504e-01,-2.540575504302978516e+00,-9.917089939117431641e-01,1.330798745155334473e+00,9.941716194152832031e-01,-3.657412528991699219e-02,1.486970484256744385e-01,-3.518268465995788574e-01
9.891225025057792664e-03,-1.240457640960812569e-03,7.842152118682861328e-01,9.991118907928466797e-01,4.917551297694444656e-03,-1.393818389624357224e-02,3.945733234286308289e-02,9.602751582860946655e-02,1.368516534566879272e-01,3.948098123073577881e-01,1.223649531602859497e-01,-1.512326896190643311e-01,-1.080836579203605652e-01,1.312115192413330078e-01,-1.219101771712303162e-01,-4.924690425395965576e-01,1.182210072875022888e-01,-1.813553422689437866e-01,1.052240878343582153e-01,-3.748136386275291443e-02,-1.939574927091598511e-01,1.215873006731271744e-02,1.106779500842094421e-01,5.168377161026000977e-01,-5.370588302612304688e-01,1.026331424713134766e+00,3.184919953346252441e-01,7.181600481271743774e-02,-1.173129454255104065e-01,-2.540189981460571289e+00,-9.912149906158447266e-01,1.331506490707397461e+00,9.924913048744201660e-01,-4.001248627901077271e-02,1.504150182008743286e-01,-3.485226333141326904e-01
9.641664102673530579e-03,-1.031838706694543362e-03,7.842240929603576660e-01,9.991295337677001953e-01,4.924786742776632309e-03,-1.377203594893217087e-02,3.906745836138725281e-02,9.552437067031860352e-02,1.364925056695938110e-01,3.951803147792816162e-01,1.222259402275085449e-01,-1.510710716247558594e-01,-1.078590676188468933e-01,1.299012452363967896e-01,-1.222916841506958008e-01,-4.916946589946746826e-01,1.183403581380844116e-01,-1.807137578725814819e-01,1.051153317093849182e-01,-3.778451308608055115e-02,-1.928141713142395020e-01,1.276101544499397278e-02,1.114042550325393677e-01,5.169951915740966797e-01,-5.368752479553222656e-01,1.024022817611694336e+00,3.195744454860687256e-01,7.177885621786117554e-02,-1.169555932283401489e-01,-2.540497064590454102e+00,-9.909369349479675293e-01,1.331526994705200195e+00,9.907981753349304199e-01,-4.419288039207458496e-02,1.524115502834320068e-01,-3.465331792831420898e-01
9.372003376483917236e-03,-8.205786580219864845e-04,7.842330336570739746e-01,9.991462826728820801e-01,4.922958556562662125e-03,-1.358256023377180099e-02,3.870411962270736694e-02,9.487308561801910400e-02,1.362031549215316772e-01,3.957185745239257812e-01,1.220631226897239685e-01,-1.507460325956344604e-01,-1.077918186783790588e-01,1.286628991365432739e-01,-1.225451380014419556e-01,-4.910484850406646729e-01,1.184132993221282959e-01,-1.800478547811508179e-01,1.050295978784561157e-01,-3.806694224476814270e-02,-1.918555051088333130e-01,1.328782364726066589e-02,1.120235621929168701e-01,5.176203250885009766e-01,-5.368688106536865234e-01,1.022208094596862793e+00,3.205280900001525879e-01,7.214067876338958740e-02,-1.166516318917274475e-01,-2.542068243026733398e+00,-9.905797243118286133e-01,1.331355333328247070e+00,9.898759722709655762e-01,-4.850291088223457336e-02,1.541132479906082153e-01,-3.450440764427185059e-01
9.047547355294227600e-03,-6.191137945279479027e-04,7.842530608177185059e-01,9.991635084152221680e-01,4.888029769062995911e-03,-1.339744869619607925e-02,3.832618892192840576e-02,9.423919022083282471e-02,1.360715776681900024e-01,3.964493274688720703e-01,1.219492703676223755e-01,-1.505228132009506226e-01,-1.079314649105072021e-01,1.275232434272766113e-01,-1.227106153964996338e-01,-4.905980229377746582e-01,1.185144558548927307e-01,-1.794563382863998413e-01,1.049975752830505371e-01,-3.831915184855461121e-02,-1.910889297723770142e-01,1.353281456977128983e-02,1.126090586185455322e-01,5.183703303337097168e-01,-5.366980433464050293e-01,1.020900487899780273e+00,3.211387097835540771e-01,7.260149717330932617e-02,-1.158188059926033020e-01,-2.543656587600708008e+00,-9.903287291526794434e-01,1.331505894660949707e+00,9.895124435424804688e-01,-5.169700458645820618e-02,1.551056057214736938e-01,-3.438906371593475342e-01
8.675834164023399353e-03,-4.578678053803741932e-04,7.842774987220764160e-01,9.991810321807861328e-01,4.865520168095827103e-03,-1.320607494562864304e-02,3.793624043464660645e-02,9.351116418838500977e-02,1.359764486551284790e-01,3.974949419498443604e-01,1.217501983046531677e-01,-1.501313149929046631e-01,-1.082968860864639282e-01,1.264616996049880981e-01,-1.229329556226730347e-01,-4.900937676429748535e-01,1.186328306794166565e-01,-1.790152490139007568e-01,1.050587072968482971e-01,-3.848012536764144897e-02,-1.904506832361221313e-01,1.365516427904367447e-02,1.131914481520652771e-01,5.188068747520446777e-01,-5.359686613082885742e-01,1.020211935043334961e+00,3.212325572967529297e-01,7.327231019735336304e-02,-1.146395727992057800e-01,-2.544818162918090820e+00,-9.903732538223266602e-01,1.332676768302917480e+00,9.898476600646972656e-01,-5.530733987689018250e-02,1.554229408502578735e-01,-3.424620628356933594e-01
8.300458081066608429e-03,-3.378396504558622837e-04,7.842946052551269531e-01,9.992001652717590332e-01,4.842595197260379791e-03,-1.300911232829093933e-02,3.750142082571983337e-02,9.263230860233306885e-02,1.360031962394714355e-01,3.986904025077819824e-01,1.215563341975212097e-01,-1.496880650520324707e-01,-1.085578948259353638e-01,1.255030483007431030e-01,-1.230613216757774353e-01,-4.897767305374145508e-01,1.185529232025146484e-01,-1.784466505050659180e-01,1.053215563297271729e-01,-3.866657614707946777e-02,-1.900295466184616089e-01,1.370648108422756195e-02,1.137800440192222595e-01,5.188611745834350586e-01,-5.351422429084777832e-01,1.019993066787719727e+00,3.208001255989074707e-01,7.406452298164367676e-02,-1.136344224214553833e-01,-2.546375036239624023e+00,-9.905742406845092773e-01,1.334861397743225098e+00,9.907994866371154785e-01,-5.630484223365783691e-02,1.559050977230072021e-01,-3.406877517700195312e-01
7.904583588242530823e-03,-2.549517666921019554e-04,7.843142747879028320e-01,9.992191195487976074e-01,4.802835173904895782e-03,-1.280931942164897919e-02,3.706746548414230347e-02,9.172636270523071289e-02,1.361146420240402222e-01,3.995712101459503174e-01,1.214839592576026917e-01,-1.490489691495895386e-01,-1.085720956325531006e-01,1.244198456406593323e-01,-1.230482757091522217e-01,-4.892425239086151123e-01,1.183944493532180786e-01,-1.776591092348098755e-01,1.053264662623405457e-01,-3.874550014734268188e-02,-1.897650659084320068e-01,1.402030512690544128e-02,1.144657656550407410e-01,5.185619592666625977e-01,-5.341379642486572266e-01,1.019874215126037598e+00,3.198315501213073730e-01,7.450285553932189941e-02,-1.130415126681327820e-01,-2.547595977783203125e+00,-9.910835027694702148e-01,1.336855649948120117e+00,9.914143681526184082e-01,-5.646322295069694519e-02,1.561622470617294312e-01,-3.395110070705413818e-01
7.467718794941902161e-03,-1.964807452168315649e-04,7.843438982963562012e-01,9.992367625236511230e-01,4.733586218208074570e-03,-1.261904090642929077e-02,3.666323423385620117e-02,9.075462818145751953e-02,1.363207548856735229e-01,4.001824855804443359e-01,1.215914040803909302e-01,-1.486468762159347534e-01,-1.083632782101631165e-01,1.233295202255249023e-01,-1.229414045810699463e-01,-4.890149831771850586e-01,1.181205660104751587e-01,-1.767400801181793213e-01,1.051294654607772827e-01,-3.870396316051483154e-02,-1.895417273044586182e-01,1.453574094921350479e-02,1.150036603212356567e-01,5.181271433830261230e-01,-5.332577228546142578e-01,1.019552946090698242e+00,3.191688060760498047e-01,7.439242303371429443e-02,-1.126167252659797668e-01,-2.548436880111694336e+00,-9.921021461486816406e-01,1.337850332260131836e+00,9.911183118820190430e-01,-5.590952187776565552e-02,1.568282544612884521e-01,-3.391309678554534912e-01
7.020930759608745575e-03,-1.544717670185491443e-04,7.843707799911499023e-01,9.992527365684509277e-01,4.640316590666770935e-03,-1.238763425499200821e-02,3.631715103983879089e-02,8.969977498054504395e-02,1.365400105714797974e-01,4.004671275615692139e-01,1.217834427952766418e-01,-1.484571546316146851e-01,-1.080670282244682312e-01,1.218375340104103088e-01,-1.228590905666351318e-01,-4.887093901634216309e-01,1.179612502455711365e-01,-1.756842732429504395e-01,1.047964766621589661e-01,-3.850504383444786072e-02,-1.892721951007843018e-01,1.527599431574344635e-02,1.154008507728576660e-01,5.177389979362487793e-01,-5.324616432189941406e-01,1.018658876419067383e+00,3.190740048885345459e-01,7.382608950138092041e-02,-1.117881909012794495e-01,-2.548892736434936523e+00,-9.935008287429809570e-01,1.337986230850219727e+00,9.901170134544372559e-01,-5.673455819487571716e-02,1.574165672063827515e-01,-3.384380936622619629e-01
6.592901423573493958e-03,-1.277964038308709860e-04,7.843772768974304199e-01,9.992690682411193848e-01,4.538668319582939148e-03,-1.208222657442092896e-02,3.598260134458541870e-02,8.858636766672134399e-02,1.367654800415039062e-01,4.007911682128906250e-01,1.218752115964889526e-01,-1.482783257961273193e-01,-1.078545674681663513e-01,1.199720948934555054e-01,-1.227921769022941589e-01,-4.881208837032318115e-01,1.179433837532997131e-01,-1.746959686279296875e-01,1.044193282723426819e-01,-3.802578151226043701e-02,-1.890903562307357788e-01,1.592196710407733917e-02,1.153701394796371460e-01,5.174351930618286133e-01,-5.321776270866394043e-01,1.017997980117797852e+00,3.190240561962127686e-01,7.356561720371246338e-02,-1.108135133981704712e-01,-2.548797369003295898e+00,-9.948861598968505859e-01,1.338298082351684570e+00,9.890634417533874512e-01,-5.784453079104423523e-02,1.576604098081588745e-01,-3.374628424644470215e-01
6.206568330526351929e-03,-1.176743971882387996e-04,7.843731641769409180e-01,9.992869496345520020e-01,4.453628789633512497e-03,-1.174536719918251038e-02,3.560708463191986084e-02,8.760245144367218018e-02,1.369472444057464600e-01,4.012075066566467285e-01,1.218337938189506531e-01,-1.479065716266632080e-01,-1.078201010823249817e-01,1.180618852376937866e-01,-1.227613836526870728e-01,-4.873895943164825439e-01,1.180082187056541443e-01,-1.736672371625900269e-01,1.042167693376541138e-01,-3.735398501157760620e-02,-1.889807134866714478e-01,1.651725918054580688e-02,1.153245270252227783e-01,5.170024037361145020e-01,-5.322766900062561035e-01,1.017820596694946289e+00,3.196228444576263428e-01,7.391622662544250488e-02,-1.104783862829208374e-01,-2.548561334609985352e+00,-9.959738850593566895e-01,1.339543819427490234e+00,9.881497621536254883e-01,-6.002270057797431946e-02,1.576092839241027832e-01,-3.356884121894836426e-01
5.854518152773380280e-03,-1.697635743767023087e-04,7.843553423881530762e-01,9.993070960044860840e-01,4.366735927760601044e-03,-1.140373200178146362e-02,3.515948727726936340e-02,8.666414767503738403e-02,1.371551007032394409e-01,4.016467332839965820e-01,1.215738281607627869e-01,-1.474094539880752563e-01,-1.081231385469436646e-01,1.163216084241867065e-01,-1.226225122809410095e-01,-4.868534505367279053e-01,1.181533038616180420e-01,-1.729988306760787964e-01,1.039911732077598572e-01,-3.666402772068977356e-02,-1.889831572771072388e-01,1.700262725353240967e-02,1.157004684209823608e-01,5.165423154830932617e-01,-5.321923494338989258e-01,1.018106937408447266e+00,3.208854794502258301e-01,7.437435537576675415e-02,-1.109659522771835327e-01,-2.548464298248291016e+00,-9.966107010841369629e-01,1.341395616531372070e+00,9.875625967979431152e-01,-6.198947131633758545e-02,1.583038270473480225e-01,-3.335182964801788330e-01
5.560274235904216766e-03,-2.784376265481114388e-04,7.843376994132995605e-01,9.993273615837097168e-01,4.280614200979471207e-03,-1.105534378439188004e-02,3.470268845558166504e-02,8.564295619726181030e-02,1.373669356107711792e-01,4.018766283988952637e-01,1.213760673999786377e-01,-1.469163149595260620e-01,-1.085459962487220764e-01,1.147160008549690247e-01,-1.224321573972702026e-01,-4.863719642162322998e-01,1.183847934007644653e-01,-1.725637316703796387e-01,1.038385927677154541e-01,-3.607961162924766541e-02,-1.890169084072113037e-01,1.748840324580669403e-02,1.163063049316406250e-01,5.159884095191955566e-01,-5.318457484245300293e-01,1.018758058547973633e+00,3.219366967678070068e-01,7.466001808643341064e-02,-1.116460636258125305e-01,-2.548795938491821289e+00,-9.972201585769653320e-01,1.343735218048095703e+00,9.870923161506652832e-01,-6.326151639223098755e-02,1.588340103626251221e-01,-3.307731151580810547e-01
5.312808323651552200e-03,-3.933958942070603371e-04,7.843160033226013184e-01,9.993482232093811035e-01,4.198760259896516800e-03,-1.073814649134874344e-02,3.420714661478996277e-02,8.488173782825469971e-02,1.376140117645263672e-01,4.021968245506286621e-01,1.211352720856666565e-01,-1.464383453130722046e-01,-1.089793592691421509e-01,1.133424341678619385e-01,-1.221714317798614502e-01,-4.857656955718994141e-01,1.186873465776443481e-01,-1.722882390022277832e-01,1.036219522356987000e-01,-3.562868759036064148e-02,-1.891759932041168213e-01,1.791697368025779724e-02,1.170220673084259033e-01,5.154082775115966797e-01,-5.313621163368225098e-01,1.019656062126159668e+00,3.225326240062713623e-01,7.483514398336410522e-02,-1.120807752013206482e-01,-2.548702478408813477e+00,-9.981764554977416992e-01,1.344383239746093750e+00,9.863758087158203125e-01,-6.452367454767227173e-02,1.597696840763092041e-01,-3.278941512107849121e-01
5.127221345901489258e-03,-5.013590562157332897e-04,7.842988371849060059e-01,9.993705749511718750e-01,4.124001599848270416e-03,-1.049310155212879181e-02,3.363389149308204651e-02,8.446761220693588257e-02,1.379264146089553833e-01,4.028170108795166016e-01,1.210519894957542419e-01,-1.463162899017333984e-01,-1.093034744262695312e-01,1.121657118201255798e-01,-1.218765303492546082e-01,-4.848877191543579102e-01,1.189281940460205078e-01,-1.719918102025985718e-01,1.033203676342964172e-01,-3.527294471859931946e-02,-1.894601136445999146e-01,1.833304949104785919e-02,1.181027963757514954e-01,5.149775743484497070e-01,-5.306941866874694824e-01,1.020539522171020508e+00,3.226954936981201172e-01,7.489643990993499756e-02,-1.122335419058799744e-01,-2.547614812850952148e+00,-9.993903040885925293e-01,1.343308687210083008e+00,9.847915768623352051e-01,-6.394139677286148071e-02,1.598808765411376953e-01,-3.264911472797393799e-01
5.019025411456823349e-03,-6.221667863428592682e-04,7.842916250228881836e-01,9.993890523910522461e-01,4.080829210579395294e-03,-1.029213704168796539e-02,3.315066173672676086e-02,8.408116549253463745e-02,1.381811946630477905e-01,4.033453464508056641e-01,1.209300905466079712e-01,-1.462847441434860229e-01,-1.094686612486839294e-01,1.110996752977371216e-01,-1.216708049178123474e-01,-4.841568470001220703e-01,1.190980896353721619e-01,-1.719746440649032593e-01,1.030967459082603455e-01,-3.497941792011260986e-02,-1.898487508296966553e-01,1.869161427021026611e-02,1.190491542220115662e-01,5.147500634193420410e-01,-5.303344130516052246e-01,1.021402955055236816e+00,3.224215209484100342e-01,7.504749298095703125e-02,-1.127144098281860352e-01,-2.546461105346679688e+00,-9.999648332595825195e-01,1.340585708618164062e+00,9.833034873008728027e-01,-6.143727898597717285e-02,1.601169109344482422e-01,-3.253434002399444580e-01
4.962363746017217636e-03,-7.243453292176127434e-04,7.842933535575866699e-01,9.994086027145385742e-01,4.048253875225782394e-03,-1.010803226381540298e-02,3.261734172701835632e-02,8.375936001539230347e-02,1.383073031902313232e-01,4.039125144481658936e-01,1.208234727382659912e-01,-1.464031338691711426e-01,-1.094941571354866028e-01,1.100922152400016785e-01,-1.215429976582527161e-01,-4.832458496093750000e-01,1.192101314663887024e-01,-1.719031929969787598e-01,1.028030887246131897e-01,-3.466876596212387085e-02,-1.902799755334854126e-01,1.900402829051017761e-02,1.199691072106361389e-01,5.145916938781738281e-01,-5.295997262001037598e-01,1.021865367889404297e+00,3.219683170318603516e-01,7.492936402559280396e-02,-1.131413057446479797e-01,-2.544940233230590820e+00,-1.000954866409301758e+00,1.338086843490600586e+00,9.808488488197326660e-01,-5.742982029914855957e-02,1.592602580785751343e-01,-3.251360058784484863e-01
4.912841133773326874e-03,-8.252012776210904121e-04,7.842796444892883301e-01,9.994261860847473145e-01,4.032450728118419647e-03,-9.982853196561336517e-03,3.211474418640136719e-02,8.360061049461364746e-02,1.383666545152664185e-01,4.041802883148193359e-01,1.207471936941146851e-01,-1.465171426534652710e-01,-1.092948764562606812e-01,1.093608289957046509e-01,-1.214326843619346619e-01,-4.822418987751007080e-01,1.192470788955688477e-01,-1.719726026058197021e-01,1.027139052748680115e-01,-3.434949740767478943e-02,-1.906526088714599609e-01,1.934661902487277985e-02,1.208232939243316650e-01,5.144246220588684082e-01,-5.285758376121520996e-01,1.021552205085754395e+00,3.222825229167938232e-01,7.485812902450561523e-02,-1.136325299739837646e-01,-2.543317794799804688e+00,-1.002069950103759766e+00,1.335212230682373047e+00,9.782918095588684082e-01,-5.324498191475868225e-02,1.582911610603332520e-01,-3.244195282459259033e-01
4.857473075389862061e-03,-9.342253906652331352e-04,7.842495441436767578e-01,9.994387626647949219e-01,3.976689185947179794e-03,-9.965215809643268585e-03,3.173372521996498108e-02,8.372081816196441650e-02,1.386117488145828247e-01,4.045621752738952637e-01,1.206307038664817810e-01,-1.468975692987442017e-01,-1.093563064932823181e-01,1.091931164264678955e-01,-1.210584193468093872e-01,-4.814237058162689209e-01,1.191099211573600769e-01,-1.721727699041366577e-01,1.025884822010993958e-01,-3.418064862489700317e-02,-1.909325569868087769e-01,1.978565938770771027e-02,1.218457072973251343e-01,5.144472122192382812e-01,-5.272419452667236328e-01,1.021170616149902344e+00,3.227912485599517822e-01,7.477015256881713867e-02,-1.138184666633605957e-01,-2.542455911636352539e+00,-1.002863168716430664e+00,1.333015441894531250e+00,9.761735200881958008e-01,-4.852776601910591125e-02,1.575848907232284546e-01,-3.233093321323394775e-01
4.784252494573593140e-03,-1.054573338478803635e-03,7.842327356338500977e-01,9.994478821754455566e-01,3.909976221621036530e-03,-9.998058900237083435e-03,3.144193813204765320e-02,8.392480015754699707e-02,1.389187574386596680e-01,4.049409627914428711e-01,1.205576211214065552e-01,-1.473304629325866699e-01,-1.093511953949928284e-01,1.090810671448707581e-01,-1.206369474530220032e-01,-4.806965291500091553e-01,1.189996302127838135e-01,-1.723977774381637573e-01,1.024590730667114258e-01,-3.403778001666069031e-02,-1.909983456134796143e-01,2.023871429264545441e-02,1.225316002964973450e-01,5.146963596343994141e-01,-5.264148116111755371e-01,1.020737886428833008e+00,3.228524029254913330e-01,7.487109303474426270e-02,-1.137933507561683655e-01,-2.542088508605957031e+00,-1.003358125686645508e+00,1.330465316772460938e+00,9.750335216522216797e-01,-4.472868517041206360e-02,1.572401672601699829e-01,-3.213327527046203613e-01
4.690741654485464096e-03,-1.149843912571668625e-03,7.842066884040832520e-01,9.994578957557678223e-01,3.838461125269532204e-03,-1.001382805407047272e-02,3.112882375717163086e-02,8.414421975612640381e-02,1.392401903867721558e-01,4.054755866527557373e-01,1.204950138926506042e-01,-1.477665007114410400e-01,-1.092643067240715027e-01,1.087640374898910522e-01,-1.202330663800239563e-01,-4.799945354461669922e-01,1.190687194466590881e-01,-1.727482080459594727e-01,1.020771786570549011e-01,-3.394029289484024048e-02,-1.909632384777069092e-01,2.068545110523700714e-02,1.228395998477935791e-01,5.151780843734741211e-01,-5.261036753654479980e-01,1.020288467407226562e+00,3.218814730644226074e-01,7.491461932659149170e-02,-1.139952316880226135e-01,-2.541522026062011719e+00,-1.003343582153320312e+00,1.327456951141357422e+00,9.751427769660949707e-01,-4.203094169497489929e-02,1.569333225488662720e-01,-3.187921345233917236e-01
4.535668063908815384e-03,-1.183918328024446964e-03,7.841690182685852051e-01,9.994735717773437500e-01,3.785340813919901848e-03,-1.001087669283151627e-02,3.062857687473297119e-02,8.438140898942947388e-02,1.394489258527755737e-01,4.060393273830413818e-01,1.204184889793395996e-01,-1.483153849840164185e-01,-1.089850813150405884e-01,1.082923859357833862e-01,-1.199616715312004089e-01,-4.792366623878479004e-01,1.192904114723205566e-01,-1.730703115463256836e-01,1.016573309898376465e-01,-3.369351848959922791e-02,-1.907609999179840088e-01,2.130108140408992767e-02,1.226310431957244873e-01,5.156843662261962891e-01,-5.266488790512084961e-01,1.019710302352905273e+00,3.193868398666381836e-01,7.487596571445465088e-02,-1.138693839311599731e-01,-2.540406227111816406e+00,-1.003030300140380859e+00,1.323015570640563965e+00,9.752282500267028809e-01,-4.003586620092391968e-02,1.569098532199859619e-01,-3.155414164066314697e-01
4.298286512494087219e-03,-1.108082593418657780e-03,7.841280102729797363e-01,9.994916319847106934e-01,3.777860663831233978e-03,-1.003355439752340317e-02,3.002532757818698883e-02,8.461172878742218018e-02,1.395384073257446289e-01,4.069185256958007812e-01,1.202838718891143799e-01,-1.487201005220413208e-01,-1.083602085709571838e-01,1.078635156154632568e-01,-1.198836714029312134e-01,-4.785266816616058350e-01,1.196132153272628784e-01,-1.733514815568923950e-01,1.014073267579078674e-01,-3.343972563743591309e-02,-1.904373914003372192e-01,2.231304720044136047e-02,1.219137459993362427e-01,5.162821412086486816e-01,-5.281955003738403320e-01,1.019142866134643555e+00,3.161438405513763428e-01,7.477134466171264648e-02,-1.134379208087921143e-01,-2.538604021072387695e+00,-1.002268314361572266e+00,1.318245887756347656e+00,9.744454622268676758e-01,-3.673556447029113770e-02,1.571881175041198730e-01,-3.122424185276031494e-01
3.954464569687843323e-03,-9.329506428912281990e-04,7.840840816497802734e-01,9.995091557502746582e-01,3.782469313591718674e-03,-9.975504130125045776e-03,2.945475839078426361e-02,8.444733917713165283e-02,1.394290328025817871e-01,4.077846407890319824e-01,1.202784925699234009e-01,-1.488958001136779785e-01,-1.075935065746307373e-01,1.071092113852500916e-01,-1.199832186102867126e-01,-4.776239395141601562e-01,1.198739707469940186e-01,-1.732102334499359131e-01,1.012028381228446960e-01,-3.317963704466819763e-02,-1.898064315319061279e-01,2.376619912683963776e-02,1.208800598978996277e-01,5.169168710708618164e-01,-5.300027132034301758e-01,1.018625974655151367e+00,3.133171498775482178e-01,7.433178275823593140e-02,-1.131326407194137573e-01,-2.535664319992065430e+00,-1.001855611801147461e+00,1.313365101814270020e+00,9.720817804336547852e-01,-3.329971805214881897e-02,1.565439105033874512e-01,-3.089868724346160889e-01
3.457521554082632065e-03,-6.671305745840072632e-04,7.840759158134460449e-01,9.995279908180236816e-01,3.786363638937473297e-03,-9.853770025074481964e-03,2.885115891695022583e-02,8.380451798439025879e-02,1.391382962465286255e-01,4.089165627956390381e-01,1.203785017132759094e-01,-1.489325612783432007e-01,-1.066431850194931030e-01,1.058545336127281189e-01,-1.202009096741676331e-01,-4.763531684875488281e-01,1.199395507574081421e-01,-1.722697764635086060e-01,1.011234000325202942e-01,-3.263878077268600464e-02,-1.887286603450775146e-01,2.569957822561264038e-02,1.194439977407455444e-01,5.177667140960693359e-01,-5.319262146949768066e-01,1.017360568046569824e+00,3.111127018928527832e-01,7.373549789190292358e-02,-1.126832664012908936e-01,-2.531924486160278320e+00,-1.001600503921508789e+00,1.307812690734863281e+00,9.670035839080810547e-01,-3.134174644947052002e-02,1.562930196523666382e-01,-3.060069382190704346e-01
2.809877041727304459e-03,-3.339520189911127090e-04,7.840948104858398438e-01,9.995492100715637207e-01,3.796834964305162430e-03,-9.695749729871749878e-03,2.815824188292026520e-02,8.264941722154617310e-02,1.387380659580230713e-01,4.103310406208038330e-01,1.206400170922279358e-01,-1.488593667745590210e-01,-1.055942922830581665e-01,1.040349006652832031e-01,-1.206490546464920044e-01,-4.747672379016876221e-01,1.198044419288635254e-01,-1.707049161195755005e-01,1.012450680136680603e-01,-3.176104649901390076e-02,-1.870607882738113403e-01,2.818361856043338776e-02,1.175636798143386841e-01,5.187166333198547363e-01,-5.344153642654418945e-01,1.015371918678283691e+00,3.098553121089935303e-01,7.312312722206115723e-02,-1.122237592935562134e-01,-2.526457548141479492e+00,-1.000833511352539062e+00,1.299987673759460449e+00,9.599521756172180176e-01,-3.159929066896438599e-02,1.565809845924377441e-01,-3.026342093944549561e-01
2.017031423747539520e-03,5.709179094992578030e-05,7.841345667839050293e-01,9.995707869529724121e-01,3.809020388871431351e-03,-9.525462985038757324e-03,2.743994630873203278e-02,8.119316399097442627e-02,1.382567435503005981e-01,4.119633436203002930e-01,1.210184991359710693e-01,-1.487186551094055176e-01,-1.044119298458099365e-01,1.016797050833702087e-01,-1.213112846016883850e-01,-4.731776714324951172e-01,1.197692528367042542e-01,-1.690025180578231812e-01,1.014443710446357727e-01,-3.062701784074306488e-02,-1.847399622201919556e-01,3.127217292785644531e-02,1.153886690735816956e-01,5.195202827453613281e-01,-5.373569130897521973e-01,1.012601017951965332e+00,3.093672990798950195e-01,7.248499989509582520e-02,-1.117714643478393555e-01,-2.519054412841796875e+00,-9.995936155319213867e-01,1.290284395217895508e+00,9.506971240043640137e-01,-3.474874049425125122e-02,1.576067507266998291e-01,-2.990024685859680176e-01
1.094008679501712322e-03,4.846347146667540073e-04,7.841580510139465332e-01,9.995948672294616699e-01,3.819992765784263611e-03,-9.307533502578735352e-03,2.662391029298305511e-02,7.963614165782928467e-02,1.377920955419540405e-01,4.136354625225067139e-01,1.214365065097808838e-01,-1.484727710485458374e-01,-1.032879576086997986e-01,9.882920235395431519e-02,-1.220887899398803711e-01,-4.716074764728546143e-01,1.198785826563835144e-01,-1.673873811960220337e-01,1.016503497958183289e-01,-2.924102731049060822e-02,-1.817310154438018799e-01,3.488274291157722473e-02,1.130920723080635071e-01,5.201645493507385254e-01,-5.409222245216369629e-01,1.008909940719604492e+00,3.095920085906982422e-01,7.151623815298080444e-02,-1.111752167344093323e-01,-2.507737636566162109e+00,-9.983082413673400879e-01,1.277725219726562500e+00,9.395457506179809570e-01,-3.875698149204254150e-02,1.592734903097152710e-01,-2.942473590373992920e-01
5.866679566679522395e-05,9.669888531789183617e-04,7.841584086418151855e-01,9.996208548545837402e-01,3.858634503558278084e-03,-9.040397591888904572e-03,2.572135254740715027e-02,7.796832919120788574e-02,1.372747421264648438e-01,4.153755605220794678e-01,1.218084096908569336e-01,-1.481563448905944824e-01,-1.022797748446464539e-01,9.558909386396408081e-02,-1.229773387312889099e-01,-4.701972305774688721e-01,1.200395375490188599e-01,-1.659441590309143066e-01,1.017828583717346191e-01,-2.750609256327152252e-02,-1.781435310840606689e-01,3.898038715124130249e-02,1.106661483645439148e-01,5.207301378250122070e-01,-5.447402596473693848e-01,1.004572868347167969e+00,3.096868991851806641e-01,7.018837332725524902e-02,-1.104648634791374207e-01,-2.490925073623657227e+00,-9.971970319747924805e-01,1.261623024940490723e+00,9.260686635971069336e-01,-4.254590719938278198e-02,1.610860526561737061e-01,-2.872592806816101074e-01
-1.062400056980550289e-03,1.542926067486405373e-03,7.841453552246093750e-01,9.996473193168640137e-01,3.923753742128610611e-03,-8.658452890813350677e-03,2.479590661823749542e-02,7.587924599647521973e-02,1.366855800151824951e-01,4.170378744602203369e-01,1.222352981567382812e-01,-1.478114724159240723e-01,-1.012794151902198792e-01,9.180909395217895508e-02,-1.239350661635398865e-01,-4.685539901256561279e-01,1.201376542448997498e-01,-1.645766645669937134e-01,1.019225344061851501e-01,-2.524664998054504395e-02,-1.740107089281082153e-01,4.342727363109588623e-02,1.078964173793792725e-01,5.213114619255065918e-01,-5.483475327491760254e-01,9.991232752799987793e-01,3.089798390865325928e-01,6.840312480926513672e-02,-1.095952391624450684e-01,-2.466923475265502930e+00,-9.973040223121643066e-01,1.240670204162597656e+00,9.082269668579101562e-01,-4.578474909067153931e-02,1.633369177579879761e-01,-2.764050662517547607e-01
-2.236719708889722824e-03,2.194836270064115524e-03,7.841314673423767090e-01,9.996730685234069824e-01,3.969191107898950577e-03,-8.180458098649978638e-03,2.389557287096977234e-02,7.349745184183120728e-02,1.361706256866455078e-01,4.187981188297271729e-01,1.228010952472686768e-01,-1.477394402027130127e-01,-1.003598645329475403e-01,8.764719218015670776e-02,-1.249104216694831848e-01,-4.667038023471832275e-01,1.201815232634544373e-01,-1.633779406547546387e-01,1.019610464572906494e-01,-2.242672070860862732e-02,-1.695071160793304443e-01,4.782830551266670227e-02,1.050136685371398926e-01,5.218820571899414062e-01,-5.512335300445556641e-01,9.926047921180725098e-01,3.071407973766326904e-01,6.606140732765197754e-02,-1.087120696902275085e-01,-2.434517145156860352e+00,-9.994015693664550781e-01,1.213634610176086426e+00,8.852084875106811523e-01,-5.050805956125259399e-02,1.656553596258163452e-01,-2.623466551303863525e-01
-3.444497240707278252e-03,2.892699791118502617e-03,7.841104269027709961e-01,9.996922612190246582e-01,4.011578392237424850e-03,-7.701764814555644989e-03,2.323643676936626434e-02,7.111970335245132446e-02,1.357787251472473145e-01,4.208079874515533447e-01,1.235586032271385193e-01,-1.478784680366516113e-01,-9.963273257017135620e-02,8.393110334873199463e-02,-1.260342597961425781e-01,-4.655407071113586426e-01,1.200719550251960754e-01,-1.625823974609375000e-01,1.021737530827522278e-01,-1.921015605330467224e-02,-1.648705750703811646e-01,5.207629129290580750e-02,1.020799577236175537e-01,5.220546722412109375e-01,-5.542328953742980957e-01,9.860140085220336914e-01,3.050182163715362549e-01,6.343482434749603271e-02,-1.081377491354942322e-01,-2.393649339675903320e+00,-1.003175973892211914e+00,1.180932283401489258e+00,8.585024476051330566e-01,-5.813931673765182495e-02,1.687672436237335205e-01,-2.433121055364608765e-01
-4.695820622146129608e-03,3.592978930100798607e-03,7.840989828109741211e-01,9.997076392173767090e-01,4.017308354377746582e-03,-7.255590055137872696e-03,2.271129749715328217e-02,6.886371225118637085e-02,1.356778293848037720e-01,4.234338700771331787e-01,1.248550564050674438e-01,-1.483111977577209473e-01,-9.880363941192626953e-02,8.088260143995285034e-02,-1.270579397678375244e-01,-4.647749364376068115e-01,1.199169307947158813e-01,-1.619794666767120361e-01,1.027943342924118042e-01,-1.578245311975479126e-02,-1.603197008371353149e-01,5.591116845607757568e-02,9.963395446538925171e-02,5.215526819229125977e-01,-5.566881299018859863e-01,9.792422652244567871e-01,3.025110363960266113e-01,6.033334136009216309e-02,-1.077592894434928894e-01,-2.342812776565551758e+00,-1.009145259857177734e+00,1.142023563385009766e+00,8.269388675689697266e-01,-6.919897347688674927e-02,1.717587858438491821e-01,-2.205601483583450317e-01
-5.892447195947170258e-03,4.127467516809701920e-03,7.841353416442871094e-01,9.997267723083496094e-01,4.031040240079164505e-03,-6.889854092150926590e-03,2.196996100246906281e-02,6.705773621797561646e-02,1.358046382665634155e-01,4.260034859180450439e-01,1.268701255321502686e-01,-1.492119729518890381e-01,-9.748103469610214233e-02,7.839507609605789185e-02,-1.277627497911453247e-01,-4.633839726448059082e-01,1.198643371462821960e-01,-1.614691913127899170e-01,1.035668179392814636e-01,-1.244618184864521027e-02,-1.564919352531433105e-01,5.891403928399085999e-02,9.862970560789108276e-02,5.204728245735168457e-01,-5.581886768341064453e-01,9.732893109321594238e-01,2.997970283031463623e-01,5.603493377566337585e-02,-1.079859361052513123e-01,-2.282892942428588867e+00,-1.016479492187500000e+00,1.097473621368408203e+00,7.908883094787597656e-01,-8.267681300640106201e-02,1.729900836944580078e-01,-1.968727856874465942e-01
-6.920299492776393890e-03,4.433108493685722351e-03,7.843511700630187988e-01,9.997581243515014648e-01,4.173294641077518463e-03,-6.441797595471143723e-03,2.061257511377334595e-02,6.543218344449996948e-02,1.361368000507354736e-01,4.288240969181060791e-01,1.292021721601486206e-01,-1.510168164968490601e-01,-9.595023840665817261e-02,7.529310137033462524e-02,-1.281924098730087280e-01,-4.598617851734161377e-01,1.199339032173156738e-01,-1.606553941965103149e-01,1.035704389214515686e-01,-9.127137251198291779e-03,-1.532836407423019409e-01,6.092834472656250000e-02,9.913269430398941040e-02,5.188583731651306152e-01,-5.576255321502685547e-01,9.687358736991882324e-01,2.960855364799499512e-01,5.093010142445564270e-02,-1.100450009107589722e-01,-2.216927528381347656e+00,-1.020210027694702148e+00,1.052238941192626953e+00,7.578299045562744141e-01,-9.185894578695297241e-02,1.709272861480712891e-01,-1.768572181463241577e-01
