1.789086870849132538e-02,5.015796981751918793e-03,7.891252636909484863e-01,9.999665021896362305e-01,4.118726588785648346e-03,-4.871946759521961212e-03,5.126640200614929199e-03,7.555472850799560547e-02,1.376350224018096924e-01,4.273622930049896240e-01,1.243423819541931152e-01,-1.408189535140991211e-01,-1.122237145900726318e-01,3.159522637724876404e-02,-1.345272809267044067e-01,-2.807998061180114746e-01,1.487383842468261719e-01,-1.485010981559753418e-01,1.020932868123054504e-01,-7.312137633562088013e-02,-1.456068828701972961e-02,1.553664505481719971e-01,-3.268435597419738770e-02,2.712314426898956299e-01,-6.239719986915588379e-01,1.129175424575805664e+00,1.790064424276351929e-01,7.526889443397521973e-03,2.575737051665782928e-02,-1.559793949127197266e-01,-2.434197217226028442e-01,7.781495451927185059e-01,1.182001829147338867e+00,-2.265972942113876343e-01,-3.066134080290794373e-02,-1.717217266559600830e-02
1.843850687146186829e-02,4.789586644619703293e-03,7.893443703651428223e-01,9.999762177467346191e-01,4.360952880233526230e-03,-3.615989116951823235e-03,3.924506716430187225e-03,7.455296814441680908e-02,1.374858915805816650e-01,4.299488067626953125e-01,1.225989907979965210e-01,-1.414140164852142334e-01,-1.129034832119941711e-01,3.034810349345207214e-02,-1.341392844915390015e-01,-2.795184850692749023e-01,1.477921158075332642e-01,-1.481344848871231079e-01,1.027373299002647400e-01,-7.538037002086639404e-02,-1.395768299698829651e-02,1.579226255416870117e-01,-3.564976900815963745e-02,2.733091115951538086e-01,-6.270202398300170898e-01,1.120215892791748047e+00,1.823222637176513672e-01,9.839897044003009796e-03,2.273671887814998627e-02,-1.547681838274002075e-01,-2.456448376178741455e-01,7.731291651725769043e-01,1.177701473236083984e+00,-2.221794575452804565e-01,-3.094491176307201385e-02,-1.634644344449043274e-02
1.876681856811046600e-02,4.309949930757284164e-03,7.895219326019287109e-01,9.999845623970031738e-01,4.526670556515455246e-03,-1.398199354298412800e-03,2.911278745159506798e-03,7.135196775197982788e-02,1.376033723354339600e-01,4.323747158050537109e-01,1.210923269391059875e-01,-1.396656483411788940e-01,-1.125067770481109619e-01,2.636350505053997040e-02,-1.334372162818908691e-01,-2.772113084793090820e-01,1.466347426176071167e-01,-1.473911404609680176e-01,1.024183109402656555e-01,-8.040755242109298706e-02,-1.446072012186050415e-02,1.629944294691085815e-01,-4.181667044758796692e-02,2.771866321563720703e-01,-6.292822360992431641e-01,1.106302738189697266e+00,1.887711733579635620e-01,1.030765753239393234e-02,2.132803574204444885e-02,-1.541448831558227539e-01,-2.478891909122467041e-01,7.685870528221130371e-01,1.172051787376403809e+00,-2.154859453439712524e-01,-3.206835314631462097e-02,-1.711343973875045776e-02
1.868808455765247345e-02,3.666903357952833176e-03,7.898404598236083984e-01,9.999852776527404785e-01,4.658054094761610031e-03,2.269452437758445740e-03,1.607052399776875973e-03,6.466127932071685791e-02,1.380489766597747803e-01,4.349459409713745117e-01,1.194613948464393616e-01,-1.362313777208328247e-01,-1.117163524031639099e-01,1.849740557372570038e-02,-1.316922158002853394e-01,-2.733114957809448242e-01,1.438606083393096924e-01,-1.447196602821350098e-01,1.009483411908149719e-01,-8.743546903133392334e-02,-1.779714412987232208e-02,1.707174479961395264e-01,-5.271457880735397339e-02,2.834151089191436768e-01,-6.299774646759033203e-01,1.090052127838134766e+00,1.942360103130340576e-01,1.175183989107608795e-02,2.337824925780296326e-02,-1.546964198350906372e-01,-2.489105015993118286e-01,7.652689814567565918e-01,1.165301799774169922e+00,-2.084996700286865234e-01,-3.341333568096160889e-02,-1.820678450167179108e-02
1.799271441996097565e-02,2.882250119000673294e-03,7.903527021408081055e-01,9.999592304229736328e-01,4.661493469029664993e-03,7.727692369371652603e-03,-1.036241810652427375e-04,5.325911939144134521e-02,1.390313953161239624e-01,4.380550086498260498e-01,1.172267496585845947e-01,-1.309376209974288940e-01,-1.106529757380485535e-01,5.296741612255573273e-03,-1.287567764520645142e-01,-2.679024934768676758e-01,1.393192708492279053e-01,-1.392162144184112549e-01,9.813388437032699585e-02,-9.576226025819778442e-02,-2.439147979021072388e-02,1.824491918087005615e-01,-7.173942029476165771e-02,2.912900447845458984e-01,-6.270564794540405273e-01,1.072715282440185547e+00,1.932660788297653198e-01,1.335814036428928375e-02,2.927156537771224976e-02,-1.564056575298309326e-01,-2.489187866449356079e-01,7.636347413063049316e-01,1.155894517898559570e+00,-2.039819061756134033e-01,-3.486707434058189392e-02,-1.934126950800418854e-02
1.657095178961753845e-02,1.948513556271791458e-03,7.910261154174804688e-01,9.998665452003479004e-01,4.553358070552349091e-03,1.551755145192146301e-02,-2.318346640095114708e-03,3.551821410655975342e-02,1.406146287918090820e-01,4.421941637992858887e-01,1.143697872757911682e-01,-1.235070005059242249e-01,-1.092171072959899902e-01,-1.461747940629720688e-02,-1.248077601194381714e-01,-2.617025375366210938e-01,1.329546421766281128e-01,-1.306425034999847412e-01,9.396626055240631104e-02,-1.063325479626655579e-01,-3.464166820049285889e-02,1.999433040618896484e-01,-1.016433462500572205e-01,3.012980222702026367e-01,-6.212644577026367188e-01,1.053426265716552734e+00,1.865343153476715088e-01,1.369801256805658340e-02,3.841065242886543274e-02,-1.596000343561172485e-01,-2.486984729766845703e-01,7.644116282463073730e-01,1.141475558280944824e+00,-2.033810019493103027e-01,-3.760107606649398804e-02,-2.173677086830139160e-02
1.437144540250301361e-02,9.473755490034818649e-04,7.917388677597045898e-01,9.996503591537475586e-01,4.516773391515016556e-03,2.552800253033638000e-02,-5.203955341130495071e-03,1.096076797693967819e-02,1.424862295389175415e-01,4.478271901607513428e-01,1.115493699908256531e-01,-1.142585128545761108e-01,-1.069044545292854309e-01,-4.164597019553184509e-02,-1.208821609616279602e-01,-2.552627623081207275e-01,1.263878047466278076e-01,-1.198628023266792297e-01,8.879266679286956787e-02,-1.190213784575462341e-01,-4.793137684464454651e-02,2.234476655721664429e-01,-1.424949914216995239e-01,3.130548596382141113e-01,-6.143533587455749512e-01,1.032723188400268555e+00,1.780113875865936279e-01,1.166168600320816040e-02,5.074680596590042114e-02,-1.639752537012100220e-01,-2.487427890300750732e-01,7.648249864578247070e-01,1.122650623321533203e+00,-2.052615433931350708e-01,-4.222490265965461731e-02,-2.640995942056179047e-02
1.129538286477327347e-02,-2.686775405891239643e-05,7.923799753189086914e-01,9.992560744285583496e-01,4.698548000305891037e-03,3.725034371018409729e-02,-8.810132741928100586e-03,-1.931473985314369202e-02,1.442214995622634888e-01,4.549864232540130615e-01,1.093525961041450500e-01,-1.034194529056549072e-01,-1.030857339501380920e-01,-7.515131682157516479e-02,-1.175549775362014771e-01,-2.479604780673980713e-01,1.210900843143463135e-01,-1.075442209839820862e-01,8.332132548093795776e-02,-1.335004866123199463e-01,-6.429682672023773193e-02,2.542291283607482910e-01,-1.948532164096832275e-01,3.267982304096221924e-01,-6.066986322402954102e-01,1.009949088096618652e+00,1.696390360593795776e-01,6.186037790030241013e-03,6.623898446559906006e-02,-1.683471351861953735e-01,-2.491230815649032593e-01,7.614659070968627930e-01,1.101357221603393555e+00,-2.054773569107055664e-01,-4.815259948372840881e-02,-3.440164029598236084e-02
7.367128971964120865e-03,-7.578005897812545300e-04,7.928285598754882812e-01,9.986706376075744629e-01,5.157133098691701889e-03,4.975895583629608154e-02,-1.242682337760925293e-02,-5.297529697418212891e-02,1.455866098403930664e-01,4.619931280612945557e-01,1.085451990365982056e-01,-9.162828326225280762e-02,-9.794230759143829346e-02,-1.127542778849601746e-01,-1.154218688607215881e-01,-2.406643182039260864e-01,1.181425005197525024e-01,-9.492522478103637695e-02,7.807523012161254883e-02,-1.496978700160980225e-01,-8.363290876150131226e-02,2.932097017765045166e-01,-2.584141194820404053e-01,3.428097665309906006e-01,-5.972434282302856445e-01,9.880208969116210938e-01,1.648914813995361328e-01,-3.798645222559571266e-03,8.443138003349304199e-02,-1.719461381435394287e-01,-2.495549768209457397e-01,7.534518837928771973e-01,1.079409003257751465e+00,-1.981308907270431519e-01,-5.449193716049194336e-02,-4.500643908977508545e-02
2.905147615820169449e-03,-1.397227635607123375e-03,7.930318117141723633e-01,9.979047179222106934e-01,5.846780724823474884e-03,6.263079494237899780e-02,-1.514411531388759613e-02,-8.875792473554611206e-02,1.462901979684829712e-01,4.664561152458190918e-01,1.091488376259803772e-01,-7.907661050558090210e-02,-9.245289117097854614e-02,-1.523361206054687500e-01,-1.148472055792808533e-01,-2.357750385999679565e-01,1.179108247160911560e-01,-8.280325680971145630e-02,7.313241809606552124e-02,-1.683678030967712402e-01,-1.050759032368659973e-01,3.389938175678253174e-01,-3.337746262550354004e-01,3.605230152606964111e-01,-5.840599536895751953e-01,9.735377430915832520e-01,1.678346544504165649e-01,-1.623149216175079346e-02,1.026521995663642883e-01,-1.740394532680511475e-01,-2.500464618206024170e-01,7.404734492301940918e-01,1.056532979011535645e+00,-1.806524395942687988e-01,-6.187705695629119873e-02,-5.698313936591148376e-02
-1.845777034759521484e-03,-1.857777126133441925e-03,7.930091023445129395e-01,9.969353079795837402e-01,6.477496121078729630e-03,7.613153010606765747e-02,-1.679566875100135803e-02,-1.257916241884231567e-01,1.470690220594406128e-01,4.685669243335723877e-01,1.099758818745613098e-01,-6.616255640983581543e-02,-8.755677938461303711e-02,-1.934786140918731689e-01,-1.147541552782058716e-01,-2.328442782163619995e-01,1.197851151227951050e-01,-7.151927053928375244e-02,6.720782816410064697e-02,-1.890642642974853516e-01,-1.268351823091506958e-01,3.886249959468841553e-01,-4.226148426532745361e-01,3.795055747032165527e-01,-5.656132102012634277e-01,9.689447283744812012e-01,1.794683933258056641e-01,-2.913496270775794983e-02,1.152502521872520447e-01,-1.737229973077774048e-01,-2.510687410831451416e-01,7.255199551582336426e-01,1.031912803649902344e+00,-1.565827578306198120e-01,-7.154718786478042603e-02,-6.861264258623123169e-02
-6.542258895933628082e-03,-2.224245574325323105e-03,7.928441166877746582e-01,9.956902861595153809e-01,6.895701400935649872e-03,9.075973182916641235e-02,-1.777509599924087524e-02,-1.637671291828155518e-01,1.478890031576156616e-01,4.691133797168731689e-01,1.094315126538276672e-01,-5.273026227951049805e-02,-8.366173505783081055e-02,-2.350092977285385132e-01,-1.138442680239677429e-01,-2.302720248699188232e-01,1.203096508979797363e-01,-5.889646708965301514e-02,6.074033677577972412e-02,-2.106614708900451660e-01,-1.479107141494750977e-01,4.372907280921936035e-01,-5.231760740280151367e-01,3.987483084201812744e-01,-5.432617664337158203e-01,9.756288528442382812e-01,1.967512965202331543e-01,-4.344596713781356812e-02,1.201230138540267944e-01,-1.710463166236877441e-01,-2.529956102371215820e-01,7.157894372940063477e-01,1.007089376449584961e+00,-1.343716531991958618e-01,-8.399645239114761353e-02,-7.780597358942031860e-02
-1.086931768804788589e-02,-2.590415067970752716e-03,7.926859259605407715e-01,9.940707087516784668e-01,7.408690173178911209e-03,1.069124117493629456e-01,-1.839045807719230652e-02,-2.036950290203094482e-01,1.475231200456619263e-01,4.682206511497497559e-01,1.062505841255187988e-01,-3.795010969042778015e-02,-7.982622832059860229e-02,-2.771208882331848145e-01,-1.122434213757514954e-01,-2.264691293239593506e-01,1.172767207026481628e-01,-4.360122978687286377e-02,5.469492077827453613e-02,-2.339895367622375488e-01,-1.705820411443710327e-01,4.815241992473602295e-01,-6.324805617332458496e-01,4.176250696182250977e-01,-5.176682472229003906e-01,9.935962557792663574e-01,2.136331647634506226e-01,-6.139535829424858093e-02,1.220027655363082886e-01,-1.695358604192733765e-01,-2.558423876762390137e-01,7.168744206428527832e-01,9.854134917259216309e-01,-1.247859895229339600e-01,-9.831409156322479248e-02,-8.509141206741333008e-02
-1.470247656106948853e-02,-3.057042136788368225e-03,7.922776341438293457e-01,9.916567802429199219e-01,8.378646336495876312e-03,1.271973550319671631e-01,-1.916784979403018951e-02,-2.533101439476013184e-01,1.465964168310165405e-01,4.673562049865722656e-01,1.025891304016113281e-01,-2.200702950358390808e-02,-7.518702000379562378e-02,-3.286120295524597168e-01,-1.112839356064796448e-01,-2.212761342525482178e-01,1.130599677562713623e-01,-2.500644698739051819e-02,4.851701110601425171e-02,-2.602785229682922363e-01,-1.965846568346023560e-01,5.076388120651245117e-01,-7.453885078430175781e-01,4.350372254848480225e-01,-4.863719642162322998e-01,1.026992440223693848e+00,2.222798019647598267e-01,-8.518870919942855835e-02,1.285811364650726318e-01,-1.726877838373184204e-01,-2.569142580032348633e-01,7.308698296546936035e-01,9.727840423583984375e-01,-1.302266269922256470e-01,-1.104034259915351868e-01,-9.309397637844085693e-02
-1.781656406819820404e-02,-3.599149640649557114e-03,7.914902567863464355e-01,9.883708357810974121e-01,9.720336645841598511e-03,1.503406167030334473e-01,-2.064939215779304504e-02,-3.098139762878417969e-01,1.462510079145431519e-01,4.684065878391265869e-01,1.007111370563507080e-01,-6.471393164247274399e-03,-7.039444148540496826e-02,-3.873445391654968262e-01,-1.110557168722152710e-01,-2.155954986810684204e-01,1.101915985345840454e-01,-5.654776934534311295e-03,4.299145564436912537e-02,-2.891733050346374512e-01,-2.260162681341171265e-01,5.188423395156860352e-01,-8.581022024154663086e-01,4.544682800769805908e-01,-4.504159092903137207e-01,1.074500083923339844e+00,2.184455394744873047e-01,-1.126955077052116394e-01,1.413036584854125977e-01,-1.800352036952972412e-01,-2.553100585937500000e-01,7.505125403404235840e-01,9.671415686607360840e-01,-1.405703425407409668e-01,-1.197491288185119629e-01,-1.059923842549324036e-01
-2.004358172416687012e-02,-4.265609662979841232e-03,7.903207540512084961e-01,9.844464063644409180e-01,1.113886293023824692e-02,1.738235950469970703e-01,-2.294719032943248749e-02,-3.663752377033233643e-01,1.470302641391754150e-01,4.711177349090576172e-01,1.001034826040267944e-01,6.991289556026458740e-03,-6.580006331205368042e-02,-4.462487697601318359e-01,-1.104520633816719055e-01,-2.097720652818679810e-01,1.083332151174545288e-01,1.195153594017028809e-02,3.795402497053146362e-02,-3.200863897800445557e-01,-2.585291564464569092e-01,5.228657126426696777e-01,-9.699854254722595215e-01,4.793654680252075195e-01,-4.121720194816589355e-01,1.134867548942565918e+00,1.992316693067550659e-01,-1.408064663410186768e-01,1.578890830278396606e-01,-1.897232383489608765e-01,-2.503196597099304199e-01,7.701554894447326660e-01,9.677219986915588379e-01,-1.453004777431488037e-01,-1.277922093868255615e-01,-1.242443472146987915e-01
-2.142066136002540588e-02,-5.017958115786314011e-03,7.888683676719665527e-01,9.801388382911682129e-01,1.242014579474925995e-02,1.962227523326873779e-01,-2.588838897645473480e-02,-4.196037054061889648e-01,1.490074545145034790e-01,4.747232496738433838e-01,1.000728458166122437e-01,1.752194389700889587e-02,-6.171879917383193970e-02,-5.017936229705810547e-01,-1.087546795606613159e-01,-2.040790766477584839e-01,1.069432571530342102e-01,2.784247882664203644e-02,3.353487327694892883e-02,-3.527961373329162598e-01,-2.927780449390411377e-01,5.236636400222778320e-01,-1.078058600425720215e+00,5.109985470771789551e-01,-3.763447999954223633e-01,1.201783657073974609e+00,1.651740223169326782e-01,-1.667342633008956909e-01,1.748310029506683350e-01,-2.021637558937072754e-01,-2.401534914970397949e-01,7.883548736572265625e-01,9.767987132072448730e-01,-1.423982083797454834e-01,-1.346358805894851685e-01,-1.447828412055969238e-01
-2.207438647747039795e-02,-5.953388754278421402e-03,7.872732877731323242e-01,9.756499528884887695e-01,1.358568295836448669e-02,2.169753909111022949e-01,-2.905532158911228180e-02,-4.678374826908111572e-01,1.521226763725280762e-01,4.790799319744110107e-01,1.004391685128211975e-01,2.497022598981857300e-02,-5.822119116783142090e-02,-5.519986152648925781e-01,-1.060426607728004456e-01,-1.986446231603622437e-01,1.053654626011848450e-01,4.127690568566322327e-02,2.954393252730369568e-02,-3.867399692535400391e-01,-3.288344442844390869e-01,5.234372615814208984e-01,-1.183366298675537109e+00,5.496479868888854980e-01,-3.511156439781188965e-01,1.268570303916931152e+00,1.214000582695007324e-01,-1.911873966455459595e-01,1.889085024595260620e-01,-2.174298912286758423e-01,-2.235135883092880249e-01,8.066216707229614258e-01,9.943726658821105957e-01,-1.337241381406784058e-01,-1.397218257188796997e-01,-1.641223281621932983e-01
-2.206269465386867523e-02,-7.178333122283220291e-03,7.856203913688659668e-01,9.709663987159729004e-01,1.451910287141799927e-02,2.366372942924499512e-01,-3.187812864780426025e-02,-5.126385092735290527e-01,1.562005281448364258e-01,4.831832051277160645e-01,1.011464223265647888e-01,3.063382208347320557e-02,-5.559708923101425171e-02,-5.979541540145874023e-01,-1.025400608777999878e-01,-1.943926662206649780e-01,1.038586422801017761e-01,5.221170186996459961e-02,2.613269723951816559e-02,-4.221091568470001221e-01,-3.666470348834991455e-01,5.236093997955322266e-01,-1.286773324012756348e+00,5.963054299354553223e-01,-3.461772501468658447e-01,1.329797148704528809e+00,7.823643833398818970e-02,-2.136659175157546997e-01,1.977018266916275024e-01,-2.353362143039703369e-01,-2.002088278532028198e-01,8.260462284088134766e-01,1.017397403717041016e+00,-1.210151910781860352e-01,-1.441113799810409546e-01,-1.794410645961761475e-01
-2.149856090545654297e-02,-8.746040984988212585e-03,7.840266227722167969e-01,9.662376642227172852e-01,1.495547778904438019e-02,2.549614608287811279e-01,-3.399519994854927063e-02,-5.538164377212524414e-01,1.614390313625335693e-01,4.861852228641510010e-01,1.023204475641250610e-01,3.524032980203628540e-02,-5.432628095149993896e-02,-6.396579146385192871e-01,-9.791854768991470337e-02,-1.909670233726501465e-01,1.027638614177703857e-01,6.064161285758018494e-02,2.279407531023025513e-02,-4.571196436882019043e-01,-4.035035669803619385e-01,5.247741341590881348e-01,-1.387992978096008301e+00,6.474565267562866211e-01,-3.653752505779266357e-01,1.382543325424194336e+00,4.419769719243049622e-02,-2.342841029167175293e-01,2.011636197566986084e-01,-2.545017302036285400e-01,-1.718368530273437500e-01,8.456902503967285156e-01,1.043418169021606445e+00,-1.083291918039321899e-01,-1.478800624608993530e-01,-1.896525174379348755e-01
-2.047596313059329987e-02,-1.056194119155406952e-02,7.826659083366394043e-01,9.615475535392761230e-01,1.460061687976121902e-02,2.720066606998443604e-01,-3.500695899128913879e-02,-5.926509499549865723e-01,1.678523868322372437e-01,4.869199395179748535e-01,1.042658761143684387e-01,4.007114842534065247e-02,-5.378448590636253357e-02,-6.776508092880249023e-01,-9.213835000991821289e-02,-1.891750991344451904e-01,1.015502363443374634e-01,6.916972249746322632e-02,1.970096677541732788e-02,-4.894361793994903564e-01,-4.353294372558593750e-01,5.267043709754943848e-01,-1.483282327651977539e+00,6.979371905326843262e-01,-4.027403295040130615e-01,1.425087451934814453e+00,2.156540192663669586e-02,-2.521512508392333984e-01,2.016486078500747681e-01,-2.722572088241577148e-01,-1.402834653854370117e-01,8.634829521179199219e-01,1.072323799133300781e+00,-1.006291210651397705e-01,-1.503869146108627319e-01,-1.959847807884216309e-01
-1.905999705195426941e-02,-1.254268642514944077e-02,7.815638780593872070e-01,9.569561481475830078e-01,1.346940640360116959e-02,2.877880930900573730e-01,-3.509265556931495667e-02,-6.290971636772155762e-01,1.752143055200576782e-01,4.861705899238586426e-01,1.064829304814338684e-01,4.391782358288764954e-02,-5.432094261050224304e-02,-7.121902704238891602e-01,-8.565346151590347290e-02,-1.895599216222763062e-01,1.004292294383049011e-01,7.768704742193222046e-02,1.632237248122692108e-02,-5.184376835823059082e-01,-4.616275429725646973e-01,5.296100974082946777e-01,-1.571502566337585449e+00,7.451840043067932129e-01,-4.502441287040710449e-01,1.458250045776367188e+00,5.935660563409328461e-03,-2.682240605354309082e-01,2.001721411943435669e-01,-2.875885665416717529e-01,-1.071189567446708679e-01,8.804150819778442383e-01,1.103760242462158203e+00,-9.908488392829895020e-02,-1.530484110116958618e-01,-1.983862370252609253e-01
-1.711416989564895630e-02,-1.481662783771753311e-02,7.806684374809265137e-01,9.524068236351013184e-01,1.155885495245456696e-02,3.026464879512786865e-01,-3.453711047768592834e-02,-6.633793115615844727e-01,1.834045648574829102e-01,4.832452535629272461e-01,1.084866076707839966e-01,4.695113748311996460e-02,-5.597355589270591736e-02,-7.437597513198852539e-01,-7.880806922912597656e-02,-1.925694793462753296e-01,9.935768693685531616e-02,8.617364615201950073e-02,1.246418058872222900e-02,-5.437545180320739746e-01,-4.820843636989593506e-01,5.328378081321716309e-01,-1.652544379234313965e+00,7.874409556388854980e-01,-5.029191374778747559e-01,1.482628941535949707e+00,-5.005471408367156982e-03,-2.842325866222381592e-01,1.992432475090026855e-01,-3.000449836254119873e-01,-7.341462373733520508e-02,8.966733217239379883e-01,1.136893272399902344e+00,-1.014876067638397217e-01,-1.553613543510437012e-01,-1.963521391153335571e-01
-1.472655683755874634e-02,-1.680710352957248688e-02,7.798990607261657715e-01,9.477657675743103027e-01,9.082714095711708069e-03,3.170674741268157959e-01,-3.355246409773826599e-02,-6.966654658317565918e-01,1.911490708589553833e-01,4.774001836776733398e-01,1.094224303960800171e-01,4.943198710680007935e-02,-5.791781097650527954e-02,-7.739760279655456543e-01,-7.178737223148345947e-02,-1.968187093734741211e-01,9.854406863451004028e-02,9.431020915508270264e-02,8.334675803780555725e-03,-5.660541653633117676e-01,-4.975457489490509033e-01,5.365535616874694824e-01,-1.723835110664367676e+00,8.257786631584167480e-01,-5.578629970550537109e-01,1.499542713165283203e+00,-1.473975181579589844e-02,-3.010539114475250244e-01,1.996999979019165039e-01,-3.109789490699768066e-01,-3.809613361954689026e-02,9.115152359008789062e-01,1.171500682830810547e+00,-1.047053411602973938e-01,-1.572724282741546631e-01,-1.894372105598449707e-01
-1.191878318786621094e-02,-1.863702386617660522e-02,7.793662548065185547e-01,9.430801868438720703e-01,6.417527329176664352e-03,3.309310972690582275e-01,-3.229882940649986267e-02,-7.292113900184631348e-01,1.975839585065841675e-01,4.683910310268402100e-01,1.097019240260124207e-01,5.227626115083694458e-02,-5.901360884308815002e-02,-8.027185201644897461e-01,-6.516720354557037354e-02,-2.020966112613677979e-01,9.828826040029525757e-02,1.019232869148254395e-01,4.066873341798782349e-03,-5.849025249481201172e-01,-5.082358717918395996e-01,5.406893491744995117e-01,-1.782264113426208496e+00,8.593122959136962891e-01,-6.091660857200622559e-01,1.507857561111450195e+00,-2.998093888163566589e-02,-3.186565637588500977e-01,2.005060315132141113e-01,-3.206119835376739502e-01,-2.081340877339243889e-03,9.227533340454101562e-01,1.205133080482482910e+00,-1.082249879837036133e-01,-1.591951251029968262e-01,-1.784747093915939331e-01
-8.944575674831867218e-03,-2.023382671177387238e-02,7.791116833686828613e-01,9.385498166084289551e-01,3.931094892323017120e-03,3.437241315841674805e-01,-3.102545440196990967e-02,-7.588774561882019043e-01,2.026996314525604248e-01,4.583447873592376709e-01,1.093657463788986206e-01,5.677746608853340149e-02,-5.933270603418350220e-02,-8.287264108657836914e-01,-5.913395062088966370e-02,-2.074880003929138184e-01,9.788005799055099487e-02,1.112874224781990051e-01,4.065221000928431749e-04,-5.979388952255249023e-01,-5.123435854911804199e-01,5.441594123840332031e-01,-1.828176379203796387e+00,8.831048607826232910e-01,-6.478428244590759277e-01,1.507898449897766113e+00,-5.506015196442604065e-02,-3.369492888450622559e-01,2.016221731901168823e-01,-3.289784789085388184e-01,2.852860651910305023e-02,9.293330907821655273e-01,1.234749794006347656e+00,-1.125565543770790100e-01,-1.601499468088150024e-01,-1.661536097526550293e-01
-5.946300458163022995e-03,-2.152046002447605133e-02,7.792418003082275391e-01,9.345937967300415039e-01,1.568936160765588284e-03,3.544757962226867676e-01,-2.964640408754348755e-02,-7.832857370376586914e-01,2.076201289892196655e-01,4.478962123394012451e-01,1.093261167407035828e-01,6.400754302740097046e-02,-5.988406017422676086e-02,-8.494381308555603027e-01,-5.417343601584434509e-02,-2.133386135101318359e-01,9.703958779573440552e-02,1.223871260881423950e-01,-2.463727258145809174e-03,-6.050294041633605957e-01,-5.118406414985656738e-01,5.463947653770446777e-01,-1.861773252487182617e+00,8.952570557594299316e-01,-6.698551177978515625e-01,1.500795364379882812e+00,-8.652280271053314209e-02,-3.560561537742614746e-01,2.035295814275741577e-01,-3.356330990791320801e-01,4.931959882378578186e-02,9.312730431556701660e-01,1.256224632263183594e+00,-1.168054193258285522e-01,-1.608690023422241211e-01,-1.576818674802780151e-01
-3.000006778165698051e-03,-2.249859645962715149e-02,7.795761823654174805e-01,9.311541914939880371e-01,-6.005020695738494396e-04,3.635337054729461670e-01,-2.819056063890457153e-02,-8.033682703971862793e-01,2.120897322893142700e-01,4.379404187202453613e-01,1.098578199744224548e-01,7.219437509775161743e-02,-6.075678020715713501e-02,-8.661857843399047852e-01,-5.041258037090301514e-02,-2.186948508024215698e-01,9.617169201374053955e-02,1.336024254560470581e-01,-4.648982081562280655e-03,-6.095299720764160156e-01,-5.101171135902404785e-01,5.478151440620422363e-01,-1.887102723121643066e+00,9.006467461585998535e-01,-6.806867718696594238e-01,1.491460084915161133e+00,-1.195656210184097290e-01,-3.745608925819396973e-01,2.059060335159301758e-01,-3.416863083839416504e-01,6.308981776237487793e-02,9.303942918777465820e-01,1.269755125045776367e+00,-1.178190335631370544e-01,-1.623648107051849365e-01,-1.525813788175582886e-01
-2.046577865257859230e-04,-2.317309379577636719e-02,7.800244092941284180e-01,9.280855059623718262e-01,-2.584448782727122307e-03,3.713980913162231445e-01,-2.672156877815723419e-02,-8.212097883224487305e-01,2.158736437559127808e-01,4.287242293357849121e-01,1.111920103430747986e-01,8.007525652647018433e-02,-6.134248897433280945e-02,-8.809038400650024414e-01,-4.738642647862434387e-02,-2.229446768760681152e-01,9.543168544769287109e-02,1.450036615133285522e-01,-6.476585753262042999e-03,-6.132526993751525879e-01,-5.083891153335571289e-01,5.492222309112548828e-01,-1.907251119613647461e+00,9.024107456207275391e-01,-6.858484148979187012e-01,1.482269048690795898e+00,-1.514740735292434692e-01,-3.912435173988342285e-01,2.075013965368270874e-01,-3.477926850318908691e-01,7.206078618764877319e-02,9.275033473968505859e-01,1.276571989059448242e+00,-1.156954243779182434e-01,-1.653206944465637207e-01,-1.496700048446655273e-01
2.386184642091393471e-03,-2.347037754952907562e-02,7.805548310279846191e-01,9.254306554794311523e-01,-4.289769567549228668e-03,3.780422210693359375e-01,-2.537371031939983368e-02,-8.366506695747375488e-01,2.189369201660156250e-01,4.216562211513519287e-01,1.132136508822441101e-01,8.716813474893569946e-02,-6.277146935462951660e-02,-8.935903906822204590e-01,-4.477765411138534546e-02,-2.251386940479278564e-01,9.481737017631530762e-02,1.555950939655303955e-01,-8.222602307796478271e-03,-6.164030432701110840e-01,-5.067983865737915039e-01,5.506205558776855469e-01,-1.923907399177551270e+00,9.013689756393432617e-01,-6.875109672546386719e-01,1.473429322242736816e+00,-1.802942305803298950e-01,-4.046603441238403320e-01,2.084217667579650879e-01,-3.536019027233123779e-01,7.745799422264099121e-02,9.228420853614807129e-01,1.279101490974426270e+00,-1.124424859881401062e-01,-1.676712930202484131e-01,-1.483634263277053833e-01
5.401622503995895386e-03,-2.344075404107570648e-02,7.806893587112426758e-01,9.234560132026672363e-01,-6.097590550780296326e-03,3.828111290931701660e-01,-2.544504962861537933e-02,-8.509173989295959473e-01,2.234202623367309570e-01,4.111014902591705322e-01,1.167407706379890442e-01,9.097462147474288940e-02,-6.608599424362182617e-02,-9.032675027847290039e-01,-4.230730980634689331e-02,-2.283286899328231812e-01,9.564166516065597534e-02,1.636599153280258179e-01,-1.179446559399366379e-02,-6.194425821304321289e-01,-5.040218830108642578e-01,5.501478314399719238e-01,-1.928013920783996582e+00,9.011195898056030273e-01,-6.855161190032958984e-01,1.466713547706604004e+00,-2.097372561693191528e-01,-4.075731933116912842e-01,2.026614844799041748e-01,-3.573470711708068848e-01,8.197738230228424072e-02,9.219494462013244629e-01,1.284330487251281738e+00,-1.020965501666069031e-01,-1.715942323207855225e-01,-1.539402604103088379e-01
7.002044469118118286e-03,-2.300381660461425781e-02,7.812392115592956543e-01,9.218450784683227539e-01,-5.955266300588846207e-03,3.867351114749908447e-01,-2.453802898526191711e-02,-8.576300144195556641e-01,2.211733460426330566e-01,4.118959903717041016e-01,1.161999553442001343e-01,9.615761041641235352e-02,-6.316855549812316895e-02,-9.090487957000732422e-01,-4.311685264110565186e-02,-2.287382483482360840e-01,9.477824717760086060e-02,1.658407449722290039e-01,-8.536942303180694580e-03,-6.223963499069213867e-01,-5.049769878387451172e-01,5.524899363517761230e-01,-1.948447942733764648e+00,9.024045467376708984e-01,-7.004469633102416992e-01,1.469507217407226562e+00,-2.049416750669479370e-01,-4.121132493019104004e-01,1.974219679832458496e-01,-3.684337437152862549e-01,8.367013186216354370e-02,9.154561758041381836e-01,1.285964369773864746e+00,-9.988912940025329590e-02,-1.760313510894775391e-01,-1.534003764390945435e-01
8.868049830198287964e-03,-2.239415794610977173e-02,7.814881801605224609e-01,9.204648137092590332e-01,-5.746237002313137054e-03,3.899620771408081055e-01,-2.531929872930049896e-02,-8.630319833755493164e-01,2.211030274629592896e-01,4.112439155578613281e-01,1.167269051074981689e-01,9.916738420724868774e-02,-6.411665678024291992e-02,-9.148228168487548828e-01,-4.266849532723426819e-02,-2.261366695165634155e-01,9.489528089761734009e-02,1.683411598205566406e-01,-7.294096518307924271e-03,-6.232838034629821777e-01,-5.032839179039001465e-01,5.521685481071472168e-01,-1.958309531211853027e+00,9.017931222915649414e-01,-7.107509374618530273e-01,1.470596075057983398e+00,-2.017268091440200806e-01,-4.105190336704254150e-01,1.920317113399505615e-01,-3.776621818542480469e-01,8.658313006162643433e-02,9.143204689025878906e-01,1.290969371795654297e+00,-9.360820055007934570e-02,-1.785403192043304443e-01,-1.556491255760192871e-01
1.036257389932870865e-02,-2.171812206506729126e-02,7.814975380897521973e-01,9.193862676620483398e-01,-5.427943076938390732e-03,3.924358785152435303e-01,-2.633478492498397827e-02,-8.660514354705810547e-01,2.206922024488449097e-01,4.113556146621704102e-01,1.169511452317237854e-01,1.000991687178611755e-01,-6.482418626546859741e-02,-9.191810488700866699e-01,-4.239096119999885559e-02,-2.227807641029357910e-01,9.499002248048782349e-02,1.694584488868713379e-01,-6.277135573327541351e-03,-6.240283846855163574e-01,-5.018565058708190918e-01,5.512584447860717773e-01,-1.966166973114013672e+00,9.012060761451721191e-01,-7.212007641792297363e-01,1.473145961761474609e+00,-1.985094994306564331e-01,-4.074148535728454590e-01,1.838028430938720703e-01,-3.855270147323608398e-01,8.969388902187347412e-02,9.153692126274108887e-01,1.294641494750976562e+00,-9.024351090192794800e-02,-1.806355267763137817e-01,-1.574408113956451416e-01
1.156406477093696594e-02,-2.106146141886711121e-02,7.814875245094299316e-01,9.185891747474670410e-01,-5.116976331919431686e-03,3.942352533340454102e-01,-2.731873281300067902e-02,-8.677250742912292480e-01,2.197735756635665894e-01,4.113637804985046387e-01,1.169694811105728149e-01,9.956110268831253052e-02,-6.463555246591567993e-02,-9.225381612777709961e-01,-4.225089028477668762e-02,-2.196304798126220703e-01,9.496722370386123657e-02,1.699876934289932251e-01,-5.588712636381387711e-03,-6.252706050872802734e-01,-5.020409226417541504e-01,5.502924919128417969e-01,-1.970893979072570801e+00,9.017978310585021973e-01,-7.316266894340515137e-01,1.475625872611999512e+00,-1.985060572624206543e-01,-4.041675329208374023e-01,1.746550500392913818e-01,-3.914617598056793213e-01,9.311387687921524048e-02,9.177227616310119629e-01,1.296351552009582520e+00,-8.639734238386154175e-02,-1.833109259605407715e-01,-1.580718904733657837e-01
1.241312548518180847e-02,-2.045956067740917206e-02,7.815216779708862305e-01,9.181463718414306641e-01,-4.833155777305364609e-03,3.952057361602783203e-01,-2.821685373783111572e-02,-8.682805895805358887e-01,2.190792560577392578e-01,4.116466045379638672e-01,1.171816736459732056e-01,9.835331887006759644e-02,-6.483737379312515259e-02,-9.243477582931518555e-01,-4.235490411520004272e-02,-2.166130989789962769e-01,9.510230273008346558e-02,1.701877415180206299e-01,-4.921821411699056625e-03,-6.258168816566467285e-01,-5.027801990509033203e-01,5.495555400848388672e-01,-1.971544861793518066e+00,9.021107554435729980e-01,-7.392299771308898926e-01,1.475049376487731934e+00,-2.006799578666687012e-01,-4.013042449951171875e-01,1.644565016031265259e-01,-3.960719108581542969e-01,9.581739455461502075e-02,9.198015928268432617e-01,1.296828627586364746e+00,-8.399983495473861694e-02,-1.854898184537887573e-01,-1.585821062326431274e-01
1.290448382496833801e-02,-1.993396505713462830e-02,7.816114425659179688e-01,9.180244207382202148e-01,-4.547340329736471176e-03,3.954331278800964355e-01,-2.903685905039310455e-02,-8.675417304039001465e-01,2.183865159749984741e-01,4.117861986160278320e-01,1.175585538148880005e-01,9.713160246610641479e-02,-6.491851806640625000e-02,-9.248169064521789551e-01,-4.243240505456924438e-02,-2.131913602352142334e-01,9.502216428518295288e-02,1.707349419593811035e-01,-4.310382530093193054e-03,-6.257144808769226074e-01,-5.042177438735961914e-01,5.490552783012390137e-01,-1.968813538551330566e+00,9.022524356842041016e-01,-7.443236112594604492e-01,1.471869111061096191e+00,-2.042633444070816040e-01,-3.975343406200408936e-01,1.541443318128585815e-01,-4.006956517696380615e-01,9.713220596313476562e-02,9.213252663612365723e-01,1.296597123146057129e+00,-8.414883911609649658e-02,-1.871365904808044434e-01,-1.595406234264373779e-01
1.304676756262779236e-02,-1.945990324020385742e-02,7.817594408988952637e-01,9.183027148246765137e-01,-4.267715383321046829e-03,3.947366774082183838e-01,-2.974763698875904083e-02,-8.650459051132202148e-01,2.178942412137985229e-01,4.127761423587799072e-01,1.177635788917541504e-01,9.579156339168548584e-02,-6.507486850023269653e-02,-9.233585000038146973e-01,-4.237469285726547241e-02,-2.093352526426315308e-01,9.477572888135910034e-02,1.709572374820709229e-01,-3.764560911804437637e-03,-6.246358156204223633e-01,-5.058565139770507812e-01,5.486383438110351562e-01,-1.961352586746215820e+00,9.014345407485961914e-01,-7.464468479156494141e-01,1.466802835464477539e+00,-2.099636197090148926e-01,-3.926419615745544434e-01,1.428573876619338989e-01,-4.055245220661163330e-01,9.697766602039337158e-02,9.225534200668334961e-01,1.295674920082092285e+00,-8.568073809146881104e-02,-1.883605420589447021e-01,-1.617045998573303223e-01
1.287416182458400726e-02,-1.904976926743984222e-02,7.818613052368164062e-01,9.190000295639038086e-01,-4.066129680722951889e-03,3.930813968181610107e-01,-3.015645965933799744e-02,-8.610946536064147949e-01,2.173265814781188965e-01,4.138256907463073730e-01,1.181311756372451782e-01,9.429830312728881836e-02,-6.499941647052764893e-02,-9.199566841125488281e-01,-4.237445443868637085e-02,-2.060406208038330078e-01,9.455691277980804443e-02,1.702515780925750732e-01,-3.558203112334012985e-03,-6.230646371841430664e-01,-5.072649121284484863e-01,5.479496717453002930e-01,-1.949439406394958496e+00,8.998972177505493164e-01,-7.460741996765136719e-01,1.461003661155700684e+00,-2.149711698293685913e-01,-3.866993188858032227e-01,1.319965422153472900e-01,-4.102911353111267090e-01,9.572144597768783569e-02,9.244830012321472168e-01,1.294097542762756348e+00,-8.649306744337081909e-02,-1.894679516553878784e-01,-1.653582900762557983e-01
1.239491067826747894e-02,-1.875658147037029266e-02,7.818859815597534180e-01,9.201993346214294434e-01,-3.764057531952857971e-03,3.902574479579925537e-01,-3.030163981020450592e-02,-8.547211885452270508e-01,2.161051779985427856e-01,4.142837226390838623e-01,1.185945123434066772e-01,9.238287806510925293e-02,-6.487772613763809204e-02,-9.140283465385437012e-01,-4.276469722390174866e-02,-2.034974098205566406e-01,9.461937099695205688e-02,1.675910800695419312e-01,-3.661230672150850296e-03,-6.214848756790161133e-01,-5.084689855575561523e-01,5.467289090156555176e-01,-1.934014439582824707e+00,8.974465131759643555e-01,-7.436348795890808105e-01,1.456631898880004883e+00,-2.183443307876586914e-01,-3.801893889904022217e-01,1.226799860596656799e-01,-4.142442643642425537e-01,9.361352771520614624e-02,9.283908009529113770e-01,1.291885256767272949e+00,-8.432269841432571411e-02,-1.900647580623626709e-01,-1.699009835720062256e-01
1.157541014254093170e-02,-1.864018104970455170e-02,7.819055318832397461e-01,9.219431877136230469e-01,-3.328126622363924980e-03,3.861366808414459229e-01,-3.013659454882144928e-02,-8.460133075714111328e-01,2.141812145709991455e-01,4.139940440654754639e-01,1.195650175213813782e-01,8.997441828250885010e-02,-6.453863531351089478e-02,-9.054777026176452637e-01,-4.363930970430374146e-02,-2.020298540592193604e-01,9.519015252590179443e-02,1.633548438549041748e-01,-4.198644775897264481e-03,-6.195435523986816406e-01,-5.093970298767089844e-01,5.450591444969177246e-01,-1.914060235023498535e+00,8.945176005363464355e-01,-7.396570444107055664e-01,1.454240918159484863e+00,-2.213183194398880005e-01,-3.729845583438873291e-01,1.145153790712356567e-01,-4.177099466323852539e-01,9.095764160156250000e-02,9.336741566658020020e-01,1.289726257324218750e+00,-8.070265501737594604e-02,-1.902317851781845093e-01,-1.756123304367065430e-01
1.037089899182319641e-02,-1.867968961596488953e-02,7.820717096328735352e-01,9.242254495620727539e-01,-2.588613890111446381e-03,3.806632757186889648e-01,-2.993406727910041809e-02,-8.346916437149047852e-01,2.119367867708206177e-01,4.134149551391601562e-01,1.210306882858276367e-01,8.809845149517059326e-02,-6.395532935857772827e-02,-8.942787051200866699e-01,-4.482737556099891663e-02,-2.007428556680679321e-01,9.621799737215042114e-02,1.589304655790328979e-01,-4.970217123627662659e-03,-6.163203120231628418e-01,-5.100572109222412109e-01,5.436788201332092285e-01,-1.890450000762939453e+00,8.903998136520385742e-01,-7.338979840278625488e-01,1.452644586563110352e+00,-2.236205488443374634e-01,-3.647447824478149414e-01,1.077726408839225769e-01,-4.211516678333282471e-01,8.777707070112228394e-02,9.381651878356933594e-01,1.287747740745544434e+00,-7.692788541316986084e-02,-1.904353797435760498e-01,-1.821525841951370239e-01
8.810453116893768311e-03,-1.884534209966659546e-02,7.823560237884521484e-01,9.270778894424438477e-01,-1.447362592443823814e-03,3.736820816993713379e-01,-2.976744621992111206e-02,-8.198649287223815918e-01,2.097458839416503906e-01,4.139483571052551270e-01,1.229362487792968750e-01,8.615439385175704956e-02,-6.331461668014526367e-02,-8.799702525138854980e-01,-4.642984271049499512e-02,-1.989834159612655640e-01,9.725271165370941162e-02,1.543767601251602173e-01,-5.486819893121719360e-03,-6.108148694038391113e-01,-5.096665024757385254e-01,5.429795980453491211e-01,-1.862399935722351074e+00,8.843801021575927734e-01,-7.257143259048461914e-01,1.450920462608337402e+00,-2.228709012269973755e-01,-3.547400236129760742e-01,1.028578951954841614e-01,-4.242530763149261475e-01,8.245448768138885498e-02,9.401730895042419434e-01,1.285499095916748047e+00,-7.456103712320327759e-02,-1.907191276550292969e-01,-1.877315640449523926e-01
6.925595924258232117e-03,-1.908437535166740417e-02,7.828108668327331543e-01,9.305025935173034668e-01,4.812887345906347036e-05,3.650959730148315430e-01,-2.949390746653079987e-02,-8.016139864921569824e-01,2.075245380401611328e-01,4.157780706882476807e-01,1.251170635223388672e-01,8.561191707849502563e-02,-6.355798989534378052e-02,-8.621090054512023926e-01,-4.872011393308639526e-02,-1.970450133085250854e-01,9.740808606147766113e-02,1.501288414001464844e-01,-5.005340091884136200e-03,-6.034426689147949219e-01,-5.082625150680541992e-01,5.423702597618103027e-01,-1.831015348434448242e+00,8.754812479019165039e-01,-7.160129547119140625e-01,1.449579000473022461e+00,-2.165232896804809570e-01,-3.426671326160430908e-01,9.992507845163345337e-02,-4.271775782108306885e-01,7.494022697210311890e-02,9.382619261741638184e-01,1.281651258468627930e+00,-7.328560203313827515e-02,-1.912853419780731201e-01,-1.937412917613983154e-01
4.898046609014272690e-03,-1.938873343169689178e-02,7.833104133605957031e-01,9.345048666000366211e-01,1.623224467039108276e-03,3.547869920730590820e-01,-2.870786376297473907e-02,-7.797169685363769531e-01,2.047627717256546021e-01,4.183425307273864746e-01,1.266261488199234009e-01,8.509394526481628418e-02,-6.562910228967666626e-02,-8.404216170310974121e-01,-5.249261483550071716e-02,-1.964146792888641357e-01,9.757760167121887207e-02,1.434763222932815552e-01,-3.685754723846912384e-03,-5.966384410858154297e-01,-5.071201324462890625e-01,5.414419174194335938e-01,-1.795043945312500000e+00,8.657954931259155273e-01,-7.078353762626647949e-01,1.451149344444274902e+00,-2.040018886327743530e-01,-3.308427631855010986e-01,9.799993038177490234e-02,-4.295635521411895752e-01,6.852050870656967163e-02,9.351015686988830566e-01,1.276282787322998047e+00,-7.129670679569244385e-02,-1.929010450839996338e-01,-2.015766948461532593e-01
2.901465864852070808e-03,-1.964529603719711304e-02,7.836587429046630859e-01,9.388545751571655273e-01,3.516307333484292030e-03,3.432130813598632812e-01,-2.728537470102310181e-02,-7.535468339920043945e-01,1.996541768312454224e-01,4.210952520370483398e-01,1.260194182395935059e-01,8.340217918157577515e-02,-6.832888722419738770e-02,-8.150879144668579102e-01,-5.806960538029670715e-02,-1.958314776420593262e-01,9.814066439867019653e-02,1.314230859279632568e-01,-1.747626694850623608e-03,-5.924798250198364258e-01,-5.076675415039062500e-01,5.397096276283264160e-01,-1.753271818161010742e+00,8.588706254959106445e-01,-7.052414417266845703e-01,1.457674384117126465e+00,-1.828588247299194336e-01,-3.202416300773620605e-01,9.802415221929550171e-02,-4.324267506599426270e-01,6.478656083345413208e-02,9.334753751754760742e-01,1.271302700042724609e+00,-6.783973425626754761e-02,-1.953210085630416870e-01,-2.109539955854415894e-01
8.287809323519468307e-04,-1.976022869348526001e-02,7.838955521583557129e-01,9.435960054397583008e-01,5.969693418592214584e-03,3.300778567790985107e-01,-2.528906427323818207e-02,-7.230491638183593750e-01,1.919141709804534912e-01,4.228882789611816406e-01,1.242551207542419434e-01,8.050195127725601196e-02,-7.058852910995483398e-02,-7.856866717338562012e-01,-6.559875607490539551e-02,-1.949745267629623413e-01,9.998160600662231445e-02,1.136747673153877258e-01,1.373515406157821417e-04,-5.898354649543762207e-01,-5.086306333541870117e-01,5.366726517677307129e-01,-1.699859976768493652e+00,8.535512089729309082e-01,-7.066385746002197266e-01,1.466704607009887695e+00,-1.533906608819961548e-01,-3.087323307991027832e-01,9.604129195213317871e-02,-4.349137842655181885e-01,6.350277364253997803e-02,9.344558119773864746e-01,1.266323804855346680e+00,-6.714957952499389648e-02,-1.975417286157608032e-01,-2.235183566808700562e-01
-1.304027391597628593e-03,-1.965449377894401550e-02,7.842338085174560547e-01,9.485635757446289062e-01,9.135805070400238037e-03,3.155805170536041260e-01,-2.350844256579875946e-02,-6.875180006027221680e-01,1.819175481796264648e-01,4.243304729461669922e-01,1.202581673860549927e-01,7.805658876895904541e-02,-7.076032459735870361e-02,-7.535674571990966797e-01,-7.421219348907470703e-02,-1.928669661283493042e-01,1.028750091791152954e-01,9.331943094730377197e-02,1.143945148214697838e-03,-5.847496390342712402e-01,-5.066211819648742676e-01,5.329144001007080078e-01,-1.633453249931335449e+00,8.447546362876892090e-01,-7.057102918624877930e-01,1.469779729843139648e+00,-1.201427653431892395e-01,-2.938468158245086670e-01,9.242180734872817993e-02,-4.348553121089935303e-01,6.159866973757743835e-02,9.342254400253295898e-01,1.258977293968200684e+00,-7.531525939702987671e-02,-1.974189877510070801e-01,-2.383161336183547974e-01
-3.229877445846796036e-03,-1.944290287792682648e-02,7.851634621620178223e-01,9.534571170806884766e-01,1.243287231773138046e-02,3.004438579082489014e-01,-2.232656441628932953e-02,-6.505985856056213379e-01,1.724235713481903076e-01,4.287076890468597412e-01,1.151214092969894409e-01,7.924356311559677124e-02,-6.738876551389694214e-02,-7.205296754837036133e-01,-8.185628801584243774e-02,-1.896615326404571533e-01,1.054409071803092957e-01,7.806824892759323120e-02,9.780299151316285133e-04,-5.755820870399475098e-01,-4.994407594203948975e-01,5.291255712509155273e-01,-1.554931163787841797e+00,8.276234865188598633e-01,-6.949397921562194824e-01,1.460255503654479980e+00,-8.643426746129989624e-02,-2.768194973468780518e-01,9.056369960308074951e-02,-4.320312142372131348e-01,5.431000143289566040e-02,9.278419017791748047e-01,1.248648881912231445e+00,-9.045955538749694824e-02,-1.982387304306030273e-01,-2.489895820617675781e-01
-4.602567292749881744e-03,-1.913452520966529846e-02,7.870002388954162598e-01,9.587998986244201660e-01,1.572653837502002716e-02,2.828569412231445312e-01,-2.115061506628990173e-02,-6.086488366127014160e-01,1.630937159061431885e-01,4.341120421886444092e-01,1.101452037692070007e-01,8.604604750871658325e-02,-6.281258165836334229e-02,-6.802334189414978027e-01,-8.960662037134170532e-02,-1.876330673694610596e-01,1.059677377343177795e-01,6.851847469806671143e-02,1.366112730465829372e-03,-5.608929395675659180e-01,-4.876106381416320801e-01,5.253013372421264648e-01,-1.460054993629455566e+00,7.978970408439636230e-01,-6.739572286605834961e-01,1.435643434524536133e+00,-4.831582680344581604e-02,-2.598487138748168945e-01,9.482711553573608398e-02,-4.238129556179046631e-01,3.833435475826263428e-02,9.152373671531677246e-01,1.232911109924316406e+00,-1.059942990541458130e-01,-2.033684998750686646e-01,-2.531082034111022949e-01
-5.186406895518302917e-03,-1.859425380825996399e-02,7.892466783523559570e-01,9.644266963005065918e-01,1.888424344360828400e-02,2.629632353782653809e-01,-1.936082355678081512e-02,-5.616191625595092773e-01,1.530321240425109863e-01,4.375027418136596680e-01,1.052044406533241272e-01,9.371288865804672241e-02,-6.127182766795158386e-02,-6.335686445236206055e-01,-9.995137900114059448e-02,-1.889255195856094360e-01,1.059684455394744873e-01,5.952901765704154968e-02,4.735792987048625946e-03,-5.372183918952941895e-01,-4.656365215778350830e-01,5.211284756660461426e-01,-1.352664470672607422e+00,7.551022768020629883e-01,-6.509706974029541016e-01,1.399886369705200195e+00,-8.308696560561656952e-03,-2.436039149761199951e-01,1.030071303248405457e-01,-4.092471599578857422e-01,1.617502234876155853e-02,8.954179286956787109e-01,1.211839914321899414e+00,-1.179685890674591064e-01,-2.074564844369888306e-01,-2.520325183868408203e-01
-5.030284635722637177e-03,-1.764688454568386078e-02,7.911151051521301270e-01,9.694596529006958008e-01,2.140827290713787079e-02,2.437025755643844604e-01,-1.728332228958606720e-02,-5.164439678192138672e-01,1.431115269660949707e-01,4.399520456790924072e-01,1.013469472527503967e-01,9.660043567419052124e-02,-6.142003461718559265e-02,-5.892524123191833496e-01,-1.100859940052032471e-01,-1.903798729181289673e-01,1.081325635313987732e-01,4.844561964273452759e-02,9.744301438331604004e-03,-5.059930086135864258e-01,-4.320775866508483887e-01,5.189697146415710449e-01,-1.247631907463073730e+00,7.063494324684143066e-01,-6.372232437133789062e-01,1.359648466110229492e+00,3.083644621074199677e-02,-2.274051606655120850e-01,1.117298677563667297e-01,-3.939110934734344482e-01,-1.006941031664609909e-02,8.683300018310546875e-01,1.194804191589355469e+00,-1.283778399229049683e-01,-2.072545140981674194e-01,-2.479994297027587891e-01
-4.290701821446418762e-03,-1.634792611002922058e-02,7.927478551864624023e-01,9.741236567497253418e-01,2.284504473209381104e-02,2.243365943431854248e-01,-1.530639827251434326e-02,-4.715242981910705566e-01,1.352465748786926270e-01,4.424808025360107422e-01,9.920743107795715332e-02,9.426835179328918457e-02,-6.165816634893417358e-02,-5.450226664543151855e-01,-1.180908679962158203e-01,-1.925962120294570923e-01,1.124479994177818298e-01,3.618058934807777405e-02,1.535043958574533463e-02,-4.674126505851745605e-01,-3.879780769348144531e-01,5.184929370880126953e-01,-1.147987127304077148e+00,6.509272456169128418e-01,-6.355261206626892090e-01,1.312632560729980469e+00,6.934398412704467773e-02,-2.099730223417282104e-01,1.219581812620162964e-01,-3.761849403381347656e-01,-4.319128394126892090e-02,8.356788158416748047e-01,1.182819485664367676e+00,-1.369111239910125732e-01,-2.036254554986953735e-01,-2.432755529880523682e-01
-3.052404150366783142e-03,-1.479127258062362671e-02,7.942581772804260254e-01,9.786166548728942871e-01,2.319742925465106964e-02,2.039528936147689819e-01,-1.321050524711608887e-02,-4.244584143161773682e-01,1.298594921827316284e-01,4.453498721122741699e-01,9.860580414533615112e-02,8.783011138439178467e-02,-6.271468102931976318e-02,-4.973516166210174561e-01,-1.240276768803596497e-01,-1.966215372085571289e-01,1.170647740364074707e-01,2.271294407546520233e-02,2.173798717558383942e-02,-4.237936437129974365e-01,-3.374623954296112061e-01,5.193700790405273438e-01,-1.054125189781188965e+00,5.934613943099975586e-01,-6.423674821853637695e-01,1.255823135375976562e+00,1.061422228813171387e-01,-1.919933855533599854e-01,1.334178596735000610e-01,-3.554906249046325684e-01,-8.230508863925933838e-02,7.986213564872741699e-01,1.172050833702087402e+00,-1.429975330829620361e-01,-1.981140077114105225e-01,-2.364423125982284546e-01
-1.307105179876089096e-03,-1.301425136625766754e-02,7.955096364021301270e-01,9.830235242843627930e-01,2.255877293646335602e-02,1.817447841167449951e-01,-1.116483379155397415e-02,-3.725006580352783203e-01,1.267856061458587646e-01,4.479565918445587158e-01,9.926183521747589111e-02,7.504044473171234131e-02,-6.572628766298294067e-02,-4.435952603816986084e-01,-1.283561438322067261e-01,-2.024932354688644409e-01,1.206339299678802490e-01,7.439098786562681198e-03,2.923982590436935425e-02,-3.781117498874664307e-01,-2.850094735622406006e-01,5.203909873962402344e-01,-9.641093015670776367e-01,5.408647656440734863e-01,-6.542502045631408691e-01,1.185894012451171875e+00,1.443290114402770996e-01,-1.743531227111816406e-01,1.449468582868576050e-01,-3.327077925205230713e-01,-1.248942986130714417e-01,7.580666542053222656e-01,1.159277319908142090e+00,-1.444631367921829224e-01,-1.918931305408477783e-01,-2.256815880537033081e-01
8.918240782804787159e-04,-1.103092357516288757e-02,7.963354587554931641e-01,9.871066212654113770e-01,2.076251432299613953e-02,1.584341078996658325e-01,-9.383858181536197662e-03,-3.169069588184356689e-01,1.264715641736984253e-01,4.498406052589416504e-01,1.007372960448265076e-01,5.531598627567291260e-02,-7.051390409469604492e-02,-3.857221305370330811e-01,-1.304599642753601074e-01,-2.095698118209838867e-01,1.230240687727928162e-01,-9.149114601314067841e-03,3.764609992504119873e-02,-3.336004018783569336e-01,-2.329950630664825439e-01,5.184777975082397461e-01,-8.724266290664672852e-01,4.987941682338714600e-01,-6.668258905410766602e-01,1.102307915687561035e+00,1.840807497501373291e-01,-1.565637290477752686e-01,1.548027545213699341e-01,-3.079060316085815430e-01,-1.678221523761749268e-01,7.156012058258056641e-01,1.143979072570800781e+00,-1.397685557603836060e-01,-1.855978965759277344e-01,-2.116854637861251831e-01
3.302473807707428932e-03,-8.845108561217784882e-03,7.964582443237304688e-01,9.904660582542419434e-01,1.809987425804138184e-02,1.363270878791809082e-01,-8.019771426916122437e-03,-2.630645334720611572e-01,1.284843385219573975e-01,4.514753818511962891e-01,1.023190841078758240e-01,3.012046217918395996e-02,-7.642358541488647461e-02,-3.299246430397033691e-01,-1.305669546127319336e-01,-2.168825268745422363e-01,1.245196089148521423e-01,-2.625864557921886444e-02,4.698842391371726990e-02,-2.927307486534118652e-01,-1.830451190471649170e-01,5.060900449752807617e-01,-7.741727828979492188e-01,4.698385298252105713e-01,-6.785911321640014648e-01,1.008891463279724121e+00,2.238326221704483032e-01,-1.390025019645690918e-01,1.623073220252990723e-01,-2.812231779098510742e-01,-2.078967839479446411e-01,6.763226985931396484e-01,1.127970576286315918e+00,-1.309679597616195679e-01,-1.784789860248565674e-01,-1.963756382465362549e-01
5.540639627724885941e-03,-6.580414716154336929e-03,7.957554459571838379e-01,9.927349686622619629e-01,1.519050914794206619e-02,1.191582381725311279e-01,-6.906121037900447845e-03,-2.209478616714477539e-01,1.314345896244049072e-01,4.526607692241668701e-01,1.042750477790832520e-01,2.726136008277535439e-03,-8.209108561277389526e-02,-2.852117121219635010e-01,-1.296305805444717407e-01,-2.242532968521118164e-01,1.249987781047821045e-01,-4.220589995384216309e-02,5.597395449876785278e-02,-2.571700215339660645e-01,-1.372644305229187012e-01,4.733561277389526367e-01,-6.691215634346008301e-01,4.535270631313323975e-01,-6.887264847755432129e-01,9.169312119483947754e-01,2.617881298065185547e-01,-1.232770681381225586e-01,1.691305041313171387e-01,-2.532626986503601074e-01,-2.416071146726608276e-01,6.458612680435180664e-01,1.115025043487548828e+00,-1.239766925573348999e-01,-1.690367162227630615e-01,-1.808747053146362305e-01
7.308559026569128036e-03,-4.396822303533554077e-03,7.946386337280273438e-01,9.943710565567016602e-01,1.226098090410232544e-02,1.050974279642105103e-01,-5.511231720447540283e-03,-1.861706525087356567e-01,1.341982632875442505e-01,4.518105089664459229e-01,1.064382568001747131e-01,-2.369804866611957550e-02,-8.744970709085464478e-02,-2.476325184106826782e-01,-1.280453503131866455e-01,-2.319111227989196777e-01,1.254141032695770264e-01,-5.735417827963829041e-02,6.389846652746200562e-02,-2.277440875768661499e-01,-9.866989403963088989e-02,4.360131323337554932e-01,-5.643190145492553711e-01,4.495124220848083496e-01,-6.957857012748718262e-01,8.299010992050170898e-01,2.963536381721496582e-01,-1.095291376113891602e-01,1.741627603769302368e-01,-2.278313636779785156e-01,-2.685784101486206055e-01,6.189666986465454102e-01,1.101071834564208984e+00,-1.227004528045654297e-01,-1.581806391477584839e-01,-1.674373894929885864e-01
8.623055182397365570e-03,-2.456334419548511505e-03,7.935444116592407227e-01,9.956656098365783691e-01,9.897376410663127899e-03,9.242225438356399536e-02,-3.165862057358026505e-03,-1.553651541471481323e-01,1.357018202543258667e-01,4.488458335399627686e-01,1.085191369056701660e-01,-4.511099681258201599e-02,-9.153270721435546875e-02,-2.132219970226287842e-01,-1.273848265409469604e-01,-2.397368699312210083e-01,1.266009211540222168e-01,-7.194530218839645386e-02,7.083926349878311157e-02,-2.039538323879241943e-01,-6.799354404211044312e-02,4.018133580684661865e-01,-4.605039060115814209e-01,4.533381462097167969e-01,-6.956503391265869141e-01,7.506198287010192871e-01,3.257226347923278809e-01,-9.753543138504028320e-02,1.776433438062667847e-01,-2.060372680425643921e-01,-2.883147895336151123e-01,5.917328596115112305e-01,1.086527943611145020e+00,-1.241919919848442078e-01,-1.469621956348419189e-01,-1.575520932674407959e-01
9.613338857889175415e-03,-8.766978280618786812e-04,7.927251458168029785e-01,9.966688752174377441e-01,8.493823930621147156e-03,8.110875636339187622e-02,5.436034989543259144e-04,-1.291074156761169434e-01,1.350127309560775757e-01,4.437210261821746826e-01,1.097699776291847229e-01,-5.993122979998588562e-02,-9.387874603271484375e-02,-1.823307126760482788e-01,-1.286728680133819580e-01,-2.479829937219619751e-01,1.285768449306488037e-01,-8.452988415956497192e-02,7.705517858266830444e-02,-1.849055439233779907e-01,-4.508402198553085327e-02,3.692971765995025635e-01,-3.621446788311004639e-01,4.588305652141571045e-01,-6.876162290573120117e-01,6.854413747787475586e-01,3.472283184528350830e-01,-8.756384998559951782e-02,1.806196719408035278e-01,-1.874156445264816284e-01,-3.000982403755187988e-01,5.639714002609252930e-01,1.075261592864990234e+00,-1.246578693389892578e-01,-1.370129883289337158e-01,-1.507550925016403198e-01
1.030652597546577454e-02,3.890164662152528763e-04,7.920801639556884766e-01,9.974472522735595703e-01,7.597546093165874481e-03,7.081917673349380493e-02,5.085802171379327774e-03,-1.067370101809501648e-01,1.333437114953994751e-01,4.365802407264709473e-01,1.108727678656578064e-01,-7.081557810306549072e-02,-9.551868587732315063e-02,-1.544847786426544189e-01,-1.306741386651992798e-01,-2.565241456031799316e-01,1.302874535322189331e-01,-9.451093524694442749e-02,8.192595839500427246e-02,-1.678557097911834717e-01,-2.757627330720424652e-02,3.383275866508483887e-01,-2.728469371795654297e-01,4.627522826194763184e-01,-6.739811897277832031e-01,6.343171596527099609e-01,3.593495786190032959e-01,-8.019624650478363037e-02,1.815308183431625366e-01,-1.712531894445419312e-01,-3.049669265747070312e-01,5.353568196296691895e-01,1.068284749984741211e+00,-1.239409372210502625e-01,-1.283825635910034180e-01,-1.464001238346099854e-01
1.064999029040336609e-02,1.447743037715554237e-03,7.914350032806396484e-01,9.980401992797851562e-01,6.938066799193620682e-03,6.140515953302383423e-02,9.849425405263900757e-03,-8.734982460737228394e-02,1.314479857683181763e-01,4.287574887275695801e-01,1.119202002882957458e-01,-8.010460436344146729e-02,-9.707152098417282104e-02,-1.291694939136505127e-01,-1.327922344207763672e-01,-2.655030488967895508e-01,1.312063485383987427e-01,-1.025615036487579346e-01,8.577654510736465454e-02,-1.515173465013504028e-01,-1.361701823770999908e-02,3.095685839653015137e-01,-1.940182149410247803e-01,4.645076990127563477e-01,-6.578924059867858887e-01,5.966054797172546387e-01,3.644209802150726318e-01,-7.547184824943542480e-02,1.808288395404815674e-01,-1.565600782632827759e-01,-3.049947023391723633e-01,5.074007511138916016e-01,1.065129041671752930e+00,-1.213716864585876465e-01,-1.213723123073577881e-01,-1.441020667552947998e-01
1.068184804171323776e-02,2.360422862693667412e-03,7.907542586326599121e-01,9.984722733497619629e-01,6.408152636140584946e-03,5.299228429794311523e-02,1.427684351801872253e-02,-7.064513862133026123e-02,1.298598498106002808e-01,4.212189614772796631e-01,1.129943281412124634e-01,-8.826926350593566895e-02,-9.855346381664276123e-02,-1.069261431694030762e-01,-1.346204727888107300e-01,-2.738094031810760498e-01,1.318817734718322754e-01,-1.092890128493309021e-01,8.891771733760833740e-02,-1.355409920215606689e-01,-2.597502199932932854e-03,2.835066318511962891e-01,-1.261649876832962036e-01,4.649103283882141113e-01,-6.428463459014892578e-01,5.721940994262695312e-01,3.642535507678985596e-01,-7.410647720098495483e-02,1.804639250040054321e-01,-1.445033997297286987e-01,-3.018656969070434570e-01,4.823445081710815430e-01,1.065007090568542480e+00,-1.180568709969520569e-01,-1.158788725733757019e-01,-1.437366753816604614e-01
1.045977044850587845e-02,3.136847168207168579e-03,7.900632023811340332e-01,9.987819194793701172e-01,6.075635086745023727e-03,4.555003717541694641e-02,1.796934381127357483e-02,-5.613077804446220398e-02,1.284393072128295898e-01,4.150002002716064453e-01,1.139396280050277710e-01,-9.495618194341659546e-02,-9.985407441854476929e-02,-8.795620501041412354e-02,-1.363082826137542725e-01,-2.805142700672149658e-01,1.327310949563980103e-01,-1.151586696505546570e-01,9.177794307470321655e-02,-1.196528598666191101e-01,5.746915005147457123e-03,2.594551444053649902e-01,-6.947816163301467896e-02,4.637164175510406494e-01,-6.311705112457275391e-01,5.645044445991516113e-01,3.581943511962890625e-01,-7.472635060548782349e-02,1.808352619409561157e-01,-1.355987787246704102e-01,-2.971323132514953613e-01,4.621117711067199707e-01,1.067846298217773438e+00,-1.145021319389343262e-01,-1.119783595204353333e-01,-1.446863263845443726e-01
1.002422533929347992e-02,3.730845171958208084e-03,7.894912362098693848e-01,9.990010261535644531e-01,5.928001832216978073e-03,3.915158286690711975e-02,2.071047015488147736e-02,-4.373462498188018799e-02,1.273128837347030640e-01,4.104788005352020264e-01,1.148173213005065918e-01,-9.981798380613327026e-02,-1.004816964268684387e-01,-7.253324985504150391e-02,-1.380155235528945923e-01,-2.858672142028808594e-01,1.343162506818771362e-01,-1.201070472598075867e-01,9.421926736831665039e-02,-1.046060547232627869e-01,1.144200284034013748e-02,2.383391857147216797e-01,-2.587164565920829773e-02,4.595832526683807373e-01,-6.235224008560180664e-01,5.773649811744689941e-01,3.480908274650573730e-01,-7.563173025846481323e-02,1.804209500551223755e-01,-1.307622045278549194e-01,-2.920105457305908203e-01,4.489358365535736084e-01,1.074261784553527832e+00,-1.119504719972610474e-01,-1.093809232115745544e-01,-1.454124003648757935e-01
9.364388883113861084e-03,4.132938105612993240e-03,7.889782190322875977e-01,9.991735219955444336e-01,5.718656815588474274e-03,3.322286531329154968e-02,2.271289378404617310e-02,-3.249569237232208252e-02,1.268599480390548706e-01,4.069535136222839355e-01,1.158441305160522461e-01,-1.041510701179504395e-01,-1.009110286831855774e-01,-5.865983292460441589e-02,-1.393444389104843140e-01,-2.911004126071929932e-01,1.360584348440170288e-01,-1.247087642550468445e-01,9.592825919389724731e-02,-9.049758315086364746e-02,1.520767901092767715e-02,2.192041277885437012e-01,7.365957833826541901e-03,4.502265155315399170e-01,-6.177251338958740234e-01,6.148144602775573730e-01,3.351998031139373779e-01,-7.502630352973937988e-02,1.778122037649154663e-01,-1.291020512580871582e-01,-2.867598533630371094e-01,4.435068070888519287e-01,1.085348248481750488e+00,-1.113077700138092041e-01,-1.068607121706008911e-01,-1.440764367580413818e-01
8.572270162403583527e-03,4.405426327139139175e-03,7.885706424713134766e-01,9.993077516555786133e-01,5.485509987920522690e-03,2.767729386687278748e-02,2.424354851245880127e-02,-2.224656753242015839e-02,1.269372999668121338e-01,4.040957093238830566e-01,1.174280792474746704e-01,-1.081592515110969543e-01,-1.011769846081733704e-01,-4.662050306797027588e-02,-1.405315250158309937e-01,-2.956753075122833252e-01,1.389804035425186157e-01,-1.289528608322143555e-01,9.710942953824996948e-02,-7.790540903806686401e-02,1.728765107691287994e-02,2.022867947816848755e-01,2.958367019891738892e-02,4.335350096225738525e-01,-6.122733354568481445e-01,6.791978478431701660e-01,3.217666149139404297e-01,-7.079151272773742676e-02,1.724741607904434204e-01,-1.303263455629348755e-01,-2.820337712764739990e-01,4.486778378486633301e-01,1.101888537406921387e+00,-1.134975850582122803e-01,-1.038803830742835999e-01,-1.403342783451080322e-01
7.831455208361148834e-03,4.654564429074525833e-03,7.882089018821716309e-01,9.994167685508728027e-01,5.289414431899785995e-03,2.217267639935016632e-02,2.542701736092567444e-02,-1.156133599579334259e-02,1.271421909332275391e-01,4.015443623065948486e-01,1.193260252475738525e-01,-1.120929494500160217e-01,-1.015165150165557861e-01,-3.547006472945213318e-02,-1.416327655315399170e-01,-2.991781830787658691e-01,1.435534209012985229e-01,-1.332583278417587280e-01,9.781657159328460693e-02,-6.703274697065353394e-02,1.786147430539131165e-02,1.879965215921401978e-01,4.167339950799942017e-02,4.092689454555511475e-01,-6.060118675231933594e-01,7.655807733535766602e-01,3.101542294025421143e-01,-6.190657988190650940e-02,1.642194539308547974e-01,-1.327867358922958374e-01,-2.778684496879577637e-01,4.649898707866668701e-01,1.121897816658020020e+00,-1.181945130228996277e-01,-1.004665270447731018e-01,-1.332332044839859009e-01
7.300882600247859955e-03,4.885081667453050613e-03,7.878853082656860352e-01,9.995033144950866699e-01,5.307703744620084763e-03,1.661792956292629242e-02,2.624497003853321075e-02,-1.283403107663616538e-04,1.270668953657150269e-01,3.995429873466491699e-01,1.213280335068702698e-01,-1.160372123122215271e-01,-1.017532199621200562e-01,-2.504287660121917725e-02,-1.432172656059265137e-01,-3.015260696411132812e-01,1.502348929643630981e-01,-1.381849497556686401e-01,9.828066825866699219e-02,-5.837533995509147644e-02,1.683548465371131897e-02,1.760959476232528687e-01,4.726741090416908264e-02,3.794257342815399170e-01,-5.968430638313293457e-01,8.627932667732238770e-01,2.988912761211395264e-01,-4.744884744286537170e-02,1.530548781156539917e-01,-1.347272545099258423e-01,-2.737759053707122803e-01,4.888572692871093750e-01,1.140781521797180176e+00,-1.239285916090011597e-01,-9.629229456186294556e-02,-1.226067990064620972e-01
7.143936119973659515e-03,5.021184682846069336e-03,7.876595258712768555e-01,9.995607137680053711e-01,5.592172499746084213e-03,1.123701967298984528e-02,2.684763632714748383e-02,1.133140549063682556e-02,1.263906508684158325e-01,3.978526294231414795e-01,1.227294877171516418e-01,-1.190370768308639526e-01,-1.014900729060173035e-01,-1.523497700691223145e-02,-1.451716274023056030e-01,-3.030677437782287598e-01,1.577476561069488525e-01,-1.434425115585327148e-01,9.878285974264144897e-02,-5.202587693929672241e-02,1.410420890897512436e-02,1.651156693696975708e-01,4.998834803700447083e-02,3.466348052024841309e-01,-5.834349989891052246e-01,9.605013728141784668e-01,2.842019200325012207e-01,-2.858898043632507324e-02,1.380136758089065552e-01,-1.344339251518249512e-01,-2.689348459243774414e-01,5.154698491096496582e-01,1.154535889625549316e+00,-1.321029514074325562e-01,-9.167964756488800049e-02,-1.096535399556159973e-01
7.283729501068592072e-03,5.099072121083736420e-03,7.875054478645324707e-01,9.995929002761840820e-01,6.069077178835868835e-03,6.294935941696166992e-03,2.715995907783508301e-02,2.217558026313781738e-02,1.252243518829345703e-01,3.967271745204925537e-01,1.233896091580390930e-01,-1.214701905846595764e-01,-1.009962931275367737e-01,-6.451632827520370483e-03,-1.472402215003967285e-01,-3.034314215183258057e-01,1.650770753622055054e-01,-1.483320295810699463e-01,9.869331866502761841e-02,-4.763628542423248291e-02,9.776229038834571838e-03,1.540862023830413818e-01,5.406497418880462646e-02,3.151336908340454102e-01,-5.655335783958435059e-01,1.046735048294067383e+00,2.620049715042114258e-01,-1.013825833797454834e-02,1.183152124285697937e-01,-1.303239762783050537e-01,-2.628225684165954590e-01,5.392401814460754395e-01,1.160412073135375977e+00,-1.444775164127349854e-01,-8.804391324520111084e-02,-9.746476262807846069e-02
7.649326696991920471e-03,5.050972569733858109e-03,7.873943448066711426e-01,9.996074438095092773e-01,6.633684970438480377e-03,1.962124835699796677e-03,2.714933454990386963e-02,3.211105242371559143e-02,1.243078261613845825e-01,3.965359628200531006e-01,1.238095685839653015e-01,-1.235285252332687378e-01,-1.005805283784866333e-01,1.898730057291686535e-03,-1.487160474061965942e-01,-3.030122220516204834e-01,1.698687225580215454e-01,-1.521362364292144775e-01,9.835831075906753540e-02,-4.405182972550392151e-02,4.219770431518554688e-03,1.423463672399520874e-01,6.173587590456008911e-02,2.897390425205230713e-01,-5.473164916038513184e-01,1.108172893524169922e+00,2.323389351367950439e-01,1.110916491597890854e-03,9.743046015501022339e-02,-1.212813481688499451e-01,-2.552556991577148438e-01,5.566146969795227051e-01,1.158577442169189453e+00,-1.611092388629913330e-01,-8.784004300832748413e-02,-8.850838243961334229e-02
8.018366061151027679e-03,4.867734853178262711e-03,7.872763872146606445e-01,9.996153712272644043e-01,6.815351545810699463e-03,-1.672973274253308773e-03,2.683065459132194519e-02,4.078053683042526245e-02,1.248692572116851807e-01,3.974220156669616699e-01,1.243298277258872986e-01,-1.259824335575103760e-01,-1.010269299149513245e-01,9.921762160956859589e-03,-1.485667079687118530e-01,-3.025754988193511963e-01,1.710751801729202271e-01,-1.545789390802383423e-01,9.734432399272918701e-02,-4.099037870764732361e-02,-9.874035604298114777e-04,1.310938894748687744e-01,7.187136262655258179e-02,2.717786729335784912e-01,-5.322972536087036133e-01,1.144654273986816406e+00,1.972994804382324219e-01,2.297390950843691826e-03,8.208484947681427002e-02,-1.076346933841705322e-01,-2.464353144168853760e-01,5.676221847534179688e-01,1.153081297874450684e+00,-1.773931533098220825e-01,-9.123708307743072510e-02,-8.227643370628356934e-02
8.331600576639175415e-03,4.612595774233341217e-03,7.871549129486083984e-01,9.996184110641479492e-01,6.773063447326421738e-03,-4.777074791491031647e-03,2.635062485933303833e-02,4.829719290137290955e-02,1.262548118829727173e-01,3.992602229118347168e-01,1.250588595867156982e-01,-1.285220533609390259e-01,-1.014069467782974243e-01,1.721649058163166046e-02,-1.476584672927856445e-01,-3.016990125179290771e-01,1.709804087877273560e-01,-1.564953178167343140e-01,9.638034552335739136e-02,-3.843237459659576416e-02,-5.350837018340826035e-03,1.216639578342437744e-01,8.104452490806579590e-02,2.601143121719360352e-01,-5.233076810836791992e-01,1.165170192718505859e+00,1.644452363252639771e-01,-1.944497576914727688e-03,7.433672994375228882e-02,-9.270232170820236206e-02,-2.372276037931442261e-01,5.756228566169738770e-01,1.150181531906127930e+00,-1.913475543260574341e-01,-9.559144079685211182e-02,-7.866708189249038696e-02
8.625391870737075806e-03,4.386184737086296082e-03,7.870133519172668457e-01,9.996113181114196777e-01,6.606508977711200714e-03,-7.633901201188564301e-03,2.598496340215206146e-02,5.508981645107269287e-02,1.278926581144332886e-01,4.008493125438690186e-01,1.261238008737564087e-01,-1.309220641851425171e-01,-1.016536876559257507e-01,2.446754463016986847e-02,-1.466519981622695923e-01,-3.010279834270477295e-01,1.708990633487701416e-01,-1.584997624158859253e-01,9.566406905651092529e-02,-3.685184940695762634e-02,-9.192077443003654480e-03,1.143137514591217041e-01,8.736014366149902344e-02,2.529690265655517578e-01,-5.204332470893859863e-01,1.179859399795532227e+00,1.402229219675064087e-01,-5.625093821436166763e-03,7.081054896116256714e-02,-7.941266149282455444e-02,-2.278080135583877563e-01,5.835049748420715332e-01,1.153649926185607910e+00,-2.028691321611404419e-01,-9.817848354578018188e-02,-7.554719597101211548e-02
8.845418691635131836e-03,4.255787935107946396e-03,7.868802547454833984e-01,9.995945692062377930e-01,6.438453216105699539e-03,-1.025194022804498672e-02,2.577026374638080597e-02,6.114595383405685425e-02,1.291657388210296631e-01,4.011648297309875488e-01,1.273562759160995483e-01,-1.329799741506576538e-01,-1.017197147011756897e-01,3.134035319089889526e-02,-1.459745019674301147e-01,-3.010171353816986084e-01,1.710461676120758057e-01,-1.603187918663024902e-01,9.566595405340194702e-02,-3.648746013641357422e-02,-1.266675908118486404e-02,1.089847311377525330e-01,8.970109373331069946e-02,2.488266080617904663e-01,-5.227951407432556152e-01,1.193544745445251465e+00,1.237034872174263000e-01,-6.728013046085834503e-03,6.908577680587768555e-02,-6.832860410213470459e-02,-2.183501571416854858e-01,5.904635787010192871e-01,1.164222002029418945e+00,-2.091345191001892090e-01,-9.854263812303543091e-02,-7.146460562944412231e-02
8.922994136810302734e-03,4.271268844604492188e-03,7.867631316184997559e-01,9.995692968368530273e-01,6.355419754981994629e-03,-1.250962447375059128e-02,2.577288448810577393e-02,6.603386253118515015e-02,1.298990845680236816e-01,4.007340073585510254e-01,1.284770518541336060e-01,-1.344069987535476685e-01,-1.015246212482452393e-01,3.739795088768005371e-02,-1.457184553146362305e-01,-3.015943765640258789e-01,1.712844967842102051e-01,-1.617886126041412354e-01,9.644088894128799438e-02,-3.718785941600799561e-02,-1.586390286684036255e-02,1.053840741515159607e-01,8.787692338228225708e-02,2.466157078742980957e-01,-5.293292999267578125e-01,1.207948327064514160e+00,1.136005073785781860e-01,-5.101875867694616318e-03,6.761600077152252197e-02,-6.011215224862098694e-02,-2.092322856187820435e-01,5.962684750556945801e-01,1.181067824363708496e+00,-2.112340778112411499e-01,-9.626442193984985352e-02,-6.512193381786346436e-02
8.793482556939125061e-03,4.444454796612262726e-03,7.867023348808288574e-01,9.995409846305847168e-01,6.326945964246988297e-03,-1.425238326191902161e-02,2.597305364906787872e-02,6.922084093093872070e-02,1.301055401563644409e-01,3.998415470123291016e-01,1.294113844633102417e-01,-1.347810477018356323e-01,-1.011622324585914612e-01,4.202079400420188904e-02,-1.457726955413818359e-01,-3.020062446594238281e-01,1.711950153112411499e-01,-1.620508283376693726e-01,9.766235947608947754e-02,-3.821501508355140686e-02,-1.839285716414451599e-02,1.028654500842094421e-01,8.271988481283187866e-02,2.452471107244491577e-01,-5.377194881439208984e-01,1.222260236740112305e+00,1.085946783423423767e-01,-1.407937146723270416e-03,6.491024792194366455e-02,-5.499683693051338196e-02,-2.009273767471313477e-01,5.998117327690124512e-01,1.202380657196044922e+00,-2.090780287981033325e-01,-9.104500710964202881e-02,-5.641650408506393433e-02
8.380913175642490387e-03,4.757777322083711624e-03,7.867376208305358887e-01,9.995236992835998535e-01,6.367574911564588547e-03,-1.553748175501823425e-02,2.589256130158901215e-02,7.112552225589752197e-02,1.297135949134826660e-01,3.994695842266082764e-01,1.300746649503707886e-01,-1.345503926277160645e-01,-1.002658680081367493e-01,4.489640891551971436e-02,-1.459830999374389648e-01,-3.010650873184204102e-01,1.705860644578933716e-01,-1.608640551567077637e-01,9.893023967742919922e-02,-3.848435357213020325e-02,-2.019287087023258209e-02,1.011327579617500305e-01,7.572907954454421997e-02,2.446760684251785278e-01,-5.449987649917602539e-01,1.233163833618164062e+00,1.053175106644630432e-01,2.049007220193743706e-03,6.200890615582466125e-02,-5.294147506356239319e-02,-1.948898881673812866e-01,6.037032008171081543e-01,1.224110007286071777e+00,-2.065318971872329712e-01,-8.397968858480453491e-02,-4.620357975363731384e-02
7.683044299483299255e-03,5.151438061147928238e-03,7.868286967277526855e-01,9.995187520980834961e-01,6.507707759737968445e-03,-1.636137813329696655e-02,2.553845010697841644e-02,7.170526683330535889e-02,1.287359446287155151e-01,3.996141254901885986e-01,1.305872946977615356e-01,-1.336276382207870483e-01,-9.885545074939727783e-02,4.568162932991981506e-02,-1.467159986495971680e-01,-2.994141578674316406e-01,1.700111031532287598e-01,-1.588337868452072144e-01,1.000645533204078674e-01,-3.822868689894676208e-02,-2.119640633463859558e-02,1.001579388976097107e-01,6.774187833070755005e-02,2.449091374874114990e-01,-5.501872301101684570e-01,1.238278031349182129e+00,1.026437133550643921e-01,3.493951633572578430e-03,6.029811501502990723e-02,-5.355513095855712891e-02,-1.931679993867874146e-01,6.088420152664184570e-01,1.240209460258483887e+00,-2.047331929206848145e-01,-7.791588455438613892e-02,-3.835500776767730713e-02
6.760366261005401611e-03,5.555299110710620880e-03,7.869349122047424316e-01,9.995205402374267578e-01,6.668309681117534637e-03,-1.695003919303417206e-02,2.503948844969272614e-02,7.164601981639862061e-02,1.276103556156158447e-01,4.001281261444091797e-01,1.313405483961105347e-01,-1.323838233947753906e-01,-9.708138555288314819e-02,4.501290991902351379e-02,-1.478164494037628174e-01,-2.975875139236450195e-01,1.701960265636444092e-01,-1.567304432392120361e-01,1.007758975028991699e-01,-3.786147758364677429e-02,-2.147231809794902802e-02,9.996958822011947632e-02,5.949862301349639893e-02,2.461411654949188232e-01,-5.537860989570617676e-01,1.238165020942687988e+00,1.001033708453178406e-01,2.635939279571175575e-03,5.978934466838836670e-02,-5.675214901566505432e-02,-1.958412826061248779e-01,6.174768805503845215e-01,1.248854637145996094e+00,-2.051948159933090210e-01,-7.400745898485183716e-02,-3.323471173644065857e-02
5.683460272848606110e-03,5.960053764283657074e-03,7.870256304740905762e-01,9.995259642601013184e-01,6.830948404967784882e-03,-1.740918122231960297e-02,2.445511892437934875e-02,7.139173895120620728e-02,1.265664696693420410e-01,4.008676111698150635e-01,1.321228146553039551e-01,-1.308359503746032715e-01,-9.521876275539398193e-02,4.375416412949562073e-02,-1.490354239940643311e-01,-2.959934175014495850e-01,1.706331223249435425e-01,-1.547188609838485718e-01,1.013866141438484192e-01,-3.793063387274742126e-02,-2.129491791129112244e-02,1.003850847482681274e-01,5.069220438599586487e-02,2.485548108816146851e-01,-5.576759576797485352e-01,1.234018802642822266e+00,9.888343513011932373e-02,3.186004760209470987e-04,6.044121086597442627e-02,-6.287350505590438843e-02,-2.020539194345474243e-01,6.298711895942687988e-01,1.250875711441040039e+00,-2.047403305768966675e-01,-7.119353115558624268e-02,-3.019102476537227631e-02
4.568314645439386368e-03,6.364728324115276337e-03,7.871045470237731934e-01,9.995294809341430664e-01,7.009011693298816681e-03,-1.784164644777774811e-02,2.394390851259231567e-02,7.112304866313934326e-02,1.257427334785461426e-01,4.019699990749359131e-01,1.328428983688354492e-01,-1.293245702981948853e-01,-9.350382536649703979e-02,4.270522668957710266e-02,-1.502042561769485474e-01,-2.948655784130096436e-01,1.707191914319992065e-01,-1.528332084417343140e-01,1.018283665180206299e-01,-3.831989690661430359e-02,-2.098219469189643860e-02,1.012233719229698181e-01,4.176798090338706970e-02,2.518079876899719238e-01,-5.617032647132873535e-01,1.227154254913330078e+00,9.793950617313385010e-02,-2.201369265094399452e-03,6.233987957239151001e-02,-7.117906212806701660e-02,-2.104057371616363525e-01,6.442348361015319824e-01,1.247518301010131836e+00,-2.042776346206665039e-01,-6.918846815824508667e-02,-2.887849509716033936e-02
3.462048945948481560e-03,6.787819787859916687e-03,7.872135639190673828e-01,9.995303153991699219e-01,7.205853704363107681e-03,-1.824279502034187317e-02,2.354672178626060486e-02,7.030682265758514404e-02,1.251597553491592407e-01,4.031556844711303711e-01,1.338499337434768677e-01,-1.280017346143722534e-01,-9.167712181806564331e-02,4.197042435407638550e-02,-1.512235254049301147e-01,-2.939690947532653809e-01,1.700943112373352051e-01,-1.509524434804916382e-01,1.020635813474655151e-01,-3.871381282806396484e-02,-2.072761952877044678e-02,1.022221818566322327e-01,3.291309624910354614e-02,2.558743953704833984e-01,-5.656849145889282227e-01,1.217891812324523926e+00,9.654867649078369141e-02,-4.807206802070140839e-03,6.574008613824844360e-02,-8.128927648067474365e-02,-2.197934985160827637e-01,6.601360440254211426e-01,1.240900039672851562e+00,-2.055868059396743774e-01,-6.770753860473632812e-02,-2.870211005210876465e-02
2.427107654511928558e-03,7.172312587499618530e-03,7.873420715332031250e-01,9.995293617248535156e-01,7.359390612691640854e-03,-1.870931126177310944e-02,2.316997572779655457e-02,6.934509426355361938e-02,1.250353455543518066e-01,4.047096073627471924e-01,1.351048499345779419e-01,-1.271168589591979980e-01,-8.991291373968124390e-02,4.161503538489341736e-02,-1.519090086221694946e-01,-2.931565344333648682e-01,1.689083576202392578e-01,-1.492313891649246216e-01,1.018266752362251282e-01,-3.868793323636054993e-02,-2.046355605125427246e-02,1.032256484031677246e-01,2.464224025607109070e-02,2.602608501911163330e-01,-5.690562725067138672e-01,1.207638978958129883e+00,9.478759765625000000e-02,-7.601289544254541397e-03,6.997539103031158447e-02,-9.157397598028182983e-02,-2.286824434995651245e-01,6.745393276214599609e-01,1.233108758926391602e+00,-2.088672667741775513e-01,-6.648965924978256226e-02,-2.836245670914649963e-02
1.515002688392996788e-03,7.458526641130447388e-03,7.874456048011779785e-01,9.995226860046386719e-01,7.491046097129583359e-03,-1.939832977950572968e-02,2.284821122884750366e-02,6.893662363290786743e-02,1.251790374517440796e-01,4.067313075065612793e-01,1.363342553377151489e-01,-1.262648254632949829e-01,-8.863276243209838867e-02,4.198487102985382080e-02,-1.523119807243347168e-01,-2.924058437347412109e-01,1.673375070095062256e-01,-1.479494273662567139e-01,1.014233678579330444e-01,-3.837337344884872437e-02,-2.022931165993213654e-02,1.044125109910964966e-01,1.730437763035297394e-02,2.643221318721771240e-01,-5.723719000816345215e-01,1.198423147201538086e+00,9.446399658918380737e-02,-9.516081772744655609e-03,7.320073992013931274e-02,-1.014650985598564148e-01,-2.361672073602676392e-01,6.866601705551147461e-01,1.225674867630004883e+00,-2.133520990610122681e-01,-6.552580744028091431e-02,-2.775910682976245880e-02
6.951110553927719593e-04,7.634072564542293549e-03,7.875083684921264648e-01,9.995148181915283203e-01,7.589925080537796021e-03,-2.031899057328701019e-02,2.235320769250392914e-02,6.951964646577835083e-02,1.254512220621109009e-01,4.094515144824981689e-01,1.373227387666702271e-01,-1.257170885801315308e-01,-8.762373030185699463e-02,4.281685128808021545e-02,-1.524914950132369995e-01,-2.912138998508453369e-01,1.659376025199890137e-01,-1.469174176454544067e-01,1.013627126812934875e-01,-3.756448999047279358e-02,-1.984109915792942047e-02,1.057140678167343140e-01,1.075465977191925049e-02,2.676777541637420654e-01,-5.759152173995971680e-01,1.190101146697998047e+00,9.456564486026763916e-02,-1.088385097682476044e-02,7.505968958139419556e-02,-1.108425408601760864e-01,-2.420229464769363403e-01,6.992655396461486816e-01,1.218235015869140625e+00,-2.186254411935806274e-01,-6.494326889514923096e-02,-2.657051570713520050e-02
-4.289601929485797882e-05,7.704550400376319885e-03,7.875275015830993652e-01,9.995028972625732422e-01,7.710980251431465149e-03,-2.148395776748657227e-02,2.174664661288261414e-02,7.115398347377777100e-02,1.256837993860244751e-01,4.123724997043609619e-01,1.381693333387374878e-01,-1.256075501441955566e-01,-8.648937195539474487e-02,4.427522793412208557e-02,-1.527727991342544556e-01,-2.900419533252716064e-01,1.652005761861801147e-01,-1.459561288356781006e-01,1.019226610660552979e-01,-3.669624030590057373e-02,-1.935859024524688721e-02,1.071990877389907837e-01,5.289081018418073654e-03,2.703101038932800293e-01,-5.800265669822692871e-01,1.182560086250305176e+00,9.502835571765899658e-02,-1.213862840086221695e-02,7.628551870584487915e-02,-1.199673414230346680e-01,-2.459368258714675903e-01,7.133816480636596680e-01,1.211590647697448730e+00,-2.243536710739135742e-01,-6.468120217323303223e-02,-2.610345929861068726e-02
-6.725207203999161720e-04,7.735134102404117584e-03,7.875772714614868164e-01,9.994882941246032715e-01,7.954148575663566589e-03,-2.272970974445343018e-02,2.105496451258659363e-02,7.328172028064727783e-02,1.256340295076370239e-01,4.151028096675872803e-01,1.383060067892074585e-01,-1.264694333076477051e-01,-8.452083170413970947e-02,4.578928276896476746e-02,-1.531153023242950439e-01,-2.882674038410186768e-01,1.653744876384735107e-01,-1.447731554508209229e-01,1.027642637491226196e-01,-3.639246895909309387e-02,-1.896876469254493713e-02,1.082744821906089783e-01,1.181084895506501198e-03,2.721890807151794434e-01,-5.831820368766784668e-01,1.175708889961242676e+00,9.554902464151382446e-02,-1.341946516185998917e-02,7.816819101572036743e-02,-1.285794079303741455e-01,-2.480918318033218384e-01,7.277367115020751953e-01,1.206018924713134766e+00,-2.292173951864242554e-01,-6.466577947139739990e-02,-2.658930793404579163e-02
