3.701865300536155701e-02,6.909489631652832031e-03,7.825018763542175293e-01,9.998990893363952637e-01,9.873677045106887817e-03,9.478643536567687988e-03,3.809153335168957710e-03,8.366882801055908203e-02,1.355994641780853271e-01,5.071587562561035156e-01,1.241188123822212219e-01,-1.569822728633880615e-01,-1.244433298707008362e-01,1.820765994489192963e-02,-1.494299173355102539e-01,-1.030379757285118103e-01,1.465422958135604858e-01,-1.890868693590164185e-01,1.383084952831268311e-01,-5.840541422367095947e-02,-1.432626787573099136e-02,5.080593749880790710e-02,-2.387603372335433960e-02,2.675828039646148682e-01,-7.737156748771667480e-01,1.108052372932434082e+00,2.382804900407791138e-01,-5.521621182560920715e-02,1.391553729772567749e-01,-1.116390824317932129e-01,-2.063840329647064209e-01,8.558381199836730957e-01,1.120545625686645508e+00,-2.633536458015441895e-01,1.072073262184858322e-02,2.394263632595539093e-02
3.669651225209236145e-02,6.722399033606052399e-03,7.824970483779907227e-01,9.999002218246459961e-01,9.863578714430332184e-03,9.319503791630268097e-03,3.914931323379278183e-03,8.346383273601531982e-02,1.358299404382705688e-01,5.060582160949707031e-01,1.241842061281204224e-01,-1.584965884685516357e-01,-1.246810033917427063e-01,1.946510188281536102e-02,-1.495285630226135254e-01,-1.044593825936317444e-01,1.459829211235046387e-01,-1.883822679519653320e-01,1.392980366945266724e-01,-5.814724043011665344e-02,-1.388313807547092438e-02,4.976699873805046082e-02,-2.398569695651531219e-02,2.677452266216278076e-01,-7.751407623291015625e-01,1.107429981231689453e+00,2.416916638612747192e-01,-5.411509424448013306e-02,1.368303298950195312e-01,-1.098703816533088684e-01,-2.064231336116790771e-01,8.549566864967346191e-01,1.120554924011230469e+00,-2.622996270656585693e-01,1.181300636380910873e-02,2.483238466084003448e-02
3.629361838102340698e-02,6.464442238211631775e-03,7.824185490608215332e-01,9.998989701271057129e-01,9.872569702565670013e-03,9.181171655654907227e-03,4.504156764596700668e-03,8.297338336706161499e-02,1.358969658613204956e-01,5.048553943634033203e-01,1.244361177086830139e-01,-1.584332436323165894e-01,-1.242572665214538574e-01,2.064792253077030182e-02,-1.497410386800765991e-01,-1.062910705804824829e-01,1.456388384103775024e-01,-1.882806420326232910e-01,1.397612392902374268e-01,-5.891672521829605103e-02,-1.363025512546300888e-02,4.924857616424560547e-02,-2.443683333694934845e-02,2.678160071372985840e-01,-7.757421135902404785e-01,1.105991125106811523e+00,2.460554689168930054e-01,-5.398001149296760559e-02,1.362956613302230835e-01,-1.083176359534263611e-01,-2.065354436635971069e-01,8.548635840415954590e-01,1.119827508926391602e+00,-2.598028779029846191e-01,1.249502226710319519e-02,2.532540261745452881e-02
3.589832037687301636e-02,6.238896865397691727e-03,7.823445796966552734e-01,9.998967647552490234e-01,9.895809926092624664e-03,9.007763117551803589e-03,5.233938340097665787e-03,8.238190412521362305e-02,1.359791606664657593e-01,5.031076669692993164e-01,1.247618719935417175e-01,-1.581638902425765991e-01,-1.236218437552452087e-01,2.173692546784877777e-02,-1.497344374656677246e-01,-1.079916059970855713e-01,1.452262997627258301e-01,-1.883631497621536255e-01,1.399664282798767090e-01,-5.992916598916053772e-02,-1.394683681428432465e-02,4.894769936800003052e-02,-2.450315468013286591e-02,2.679724991321563721e-01,-7.761096358299255371e-01,1.104281902313232422e+00,2.485906779766082764e-01,-5.323082581162452698e-02,1.372216641902923584e-01,-1.063688620924949646e-01,-2.063873261213302612e-01,8.544341325759887695e-01,1.118841648101806641e+00,-2.562541663646697998e-01,1.269569061696529388e-02,2.524578757584095001e-02
3.555925190448760986e-02,6.034527439624071121e-03,7.822971343994140625e-01,9.998946189880371094e-01,9.886846877634525299e-03,8.831373415887355804e-03,5.917582195252180099e-03,8.175525814294815063e-02,1.361482888460159302e-01,5.012241005897521973e-01,1.248614192008972168e-01,-1.577929407358169556e-01,-1.233274862170219421e-01,2.243984676897525787e-02,-1.494749337434768677e-01,-1.088421568274497986e-01,1.446968168020248413e-01,-1.883338242769241333e-01,1.398545652627944946e-01,-6.081400811672210693e-02,-1.468557212501764297e-02,4.892290383577346802e-02,-2.495288848876953125e-02,2.680789232254028320e-01,-7.758170366287231445e-01,1.102753639221191406e+00,2.474301457405090332e-01,-5.259095877408981323e-02,1.390069574117660522e-01,-1.038910970091819763e-01,-2.060705274343490601e-01,8.532572984695434570e-01,1.117583036422729492e+00,-2.530351579189300537e-01,1.252391003072261810e-02,2.492362447082996368e-02
3.527809679508209229e-02,5.894364789128303528e-03,7.822900414466857910e-01,9.998923540115356445e-01,9.856495074927806854e-03,8.696951903402805328e-03,6.516895256936550140e-03,8.105991780757904053e-02,1.363059580326080322e-01,4.993761777877807617e-01,1.246903985738754272e-01,-1.571199148893356323e-01,-1.233804523944854736e-01,2.303614094853401184e-02,-1.490659564733505249e-01,-1.092865690588951111e-01,1.437214165925979614e-01,-1.879343688488006592e-01,1.395900398492813110e-01,-6.185321509838104248e-02,-1.584438793361186981e-02,4.915584623813629150e-02,-2.582256309688091278e-02,2.683769464492797852e-01,-7.749387621879577637e-01,1.101342678070068359e+00,2.450692355632781982e-01,-5.253972113132476807e-02,1.405562460422515869e-01,-1.013988628983497620e-01,-2.056509405374526978e-01,8.522236347198486328e-01,1.116309881210327148e+00,-2.505238652229309082e-01,1.207083929330110550e-02,2.432045154273509979e-02
3.504335880279541016e-02,5.783701781183481216e-03,7.823498249053955078e-01,9.998899698257446289e-01,9.819976985454559326e-03,8.691205643117427826e-03,6.938606500625610352e-03,7.993847131729125977e-02,1.364663690328598022e-01,4.979678988456726074e-01,1.246536150574684143e-01,-1.563335657119750977e-01,-1.235742792487144470e-01,2.313674986362457275e-02,-1.486971229314804077e-01,-1.097395494580268860e-01,1.426155567169189453e-01,-1.872201412916183472e-01,1.391851603984832764e-01,-6.296683102846145630e-02,-1.726824976503849030e-02,4.968975856900215149e-02,-2.706397138535976410e-02,2.690693140029907227e-01,-7.736119627952575684e-01,1.100252509117126465e+00,2.431056797504425049e-01,-5.335810407996177673e-02,1.419226974248886108e-01,-9.923287481069564819e-02,-2.052192687988281250e-01,8.511167764663696289e-01,1.115358829498291016e+00,-2.489446550607681274e-01,1.102984976023435593e-02,2.344343252480030060e-02
3.478832542896270752e-02,5.619183648377656937e-03,7.824214696884155273e-01,9.998875260353088379e-01,9.776785969734191895e-03,8.798084221780300140e-03,7.204049266874790192e-03,7.851132005453109741e-02,1.366238594055175781e-01,4.969805777072906494e-01,1.246596872806549072e-01,-1.555835306644439697e-01,-1.237546429038047791e-01,2.277716994285583496e-02,-1.482636034488677979e-01,-1.097431927919387817e-01,1.415506899356842041e-01,-1.862528771162033081e-01,1.387838125228881836e-01,-6.434352695941925049e-02,-1.902652718126773834e-02,5.056752264499664307e-02,-2.885242551565170288e-02,2.701125144958496094e-01,-7.722437381744384766e-01,1.099405169486999512e+00,2.403858602046966553e-01,-5.480560660362243652e-02,1.430796235799789429e-01,-9.709120541810989380e-02,-2.048609256744384766e-01,8.492791056632995605e-01,1.114637851715087891e+00,-2.478767037391662598e-01,9.711354970932006836e-03,2.249355427920818329e-02
3.437922149896621704e-02,5.589843727648258209e-03,7.824737429618835449e-01,9.998860955238342285e-01,9.719396941363811493e-03,8.938524872064590454e-03,7.300486788153648376e-03,7.721810787916183472e-02,1.368429213762283325e-01,4.966900646686553955e-01,1.245435252785682678e-01,-1.548892110586166382e-01,-1.237954273819923401e-01,2.207556553184986115e-02,-1.478663831949234009e-01,-1.093578934669494629e-01,1.408152431249618530e-01,-1.852248907089233398e-01,1.383266150951385498e-01,-6.595356762409210205e-02,-2.119007520377635956e-02,5.197909474372863770e-02,-3.116192668676376343e-02,2.714311182498931885e-01,-7.716434001922607422e-01,1.098890185356140137e+00,2.376468330621719360e-01,-5.671631172299385071e-02,1.441984325647354126e-01,-9.501333534717559814e-02,-2.045158445835113525e-01,8.473421335220336914e-01,1.113808274269104004e+00,-2.464394122362136841e-01,8.331168442964553833e-03,2.189886756241321564e-02
3.398442640900611877e-02,5.394300445914268494e-03,7.825102210044860840e-01,9.998865723609924316e-01,9.640537202358245850e-03,9.096689522266387939e-03,7.150769233703613281e-03,7.623004913330078125e-02,1.370564550161361694e-01,4.968877434730529785e-01,1.242195814847946167e-01,-1.540943086147308350e-01,-1.237183287739753723e-01,2.099903859198093414e-02,-1.474929451942443848e-01,-1.089528948068618774e-01,1.404023468494415283e-01,-1.841800212860107422e-01,1.376927345991134644e-01,-6.782741844654083252e-02,-2.372414991259574890e-02,5.406030267477035522e-02,-3.399221599102020264e-02,2.729503512382507324e-01,-7.715867757797241211e-01,1.098956704139709473e+00,2.350393086671829224e-01,-5.828172340989112854e-02,1.453186869621276855e-01,-9.326910227537155151e-02,-2.043339461088180542e-01,8.454836606979370117e-01,1.112570524215698242e+00,-2.427828907966613770e-01,6.857353728264570236e-03,2.115909941494464874e-02
3.348975628614425659e-02,5.238377489149570465e-03,7.825511097908020020e-01,9.998883008956909180e-01,9.516394697129726410e-03,9.327319450676441193e-03,6.767077837139368057e-03,7.542146742343902588e-02,1.373897343873977661e-01,4.975523650646209717e-01,1.237162575125694275e-01,-1.533697247505187988e-01,-1.236569285392761230e-01,1.932626403868198395e-02,-1.469611972570419312e-01,-1.082488000392913818e-01,1.402185857295989990e-01,-1.830051243305206299e-01,1.367838829755783081e-01,-6.990119814872741699e-02,-2.648000232875347137e-02,5.661169439554214478e-02,-3.763086721301078796e-02,2.748588323593139648e-01,-7.718849778175354004e-01,1.098956584930419922e+00,2.329864203929901123e-01,-5.956050753593444824e-02,1.466704308986663818e-01,-9.185571968555450439e-02,-2.046252042055130005e-01,8.437586426734924316e-01,1.110946893692016602e+00,-2.376455813646316528e-01,5.158210638910531998e-03,2.022424340248107910e-02
3.290785849094390869e-02,5.091010592877864838e-03,7.826101779937744141e-01,9.998911619186401367e-01,9.344039484858512878e-03,9.644682519137859344e-03,6.117798388004302979e-03,7.470022141933441162e-02,1.379829049110412598e-01,4.987167716026306152e-01,1.232759207487106323e-01,-1.526059806346893311e-01,-1.236019581556320190e-01,1.715395972132682800e-02,-1.461211293935775757e-01,-1.070256829261779785e-01,1.400495618581771851e-01,-1.815528720617294312e-01,1.355766355991363525e-01,-7.205417752265930176e-02,-2.977963723242282867e-02,5.955371260643005371e-02,-4.246308282017707825e-02,2.774578332901000977e-01,-7.723883390426635742e-01,1.099103450775146484e+00,2.316452711820602417e-01,-6.089939177036285400e-02,1.480676531791687012e-01,-9.051820635795593262e-02,-2.054845690727233887e-01,8.423422574996948242e-01,1.108873367309570312e+00,-2.325055003166198730e-01,3.245775820687413216e-03,1.931343786418437958e-02
3.225230425596237183e-02,4.878916312009096146e-03,7.827121019363403320e-01,9.998935461044311523e-01,9.149863384664058685e-03,1.007567159831523895e-02,5.258325487375259399e-03,7.377593219280242920e-02,1.387565881013870239e-01,5.000950098037719727e-01,1.227407306432723999e-01,-1.514532864093780518e-01,-1.235633864998817444e-01,1.455868873745203018e-02,-1.448829472064971924e-01,-1.048674061894416809e-01,1.397892385721206665e-01,-1.799201667308807373e-01,1.341008394956588745e-01,-7.429300248622894287e-02,-3.384324163198471069e-02,6.273112446069717407e-02,-4.829039052128791809e-02,2.807160317897796631e-01,-7.725740671157836914e-01,1.099605798721313477e+00,2.303635627031326294e-01,-6.222666800022125244e-02,1.498049497604370117e-01,-8.937502652406692505e-02,-2.068526595830917358e-01,8.415879011154174805e-01,1.106618762016296387e+00,-2.292342633008956909e-01,1.409243443049490452e-03,1.850092038512229919e-02
3.148720040917396545e-02,4.576570354402065277e-03,7.828649282455444336e-01,9.998953938484191895e-01,8.897002786397933960e-03,1.061500795185565948e-02,4.167802631855010986e-03,7.275138050317764282e-02,1.397960186004638672e-01,5.017408132553100586e-01,1.219793930649757385e-01,-1.498926728963851929e-01,-1.235008761286735535e-01,1.159777771681547165e-02,-1.432087570428848267e-01,-1.019753217697143555e-01,1.393792927265167236e-01,-1.779367178678512573e-01,1.325085461139678955e-01,-7.662966102361679077e-02,-3.859719261527061462e-02,6.606025993824005127e-02,-5.489873513579368591e-02,2.845154404640197754e-01,-7.723013162612915039e-01,1.100906133651733398e+00,2.290303409099578857e-01,-6.355260312557220459e-02,1.522106975317001343e-01,-8.860915154218673706e-02,-2.085079848766326904e-01,8.409318923950195312e-01,1.104168891906738281e+00,-2.276521474123001099e-01,-1.295769179705530405e-04,1.809047721326351166e-02
3.060115687549114227e-02,4.200461320579051971e-03,7.830504775047302246e-01,9.998948574066162109e-01,8.629746735095977783e-03,1.127804722636938095e-02,2.941549289971590042e-03,7.125328481197357178e-02,1.410108953714370728e-01,5.037807822227478027e-01,1.212782636284828186e-01,-1.481369137763977051e-01,-1.231812238693237305e-01,8.338443003594875336e-03,-1.413661539554595947e-01,-9.887053817510604858e-02,1.388174742460250854e-01,-1.757997572422027588e-01,1.310806721448898315e-01,-7.920900732278823853e-02,-4.424168542027473450e-02,6.972895562648773193e-02,-6.218541413545608521e-02,2.888265252113342285e-01,-7.720896601676940918e-01,1.103378653526306152e+00,2.275367379188537598e-01,-6.492485851049423218e-02,1.553858816623687744e-01,-8.805847913026809692e-02,-2.102662175893783569e-01,8.404691815376281738e-01,1.101306319236755371e+00,-2.271015346050262451e-01,-2.092375652864575386e-03,1.762787997722625732e-02
2.958431467413902283e-02,3.783473279327154160e-03,7.832488417625427246e-01,9.998914003372192383e-01,8.353875949978828430e-03,1.204328797757625580e-02,1.528398599475622177e-03,6.920668482780456543e-02,1.423709392547607422e-01,5.063137412071228027e-01,1.205243691802024841e-01,-1.463000774383544922e-01,-1.228185296058654785e-01,4.636316094547510147e-03,-1.392547637224197388e-01,-9.527006000280380249e-02,1.380566060543060303e-01,-1.735646575689315796e-01,1.295073777437210083e-01,-8.212478458881378174e-02,-5.110288038849830627e-02,7.396414875984191895e-02,-7.034954428672790527e-02,2.936946153640747070e-01,-7.720552682876586914e-01,1.107800245285034180e+00,2.241214513778686523e-01,-6.657046824693679810e-02,1.591371595859527588e-01,-8.747500926256179810e-02,-2.119623422622680664e-01,8.398869037628173828e-01,1.097620487213134766e+00,-2.268366068601608276e-01,-4.381726030260324478e-03,1.654372550547122955e-02
2.845216169953346252e-02,3.313736524432897568e-03,7.834523916244506836e-01,9.998846650123596191e-01,8.033375255763530731e-03,1.288627833127975464e-02,-1.647082972340285778e-04,6.689765304327011108e-02,1.439990103244781494e-01,5.094641447067260742e-01,1.195640191435813904e-01,-1.443851292133331299e-01,-1.226023659110069275e-01,2.800037909764796495e-04,-1.365849971771240234e-01,-9.071423858404159546e-02,1.372065395116806030e-01,-1.709847152233123779e-01,1.278816461563110352e-01,-8.546517044305801392e-02,-5.921955406665802002e-02,7.870099693536758423e-02,-7.967891544103622437e-02,2.989678680896759033e-01,-7.724961042404174805e-01,1.114844441413879395e+00,2.185726910829544067e-01,-6.845045089721679688e-02,1.632950305938720703e-01,-8.642204850912094116e-02,-2.133885025978088379e-01,8.390874862670898438e-01,1.093041419982910156e+00,-2.261925339698791504e-01,-6.911749020218849182e-03,1.481314934790134430e-02
2.717142365872859955e-02,2.727488521486520767e-03,7.836630940437316895e-01,9.998733401298522949e-01,7.680395152419805527e-03,1.377973519265651703e-02,-2.092411275953054428e-03,6.441304832696914673e-02,1.459637433290481567e-01,5.131235718727111816e-01,1.186718791723251343e-01,-1.424171775579452515e-01,-1.223700568079948425e-01,-4.760534502565860748e-03,-1.333782225847244263e-01,-8.543197065591812134e-02,1.362839490175247192e-01,-1.679189354181289673e-01,1.261789798736572266e-01,-8.913648873567581177e-02,-6.866173446178436279e-02,8.388944715261459351e-02,-9.051095694303512573e-02,3.047633171081542969e-01,-7.742142081260681152e-01,1.124748468399047852e+00,2.127842605113983154e-01,-7.033917307853698730e-02,1.671790331602096558e-01,-8.530370146036148071e-02,-2.141250967979431152e-01,8.385443687438964844e-01,1.087909817695617676e+00,-2.258242666721343994e-01,-9.477175772190093994e-03,1.315349061042070389e-02
2.574908547103404999e-02,1.989526441320776939e-03,7.838696837425231934e-01,9.998557567596435547e-01,7.317957002669572830e-03,1.476733665913343430e-02,-4.103027749806642532e-03,6.170108541846275330e-02,1.482799351215362549e-01,5.172494649887084961e-01,1.177092641592025757e-01,-1.401891410350799561e-01,-1.219736710190773010e-01,-1.027288939803838730e-02,-1.299577057361602783e-01,-8.009305596351623535e-02,1.352216154336929321e-01,-1.645460426807403564e-01,1.244115382432937622e-01,-9.314444661140441895e-02,-7.954873889684677124e-02,8.951165527105331421e-02,-1.028685122728347778e-01,3.109983205795288086e-01,-7.783093452453613281e-01,1.137714862823486328e+00,2.074351608753204346e-01,-7.179105281829833984e-02,1.700720041990280151e-01,-8.372503519058227539e-02,-2.139799594879150391e-01,8.378598093986511230e-01,1.081968307495117188e+00,-2.253403663635253906e-01,-1.229626592248678207e-02,1.180896069854497910e-02
2.415689826011657715e-02,1.131862867623567581e-03,7.840833663940429688e-01,9.998321533203125000e-01,6.973838433623313904e-03,1.583005860447883606e-02,-6.039382889866828918e-03,5.842402577400207520e-02,1.507691890001296997e-01,5.208719372749328613e-01,1.168641671538352966e-01,-1.376888453960418701e-01,-1.216056719422340393e-01,-1.611695066094398499e-02,-1.265206634998321533e-01,-7.491803914308547974e-02,1.342710554599761963e-01,-1.610883325338363647e-01,1.223056167364120483e-01,-9.737461060285568237e-02,-9.163715690374374390e-02,9.565006196498870850e-02,-1.162519901990890503e-01,3.176438808441162109e-01,-7.846245169639587402e-01,1.152642250061035156e+00,2.031179964542388916e-01,-7.322739809751510620e-02,1.715337038040161133e-01,-8.236160874366760254e-02,-2.128507196903228760e-01,8.372315764427185059e-01,1.075584173202514648e+00,-2.243278771638870239e-01,-1.545998919755220413e-02,1.090380270034074783e-02
2.229172922670841217e-02,1.309749204665422440e-04,7.842974662780761719e-01,9.998019933700561523e-01,6.643017288297414780e-03,1.705390028655529022e-02,-7.811902090907096863e-03,5.418669804930686951e-02,1.534809023141860962e-01,5.239374041557312012e-01,1.162028834223747253e-01,-1.348468214273452759e-01,-1.211510449647903442e-01,-2.265173755586147308e-02,-1.230437979102134705e-01,-6.996028870344161987e-02,1.334526091814041138e-01,-1.573991179466247559e-01,1.200242340564727783e-01,-1.019782125949859619e-01,-1.056061536073684692e-01,1.027612537145614624e-01,-1.316443532705307007e-01,3.251341283321380615e-01,-7.927929162979125977e-01,1.169620275497436523e+00,1.996304988861083984e-01,-7.484737038612365723e-02,1.721966415643692017e-01,-8.093027770519256592e-02,-2.107373028993606567e-01,8.359195590019226074e-01,1.068430423736572266e+00,-2.231921851634979248e-01,-1.839653961360454559e-02,9.759414009749889374e-03
2.019449323415756226e-02,-1.002453500404953957e-03,7.845396399497985840e-01,9.997687935829162598e-01,6.323118228465318680e-03,1.828567311167716980e-02,-9.377554059028625488e-03,4.937851428985595703e-02,1.563949435949325562e-01,5.264788269996643066e-01,1.156637966632843018e-01,-1.318022608757019043e-01,-1.207826882600784302e-01,-2.950923703610897064e-02,-1.194987148046493530e-01,-6.556612253189086914e-02,1.328882128000259399e-01,-1.536740809679031372e-01,1.174184530973434448e-01,-1.067836806178092957e-01,-1.214810684323310852e-01,1.113945171236991882e-01,-1.488969475030899048e-01,3.333335518836975098e-01,-8.025669455528259277e-01,1.187978744506835938e+00,1.964802443981170654e-01,-7.678698003292083740e-02,1.728660911321640015e-01,-7.997800409793853760e-02,-2.077667266130447388e-01,8.352906703948974609e-01,1.060952663421630859e+00,-2.223186641931533813e-01,-2.123741246759891510e-02,8.700524456799030304e-03
1.820327341556549072e-02,-2.430916996672749519e-03,7.847898602485656738e-01,9.997311234474182129e-01,5.985434167087078094e-03,1.962274126708507538e-02,-1.080355513840913773e-02,4.407703131437301636e-02,1.594062596559524536e-01,5.284409523010253906e-01,1.153815910220146179e-01,-1.284535825252532959e-01,-1.202371120452880859e-01,-3.668254241347312927e-02,-1.158925741910934448e-01,-6.176917627453804016e-02,1.323080509901046753e-01,-1.495096385478973389e-01,1.148589551448822021e-01,-1.115367412567138672e-01,-1.390654593706130981e-01,1.216308325529098511e-01,-1.681101471185684204e-01,3.419561386108398438e-01,-8.136073946952819824e-01,1.207595944404602051e+00,1.933678388595581055e-01,-7.863947004079818726e-02,1.737962216138839722e-01,-7.988977432250976562e-02,-2.042275965213775635e-01,8.363163471221923828e-01,1.054048061370849609e+00,-2.214594036340713501e-01,-2.352008596062660217e-02,8.331591263413429260e-03
1.587306335568428040e-02,-3.622260177507996559e-03,7.850313782691955566e-01,9.996871948242187500e-01,5.584756843745708466e-03,2.110083401203155518e-02,-1.220835000276565552e-02,3.839163854718208313e-02,1.625309586524963379e-01,5.303823947906494141e-01,1.151039972901344299e-01,-1.247769370675086975e-01,-1.195418387651443481e-01,-4.445586726069450378e-02,-1.121128126978874207e-01,-5.779484659433364868e-02,1.317640542984008789e-01,-1.450038552284240723e-01,1.124655678868293762e-01,-1.159001290798187256e-01,-1.582468450069427490e-01,1.332999616861343384e-01,-1.888869404792785645e-01,3.507359325885772705e-01,-8.256239891052246094e-01,1.228445291519165039e+00,1.895224153995513916e-01,-8.017235994338989258e-02,1.746606528759002686e-01,-8.068155497312545776e-02,-2.003948986530303955e-01,8.398184180259704590e-01,1.047657728195190430e+00,-2.202756851911544800e-01,-2.551391348242759705e-02,8.947907947003841400e-03
1.342977024614810944e-02,-4.766118712723255157e-03,7.853123545646667480e-01,9.996337890625000000e-01,5.150859709829092026e-03,2.275114506483078003e-02,-1.371824368834495544e-02,3.199990838766098022e-02,1.657076925039291382e-01,5.321781635284423828e-01,1.150568723678588867e-01,-1.210387796163558960e-01,-1.183760538697242737e-01,-5.273195356130599976e-02,-1.082573607563972473e-01,-5.384832993149757385e-02,1.311601847410202026e-01,-1.401305943727493286e-01,1.102022528648376465e-01,-1.199598833918571472e-01,-1.788496375083923340e-01,1.462347954511642456e-01,-2.098854035139083862e-01,3.590901792049407959e-01,-8.372254371643066406e-01,1.250791192054748535e+00,1.846987754106521606e-01,-8.119767904281616211e-02,1.748509705066680908e-01,-8.241007477045059204e-02,-1.965756565332412720e-01,8.454005122184753418e-01,1.041094303131103516e+00,-2.193708270788192749e-01,-2.771630138158798218e-02,1.089057978242635727e-02
1.101079210638999939e-02,-5.808473099023103714e-03,7.856464982032775879e-01,9.995672702789306641e-01,4.746090620756149292e-03,2.467913739383220673e-02,-1.528797578066587448e-02,2.492581866681575775e-02,1.685895323753356934e-01,5.338818430900573730e-01,1.147529855370521545e-01,-1.169452890753746033e-01,-1.168846189975738525e-01,-6.136607378721237183e-02,-1.045723930001258850e-01,-4.985233768820762634e-02,1.299281716346740723e-01,-1.343292146921157837e-01,1.085281595587730408e-01,-1.235874295234680176e-01,-1.999142765998840332e-01,1.593818962574005127e-01,-2.302940338850021362e-01,3.665661215782165527e-01,-8.460616469383239746e-01,1.272906899452209473e+00,1.790105253458023071e-01,-8.193425834178924561e-02,1.740563511848449707e-01,-8.504173904657363892e-02,-1.938605904579162598e-01,8.521641492843627930e-01,1.033826112747192383e+00,-2.190321981906890869e-01,-2.978991717100143433e-02,1.327493321150541306e-02
8.720984682440757751e-03,-6.670591421425342560e-03,7.860147356986999512e-01,9.994883537292480469e-01,4.378410521894693375e-03,2.674228884279727936e-02,-1.699269562959671021e-02,1.772958785295486450e-02,1.710641980171203613e-01,5.356181859970092773e-01,1.140357777476310730e-01,-1.124824285507202148e-01,-1.151325330138206482e-01,-7.010305672883987427e-02,-1.012105941772460938e-01,-4.585719108581542969e-02,1.281311213970184326e-01,-1.277606636285781860e-01,1.072548478841781616e-01,-1.264148503541946411e-01,-2.210076749324798584e-01,1.725284010171890259e-01,-2.491149008274078369e-01,3.732086718082427979e-01,-8.515005707740783691e-01,1.293249964714050293e+00,1.745189577341079712e-01,-8.263806998729705811e-02,1.729578673839569092e-01,-8.935693651437759399e-02,-1.928724199533462524e-01,8.589411973953247070e-01,1.025271534919738770e+00,-2.202827036380767822e-01,-3.141646087169647217e-02,1.471882220357656479e-02
6.564415525645017624e-03,-7.295525167137384415e-03,7.863467335700988770e-01,9.994020462036132812e-01,4.120930563658475876e-03,2.869549021124839783e-02,-1.884606294333934784e-02,1.128312293440103531e-02,1.729032248258590698e-01,5.377792716026306152e-01,1.128228753805160522e-01,-1.079848483204841614e-01,-1.134326756000518799e-01,-7.841449975967407227e-02,-9.835670143365859985e-02,-4.155932739377021790e-02,1.261913776397705078e-01,-1.211928129196166992e-01,1.063464656472206116e-01,-1.285039782524108887e-01,-2.418915480375289917e-01,1.858863085508346558e-01,-2.661709189414978027e-01,3.791256546974182129e-01,-8.542631268501281738e-01,1.311178445816040039e+00,1.702376455068588257e-01,-8.362122625112533569e-02,1.724030673503875732e-01,-9.489563107490539551e-02,-1.936398744583129883e-01,8.645325899124145508e-01,1.014837265014648438e+00,-2.222164571285247803e-01,-3.224831819534301758e-02,1.467210333794355392e-02
4.418862052261829376e-03,-7.695728912949562073e-03,7.866591811180114746e-01,9.993084669113159180e-01,3.933735191822052002e-03,3.066457994282245636e-02,-2.065882459282875061e-02,4.880139138549566269e-03,1.743388026952743530e-01,5.405814647674560547e-01,1.116200909018516541e-01,-1.036146432161331177e-01,-1.115779355168342590e-01,-8.691043406724929810e-02,-9.609054028987884521e-02,-3.731117770075798035e-02,1.245969235897064209e-01,-1.145887374877929688e-01,1.054748222231864929e-01,-1.302625238895416260e-01,-2.630235552787780762e-01,1.997487843036651611e-01,-2.818134129047393799e-01,3.842342793941497803e-01,-8.549404740333557129e-01,1.327495098114013672e+00,1.652615219354629517e-01,-8.521008491516113281e-02,1.724381744861602783e-01,-1.008706018328666687e-01,-1.962447613477706909e-01,8.679490685462951660e-01,1.001791357994079590e+00,-2.233378589153289795e-01,-3.316383436322212219e-02,1.386808045208454132e-02
2.325002569705247879e-03,-7.886939682066440582e-03,7.869430184364318848e-01,9.992093443870544434e-01,3.782030194997787476e-03,3.266620263457298279e-02,-2.234626002609729767e-02,-1.718870829790830612e-03,1.754581928253173828e-01,5.435392260551452637e-01,1.106545627117156982e-01,-9.967886656522750854e-02,-1.098039522767066956e-01,-9.556573629379272461e-02,-9.431384503841400146e-02,-3.366799652576446533e-02,1.235096380114555359e-01,-1.082581430673599243e-01,1.043675541877746582e-01,-1.316795796155929565e-01,-2.840102314949035645e-01,2.141017466783523560e-01,-2.962085306644439697e-01,3.883681893348693848e-01,-8.544494509696960449e-01,1.342431902885437012e+00,1.597061008214950562e-01,-8.739694207906723022e-02,1.727716475725173950e-01,-1.068363040685653687e-01,-2.001638859510421753e-01,8.694657087326049805e-01,9.864487648010253906e-01,-2.224593311548233032e-01,-3.486585989594459534e-02,1.212535519152879715e-02
2.962579019367694855e-04,-7.883079349994659424e-03,7.871919274330139160e-01,9.991027116775512695e-01,3.640849376097321510e-03,3.466970846056938171e-02,-2.405189722776412964e-02,-8.435254916548728943e-03,1.765849590301513672e-01,5.468589067459106445e-01,1.101426482200622559e-01,-9.610318392515182495e-02,-1.081370860338211060e-01,-1.045058071613311768e-01,-9.285743534564971924e-02,-3.083955869078636169e-02,1.233948320150375366e-01,-1.026974990963935852e-01,1.028637513518333435e-01,-1.324257999658584595e-01,-3.048308491706848145e-01,2.294328063726425171e-01,-3.101239502429962158e-01,3.920138776302337646e-01,-8.542458415031433105e-01,1.356104016304016113e+00,1.551074981689453125e-01,-9.004049748182296753e-02,1.735738217830657959e-01,-1.133896708488464355e-01,-2.046705186367034912e-01,8.709507584571838379e-01,9.693874716758728027e-01,-2.208715826272964478e-01,-3.721114993095397949e-02,1.014139223843812943e-02
-1.611680258065462112e-03,-7.665555924177169800e-03,7.874130606651306152e-01,9.989959597587585449e-01,3.599162679165601730e-03,3.666300699114799500e-02,-2.549268305301666260e-02,-1.520102657377719879e-02,1.774052828550338745e-01,5.499502420425415039e-01,1.101712286472320557e-01,-9.285087138414382935e-02,-1.062575355172157288e-01,-1.133212596178054810e-01,-9.208537638187408447e-02,-2.894080802798271179e-02,1.240393966436386108e-01,-9.801206737756729126e-02,1.015890315175056458e-01,-1.326937973499298096e-01,-3.249000012874603271e-01,2.449839711189270020e-01,-3.237532675266265869e-01,3.949778974056243896e-01,-8.553318977355957031e-01,1.369149684906005859e+00,1.534227728843688965e-01,-9.281206876039505005e-02,1.745117753744125366e-01,-1.208606511354446411e-01,-2.094330489635467529e-01,8.738399147987365723e-01,9.522422552108764648e-01,-2.196306735277175903e-01,-4.004136472940444946e-02,7.904115132987499237e-03
-3.411791520193219185e-03,-7.275904063135385513e-03,7.876210808753967285e-01,9.988946914672851562e-01,3.578035393729805946e-03,3.856655582785606384e-02,-2.663129009306430817e-02,-2.186018042266368866e-02,1.780761033296585083e-01,5.526881814002990723e-01,1.104995310306549072e-01,-8.979652822017669678e-02,-1.042203605175018311e-01,-1.217436417937278748e-01,-9.180927276611328125e-02,-2.809845469892024994e-02,1.251535564661026001e-01,-9.389580786228179932e-02,1.006767079234123230e-01,-1.326585412025451660e-01,-3.446145653724670410e-01,2.610528171062469482e-01,-3.369148969650268555e-01,3.974054753780364990e-01,-8.585201501846313477e-01,1.382484078407287598e+00,1.546267271041870117e-01,-9.560467302799224854e-02,1.753701120615005493e-01,-1.294135451316833496e-01,-2.142933309078216553e-01,8.787562251091003418e-01,9.358175396919250488e-01,-2.180375754833221436e-01,-4.330351203680038452e-02,5.512345582246780396e-03
-5.064255557954311371e-03,-6.816063076257705688e-03,7.878021001815795898e-01,9.987985491752624512e-01,3.524161176756024361e-03,4.043612256646156311e-02,-2.745898440480232239e-02,-2.857405133545398712e-02,1.785524338483810425e-01,5.546441078186035156e-01,1.109623834490776062e-01,-8.692017942667007446e-02,-1.022188812494277954e-01,-1.297931671142578125e-01,-9.171576052904129028e-02,-2.771349996328353882e-02,1.262328922748565674e-01,-8.964041620492935181e-02,1.002124920487403870e-01,-1.322475671768188477e-01,-3.641844689846038818e-01,2.773354053497314453e-01,-3.498145937919616699e-01,3.994226753711700439e-01,-8.628575801849365234e-01,1.396943330764770508e+00,1.598702371120452881e-01,-9.803898632526397705e-02,1.764354407787322998e-01,-1.387081742286682129e-01,-2.193224877119064331e-01,8.863934278488159180e-01,9.198843240737915039e-01,-2.186171114444732666e-01,-4.657927155494689941e-02,3.568187588825821877e-03
-6.501407828181982040e-03,-6.395976059138774872e-03,7.879927754402160645e-01,9.987113475799560547e-01,3.429643576964735985e-03,4.220914840698242188e-02,-2.796926163136959076e-02,-3.511107340455055237e-02,1.787715703248977661e-01,5.556506514549255371e-01,1.111032292246818542e-01,-8.426242321729660034e-02,-1.005897149443626404e-01,-1.369003653526306152e-01,-9.167164564132690430e-02,-2.792612649500370026e-02,1.266137510538101196e-01,-8.548123389482498169e-02,1.002282723784446716e-01,-1.321003586053848267e-01,-3.837015032768249512e-01,2.931932508945465088e-01,-3.613595366477966309e-01,4.011781513690948486e-01,-8.671196699142456055e-01,1.412149906158447266e+00,1.678992360830307007e-01,-1.000300049781799316e-01,1.767112016677856445e-01,-1.482148319482803345e-01,-2.245429605245590210e-01,8.955376744270324707e-01,9.039765596389770508e-01,-2.215781509876251221e-01,-4.926633462309837341e-02,2.461753319948911667e-03
-7.669304031878709793e-03,-6.043316796422004700e-03,7.881788611412048340e-01,9.986429810523986816e-01,3.241341328248381615e-03,4.378937184810638428e-02,-2.800452150404453278e-02,-4.094385728240013123e-02,1.788395494222640991e-01,5.557297468185424805e-01,1.107019484043121338e-01,-8.216974139213562012e-02,-9.969317913055419922e-02,-1.425454616546630859e-01,-9.164408594369888306e-02,-2.862323448061943054e-02,1.260427683591842651e-01,-8.137289434671401978e-02,1.004732996225357056e-01,-1.319190859794616699e-01,-4.023105204105377197e-01,3.074116706848144531e-01,-3.715243041515350342e-01,4.026096761226654053e-01,-8.706379532814025879e-01,1.427735805511474609e+00,1.782848387956619263e-01,-1.019937172532081604e-01,1.767238080501556396e-01,-1.568744480609893799e-01,-2.300561815500259399e-01,9.058703184127807617e-01,8.885455727577209473e-01,-2.271054238080978394e-01,-5.157193914055824280e-02,1.992384670302271843e-03
-8.564900606870651245e-03,-5.781596992164850235e-03,7.883353233337402344e-01,9.985938668251037598e-01,3.003535326570272446e-03,4.515254124999046326e-02,-2.761284820735454559e-02,-4.592756554484367371e-02,1.788669079542160034e-01,5.550546050071716309e-01,1.100006699562072754e-01,-8.038194477558135986e-02,-9.928554296493530273e-02,-1.467325985431671143e-01,-9.173560142517089844e-02,-2.983442135155200958e-02,1.251789778470993042e-01,-7.784620672464370728e-02,1.007708460092544556e-01,-1.315564066171646118e-01,-4.195699095726013184e-01,3.201356530189514160e-01,-3.799226284027099609e-01,4.038362205028533936e-01,-8.721855878829956055e-01,1.442242264747619629e+00,1.883952766656875610e-01,-1.040042415261268616e-01,1.766884922981262207e-01,-1.646617949008941650e-01,-2.359088957309722900e-01,9.161072373390197754e-01,8.743130564689636230e-01,-2.346370816230773926e-01,-5.394148454070091248e-02,1.258928445167839527e-03
-9.128315374255180359e-03,-5.574136972427368164e-03,7.884789705276489258e-01,9.985684156417846680e-01,2.718304283916950226e-03,4.615313559770584106e-02,-2.690015919506549835e-02,-4.975281655788421631e-02,1.789435148239135742e-01,5.540875196456909180e-01,1.094601452350616455e-01,-7.890529185533523560e-02,-9.901157021522521973e-02,-1.492106914520263672e-01,-9.180589020252227783e-02,-3.131822496652603149e-02,1.242538765072822571e-01,-7.527502626180648804e-02,1.012504026293754578e-01,-1.306736767292022705e-01,-4.347586333751678467e-01,3.307636976242065430e-01,-3.857803046703338623e-01,4.046608507633209229e-01,-8.729045987129211426e-01,1.455142140388488770e+00,1.958258748054504395e-01,-1.058240756392478943e-01,1.769529581069946289e-01,-1.712132841348648071e-01,-2.416938245296478271e-01,9.253135323524475098e-01,8.617854714393615723e-01,-2.442148029804229736e-01,-5.611590668559074402e-02,3.714554477483034134e-04
-9.326029568910598755e-03,-5.396563559770584106e-03,7.886106967926025391e-01,9.985724091529846191e-01,2.384429331868886948e-03,4.675059393048286438e-02,-2.572542615234851837e-02,-5.260988697409629822e-02,1.790562570095062256e-01,5.525450706481933594e-01,1.092412844300270081e-01,-7.781525701284408569e-02,-9.880266338586807251e-02,-1.501013934612274170e-01,-9.196805208921432495e-02,-3.351611644029617310e-02,1.236507594585418701e-01,-7.374411821365356445e-02,1.014728993177413940e-01,-1.292303353548049927e-01,-4.474137127399444580e-01,3.395169973373413086e-01,-3.899856805801391602e-01,4.049394130706787109e-01,-8.723654150962829590e-01,1.465460300445556641e+00,2.000756114721298218e-01,-1.074652150273323059e-01,1.784915179014205933e-01,-1.765047311782836914e-01,-2.473223954439163208e-01,9.331991076469421387e-01,8.511161804199218750e-01,-2.537467479705810547e-01,-5.797481536865234375e-02,-2.992356312461197376e-04
-9.152323007583618164e-03,-5.297154188156127930e-03,7.887123823165893555e-01,9.986099004745483398e-01,2.128739608451724052e-03,4.687033966183662415e-02,-2.402070350944995880e-02,-5.433772876858711243e-02,1.787949353456497192e-01,5.499246120452880859e-01,1.090670153498649597e-01,-7.713853567838668823e-02,-9.855993837118148804e-02,-1.493342965841293335e-01,-9.261371940374374390e-02,-3.684953600168228149e-02,1.236065924167633057e-01,-7.331293821334838867e-02,1.014533489942550659e-01,-1.274760961532592773e-01,-4.575527310371398926e-01,3.465809226036071777e-01,-3.927920758724212646e-01,4.043388664722442627e-01,-8.716107010841369629e-01,1.473770856857299805e+00,2.029373347759246826e-01,-1.086373478174209595e-01,1.809372305870056152e-01,-1.806930601596832275e-01,-2.527880668640136719e-01,9.397322535514831543e-01,8.421847820281982422e-01,-2.612558305263519287e-01,-5.954475700855255127e-02,-5.902900593355298042e-04
-8.679738268256187439e-03,-5.292327143251895905e-03,7.887838482856750488e-01,9.986754655838012695e-01,1.974079757928848267e-03,4.654884710907936096e-02,-2.183332666754722595e-02,-5.499975010752677917e-02,1.781718134880065918e-01,5.465503931045532227e-01,1.090051233768463135e-01,-7.686647027730941772e-02,-9.824681282043457031e-02,-1.470675766468048096e-01,-9.370739012956619263e-02,-4.099576175212860107e-02,1.242223158478736877e-01,-7.401144504547119141e-02,1.011430472135543823e-01,-1.255064457654953003e-01,-4.654130041599273682e-01,3.520244657993316650e-01,-3.945547342300415039e-01,4.026096761226654053e-01,-8.713107705116271973e-01,1.480874657630920410e+00,2.035362422466278076e-01,-1.093869805335998535e-01,1.838501095771789551e-01,-1.842351853847503662e-01,-2.577058076858520508e-01,9.454689621925354004e-01,8.348783850669860840e-01,-2.674092650413513184e-01,-6.070479378104209900e-02,-1.077904715202748775e-03
-8.048240095376968384e-03,-5.360138602554798126e-03,7.888752222061157227e-01,9.987593293190002441e-01,1.937124412506818771e-03,4.584702476859092712e-02,-1.934385485947132111e-02,-5.466413125395774841e-02,1.772467494010925293e-01,5.426127314567565918e-01,1.089729219675064087e-01,-7.687433809041976929e-02,-9.783056378364562988e-02,-1.437834799289703369e-01,-9.519886225461959839e-02,-4.564800485968589783e-02,1.257151961326599121e-01,-7.570456713438034058e-02,1.006319224834442139e-01,-1.232036426663398743e-01,-4.711721539497375488e-01,3.563462793827056885e-01,-3.958533704280853271e-01,3.997114002704620361e-01,-8.713635802268981934e-01,1.486912369728088379e+00,2.020526826381683350e-01,-1.105980873107910156e-01,1.876624971628189087e-01,-1.870036423206329346e-01,-2.619197070598602295e-01,9.502993226051330566e-01,8.292332887649536133e-01,-2.722258865833282471e-01,-6.183111667633056641e-02,-2.294147852808237076e-03
-7.348041515797376633e-03,-5.487913265824317932e-03,7.889845967292785645e-01,9.988532662391662598e-01,1.998794730752706528e-03,4.484952986240386963e-02,-1.663086190819740295e-02,-5.357414484024047852e-02,1.761911213397979736e-01,5.386846065521240234e-01,1.089799478650093079e-01,-7.704272866249084473e-02,-9.718571603298187256e-02,-1.398721337318420410e-01,-9.698046743869781494e-02,-5.052696913480758667e-02,1.278640329837799072e-01,-7.827726751565933228e-02,1.001338437199592590e-01,-1.204621344804763794e-01,-4.750713109970092773e-01,3.598364889621734619e-01,-3.971922397613525391e-01,3.957441449165344238e-01,-8.730112314224243164e-01,1.491975307464599609e+00,1.986758857965469360e-01,-1.128162443637847900e-01,1.925848275423049927e-01,-1.890671402215957642e-01,-2.653674185276031494e-01,9.542995691299438477e-01,8.250812888145446777e-01,-2.771155834197998047e-01,-6.322565674781799316e-02,-3.953763749450445175e-03
-6.599073763936758041e-03,-5.630605388432741165e-03,7.890862226486206055e-01,9.989436864852905273e-01,2.095291158184409142e-03,4.375160112977027893e-02,-1.389360614120960236e-02,-5.217389389872550964e-02,1.751321703195571899e-01,5.343425869941711426e-01,1.091994345188140869e-01,-7.704566419124603271e-02,-9.657999128103256226e-02,-1.356153041124343872e-01,-9.891669452190399170e-02,-5.566817522048950195e-02,1.299880594015121460e-01,-8.142530918121337891e-02,9.982629120349884033e-02,-1.175591945648193359e-01,-4.777103364467620850e-01,3.626188039779663086e-01,-3.989275097846984863e-01,3.907085061073303223e-01,-8.757021427154541016e-01,1.496579527854919434e+00,1.945517659187316895e-01,-1.157999783754348755e-01,1.985013782978057861e-01,-1.908833086490631104e-01,-2.678081989288330078e-01,9.572364091873168945e-01,8.222224712371826172e-01,-2.825938165187835693e-01,-6.439351290464401245e-02,-5.839148536324501038e-03
-5.791787058115005493e-03,-5.785517394542694092e-03,7.891413569450378418e-01,9.990238547325134277e-01,2.147309714928269386e-03,4.265643283724784851e-02,-1.127738505601882935e-02,-5.061106383800506592e-02,1.741742491722106934e-01,5.296353697776794434e-01,1.094667240977287292e-01,-7.712183892726898193e-02,-9.634343534708023071e-02,-1.314765214920043945e-01,-1.007342040538787842e-01,-6.072051078081130981e-02,1.325651109218597412e-01,-8.529499918222427368e-02,9.939539432525634766e-02,-1.146561503410339355e-01,-4.796458482742309570e-01,3.648686707019805908e-01,-4.010115861892700195e-01,3.844845294952392578e-01,-8.792232871055603027e-01,1.501677632331848145e+00,1.907543987035751343e-01,-1.193817928433418274e-01,2.050789594650268555e-01,-1.931719034910202026e-01,-2.690430879592895508e-01,9.602338671684265137e-01,8.206180334091186523e-01,-2.883912324905395508e-01,-6.512683629989624023e-02,-7.369592785835266113e-03
-4.974219948053359985e-03,-5.919623188674449921e-03,7.891314625740051270e-01,9.990910887718200684e-01,2.193546853959560394e-03,4.161573946475982666e-02,-8.963197469711303711e-03,-4.852866753935813904e-02,1.733190864324569702e-01,5.254336595535278320e-01,1.096654385328292847e-01,-7.727476209402084351e-02,-9.651815146207809448e-02,-1.273848712444305420e-01,-1.024259254336357117e-01,-6.529434770345687866e-02,1.350742876529693604e-01,-8.956713229417800903e-02,9.907148033380508423e-02,-1.122191548347473145e-01,-4.816046655178070068e-01,3.668600618839263916e-01,-4.027298092842102051e-01,3.772827982902526855e-01,-8.831266760826110840e-01,1.507040381431579590e+00,1.884207874536514282e-01,-1.228400468826293945e-01,2.119193226099014282e-01,-1.964725553989410400e-01,-2.693072259426116943e-01,9.632274508476257324e-01,8.199005722999572754e-01,-2.942673563957214355e-01,-6.521653383970260620e-02,-8.031686767935752869e-03
-4.249226301908493042e-03,-6.014819256961345673e-03,7.890803813934326172e-01,9.991506934165954590e-01,2.227127552032470703e-03,4.054911807179450989e-02,-6.977193988859653473e-03,-4.582731798291206360e-02,1.727070510387420654e-01,5.224915742874145508e-01,1.098668500781059265e-01,-7.778543978929519653e-02,-9.683515876531600952e-02,-1.233139261603355408e-01,-1.038889512419700623e-01,-6.905341893434524536e-02,1.374554932117462158e-01,-9.380255639553070068e-02,9.918539226055145264e-02,-1.100695282220840454e-01,-4.839203953742980957e-01,3.689239621162414551e-01,-4.042736291885375977e-01,3.694781064987182617e-01,-8.856949210166931152e-01,1.512249112129211426e+00,1.881890296936035156e-01,-1.262511312961578369e-01,2.197712510824203491e-01,-2.000801861286163330e-01,-2.692120075225830078e-01,9.657168984413146973e-01,8.185846805572509766e-01,-3.010415136814117432e-01,-6.475954502820968628e-02,-8.734853938221931458e-03
-3.607187652960419655e-03,-6.101346574723720551e-03,7.890488505363464355e-01,9.992020130157470703e-01,2.339540282264351845e-03,3.950168192386627197e-02,-5.435863044112920761e-03,-4.275381192564964294e-02,1.720645427703857422e-01,5.207000374794006348e-01,1.097835451364517212e-01,-7.827296853065490723e-02,-9.682802110910415649e-02,-1.195668205618858337e-01,-1.051736176013946533e-01,-7.169421762228012085e-02,1.396293491125106812e-01,-9.750796854496002197e-02,9.977908432483673096e-02,-1.080469787120819092e-01,-4.867997169494628906e-01,3.711310029029846191e-01,-4.050337374210357666e-01,3.613143265247344971e-01,-8.853534460067749023e-01,1.516079187393188477e+00,1.883691698312759399e-01,-1.302580386400222778e-01,2.298146188259124756e-01,-2.037185132503509521e-01,-2.689958214759826660e-01,9.662207961082458496e-01,8.148898482322692871e-01,-3.079064488410949707e-01,-6.443408131599426270e-02,-1.009734533727169037e-02
-3.007414750754833221e-03,-6.199068855494260788e-03,7.891042232513427734e-01,9.992437958717346191e-01,2.538105240091681480e-03,3.855766728520393372e-02,-4.333273507654666901e-03,-3.988834843039512634e-02,1.712160706520080566e-01,5.194984078407287598e-01,1.093820780515670776e-01,-7.849029451608657837e-02,-9.638718515634536743e-02,-1.165867298841476440e-01,-1.062099933624267578e-01,-7.331263273954391479e-02,1.413881927728652954e-01,-9.993466734886169434e-02,1.003661751747131348e-01,-1.060545071959495544e-01,-4.896516203880310059e-01,3.727679252624511719e-01,-4.044257998466491699e-01,3.529525697231292725e-01,-8.825766444206237793e-01,1.517747521400451660e+00,1.885617971420288086e-01,-1.350076347589492798e-01,2.418121099472045898e-01,-2.067400366067886353e-01,-2.690969407558441162e-01,9.640293121337890625e-01,8.080193400382995605e-01,-3.129170835018157959e-01,-6.498938798904418945e-02,-1.192123070359230042e-02
-2.391309477388858795e-03,-6.296320818364620209e-03,7.892358303070068359e-01,9.992805123329162598e-01,2.833336126059293747e-03,3.766894713044166565e-02,-3.387873293831944466e-03,-3.743411600589752197e-02,1.701146960258483887e-01,5.186808109283447266e-01,1.088032945990562439e-01,-7.839319109916687012e-02,-9.564289450645446777e-02,-1.138668656349182129e-01,-1.073076575994491577e-01,-7.442544400691986084e-02,1.425236314535140991e-01,-1.010427176952362061e-01,1.008661538362503052e-01,-1.040261462330818176e-01,-4.924887120723724365e-01,3.739883899688720703e-01,-4.030140042304992676e-01,3.445131182670593262e-01,-8.791862726211547852e-01,1.518354177474975586e+00,1.892106682062149048e-01,-1.401508003473281860e-01,2.545413672924041748e-01,-2.090616971254348755e-01,-2.703032493591308594e-01,9.603480696678161621e-01,7.988024950027465820e-01,-3.166469037532806396e-01,-6.667686998844146729e-02,-1.403503865003585815e-02
-1.807146240025758743e-03,-6.407803390175104141e-03,7.894095182418823242e-01,9.993150234222412109e-01,3.136428771540522575e-03,3.678462654352188110e-02,-2.559548709541559219e-03,-3.505212813615798950e-02,1.689400374889373779e-01,5.178701877593994141e-01,1.079205647110939026e-01,-7.801958918571472168e-02,-9.497588872909545898e-02,-1.113229766488075256e-01,-1.084105446934700012e-01,-7.526780664920806885e-02,1.432762295007705688e-01,-1.016197726130485535e-01,1.012640818953514099e-01,-1.014037728309631348e-01,-4.949320554733276367e-01,3.751145005226135254e-01,-4.024012982845306396e-01,3.360600471496582031e-01,-8.759567737579345703e-01,1.518617033958435059e+00,1.907831132411956787e-01,-1.459463536739349365e-01,2.683556377887725830e-01,-2.106700688600540161e-01,-2.721679806709289551e-01,9.565674066543579102e-01,7.891157269477844238e-01,-3.198516070842742920e-01,-6.893086433410644531e-02,-1.601156219840049744e-02
-1.352875726297497749e-03,-6.530947051942348480e-03,7.895607352256774902e-01,9.993441700935363770e-01,3.433249192312359810e-03,3.600095212459564209e-02,-1.825959072448313236e-03,-3.289457038044929504e-02,1.678279489278793335e-01,5.175845026969909668e-01,1.070860773324966431e-01,-7.724450528621673584e-02,-9.430319815874099731e-02,-1.090691760182380676e-01,-1.095033809542655945e-01,-7.595340162515640259e-02,1.444922685623168945e-01,-1.026495993137359619e-01,1.016446948051452637e-01,-9.893772751092910767e-02,-4.973014593124389648e-01,3.768362402915954590e-01,-4.014018774032592773e-01,3.280964195728302002e-01,-8.732746243476867676e-01,1.518817782402038574e+00,1.936013847589492798e-01,-1.513323187828063965e-01,2.821575403213500977e-01,-2.124345749616622925e-01,-2.741168141365051270e-01,9.531102776527404785e-01,7.811838388442993164e-01,-3.248468041419982910e-01,-7.078851759433746338e-02,-1.758556067943572998e-02
-1.036528730764985085e-03,-6.646838039159774780e-03,7.896631956100463867e-01,9.993689060211181641e-01,3.675163257867097855e-03,3.530771657824516296e-02,-1.263836747966706753e-03,-3.110832162201404572e-02,1.670314520597457886e-01,5.180210471153259277e-01,1.065471768379211426e-01,-7.649391144514083862e-02,-9.359299391508102417e-02,-1.071977764368057251e-01,-1.103219389915466309e-01,-7.642924785614013672e-02,1.459949463605880737e-01,-1.037356406450271606e-01,1.016307249665260315e-01,-9.584011137485504150e-02,-4.992303252220153809e-01,3.790392875671386719e-01,-3.995871245861053467e-01,3.201838135719299316e-01,-8.707687854766845703e-01,1.518150925636291504e+00,1.974992901086807251e-01,-1.566111743450164795e-01,2.968216538429260254e-01,-2.142511010169982910e-01,-2.761135399341583252e-01,9.499263763427734375e-01,7.753299474716186523e-01,-3.302122652530670166e-01,-7.228703051805496216e-02,-1.904348470270633698e-02
-8.550235070288181305e-04,-6.752553395926952362e-03,7.897236347198486328e-01,9.993892312049865723e-01,3.900239476934075356e-03,3.472113236784934998e-02,-6.688017165288329124e-04,-2.986099943518638611e-02,1.663707643747329712e-01,5.188318490982055664e-01,1.063105836510658264e-01,-7.548757642507553101e-02,-9.244598448276519775e-02,-1.054825410246849060e-01,-1.110237315297126770e-01,-7.716700434684753418e-02,1.472075581550598145e-01,-1.048277616500854492e-01,1.013760715723037720e-01,-9.207665920257568359e-02,-5.008251070976257324e-01,3.814077675342559814e-01,-3.969283699989318848e-01,3.118188679218292236e-01,-8.676208853721618652e-01,1.515798926353454590e+00,2.023278027772903442e-01,-1.622426807880401611e-01,3.133401572704315186e-01,-2.161078304052352905e-01,-2.787866890430450439e-01,9.469465017318725586e-01,7.716019749641418457e-01,-3.353168666362762451e-01,-7.326489686965942383e-02,-2.007245458662509918e-02
-8.668866939842700958e-04,-6.901935674250125885e-03,7.897666096687316895e-01,9.994050860404968262e-01,4.083248320966959000e-03,3.424593061208724976e-02,-3.813007651842781343e-06,-2.937455289065837860e-02,1.659198254346847534e-01,5.194741487503051758e-01,1.062951907515525818e-01,-7.477599382400512695e-02,-9.113886952400207520e-02,-1.044225767254829407e-01,-1.117127314209938049e-01,-7.833437621593475342e-02,1.483052074909210205e-01,-1.056786105036735535e-01,1.006192937493324280e-01,-8.790887892246246338e-02,-5.023400187492370605e-01,3.840153515338897705e-01,-3.941171467304229736e-01,3.032774925231933594e-01,-8.641070723533630371e-01,1.511277794837951660e+00,2.076816409826278687e-01,-1.693194955587387085e-01,3.329470753669738770e-01,-2.177261561155319214e-01,-2.821457684040069580e-01,9.444850087165832520e-01,7.693942785263061523e-01,-3.386692702770233154e-01,-7.385717332363128662e-02,-2.060918509960174561e-02
-1.152018085122108459e-03,-7.064852397888898849e-03,7.897828817367553711e-01,9.994072318077087402e-01,4.047906491905450821e-03,3.417775779962539673e-02,7.827621302567422390e-04,-3.054220043122768402e-02,1.661516726016998291e-01,5.193205475807189941e-01,1.065989285707473755e-01,-7.423986494541168213e-02,-8.985219150781631470e-02,-1.052581667900085449e-01,-1.119804754853248596e-01,-7.994363456964492798e-02,1.498376429080963135e-01,-1.061784848570823669e-01,9.935265034437179565e-02,-8.384286612272262573e-02,-5.037807822227478027e-01,3.869045078754425049e-01,-3.915513455867767334e-01,2.954277098178863525e-01,-8.598024249076843262e-01,1.504814624786376953e+00,2.119648307561874390e-01,-1.779799163341522217e-01,3.550003468990325928e-01,-2.188115119934082031e-01,-2.861512601375579834e-01,9.425688982009887695e-01,7.681036591529846191e-01,-3.393388688564300537e-01,-7.438440620899200439e-02,-2.095190063118934631e-02
-1.806037966161966324e-03,-7.238110527396202087e-03,7.897645831108093262e-01,9.993945956230163574e-01,3.768239635974168777e-03,3.454460203647613525e-02,1.690882374532520771e-03,-3.346234187483787537e-02,1.672462671995162964e-01,5.183472633361816406e-01,1.074161678552627563e-01,-7.362476736307144165e-02,-8.873291313648223877e-02,-1.082004681229591370e-01,-1.116843521595001221e-01,-8.189757168292999268e-02,1.520965099334716797e-01,-1.063486486673355103e-01,9.789065271615982056e-02,-8.019486069679260254e-02,-5.057212710380554199e-01,3.906457126140594482e-01,-3.888012766838073730e-01,2.884304225444793701e-01,-8.565222620964050293e-01,1.497312068939208984e+00,2.143232077360153198e-01,-1.879177093505859375e-01,3.787566125392913818e-01,-2.198855429887771606e-01,-2.910993397235870361e-01,9.413172602653503418e-01,7.659460902214050293e-01,-3.388876914978027344e-01,-7.491647452116012573e-02,-2.169499360024929047e-02
-2.857027575373649597e-03,-7.510233670473098755e-03,7.897293567657470703e-01,9.993671178817749023e-01,3.203054890036582947e-03,3.532461449503898621e-02,2.700361888855695724e-03,-3.815506398677825928e-02,1.695244908332824707e-01,5.170283913612365723e-01,1.089571192860603333e-01,-7.267039269208908081e-02,-8.787604421377182007e-02,-1.125788390636444092e-01,-1.106161400675773621e-01,-8.420284092426300049e-02,1.543568223714828491e-01,-1.060039326548576355e-01,9.606098383665084839e-02,-7.682999968528747559e-02,-5.085530877113342285e-01,3.957061767578125000e-01,-3.860365748405456543e-01,2.826917171478271484e-01,-8.532572388648986816e-01,1.489724993705749512e+00,2.165514826774597168e-01,-1.985208094120025635e-01,4.034602642059326172e-01,-2.210196107625961304e-01,-2.969346642494201660e-01,9.401122331619262695e-01,7.621603608131408691e-01,-3.390029370784759521e-01,-7.529595494270324707e-02,-2.339636906981468201e-02
-4.317582584917545319e-03,-7.926587015390396118e-03,7.897177934646606445e-01,9.993211627006530762e-01,2.355712000280618668e-03,3.655740618705749512e-02,3.911111503839492798e-03,-4.473398998379707336e-02,1.727690398693084717e-01,5.145463943481445312e-01,1.112698540091514587e-01,-7.156777381896972656e-02,-8.736903220415115356e-02,-1.182203292846679688e-01,-1.088728010654449463e-01,-8.758654445409774780e-02,1.566879451274871826e-01,-1.051839441061019897e-01,9.412445873022079468e-02,-7.419449836015701294e-02,-5.121583342552185059e-01,4.019820690155029297e-01,-3.833139240741729736e-01,2.781494855880737305e-01,-8.496158123016357422e-01,1.482291102409362793e+00,2.189819663763046265e-01,-2.093280404806137085e-01,4.277787804603576660e-01,-2.224697470664978027e-01,-3.030663132667541504e-01,9.380486011505126953e-01,7.570511698722839355e-01,-3.386822640895843506e-01,-7.559780031442642212e-02,-2.568861283361911774e-02
-6.164596416056156158e-03,-8.572711609303951263e-03,7.897424101829528809e-01,9.992527961730957031e-01,1.298023154959082603e-03,3.824665769934654236e-02,5.420552566647529602e-03,-5.351683869957923889e-02,1.769419610500335693e-01,5.113461613655090332e-01,1.144248470664024353e-01,-6.945992261171340942e-02,-8.694502711296081543e-02,-1.247827634215354919e-01,-1.065002456307411194e-01,-9.196957200765609741e-02,1.583816558122634888e-01,-1.036307439208030701e-01,9.215594083070755005e-02,-7.238941639661788940e-02,-5.167826414108276367e-01,4.098723232746124268e-01,-3.799827396869659424e-01,2.738107144832611084e-01,-8.449377417564392090e-01,1.474660277366638184e+00,2.216657549142837524e-01,-2.210160493850708008e-01,4.522771835327148438e-01,-2.246713787317276001e-01,-3.092255592346191406e-01,9.343780279159545898e-01,7.512924075126647949e-01,-3.395829498767852783e-01,-7.551290094852447510e-02,-2.843976020812988281e-02
-8.299816399812698364e-03,-9.473791345953941345e-03,7.898187041282653809e-01,9.991561770439147949e-01,1.119159496738575399e-04,4.039118066430091858e-02,7.445388473570346832e-03,-6.458811461925506592e-02,1.816303879022598267e-01,5.072004199028015137e-01,1.180650889873504639e-01,-6.622949242591857910e-02,-8.606209605932235718e-02,-1.319669783115386963e-01,-1.037263870239257812e-01,-9.749417752027511597e-02,1.588542610406875610e-01,-1.006914824247360229e-01,9.039492160081863403e-02,-7.139217108488082886e-02,-5.222679376602172852e-01,4.188289046287536621e-01,-3.755924403667449951e-01,2.691991925239562988e-01,-8.395236730575561523e-01,1.467013597488403320e+00,2.251002043485641479e-01,-2.325972318649291992e-01,4.767206907272338867e-01,-2.271192818880081177e-01,-3.153046369552612305e-01,9.295259118080139160e-01,7.453228831291198730e-01,-3.409110605716705322e-01,-7.551648467779159546e-02,-3.140334039926528931e-02
-1.065990142524242401e-02,-1.060132123529911041e-02,7.899261713027954102e-01,9.990207552909851074e-01,-1.310550258494913578e-03,4.308055341243743896e-02,9.992341510951519012e-03,-7.836633920669555664e-02,1.870952397584915161e-01,5.017032027244567871e-01,1.228280961513519287e-01,-6.241847202181816101e-02,-8.491303026676177979e-02,-1.401130110025405884e-01,-1.002964898943901062e-01,-1.041078940033912659e-01,1.576623767614364624e-01,-9.592785686254501343e-02,8.797595649957656860e-02,-7.061383873224258423e-02,-5.278385877609252930e-01,4.283858239650726318e-01,-3.700839877128601074e-01,2.637137472629547119e-01,-8.342322707176208496e-01,1.458733677864074707e+00,2.284210175275802612e-01,-2.456509768962860107e-01,5.023599267005920410e-01,-2.301820069551467896e-01,-3.209396004676818848e-01,9.238542914390563965e-01,7.391517162322998047e-01,-3.438524305820465088e-01,-7.527717202901840210e-02,-3.367816656827926636e-02
-1.325797848403453827e-02,-1.192970387637615204e-02,7.900129556655883789e-01,9.988306760787963867e-01,-3.002695273607969284e-03,4.643192887306213379e-02,1.313470397144556046e-02,-9.513511508703231812e-02,1.933497041463851929e-01,4.948529303073883057e-01,1.289391517639160156e-01,-5.876431986689567566e-02,-8.362489193677902222e-02,-1.493880152702331543e-01,-9.626195579767227173e-02,-1.119253337383270264e-01,1.548786461353302002e-01,-8.992534130811691284e-02,8.488775044679641724e-02,-6.992918252944946289e-02,-5.330883264541625977e-01,4.380994439125061035e-01,-3.634083271026611328e-01,2.569974660873413086e-01,-8.292952775955200195e-01,1.449301362037658691e+00,2.324956953525543213e-01,-2.604835927486419678e-01,5.302792787551879883e-01,-2.335046678781509399e-01,-3.264513611793518066e-01,9.182368516921997070e-01,7.335793375968933105e-01,-3.478551208972930908e-01,-7.513127475976943970e-02,-3.522751852869987488e-02
-1.603454537689685822e-02,-1.339806895703077316e-02,7.900420427322387695e-01,9.985772967338562012e-01,-5.003038328140974045e-03,5.043863132596015930e-02,1.656108535826206207e-02,-1.146889626979827881e-01,2.005350738763809204e-01,4.868676960468292236e-01,1.366932988166809082e-01,-5.585156753659248352e-02,-8.272234350442886353e-02,-1.603599041700363159e-01,-9.148924052715301514e-02,-1.204561516642570496e-01,1.513279676437377930e-01,-8.318234980106353760e-02,8.104967325925827026e-02,-6.929504126310348511e-02,-5.378789305686950684e-01,4.479764401912689209e-01,-3.556790947914123535e-01,2.490428835153579712e-01,-8.254092931747436523e-01,1.438400745391845703e+00,2.370337843894958496e-01,-2.785306870937347412e-01,5.620682239532470703e-01,-2.380226999521255493e-01,-3.318589925765991211e-01,9.126700162887573242e-01,7.281975746154785156e-01,-3.525598049163818359e-01,-7.476858794689178467e-02,-3.694417700171470642e-02
-1.901460811495780945e-02,-1.506987214088439941e-02,7.899624705314636230e-01,9.982498884201049805e-01,-7.336790673434734344e-03,5.513243749737739563e-02,2.009594812989234924e-02,-1.372785121202468872e-01,2.089956253767013550e-01,4.785031676292419434e-01,1.466032266616821289e-01,-5.358053743839263916e-02,-8.225530385971069336e-02,-1.731011271476745605e-01,-8.568874746561050415e-02,-1.291327327489852905e-01,1.469872295856475830e-01,-7.580661028623580933e-02,7.672011852264404297e-02,-6.867520511150360107e-02,-5.425350069999694824e-01,4.577009975910186768e-01,-3.475522398948669434e-01,2.399882227182388306e-01,-8.222847580909729004e-01,1.427453041076660156e+00,2.402483373880386353e-01,-2.990546524524688721e-01,5.969994068145751953e-01,-2.440577149391174316e-01,-3.382621705532073975e-01,9.077275991439819336e-01,7.227340340614318848e-01,-3.568578362464904785e-01,-7.417352497577667236e-02,-3.899717703461647034e-02
-2.214528992772102356e-02,-1.694329455494880676e-02,7.897557616233825684e-01,9.978493452072143555e-01,-1.010994985699653625e-02,6.035286933183670044e-02,2.349492721259593964e-02,-1.628126800060272217e-01,2.192528098821640015e-01,4.700932502746582031e-01,1.591911613941192627e-01,-5.191284045577049255e-02,-8.233446627855300903e-02,-1.873246282339096069e-01,-7.870040088891983032e-02,-1.381640732288360596e-01,1.421117037534713745e-01,-6.778340041637420654e-02,7.214106619358062744e-02,-6.846485286951065063e-02,-5.470310449600219727e-01,4.669463038444519043e-01,-3.386655449867248535e-01,2.303801178932189941e-01,-8.195620775222778320e-01,1.417935013771057129e+00,2.405630797147750854e-01,-3.210313022136688232e-01,6.324157714843750000e-01,-2.519062459468841553e-01,-3.462336361408233643e-01,9.039778709411621094e-01,7.169734835624694824e-01,-3.611545562744140625e-01,-7.325556874275207520e-02,-4.130646586418151855e-02
-2.530977129936218262e-02,-1.905187591910362244e-02,7.893571257591247559e-01,9.973784685134887695e-01,-1.352895889431238174e-02,6.592635810375213623e-02,2.658713422715663910e-02,-1.910938173532485962e-01,2.319203019142150879e-01,4.613186717033386230e-01,1.752438694238662720e-01,-5.177476257085800171e-02,-8.354263007640838623e-02,-2.019529193639755249e-01,-7.008518278598785400e-02,-1.478559076786041260e-01,1.362640261650085449e-01,-5.974813178181648254e-02,6.704559177160263062e-02,-6.949617713689804077e-02,-5.513290166854858398e-01,4.754002392292022705e-01,-3.293355107307434082e-01,2.213692963123321533e-01,-8.157519698143005371e-01,1.411810278892517090e+00,2.356589436531066895e-01,-3.425562083721160889e-01,6.636040806770324707e-01,-2.613252103328704834e-01,-3.560036122798919678e-01,9.021424055099487305e-01,7.111164331436157227e-01,-3.646620810031890869e-01,-7.198373973369598389e-02,-4.296418651938438416e-02
-2.834988571703433990e-02,-2.128497324883937836e-02,7.887902259826660156e-01,9.968537688255310059e-01,-1.753893680870532990e-02,7.151226699352264404e-02,2.934161946177482605e-02,-2.207880914211273193e-01,2.468813359737396240e-01,4.521702527999877930e-01,1.952669918537139893e-01,-5.394806712865829468e-02,-8.573789149522781372e-02,-2.164214700460433960e-01,-5.981395766139030457e-02,-1.571991294622421265e-01,1.307664215564727783e-01,-5.217378214001655579e-02,6.188898161053657532e-02,-7.212778180837631226e-02,-5.555486083030700684e-01,4.831797182559967041e-01,-3.198742866516113281e-01,2.135898768901824951e-01,-8.094660043716430664e-01,1.409712791442871094e+00,2.245597839355468750e-01,-3.629627525806427002e-01,6.889277696609497070e-01,-2.725521028041839600e-01,-3.668412864208221436e-01,9.028552770614624023e-01,7.058452367782592773e-01,-3.692034184932708740e-01,-7.026221603155136108e-02,-4.448327422142028809e-02
-3.117788769304752350e-02,-2.357379347085952759e-02,7.881025075912475586e-01,9.962956905364990234e-01,-2.204417437314987183e-02,7.688058912754058838e-02,3.159767389297485352e-02,-2.502386271953582764e-01,2.637110054492950439e-01,4.430358409881591797e-01,2.174737900495529175e-01,-5.743238702416419983e-02,-8.870445936918258667e-02,-2.302315235137939453e-01,-4.792376980185508728e-02,-1.657328903675079346e-01,1.257668286561965942e-01,-4.501472041010856628e-02,5.629064515233039856e-02,-7.657570391893386841e-02,-5.603936910629272461e-01,4.898023009300231934e-01,-3.094782233238220215e-01,2.075367271900177002e-01,-8.010285496711730957e-01,1.412118911743164062e+00,2.065164297819137573e-01,-3.830514252185821533e-01,7.099108695983886719e-01,-2.858520746231079102e-01,-3.774048686027526855e-01,9.066873192787170410e-01,7.011926174163818359e-01,-3.763921260833740234e-01,-6.880014389753341675e-02,-4.509773105382919312e-02
-3.365080058574676514e-02,-2.586774714291095734e-02,7.873408198356628418e-01,9.957405924797058105e-01,-2.678188681602478027e-02,8.174599707126617432e-02,3.318119794130325317e-02,-2.781362533569335938e-01,2.814983427524566650e-01,4.341678619384765625e-01,2.407907694578170776e-01,-6.204527243971824646e-02,-9.190686047077178955e-02,-2.431711554527282715e-01,-3.496877849102020264e-02,-1.729461550712585449e-01,1.217994391918182373e-01,-3.848721459507942200e-02,5.064442381262779236e-02,-8.267020434141159058e-02,-5.660054087638854980e-01,4.952617585659027100e-01,-2.972785532474517822e-01,2.042612880468368530e-01,-7.906428575515747070e-01,1.417167782783508301e+00,1.830985248088836670e-01,-4.022280573844909668e-01,7.257516384124755859e-01,-3.013254404067993164e-01,-3.864481747150421143e-01,9.127908349037170410e-01,6.968290209770202637e-01,-3.853165209293365479e-01,-6.791873276233673096e-02,-4.449343308806419373e-02
-3.570558130741119385e-02,-2.816478721797466278e-02,7.866179347038269043e-01,9.952095150947570801e-01,-3.151300549507141113e-02,8.593304455280303955e-02,3.435684740543365479e-02,-3.039627075195312500e-01,2.992452383041381836e-01,4.256123900413513184e-01,2.633086144924163818e-01,-6.691619753837585449e-02,-9.500867128372192383e-02,-2.544156908988952637e-01,-2.179202064871788025e-02,-1.789197772741317749e-01,1.180910393595695496e-01,-3.270439058542251587e-02,4.517724364995956421e-02,-8.922965079545974731e-02,-5.716356635093688965e-01,4.987664818763732910e-01,-2.854728698730468750e-01,2.027762532234191895e-01,-7.799404859542846680e-01,1.422558069229125977e+00,1.573448777198791504e-01,-4.205778539180755615e-01,7.389470934867858887e-01,-3.171105086803436279e-01,-3.927631080150604248e-01,9.197272062301635742e-01,6.919879317283630371e-01,-3.930791914463043213e-01,-6.820459663867950439e-02,-4.311097040772438049e-02
-3.742735832929611206e-02,-3.032926283776760101e-02,7.858536839485168457e-01,9.947077035903930664e-01,-3.624082729220390320e-02,8.956148475408554077e-02,3.495696932077407837e-02,-3.281002044677734375e-01,3.165784180164337158e-01,4.168589413166046143e-01,2.855291366577148438e-01,-7.269391417503356934e-02,-9.806646406650543213e-02,-2.644810676574707031e-01,-8.418746292591094971e-03,-1.839444935321807861e-01,1.146096214652061462e-01,-2.713233605027198792e-02,3.973832726478576660e-02,-9.654609113931655884e-02,-5.773087143898010254e-01,5.015085339546203613e-01,-2.732833921909332275e-01,2.034757584333419800e-01,-7.697457075119018555e-01,1.427391409873962402e+00,1.317217797040939331e-01,-4.381990134716033936e-01,7.487934827804565430e-01,-3.332529962062835693e-01,-3.974665999412536621e-01,9.263023138046264648e-01,6.866225600242614746e-01,-3.990939855575561523e-01,-6.933027505874633789e-02,-4.173248261213302612e-02
-3.897117823362350464e-02,-3.231587260961532593e-02,7.850823998451232910e-01,9.942508339881896973e-01,-4.070736840367317200e-02,9.254474192857742310e-02,3.526614606380462646e-02,-3.499328792095184326e-01,3.330133259296417236e-01,4.084323346614837646e-01,3.064370155334472656e-01,-7.853799313306808472e-02,-1.010348722338676453e-01,-2.729707956314086914e-01,4.352492745965719223e-03,-1.876147985458374023e-01,1.113760620355606079e-01,-2.222256734967231750e-02,3.480192273855209351e-02,-1.026784777641296387e-01,-5.823012590408325195e-01,5.032759904861450195e-01,-2.623331546783447266e-01,2.044379562139511108e-01,-7.618965506553649902e-01,1.430175662040710449e+00,1.088829785585403442e-01,-4.552934467792510986e-01,7.587136030197143555e-01,-3.479986190795898438e-01,-4.005388915538787842e-01,9.318943023681640625e-01,6.802436113357543945e-01,-4.034269452095031738e-01,-7.141494005918502808e-02,-4.134064167737960815e-02
-4.037175327539443970e-02,-3.416480496525764465e-02,7.842525243759155273e-01,9.938222169876098633e-01,-4.520161822438240051e-02,9.510668367147445679e-02,3.505620732903480530e-02,-3.702881038188934326e-01,3.493530452251434326e-01,4.002687335014343262e-01,3.272683322429656982e-01,-8.518093079328536987e-02,-1.044024527072906494e-01,-2.807249724864959717e-01,1.726039126515388489e-02,-1.905084699392318726e-01,1.083664447069168091e-01,-1.789989136159420013e-02,2.991880476474761963e-02,-1.091460362076759338e-01,-5.873140692710876465e-01,5.047188401222229004e-01,-2.513945102691650391e-01,2.066703885793685913e-01,-7.553729414939880371e-01,1.433531641960144043e+00,8.927251398563385010e-02,-4.724353253841400146e-01,7.683173418045043945e-01,-3.611680865287780762e-01,-4.028073251247406006e-01,9.367216825485229492e-01,6.737095713615417480e-01,-4.061517715454101562e-01,-7.387780398130416870e-02,-4.042693600058555603e-02
-4.166220501065254211e-02,-3.586770221590995789e-02,7.834507822990417480e-01,9.934363365173339844e-01,-4.946546256542205811e-02,9.721349924802780151e-02,3.445126116275787354e-02,-3.888760209083557129e-01,3.652246594429016113e-01,3.929888606071472168e-01,3.476990759372711182e-01,-9.198156744241714478e-02,-1.073820218443870544e-01,-2.879037857055664062e-01,2.964704111218452454e-02,-1.922882497310638428e-01,1.059656292200088501e-01,-1.433040108531713486e-02,2.566270343959331512e-02,-1.147604212164878845e-01,-5.917789936065673828e-01,5.058112740516662598e-01,-2.419661730527877808e-01,2.086780071258544922e-01,-7.503868341445922852e-01,1.437556266784667969e+00,7.262258976697921753e-02,-4.894650578498840332e-01,7.784761190414428711e-01,-3.723996281623840332e-01,-4.044671058654785156e-01,9.416583180427551270e-01,6.679291129112243652e-01,-4.093338549137115479e-01,-7.660932838916778564e-02,-3.964961692690849304e-02
-4.287208989262580872e-02,-3.743532299995422363e-02,7.826482653617858887e-01,9.930782914161682129e-01,-5.361965671181678772e-02,9.896707534790039062e-02,3.355567529797554016e-02,-4.063064157962799072e-01,3.807392716407775879e-01,3.859973549842834473e-01,3.681711554527282715e-01,-9.920863807201385498e-02,-1.103022620081901550e-01,-2.943462133407592773e-01,4.176532104611396790e-02,-1.934442818164825439e-01,1.038786172866821289e-01,-1.152712479233741760e-02,2.156234905123710632e-02,-1.201367601752281189e-01,-5.959497094154357910e-01,5.066113471984863281e-01,-2.334831804037094116e-01,2.108271270990371704e-01,-7.471076250076293945e-01,1.442782521247863770e+00,5.783964321017265320e-02,-5.063995122909545898e-01,7.881379127502441406e-01,-3.827279508113861084e-01,-4.060927927494049072e-01,9.473440647125244141e-01,6.631562113761901855e-01,-4.134638607501983643e-01,-7.951366901397705078e-02,-3.888323530554771423e-02
-4.398772120475769043e-02,-3.880037367343902588e-02,7.818548083305358887e-01,9.927621483802795410e-01,-5.755468085408210754e-02,1.003453806042671204e-01,3.227489441633224487e-02,-4.222931265830993652e-01,3.955225944519042969e-01,3.792259693145751953e-01,3.882295787334442139e-01,-1.068184822797775269e-01,-1.129887029528617859e-01,-2.998780608177185059e-01,5.324406549334526062e-02,-1.942727416753768921e-01,1.020491346716880798e-01,-8.856736123561859131e-03,1.790846325457096100e-02,-1.248152554035186768e-01,-5.995221138000488281e-01,5.072777271270751953e-01,-2.259892374277114868e-01,2.128472626209259033e-01,-7.452945113182067871e-01,1.448869347572326660e+00,4.499140754342079163e-02,-5.234503746032714844e-01,7.976153492927551270e-01,-3.923353552818298340e-01,-4.078898131847381592e-01,9.542618393898010254e-01,6.596660614013671875e-01,-4.180934131145477295e-01,-8.242874592542648315e-02,-3.826732188463211060e-02
-4.494692012667655945e-02,-3.986583277583122253e-02,7.811163663864135742e-01,9.925092458724975586e-01,-6.105889379978179932e-02,1.012332290410995483e-01,3.080724738538265228e-02,-4.359952807426452637e-01,4.086832106113433838e-01,3.728931248188018799e-01,4.066741764545440674e-01,-1.142885163426399231e-01,-1.153913810849189758e-01,-3.040034174919128418e-01,6.331509351730346680e-02,-1.950438320636749268e-01,1.006936654448509216e-01,-6.579095963388681412e-03,1.487682294100522995e-02,-1.286772787570953369e-01,-6.025420427322387695e-01,5.077043175697326660e-01,-2.195946276187896729e-01,2.153768837451934814e-01,-7.453674674034118652e-01,1.455316543579101562e+00,3.382910043001174927e-02,-5.397055745124816895e-01,8.067796826362609863e-01,-4.012449085712432861e-01,-4.093553125858306885e-01,9.621971845626831055e-01,6.574620604515075684e-01,-4.214114546775817871e-01,-8.520313352346420288e-02,-3.721266612410545349e-02
-4.575085639953613281e-02,-4.063224792480468750e-02,7.804228067398071289e-01,9.922865033149719238e-01,-6.429024040699005127e-02,1.018808782100677490e-01,2.923293597996234894e-02,-4.488372802734375000e-01,4.203988611698150635e-01,3.665067553520202637e-01,4.238784313201904297e-01,-1.214953809976577759e-01,-1.177140772342681885e-01,-3.076412081718444824e-01,7.252162694931030273e-02,-1.957203894853591919e-01,9.980078786611557007e-02,-3.785810666158795357e-03,1.239718310534954071e-02,-1.323915570974349976e-01,-6.054045557975769043e-01,5.083690881729125977e-01,-2.136272042989730835e-01,2.191180288791656494e-01,-7.473573088645935059e-01,1.462393283843994141e+00,2.506143227219581604e-02,-5.563772916793823242e-01,8.159845471382141113e-01,-4.108894169330596924e-01,-4.102898836135864258e-01,9.703112840652465820e-01,6.563520431518554688e-01,-4.232342541217803955e-01,-8.729102462530136108e-02,-3.524127975106239319e-02
-4.654508084058761597e-02,-4.117631539702415466e-02,7.798027992248535156e-01,9.920978546142578125e-01,-6.720101088285446167e-02,1.023046150803565979e-01,2.756065502762794495e-02,-4.613684713840484619e-01,4.308102726936340332e-01,3.603745400905609131e-01,4.406341314315795898e-01,-1.286380738019943237e-01,-1.195973604917526245e-01,-3.111840486526489258e-01,8.074937015771865845e-02,-1.959974616765975952e-01,9.931481629610061646e-02,1.358478184556588531e-04,1.060475874692201614e-02,-1.346458047628402710e-01,-6.073660254478454590e-01,5.088751912117004395e-01,-2.086182385683059692e-01,2.226674854755401611e-01,-7.526652216911315918e-01,1.469545960426330566e+00,1.812157221138477325e-02,-5.737336277961730957e-01,8.274890780448913574e-01,-4.209633171558380127e-01,-4.109288752079010010e-01,9.781372547149658203e-01,6.557071208953857422e-01,-4.246354103088378906e-01,-8.866962790489196777e-02,-3.224285691976547241e-02
-4.749520495533943176e-02,-4.152862727642059326e-02,7.792220711708068848e-01,9.919301867485046387e-01,-6.977334618568420410e-02,1.025856360793113708e-01,2.612240612506866455e-02,-4.737393558025360107e-01,4.398649632930755615e-01,3.544753491878509521e-01,4.566310644149780273e-01,-1.348108053207397461e-01,-1.214501634240150452e-01,-3.147555291652679443e-01,8.768226951360702515e-02,-1.963455528020858765e-01,9.904649108648300171e-02,4.345231689512729645e-03,9.931933134794235229e-03,-1.359606683254241943e-01,-6.087885499000549316e-01,5.092586874961853027e-01,-2.053698152303695679e-01,2.251832634210586548e-01,-7.619091272354125977e-01,1.478040218353271484e+00,1.397491432726383209e-02,-5.913811326026916504e-01,8.426654338836669922e-01,-4.312202632427215576e-01,-4.112880229949951172e-01,9.851125478744506836e-01,6.555933952331542969e-01,-4.250559210777282715e-01,-8.965109288692474365e-02,-2.760960347950458527e-02
-4.861832410097122192e-02,-4.171457514166831970e-02,7.786117792129516602e-01,9.917334318161010742e-01,-7.238803803920745850e-02,1.028892099857330322e-01,2.526974491775035858e-02,-4.868644773960113525e-01,4.482832849025726318e-01,3.478177487850189209e-01,4.730115830898284912e-01,-1.404797732830047607e-01,-1.234357059001922607e-01,-3.188015818595886230e-01,9.379553794860839844e-02,-1.975078731775283813e-01,9.927789866924285889e-02,8.112743496894836426e-03,9.705623611807823181e-03,-1.369847953319549561e-01,-6.094230413436889648e-01,5.101442337036132812e-01,-2.038561254739761353e-01,2.272399216890335083e-01,-7.734231948852539062e-01,1.488096117973327637e+00,1.355843432247638702e-02,-6.098694801330566406e-01,8.626003265380859375e-01,-4.421131908893585205e-01,-4.114853441715240479e-01,9.909895658493041992e-01,6.551628112792968750e-01,-4.249214828014373779e-01,-9.042763710021972656e-02,-2.167540416121482849e-02
-4.990364238619804382e-02,-4.177307710051536560e-02,7.778823375701904297e-01,9.914798736572265625e-01,-7.526030391454696655e-02,1.032898426055908203e-01,2.519502304494380951e-02,-5.009030699729919434e-01,4.563560485839843750e-01,3.394173383712768555e-01,4.903988838195800781e-01,-1.461048275232315063e-01,-1.255728304386138916e-01,-3.227548599243164062e-01,9.958830475807189941e-02,-1.999559551477432251e-01,9.963968396186828613e-02,1.035959366708993912e-02,9.365305304527282715e-03,-1.383073478937149048e-01,-6.098234057426452637e-01,5.118139386177062988e-01,-2.037971019744873047e-01,2.301925867795944214e-01,-7.855568528175354004e-01,1.498943090438842773e+00,1.905404031276702881e-02,-6.287279129028320312e-01,8.871389627456665039e-01,-4.546911716461181641e-01,-4.122325181961059570e-01,9.954307079315185547e-01,6.539946794509887695e-01,-4.216837882995605469e-01,-9.098161756992340088e-02,-1.506872568279504776e-02
-5.126067996025085449e-02,-4.168599471449851990e-02,7.770216464996337891e-01,9.911969900131225586e-01,-7.833198457956314087e-02,1.036475002765655518e-01,2.548952028155326843e-02,-5.156552791595458984e-01,4.644648730754852295e-01,3.298119306564331055e-01,5.091759562492370605e-01,-1.519540846347808838e-01,-1.274875998497009277e-01,-3.262220025062561035e-01,1.053921729326248169e-01,-2.030492722988128662e-01,9.997545182704925537e-02,1.127195451408624649e-02,8.385775610804557800e-03,-1.395873129367828369e-01,-6.106753349304199219e-01,5.139701366424560547e-01,-2.032209485769271851e-01,2.348611056804656982e-01,-7.960575222969055176e-01,1.508594274520874023e+00,2.780848369002342224e-02,-6.472507119178771973e-01,9.147275686264038086e-01,-4.690534174442291260e-01,-4.139525592327117920e-01,9.994024038314819336e-01,6.519565582275390625e-01,-4.161163866519927979e-01,-9.147527813911437988e-02,-8.408721536397933960e-03
-5.261638760566711426e-02,-4.147115349769592285e-02,7.760748863220214844e-01,9.909114837646484375e-01,-8.151651918888092041e-02,1.038068383932113647e-01,2.595275826752185822e-02,-5.314731001853942871e-01,4.724577665328979492e-01,3.191773593425750732e-01,5.294115543365478516e-01,-1.579692214727401733e-01,-1.286677569150924683e-01,-3.290497362613677979e-01,1.110641658306121826e-01,-2.063342034816741943e-01,1.000243797898292542e-01,1.140719465911388397e-02,6.967041175812482834e-03,-1.401195079088211060e-01,-6.118922829627990723e-01,5.161066055297851562e-01,-2.013294547796249390e-01,2.411702424287796021e-01,-8.054241538047790527e-01,1.515754103660583496e+00,3.744950890541076660e-02,-6.646755337715148926e-01,9.446684122085571289e-01,-4.841584265232086182e-01,-4.165488183498382568e-01,1.003230452537536621e+00,6.486206054687500000e-01,-4.098992645740509033e-01,-9.175302833318710327e-02,-2.581968903541564941e-03
-5.385582149028778076e-02,-4.117583483457565308e-02,7.750980257987976074e-01,9.906737208366394043e-01,-8.455827832221984863e-02,1.036263927817344666e-01,2.602095343172550201e-02,-5.470820069313049316e-01,4.799823760986328125e-01,3.089649081230163574e-01,5.499574542045593262e-01,-1.642793715000152588e-01,-1.282725483179092407e-01,-3.312866985797882080e-01,1.166345328092575073e-01,-2.085610032081604004e-01,9.998824447393417358e-02,1.132011041045188904e-02,5.524792242795228958e-03,-1.391668766736984253e-01,-6.137672066688537598e-01,5.187044143676757812e-01,-1.978268027305603027e-01,2.491824179887771606e-01,-8.149541020393371582e-01,1.519061088562011719e+00,4.579607024788856506e-02,-6.806243062019348145e-01,9.736986160278320312e-01,-4.992521405220031738e-01,-4.198841154575347900e-01,1.004937887191772461e+00,6.437973976135253906e-01,-4.058925509452819824e-01,-9.044823050498962402e-02,3.108300734311342239e-03
-5.494989827275276184e-02,-4.093248397111892700e-02,7.742424011230468750e-01,9.905500411987304688e-01,-8.668991178274154663e-02,1.031060740351676941e-01,2.577837184071540833e-02,-5.587567687034606934e-01,4.850674569606781006e-01,3.011004924774169922e-01,5.669254660606384277e-01,-1.698003113269805908e-01,-1.269536614418029785e-01,-3.321738541126251221e-01,1.202240884304046631e-01,-2.091582417488098145e-01,1.001692116260528564e-01,1.130838692188262939e-02,5.122105590999126434e-03,-1.362784057855606079e-01,-6.166865825653076172e-01,5.214301943778991699e-01,-1.932248771190643311e-01,2.576525807380676270e-01,-8.253474831581115723e-01,1.519126176834106445e+00,5.276062712073326111e-02,-6.944043040275573730e-01,9.986405968666076660e-01,-5.106740593910217285e-01,-4.236705899238586426e-01,1.001902103424072266e+00,6.344254612922668457e-01,-4.011290371417999268e-01,-8.752129226922988892e-02,8.527158759534358978e-03
-5.606111884117126465e-02,-4.063697904348373413e-02,7.735545635223388672e-01,9.905642271041870117e-01,-8.767791092395782471e-02,1.023705005645751953e-01,2.480684220790863037e-02,-5.647451281547546387e-01,4.873052835464477539e-01,2.969705164432525635e-01,5.794405937194824219e-01,-1.754134595394134521e-01,-1.249594315886497498e-01,-3.325207531452178955e-01,1.216663047671318054e-01,-2.068361937999725342e-01,1.009869799017906189e-01,1.133962813764810562e-02,6.218381226062774658e-03,-1.318155080080032349e-01,-6.207920312881469727e-01,5.239429473876953125e-01,-1.890680938959121704e-01,2.669314146041870117e-01,-8.365764617919921875e-01,1.518513441085815430e+00,6.168286129832267761e-02,-7.074101567268371582e-01,1.019009709358215332e+00,-5.194781422615051270e-01,-4.276641011238098145e-01,9.950502514839172363e-01,6.181092858314514160e-01,-3.934779465198516846e-01,-8.363457769155502319e-02,1.315653324127197266e-02
-5.694801360368728638e-02,-4.004877060651779175e-02,7.730373740196228027e-01,9.906953573226928711e-01,-8.761294931173324585e-02,1.015055626630783081e-01,2.330953069031238556e-02,-5.652197599411010742e-01,4.866920709609985352e-01,2.962728440761566162e-01,5.874043107032775879e-01,-1.812268495559692383e-01,-1.226789280772209167e-01,-3.322235941886901855e-01,1.208654418587684631e-01,-2.023208290338516235e-01,1.025768890976905823e-01,1.096869260072708130e-02,8.561646565794944763e-03,-1.274889856576919556e-01,-6.254835128784179688e-01,5.262424945831298828e-01,-1.852572411298751831e-01,2.767915427684783936e-01,-8.493699431419372559e-01,1.519697785377502441e+00,7.170917838811874390e-02,-7.189722061157226562e-01,1.032973885536193848e+00,-5.264297127723693848e-01,-4.320066571235656738e-01,9.866177439689636230e-01,5.950402617454528809e-01,-3.816030323505401611e-01,-8.070275932550430298e-02,1.662224717438220978e-02
-5.543843656778335571e-02,-3.809961676597595215e-02,7.722622752189636230e-01,9.910722374916076660e-01,-8.568597584962844849e-02,1.003043577075004578e-01,1.930656656622886658e-02,-5.562356710433959961e-01,4.827632904052734375e-01,2.980594933032989502e-01,5.920122265815734863e-01,-1.893890351057052612e-01,-1.232608482241630554e-01,-3.290308117866516113e-01,1.164377480745315552e-01,-1.909421980381011963e-01,1.074725091457366943e-01,8.425239473581314087e-03,1.248825248330831528e-02,-1.232776418328285217e-01,-6.322351098060607910e-01,5.229870676994323730e-01,-1.886614114046096802e-01,2.887176275253295898e-01,-8.643040060997009277e-01,1.516751289367675781e+00,9.132236242294311523e-02,-7.261793017387390137e-01,1.044341206550598145e+00,-5.327458977699279785e-01,-4.344310462474822998e-01,9.807184934616088867e-01,5.588735938072204590e-01,-3.539800941944122314e-01,-7.613532245159149170e-02,1.544629596173763275e-02
