-6.024014204740524292e-03,1.063209585845470428e-02,7.810177803039550781e-01,9.999206066131591797e-01,9.983525611460208893e-03,-7.302199956029653549e-03,2.394363051280379295e-03,7.330223172903060913e-02,1.399565339088439941e-01,4.758147597312927246e-01,2.311570942401885986e-01,-2.229698896408081055e-01,-1.240034699440002441e-01,-4.319065436720848083e-02,-1.302725523710250854e-01,-8.772789686918258667e-02,2.541276216506958008e-01,-2.247265577316284180e-01,8.614262193441390991e-02,-6.558551639318466187e-02,-6.668233871459960938e-02,1.568926423788070679e-01,-8.241390436887741089e-02,3.120435476303100586e-01,-6.857480406761169434e-01,9.962401390075683594e-01,-2.227269113063812256e-02,9.922371059656143188e-02,1.073345988988876343e-01,-2.456229776144027710e-01,-2.197618931531906128e-01,9.320215582847595215e-01,1.112155318260192871e+00,3.046554699540138245e-02,2.266455069184303284e-02,5.924673378467559814e-02
-6.337760016322135925e-03,1.044549420475959778e-02,7.811918258666992188e-01,9.999192357063293457e-01,1.012764032930135727e-02,-7.648692000657320023e-03,6.272632163017988205e-04,7.568319886922836304e-02,1.397150754928588867e-01,4.789941608905792236e-01,2.282284051179885864e-01,-2.228041887283325195e-01,-1.247479766607284546e-01,-4.327583312988281250e-02,-1.296695172786712646e-01,-8.510836213827133179e-02,2.549768984317779541e-01,-2.237506955862045288e-01,8.692574501037597656e-02,-6.771054118871688843e-02,-6.641475856304168701e-02,1.555785685777664185e-01,-8.691212534904479980e-02,3.135806322097778320e-01,-6.971872448921203613e-01,9.909682869911193848e-01,-1.836558617651462555e-02,1.023349761962890625e-01,1.023851111531257629e-01,-2.442321628332138062e-01,-2.193205803632736206e-01,9.289359450340270996e-01,1.110941171646118164e+00,3.190732747316360474e-02,2.325898036360740662e-02,6.024566292762756348e-02
-6.653437856584787369e-03,1.015469711273908615e-02,7.812502384185791016e-01,9.999163746833801270e-01,1.018746476620435715e-02,-7.867040112614631653e-03,-1.220842474140226841e-03,7.851702719926834106e-02,1.395773291587829590e-01,4.824725687503814697e-01,2.251220792531967163e-01,-2.218386381864547729e-01,-1.253630518913269043e-01,-4.402934759855270386e-02,-1.286516636610031128e-01,-8.189733326435089111e-02,2.557145357131958008e-01,-2.230746746063232422e-01,8.682740479707717896e-02,-7.184875011444091797e-02,-6.583166867494583130e-02,1.545094847679138184e-01,-9.420979768037796021e-02,3.154771625995635986e-01,-7.097799777984619141e-01,9.814696907997131348e-01,-9.280681610107421875e-03,1.045195832848548889e-01,9.842058271169662476e-02,-2.429213523864746094e-01,-2.187308818101882935e-01,9.274956583976745605e-01,1.108824968338012695e+00,3.674517199397087097e-02,2.359881997108459473e-02,6.059349328279495239e-02
-6.922227796167135239e-03,9.878320619463920593e-03,7.813197374343872070e-01,9.999099969863891602e-01,1.016755308955907822e-02,-7.892210967838764191e-03,-3.789683803915977478e-03,8.147288113832473755e-02,1.396886259317398071e-01,4.870268404483795166e-01,2.218797802925109863e-01,-2.205608785152435303e-01,-1.262718141078948975e-01,-4.555636644363403320e-02,-1.268357932567596436e-01,-7.695995271205902100e-02,2.557179033756256104e-01,-2.218739539384841919e-01,8.598715066909790039e-02,-7.711990177631378174e-02,-6.505014002323150635e-02,1.531552374362945557e-01,-1.040665954351425171e-01,3.175783157348632812e-01,-7.243733406066894531e-01,9.663258194923400879e-01,1.523974002338945866e-03,1.085809096693992615e-01,9.739825129508972168e-02,-2.408735454082489014e-01,-2.178288549184799194e-01,9.269077777862548828e-01,1.106509923934936523e+00,4.384567588567733765e-02,2.315401844680309296e-02,6.033617630600929260e-02
-7.188030052930116653e-03,9.624920785427093506e-03,7.814403176307678223e-01,9.998969435691833496e-01,9.974010288715362549e-03,-7.574287243187427521e-03,-7.013463415205478668e-03,8.402622491121292114e-02,1.403326392173767090e-01,4.930137395858764648e-01,2.184915244579315186e-01,-2.191487550735473633e-01,-1.277071386575698853e-01,-4.800260066986083984e-02,-1.240828856825828552e-01,-7.007381319999694824e-02,2.546623945236206055e-01,-2.197633981704711914e-01,8.470322936773300171e-02,-8.338727056980133057e-02,-6.360745429992675781e-02,1.515425592660903931e-01,-1.174192577600479126e-01,3.191879689693450928e-01,-7.396152019500732422e-01,9.441801905632019043e-01,1.152291055768728256e-02,1.136873885989189148e-01,9.899919480085372925e-02,-2.382743656635284424e-01,-2.170039564371109009e-01,9.265854954719543457e-01,1.103340029716491699e+00,5.105600133538246155e-02,2.236836589872837067e-02,5.976954102516174316e-02
-7.447965908795595169e-03,9.486444294452667236e-03,7.816327214241027832e-01,9.998683333396911621e-01,9.600817225873470306e-03,-6.814201828092336655e-03,-1.117098797112703323e-02,8.629888296127319336e-02,1.414417326450347900e-01,5.010438561439514160e-01,2.146692425012588501e-01,-2.174714058637619019e-01,-1.297069936990737915e-01,-5.152513459324836731e-02,-1.201814711093902588e-01,-6.086997687816619873e-02,2.523493766784667969e-01,-2.165050506591796875e-01,8.320682495832443237e-02,-9.192648530006408691e-02,-6.125589460134506226e-02,1.497668176889419556e-01,-1.354327499866485596e-01,3.202783167362213135e-01,-7.558757662773132324e-01,9.121356010437011719e-01,2.351800911128520966e-02,1.193625032901763916e-01,1.017656102776527405e-01,-2.357206642627716064e-01,-2.164591252803802490e-01,9.271090626716613770e-01,1.099305272102355957e+00,5.723361670970916748e-02,2.153750695288181305e-02,5.886471271514892578e-02
-7.662545889616012573e-03,9.478993713855743408e-03,7.818835973739624023e-01,9.998101592063903809e-01,9.140173904597759247e-03,-5.599934142082929611e-03,-1.627287454903125763e-02,8.758734166622161865e-02,1.428962647914886475e-01,5.108908414840698242e-01,2.113056480884552002e-01,-2.159617990255355835e-01,-1.318994760513305664e-01,-5.648948252201080322e-02,-1.155957654118537903e-01,-4.999728500843048096e-02,2.493515163660049438e-01,-2.124726474285125732e-01,8.185689151287078857e-02,-1.028547957539558411e-01,-5.799376219511032104e-02,1.483474224805831909e-01,-1.583677083253860474e-01,3.206730782985687256e-01,-7.727117538452148438e-01,8.721312880516052246e-01,3.787946701049804688e-02,1.251672953367233276e-01,1.053900569677352905e-01,-2.339076548814773560e-01,-2.164096236228942871e-01,9.275141954421997070e-01,1.095823645591735840e+00,6.215064227581024170e-02,2.048511430621147156e-02,5.769701674580574036e-02
-7.902072742581367493e-03,9.582232683897018433e-03,7.821023464202880859e-01,9.996976852416992188e-01,8.727384731173515320e-03,-4.068654961884021759e-03,-2.262240648269653320e-02,8.849890530109405518e-02,1.443047076463699341e-01,5.231387019157409668e-01,2.081919759511947632e-01,-2.148960828781127930e-01,-1.339128166437149048e-01,-6.309442967176437378e-02,-1.106377169489860535e-01,-3.664298728108406067e-02,2.467003911733627319e-01,-2.081235498189926147e-01,8.088992536067962646e-02,-1.165211126208305359e-01,-5.385996401309967041e-02,1.475675702095031738e-01,-1.879469752311706543e-01,3.202481865882873535e-01,-7.917757034301757812e-01,8.254537582397460938e-01,5.420727282762527466e-02,1.312420219182968140e-01,1.092909872531890869e-01,-2.330021411180496216e-01,-2.168501913547515869e-01,9.262704253196716309e-01,1.093709945678710938e+00,6.708680093288421631e-02,1.963936164975166321e-02,5.619045719504356384e-02
-8.396778255701065063e-03,1.002646330744028091e-02,7.822476625442504883e-01,9.994988441467285156e-01,8.458194322884082794e-03,-2.450082218274474144e-03,-3.040559031069278717e-02,8.988363295793533325e-02,1.454455256462097168e-01,5.384926795959472656e-01,2.054987400770187378e-01,-2.145990282297134399e-01,-1.354156434535980225e-01,-7.152057439088821411e-02,-1.056925356388092041e-01,-2.055943943560123444e-02,2.455093711614608765e-01,-2.040102481842041016e-01,8.034359663724899292e-02,-1.328081935644149780e-01,-4.888435825705528259e-02,1.478623002767562866e-01,-2.254502922296524048e-01,3.192102313041687012e-01,-8.150030374526977539e-01,7.742689847946166992e-01,7.476500421762466431e-02,1.381738930940628052e-01,1.127907037734985352e-01,-2.334129661321640015e-01,-2.175200581550598145e-01,9.233277440071105957e-01,1.093312978744506836e+00,7.458243519067764282e-02,1.942552998661994934e-02,5.483207479119300842e-02
-8.777243085205554962e-03,1.056683808565139771e-02,7.823137044906616211e-01,9.991738200187683105e-01,8.368077687919139862e-03,-8.759399061091244221e-04,-3.976032882928848267e-02,9.248935431241989136e-02,1.458838433027267456e-01,5.565696954727172852e-01,2.026993632316589355e-01,-2.146123200654983521e-01,-1.364230662584304810e-01,-8.135250210762023926e-02,-1.010105609893798828e-01,-2.409988548606634140e-03,2.459001839160919189e-01,-2.000849694013595581e-01,8.023121207952499390e-02,-1.512142270803451538e-01,-4.308984056115150452e-02,1.494007408618927002e-01,-2.714442908763885498e-01,3.181289434432983398e-01,-8.435163497924804688e-01,7.216305136680603027e-01,9.943077713251113892e-02,1.469823271036148071e-01,1.160021945834159851e-01,-2.352000474929809570e-01,-2.185263037681579590e-01,9.180938601493835449e-01,1.094238877296447754e+00,8.655732870101928711e-02,1.968028582632541656e-02,5.367109552025794983e-02
-9.151898324489593506e-03,1.136205438524484634e-02,7.823575139045715332e-01,9.986862540245056152e-01,8.345463313162326813e-03,6.635231547988951206e-04,-5.055373907089233398e-02,9.690040349960327148e-02,1.456612646579742432e-01,5.775504708290100098e-01,1.987624913454055786e-01,-2.145095020532608032e-01,-1.371675282716751099e-01,-9.229630231857299805e-02,-9.592438489198684692e-02,1.808270998299121857e-02,2.474616914987564087e-01,-1.960452795028686523e-01,8.001350611448287964e-02,-1.711769700050354004e-01,-3.626225516200065613e-02,1.519662290811538696e-01,-3.263362050056457520e-01,3.177193105220794678e-01,-8.777310848236083984e-01,6.672563552856445312e-01,1.260026246309280396e-01,1.565606743097305298e-01,1.182960644364356995e-01,-2.379562407732009888e-01,-2.201012223958969116e-01,9.100933074951171875e-01,1.095726728439331055e+00,1.012239083647727966e-01,1.995094120502471924e-02,5.288227647542953491e-02
-9.452151134610176086e-03,1.238797605037689209e-02,7.824245691299438477e-01,9.979939460754394531e-01,8.316490799188613892e-03,2.189500490203499794e-03,-6.272244453430175781e-02,1.036062687635421753e-01,1.446994692087173462e-01,6.018816828727722168e-01,1.926629692316055298e-01,-2.137521505355834961e-01,-1.378106027841567993e-01,-1.034195125102996826e-01,-8.976159244775772095e-02,4.138149321079254150e-02,2.484640628099441528e-01,-1.907176524400711060e-01,7.950294017791748047e-02,-1.927178800106048584e-01,-2.841418236494064331e-02,1.553346216678619385e-01,-3.911827206611633301e-01,3.186016380786895752e-01,-9.167433381080627441e-01,6.099038720130920410e-01,1.507414728403091431e-01,1.627541035413742065e-01,1.184111237525939941e-01,-2.412848323583602905e-01,-2.223946601152420044e-01,9.005911946296691895e-01,1.097149491310119629e+00,1.158223077654838562e-01,1.952199637889862061e-02,5.238656699657440186e-02
-9.587222710251808167e-03,1.350637152791023254e-02,7.825444340705871582e-01,9.970753192901611328e-01,8.372004143893718719e-03,3.794420277699828148e-03,-7.587051391601562500e-02,1.121311262249946594e-01,1.425084918737411499e-01,6.287013292312622070e-01,1.830340921878814697e-01,-2.115507721900939941e-01,-1.386436372995376587e-01,-1.140988469123840332e-01,-8.267621695995330811e-02,6.716520339250564575e-02,2.477788180112838745e-01,-1.840796619653701782e-01,7.902331650257110596e-02,-2.153136283159255981e-01,-2.036543749272823334e-02,1.585943549871444702e-01,-4.649500846862792969e-01,3.202079236507415771e-01,-9.560304880142211914e-01,5.512406229972839355e-01,1.684623807668685913e-01,1.622180491685867310e-01,1.153564229607582092e-01,-2.449121177196502686e-01,-2.252730280160903931e-01,8.910910487174987793e-01,1.098698019981384277e+00,1.266765892505645752e-01,1.821720041334629059e-02,5.138953775167465210e-02
-9.468963369727134705e-03,1.456966344267129898e-02,7.826859354972839355e-01,9.958845376968383789e-01,8.445763029158115387e-03,5.482067354023456573e-03,-9.006986021995544434e-02,1.222599968314170837e-01,1.392695158720016479e-01,6.575608849525451660e-01,1.701840907335281372e-01,-2.082121670246124268e-01,-1.398346126079559326e-01,-1.239645481109619141e-01,-7.466258853673934937e-02,9.494379907846450806e-02,2.449297457933425903e-01,-1.761585325002670288e-01,7.898924499750137329e-02,-2.385101318359375000e-01,-1.243462041020393372e-02,1.613631993532180786e-01,-5.470996499061584473e-01,3.209224939346313477e-01,-9.920502305030822754e-01,4.938394129276275635e-01,1.768781989812850952e-01,1.548059880733489990e-01,1.089018285274505615e-01,-2.488154470920562744e-01,-2.284062504768371582e-01,8.817159533500671387e-01,1.100982785224914551e+00,1.320671290159225464e-01,1.657302118837833405e-02,4.933348298072814941e-02
-9.029005654156208038e-03,1.546929031610488892e-02,7.827892303466796875e-01,9.943825006484985352e-01,8.493993431329727173e-03,7.208703085780143738e-03,-1.052585989236831665e-01,1.331616193056106567e-01,1.356793791055679321e-01,6.883648633956909180e-01,1.567373126745223999e-01,-2.050047516822814941e-01,-1.413808763027191162e-01,-1.329232007265090942e-01,-6.593839824199676514e-02,1.237503439188003540e-01,2.405383884906768799e-01,-1.678807884454727173e-01,7.980703562498092651e-02,-2.614597082138061523e-01,-4.729139152914285660e-03,1.637555807828903198e-01,-6.341378092765808105e-01,3.188762068748474121e-01,-1.021861076354980469e+00,4.443719685077667236e-01,1.810388416051864624e-01,1.433656364679336548e-01,9.950967878103256226e-02,-2.526993155479431152e-01,-2.314096987247467041e-01,8.737024664878845215e-01,1.104004025459289551e+00,1.349754482507705688e-01,1.460468769073486328e-02,4.554074257612228394e-02
-8.212137967348098755e-03,1.620922982692718506e-02,7.827752232551574707e-01,9.924997091293334961e-01,8.431415073573589325e-03,8.976287208497524261e-03,-1.216252595186233521e-01,1.446159929037094116e-01,1.322194635868072510e-01,7.218661904335021973e-01,1.440591216087341309e-01,-2.026790231466293335e-01,-1.435720324516296387e-01,-1.414515674114227295e-01,-5.608100071549415588e-02,1.542177200317382812e-01,2.356413751840591431e-01,-1.601235866546630859e-01,8.072799444198608398e-02,-2.837682962417602539e-01,2.977048745378851891e-03,1.662374734878540039e-01,-7.236368060111999512e-01,3.129232525825500488e-01,-1.043913364410400391e+00,4.102723896503448486e-01,1.810260117053985596e-01,1.310781240463256836e-01,9.060232341289520264e-02,-2.566574513912200928e-01,-2.340156286954879761e-01,8.674445152282714844e-01,1.107230305671691895e+00,1.379660218954086304e-01,1.240788213908672333e-02,3.952259942889213562e-02
-7.044413127005100250e-03,1.679990999400615692e-02,7.826805710792541504e-01,9.902054071426391602e-01,8.224324323236942291e-03,1.084261760115623474e-02,-1.389532983303070068e-01,1.564429104328155518e-01,1.288333833217620850e-01,7.575355172157287598e-01,1.319786012172698975e-01,-2.011166065931320190e-01,-1.466142237186431885e-01,-1.498049199581146240e-01,-4.478205740451812744e-02,1.867653578519821167e-01,2.307514399290084839e-01,-1.525358408689498901e-01,8.142045885324478149e-02,-3.056892454624176025e-01,1.091770175844430923e-02,1.687860786914825439e-01,-8.147410154342651367e-01,3.032993674278259277e-01,-1.058192133903503418e+00,3.952189385890960693e-01,1.765654832124710083e-01,1.196458265185356140e-01,8.454052358865737915e-02,-2.604037225246429443e-01,-2.361372113227844238e-01,8.621216416358947754e-01,1.110710024833679199e+00,1.420612037181854248e-01,9.973453357815742493e-03,3.209936246275901794e-02
-5.616724025458097458e-03,1.718591898679733276e-02,7.825585603713989258e-01,9.875549077987670898e-01,7.922274991869926453e-03,1.283372845500707626e-02,-1.565499752759933472e-01,1.680681705474853516e-01,1.256190687417984009e-01,7.937386631965637207e-01,1.208463460206985474e-01,-1.999249905347824097e-01,-1.502693444490432739e-01,-1.578934192657470703e-01,-3.240895643830299377e-02,2.202498316764831543e-01,2.261710613965988159e-01,-1.450128108263015747e-01,8.188963681459426880e-02,-3.267693519592285156e-01,1.901601254940032959e-02,1.709739118814468384e-01,-9.057226777076721191e-01,2.911042571067810059e-01,-1.066949129104614258e+00,3.994872570037841797e-01,1.671560704708099365e-01,1.072019711136817932e-01,8.191289007663726807e-02,-2.640848159790039062e-01,-2.378250509500503540e-01,8.576205968856811523e-01,1.114767193794250488e+00,1.467123478651046753e-01,7.732603698968887329e-03,2.454057894647121429e-02
-3.978769760578870773e-03,1.731401123106479645e-02,7.824129462242126465e-01,9.846153259277343750e-01,7.656057830899953842e-03,1.488693989813327789e-02,-1.739321649074554443e-01,1.794884949922561646e-01,1.224250122904777527e-01,8.296307325363159180e-01,1.107272654771804810e-01,-1.987874656915664673e-01,-1.542679071426391602e-01,-1.655833572149276733e-01,-1.980229280889034271e-02,2.532043159008026123e-01,2.222939729690551758e-01,-1.380201429128646851e-01,8.262626826763153076e-02,-3.474012613296508789e-01,2.707113511860370636e-02,1.727769970893859863e-01,-9.947016835212707520e-01,2.769802212715148926e-01,-1.072306871414184570e+00,4.231746792793273926e-01,1.548405885696411133e-01,9.363887459039688110e-02,8.001210540533065796e-02,-2.671066522598266602e-01,-2.391184270381927490e-01,8.532637953758239746e-01,1.118696451187133789e+00,1.517933607101440430e-01,5.530774593353271484e-03,1.784173771739006042e-02
-2.247051568701863289e-03,1.719150878489017487e-02,7.822560667991638184e-01,9.814970493316650391e-01,7.542119361460208893e-03,1.696442998945713043e-02,-1.905749291181564331e-01,1.899883896112442017e-01,1.194253936409950256e-01,8.638049364089965820e-01,1.024909615516662598e-01,-1.976713538169860840e-01,-1.586110144853591919e-01,-1.733601093292236328e-01,-7.436037529259920120e-03,2.844720780849456787e-01,2.204229980707168579e-01,-1.322678029537200928e-01,8.360071480274200439e-02,-3.672157526016235352e-01,3.487999364733695984e-02,1.741786301136016846e-01,-1.080308079719543457e+00,2.605756521224975586e-01,-1.076029777526855469e+00,4.667439460754394531e-01,1.421962827444076538e-01,7.972826063632965088e-02,7.623053342103958130e-02,-2.694035768508911133e-01,-2.398019731044769287e-01,8.488655090332031250e-01,1.122106313705444336e+00,1.574557572603225708e-01,2.836914965882897377e-03,1.185362506657838821e-02
-4.812265979126095772e-04,1.687826029956340790e-02,7.821155786514282227e-01,9.783653020858764648e-01,7.642486132681369781e-03,1.901268027722835541e-02,-2.058677524328231812e-01,1.989105045795440674e-01,1.166750714182853699e-01,8.954097032546997070e-01,9.642753005027770996e-02,-1.965993195772171021e-01,-1.628198474645614624e-01,-1.806491613388061523e-01,3.917708527296781540e-03,3.131195604801177979e-01,2.197152972221374512e-01,-1.274740248918533325e-01,8.490596711635589600e-02,-3.866319358348846436e-01,4.236708208918571472e-02,1.757225692272186279e-01,-1.160241842269897461e+00,2.412404119968414307e-01,-1.080858111381530762e+00,5.286676287651062012e-01,1.304792314767837524e-01,6.718013435602188110e-02,7.009959965944290161e-02,-2.703015208244323730e-01,-2.398139536380767822e-01,8.429528474807739258e-01,1.124985456466674805e+00,1.638841032981872559e-01,-1.722110173432156444e-04,6.703922525048255920e-03
1.232334412634372711e-03,1.642956770956516266e-02,7.820097208023071289e-01,9.753384590148925781e-01,7.940179668366909027e-03,2.096636965870857239e-02,-2.195730358362197876e-01,2.063744217157363892e-01,1.140590906143188477e-01,9.239833354949951172e-01,9.195435792207717896e-02,-1.955204010009765625e-01,-1.667876541614532471e-01,-1.871758252382278442e-01,1.411873754113912582e-02,3.385524153709411621e-01,2.196525484323501587e-01,-1.237137764692306519e-01,8.613502234220504761e-02,-4.049364328384399414e-01,4.930945113301277161e-02,1.779164075851440430e-01,-1.233240365982055664e+00,2.184711694717407227e-01,-1.090298891067504883e+00,6.058998107910156250e-01,1.199052333831787109e-01,5.683773010969161987e-02,6.209812313318252563e-02,-2.697532474994659424e-01,-2.392586618661880493e-01,8.358624577522277832e-01,1.128068447113037109e+00,1.707499623298645020e-01,-3.288622712716460228e-03,2.683254657313227654e-03
3.217918798327445984e-03,1.560806389898061752e-02,7.819035053253173828e-01,9.724289178848266602e-01,8.334234356880187988e-03,2.300112321972846985e-02,-2.319128811359405518e-01,2.126492708921432495e-01,1.116771847009658813e-01,9.495882391929626465e-01,8.871310204267501831e-02,-1.944183856248855591e-01,-1.703635752201080322e-01,-1.930775195360183716e-01,2.334965020418167114e-02,3.607604503631591797e-01,2.193191051483154297e-01,-1.199241727590560913e-01,8.706401288509368896e-02,-4.214245975017547607e-01,5.610312893986701965e-02,1.805423349142074585e-01,-1.300007581710815430e+00,1.922997683286666870e-01,-1.105342864990234375e+00,6.933906674385070801e-01,1.107129976153373718e-01,4.889797046780586243e-02,5.094542726874351501e-02,-2.681442201137542725e-01,-2.384412437677383423e-01,8.288128376007080078e-01,1.132226109504699707e+00,1.776381731033325195e-01,-6.237423047423362732e-03,1.825756189646199346e-04
4.960311576724052429e-03,1.503174751996994019e-02,7.818270921707153320e-01,9.695960879325866699e-01,8.795726113021373749e-03,2.519555762410163879e-02,-2.432514131069183350e-01,2.179045975208282471e-01,1.093027591705322266e-01,9.736025333404541016e-01,8.599761873483657837e-02,-1.930931210517883301e-01,-1.736466586589813232e-01,-1.987617909908294678e-01,3.189907968044281006e-02,3.812623322010040283e-01,2.189151942729949951e-01,-1.159827411174774170e-01,8.763591200113296509e-02,-4.359323382377624512e-01,6.312901526689529419e-02,1.834647655487060547e-01,-1.359772920608520508e+00,1.644659638404846191e-01,-1.125222206115722656e+00,7.829083204269409180e-01,1.018328741192817688e-01,4.400150105357170105e-02,3.530495613813400269e-02,-2.660491466522216797e-01,-2.374547421932220459e-01,8.216676712036132812e-01,1.138092398643493652e+00,1.836955994367599487e-01,-8.928702212870121002e-03,-2.944234875030815601e-04
6.705808918923139572e-03,1.449218485504388809e-02,7.818200588226318359e-01,9.668535590171813965e-01,9.342557750642299652e-03,2.743137814104557037e-02,-2.536817789077758789e-01,2.222910076379776001e-01,1.069284453988075256e-01,9.951772093772888184e-01,8.403284102678298950e-02,-1.916021555662155151e-01,-1.761281788349151611e-01,-2.038572579622268677e-01,3.963929787278175354e-02,4.004245698451995850e-01,2.181865274906158447e-01,-1.122202724218368530e-01,8.781590312719345093e-02,-4.482901394367218018e-01,7.016747444868087769e-02,1.867379099130630493e-01,-1.411739706993103027e+00,1.374866366386413574e-01,-1.146241664886474609e+00,8.651467561721801758e-01,9.183029830455780029e-02,4.267330840229988098e-02,1.566282287240028381e-02,-2.638458609580993652e-01,-2.367076724767684937e-01,8.130719065666198730e-01,1.144951820373535156e+00,1.864027380943298340e-01,-1.122190151363611221e-02,1.528946566395461559e-03
8.474059402942657471e-03,1.398481614887714386e-02,7.818903923034667969e-01,9.643323421478271484e-01,9.979020804166793823e-03,2.977574244141578674e-02,-2.628248929977416992e-01,2.252550870180130005e-01,1.044731885194778442e-01,1.013343572616577148e+00,8.231326937675476074e-02,-1.895313709974288940e-01,-1.780724227428436279e-01,-2.082518488168716431e-01,4.613278433680534363e-02,4.175858199596405029e-01,2.162002027034759521e-01,-1.082227528095245361e-01,8.798874914646148682e-02,-4.583837091922760010e-01,7.713238149881362915e-02,1.899753510951995850e-01,-1.455890417098999023e+00,1.139297634363174438e-01,-1.164487004280090332e+00,9.319192767143249512e-01,8.171828091144561768e-02,4.324060678482055664e-02,-4.833818878978490829e-03,-2.621116936206817627e-01,-2.366263717412948608e-01,8.036550879478454590e-01,1.151400327682495117e+00,1.859883368015289307e-01,-1.262973528355360031e-02,3.974192310124635696e-03
1.023364998400211334e-02,1.348843332380056381e-02,7.820091843605041504e-01,9.621627330780029297e-01,1.070273015648126602e-02,3.192099183797836304e-02,-2.703874111175537109e-01,2.273190021514892578e-01,1.020400375127792358e-01,1.026956319808959961e+00,8.101048320531845093e-02,-1.867959499359130859e-01,-1.794402301311492920e-01,-2.118306159973144531e-01,5.100728198885917664e-02,4.318313896656036377e-01,2.141572237014770508e-01,-1.049612015485763550e-01,8.817629516124725342e-02,-4.662998318672180176e-01,8.300598710775375366e-02,1.932706683874130249e-01,-1.492787957191467285e+00,9.531712532043457031e-02,-1.177288651466369629e+00,9.812571406364440918e-01,7.164478302001953125e-02,4.372508078813552856e-02,-2.113099955022335052e-02,-2.615888416767120361e-01,-2.369438856840133667e-01,7.939920425415039062e-01,1.156060934066772461e+00,1.831669956445693970e-01,-1.291910279542207718e-02,5.435001105070114136e-03
1.191571634262800217e-02,1.306757889688014984e-02,7.821314334869384766e-01,9.602754116058349609e-01,1.155374012887477875e-02,3.375028818845748901e-02,-2.767645120620727539e-01,2.289767861366271973e-01,9.938137978315353394e-02,1.037528634071350098e+00,7.986290752887725830e-02,-1.835732907056808472e-01,-1.807323694229125977e-01,-2.147410511970520020e-01,5.458082258701324463e-02,4.438572824001312256e-01,2.129371464252471924e-01,-1.027779206633567810e-01,8.869753032922744751e-02,-4.721472859382629395e-01,8.743030577898025513e-02,1.965623199939727783e-01,-1.523573517799377441e+00,8.116780966520309448e-02,-1.186129331588745117e+00,1.017744183540344238e+00,6.257500499486923218e-02,4.445774108171463013e-02,-3.403460234403610229e-02,-2.623972296714782715e-01,-2.373796105384826660e-01,7.850525379180908203e-01,1.158399701118469238e+00,1.798217743635177612e-01,-1.279075164347887039e-02,5.906642880290746689e-03
1.347288861870765686e-02,1.270716823637485504e-02,7.822901010513305664e-01,9.586072564125061035e-01,1.255719643086194992e-02,3.529834374785423279e-02,-2.822560667991638184e-01,2.301842868328094482e-01,9.658822417259216309e-02,1.046575069427490234e+00,7.917915284633636475e-02,-1.799076348543167114e-01,-1.821543127298355103e-01,-2.173114120960235596e-01,5.714962631464004517e-02,4.544560611248016357e-01,2.127530872821807861e-01,-1.012902781367301941e-01,8.946853876113891602e-02,-4.763354063034057617e-01,9.063125401735305786e-02,1.999278366565704346e-01,-1.551185011863708496e+00,7.013034820556640625e-02,-1.191669464111328125e+00,1.045441150665283203e+00,5.434374883770942688e-02,4.559759423136711121e-02,-4.374481365084648132e-02,-2.641006410121917725e-01,-2.377673834562301636e-01,7.769550085067749023e-01,1.158282756805419922e+00,1.763090938329696655e-01,-1.314267702400684357e-02,6.207084748893976212e-03
1.492677442729473114e-02,1.234479155391454697e-02,7.825174927711486816e-01,9.571819305419921875e-01,1.364967599511146545e-02,3.656293451786041260e-02,-2.868443131446838379e-01,2.310402244329452515e-01,9.373988211154937744e-02,1.053962111473083496e+00,7.889019697904586792e-02,-1.758195757865905762e-01,-1.842834055423736572e-01,-2.195756137371063232e-01,5.881333723664283752e-02,4.635996520519256592e-01,2.132336646318435669e-01,-1.004600971937179565e-01,9.019198268651962280e-02,-4.791007339954376221e-01,9.285135567188262939e-02,2.034012824296951294e-01,-1.575493335723876953e+00,6.135982647538185120e-02,-1.194532632827758789e+00,1.067456007003784180e+00,4.814670979976654053e-02,4.763460159301757812e-02,-5.097170546650886536e-02,-2.665110826492309570e-01,-2.380376160144805908e-01,7.703515887260437012e-01,1.155890464782714844e+00,1.734017878770828247e-01,-1.416954491287469864e-02,6.121693179011344910e-03
1.630670577287673950e-02,1.197438873350620270e-02,7.827909588813781738e-01,9.559674859046936035e-01,1.479652151465415955e-02,3.757108002901077271e-02,-2.906813323497772217e-01,2.318262159824371338e-01,9.111270308494567871e-02,1.060068130493164062e+00,7.923044264316558838e-02,-1.714902371168136597e-01,-1.867257207632064819e-01,-2.219114005565643311e-01,6.000720709562301636e-02,4.715529680252075195e-01,2.147933393716812134e-01,-1.005983874201774597e-01,9.077615290880203247e-02,-4.808353185653686523e-01,9.426542371511459351e-02,2.070945352315902710e-01,-1.596930980682373047e+00,5.458144098520278931e-02,-1.195346117019653320e+00,1.085650801658630371e+00,4.183604568243026733e-02,5.060872808098793030e-02,-5.713464692234992981e-02,-2.696688473224639893e-01,-2.381157279014587402e-01,7.649044990539550781e-01,1.151927709579467773e+00,1.719160526990890503e-01,-1.573558710515499115e-02,6.331545766443014145e-03
1.749845221638679504e-02,1.168924849480390549e-02,7.830740809440612793e-01,9.550261497497558594e-01,1.601609960198402405e-02,3.839607909321784973e-02,-2.935885787010192871e-01,2.322639673948287964e-01,8.867413550615310669e-02,1.064429521560668945e+00,8.018966019153594971e-02,-1.672790050506591797e-01,-1.886205375194549561e-01,-2.242670953273773193e-01,6.045053526759147644e-02,4.780953824520111084e-01,2.168718129396438599e-01,-1.013028472661972046e-01,9.155252575874328613e-02,-4.815347790718078613e-01,9.513387829065322876e-02,2.104957252740859985e-01,-1.615860939025878906e+00,4.914122819900512695e-02,-1.195093154907226562e+00,1.100421190261840820e+00,3.802571445703506470e-02,5.363971740007400513e-02,-6.273350864648818970e-02,-2.732764780521392822e-01,-2.383445054292678833e-01,7.608850598335266113e-01,1.147073268890380859e+00,1.716865599155426025e-01,-1.749922707676887512e-02,6.150694098323583603e-03
1.852586865425109863e-02,1.147561334073543549e-02,7.833731174468994141e-01,9.543164372444152832e-01,1.725312694907188416e-02,3.901827707886695862e-02,-2.957364022731781006e-01,2.323599308729171753e-01,8.671224862337112427e-02,1.066995382308959961e+00,8.180011063814163208e-02,-1.632727086544036865e-01,-1.899278908967971802e-01,-2.263917475938796997e-01,6.022265926003456116e-02,4.831957519054412842e-01,2.192800492048263550e-01,-1.024892628192901611e-01,9.236232936382293701e-02,-4.815020561218261719e-01,9.558269381523132324e-02,2.137172967195510864e-01,-1.632248163223266602e+00,4.473984241485595703e-02,-1.194693803787231445e+00,1.111976623535156250e+00,3.481703624129295349e-02,5.694856867194175720e-02,-6.816580146551132202e-02,-2.772598564624786377e-01,-2.388499230146408081e-01,7.575466632843017578e-01,1.142403006553649902e+00,1.721166819334030151e-01,-1.927997358143329620e-02,5.654684267938137054e-03
1.945167034864425659e-02,1.126527786254882812e-02,7.836661934852600098e-01,9.538077712059020996e-01,1.849797740578651428e-02,3.952826559543609619e-02,-2.972305715084075928e-01,2.320556193590164185e-01,8.504208922386169434e-02,1.068165540695190430e+00,8.386401087045669556e-02,-1.596202254295349121e-01,-1.907079368829727173e-01,-2.282467782497406006e-01,5.930468812584877014e-02,4.871282875537872314e-01,2.217316031455993652e-01,-1.035878807306289673e-01,9.316468238830566406e-02,-4.808152318000793457e-01,9.568049013614654541e-02,2.165644019842147827e-01,-1.646825313568115234e+00,4.112127795815467834e-02,-1.194867968559265137e+00,1.121157169342041016e+00,3.272853046655654907e-02,5.991274490952491760e-02,-7.320431619882583618e-02,-2.816957235336303711e-01,-2.394620329141616821e-01,7.554787397384643555e-01,1.138187766075134277e+00,1.730884909629821777e-01,-2.083703875541687012e-02,5.164660047739744186e-03
2.030234225094318390e-02,1.102756150066852570e-02,7.839756608009338379e-01,9.534653425216674805e-01,1.972531527280807495e-02,3.992650285363197327e-02,-2.981956601142883301e-01,2.314298897981643677e-01,8.336739242076873779e-02,1.068105459213256836e+00,8.583755046129226685e-02,-1.560942083597183228e-01,-1.914436668157577515e-01,-2.297700345516204834e-01,5.779403820633888245e-02,4.898865222930908203e-01,2.241631746292114258e-01,-1.049127355217933655e-01,9.399437159299850464e-02,-4.798805713653564453e-01,9.528134018182754517e-02,2.190530300140380859e-01,-1.659485816955566406e+00,3.806650638580322266e-02,-1.194965243339538574e+00,1.128597259521484375e+00,3.103760816156864166e-02,6.271289288997650146e-02,-7.760030776262283325e-02,-2.864474356174468994e-01,-2.398184239864349365e-01,7.540835142135620117e-01,1.134832739830017090e+00,1.738983690738677979e-01,-2.211323007941246033e-02,4.984076134860515594e-03
2.107268758118152618e-02,1.079433225095272064e-02,7.842803001403808594e-01,9.532337784767150879e-01,2.090076170861721039e-02,4.018672183156013489e-02,-2.988202869892120361e-01,2.310193479061126709e-01,8.159407973289489746e-02,1.067331194877624512e+00,8.759135007858276367e-02,-1.528020501136779785e-01,-1.928141117095947266e-01,-2.312395870685577393e-01,5.594784021377563477e-02,4.917714297771453857e-01,2.267212569713592529e-01,-1.063538119196891785e-01,9.497301280498504639e-02,-4.787320494651794434e-01,9.454237669706344604e-02,2.213525772094726562e-01,-1.670818090438842773e+00,3.546312451362609863e-02,-1.194309830665588379e+00,1.134745121002197266e+00,2.990367822349071503e-02,6.470974534749984741e-02,-8.074502646923065186e-02,-2.911610007286071777e-01,-2.400865703821182251e-01,7.530198097229003906e-01,1.132054567337036133e+00,1.750013679265975952e-01,-2.339170500636100769e-02,5.068055819720029831e-03
2.176432684063911438e-02,1.051368284970521927e-02,7.845711708068847656e-01,9.531286358833312988e-01,2.199544012546539307e-02,4.033049196004867554e-02,-2.990575432777404785e-01,2.310331761837005615e-01,7.988137751817703247e-02,1.065846681594848633e+00,8.897798508405685425e-02,-1.492435187101364136e-01,-1.942847222089767456e-01,-2.326426208019256592e-01,5.405383184552192688e-02,4.929563701152801514e-01,2.298390418291091919e-01,-1.079643294215202332e-01,9.562458842992782593e-02,-4.775360226631164551e-01,9.360619634389877319e-02,2.234724909067153931e-01,-1.680694580078125000e+00,3.286935761570930481e-02,-1.192948579788208008e+00,1.140280246734619141e+00,2.817680872976779938e-02,6.576999276876449585e-02,-8.274473994970321655e-02,-2.953737080097198486e-01,-2.403083741664886475e-01,7.519170641899108887e-01,1.129481792449951172e+00,1.766781508922576904e-01,-2.478504553437232971e-02,4.912708420306444168e-03
2.241405844688415527e-02,1.020226068794727325e-02,7.848539352416992188e-01,9.530748128890991211e-01,2.301438339054584503e-02,4.033599793910980225e-02,-2.991517484188079834e-01,2.312031835317611694e-01,7.817137986421585083e-02,1.064189195632934570e+00,9.007694572210311890e-02,-1.457154601812362671e-01,-1.956752091646194458e-01,-2.336492985486984253e-01,5.238986387848854065e-02,4.939467012882232666e-01,2.333198785781860352e-01,-1.098843663930892944e-01,9.620273113250732422e-02,-4.761604070663452148e-01,9.252565354108810425e-02,2.253624498844146729e-01,-1.688737511634826660e+00,3.064234368503093719e-02,-1.192013621330261230e+00,1.145463705062866211e+00,2.559711039066314697e-02,6.667355448007583618e-02,-8.427202701568603516e-02,-2.991659641265869141e-01,-2.403720170259475708e-01,7.507213950157165527e-01,1.127039909362792969e+00,1.794009357690811157e-01,-2.602053247392177582e-02,4.403439350426197052e-03
2.310935780405998230e-02,9.849994443356990814e-03,7.850923538208007812e-01,9.530953168869018555e-01,2.394594438374042511e-02,4.022533446550369263e-02,-2.990282475948333740e-01,2.314658910036087036e-01,7.669816166162490845e-02,1.062107563018798828e+00,9.106966108083724976e-02,-1.424640566110610962e-01,-1.970168352127075195e-01,-2.344535589218139648e-01,5.086898431181907654e-02,4.944190979003906250e-01,2.371593862771987915e-01,-1.121566891670227051e-01,9.629926085472106934e-02,-4.748036861419677734e-01,9.139103442430496216e-02,2.270691543817520142e-01,-1.695274114608764648e+00,2.839847281575202942e-02,-1.191532373428344727e+00,1.149759650230407715e+00,2.274598367512226105e-02,6.780336797237396240e-02,-8.531226962804794312e-02,-3.024202883243560791e-01,-2.404270023107528687e-01,7.493669986724853516e-01,1.124490261077880859e+00,1.832335889339447021e-01,-2.698558010160923004e-02,3.808158449828624725e-03
2.384786866605281830e-02,9.428810328245162964e-03,7.852860093116760254e-01,9.532031416893005371e-01,2.483583241701126099e-02,4.001589119434356689e-02,-2.986395359039306641e-01,2.316075116395950317e-01,7.525024563074111938e-02,1.059312224388122559e+00,9.188090264797210693e-02,-1.390836089849472046e-01,-1.984604597091674805e-01,-2.348717302083969116e-01,4.937772825360298157e-02,4.942702949047088623e-01,2.411820292472839355e-01,-1.148237213492393494e-01,9.614737331867218018e-02,-4.735808670520782471e-01,9.026696532964706421e-02,2.282451689243316650e-01,-1.700352072715759277e+00,2.587018348276615143e-02,-1.190881609916687012e+00,1.153064489364624023e+00,2.051884122192859650e-02,6.942304968833923340e-02,-8.588812500238418579e-02,-3.049556910991668701e-01,-2.404769212007522583e-01,7.476577162742614746e-01,1.121974349021911621e+00,1.877219676971435547e-01,-2.782076969742774963e-02,3.331076120957732201e-03
2.457600459456443787e-02,8.920127525925636292e-03,7.854538559913635254e-01,9.533984661102294922e-01,2.567250467836856842e-02,3.972627967596054077e-02,-2.979833781719207764e-01,2.317467629909515381e-01,7.414134591817855835e-02,1.056310653686523438e+00,9.301786869764328003e-02,-1.356554478406906128e-01,-1.995574384927749634e-01,-2.348287999629974365e-01,4.775245115160942078e-02,4.934214651584625244e-01,2.453316599130630493e-01,-1.178970038890838623e-01,9.568224102258682251e-02,-4.725826382637023926e-01,8.910628408193588257e-02,2.288094907999038696e-01,-1.704273462295532227e+00,2.365122921764850616e-02,-1.191336631774902344e+00,1.155371546745300293e+00,1.930575072765350342e-02,7.107695192098617554e-02,-8.628343045711517334e-02,-3.068481981754302979e-01,-2.404745221138000488e-01,7.462798357009887695e-01,1.119665026664733887e+00,1.924041062593460083e-01,-2.846765890717506409e-02,2.749607432633638382e-03
2.523222193121910095e-02,8.342328481376171112e-03,7.856428623199462891e-01,9.536056518554687500e-01,2.650103718042373657e-02,3.941583633422851562e-02,-2.972882688045501709e-01,2.320692986249923706e-01,7.338319718837738037e-02,1.053113579750061035e+00,9.465134143829345703e-02,-1.319258213043212891e-01,-2.004610449075698853e-01,-2.347388565540313721e-01,4.612699151039123535e-02,4.922991096973419189e-01,2.497112154960632324e-01,-1.211738884449005127e-01,9.502645581960678101e-02,-4.714787900447845459e-01,8.799850940704345703e-02,2.291454672813415527e-01,-1.707495689392089844e+00,2.243420295417308807e-02,-1.192708969116210938e+00,1.156263113021850586e+00,1.799045130610466003e-02,7.262946665287017822e-02,-8.581063896417617798e-02,-3.086145222187042236e-01,-2.405650913715362549e-01,7.445935606956481934e-01,1.117698431015014648e+00,1.957061737775802612e-01,-2.891519293189048767e-02,1.451311400160193443e-03
2.574545517563819885e-02,7.772738579660654068e-03,7.858375906944274902e-01,9.538346529006958008e-01,2.724035643041133881e-02,3.904778510332107544e-02,-2.965344488620758057e-01,2.325674444437026978e-01,7.309432327747344971e-02,1.050064921379089355e+00,9.695450216531753540e-02,-1.284936517477035522e-01,-2.011621892452239990e-01,-2.345391958951950073e-01,4.470800980925559998e-02,4.910408854484558105e-01,2.540285587310791016e-01,-1.244092807173728943e-01,9.444739669561386108e-02,-4.703114032745361328e-01,8.700530976057052612e-02,2.295165956020355225e-01,-1.710200309753417969e+00,2.195116505026817322e-02,-1.194729804992675781e+00,1.156251788139343262e+00,1.677967235445976257e-02,7.404497265815734863e-02,-8.486597985029220581e-02,-3.102889955043792725e-01,-2.406708896160125732e-01,7.421759366989135742e-01,1.116141080856323242e+00,1.976474374532699585e-01,-2.935549244284629822e-02,3.793204086832702160e-05
2.618429437279701233e-02,7.211470976471900940e-03,7.860357761383056641e-01,9.540334343910217285e-01,2.791298553347587585e-02,3.868220746517181396e-02,-2.958796024322509766e-01,2.330224066972732544e-01,7.310935854911804199e-02,1.047316193580627441e+00,9.960257261991500854e-02,-1.251915842294692993e-01,-2.021345943212509155e-01,-2.342469841241836548e-01,4.335695132613182068e-02,4.898129105567932129e-01,2.575272023677825928e-01,-1.271270513534545898e-01,9.408660233020782471e-02,-4.688349962234497070e-01,8.614175021648406982e-02,2.297522276639938354e-01,-1.712700963020324707e+00,2.187186293303966522e-02,-1.196227073669433594e+00,1.155797719955444336e+00,1.594566740095615387e-02,7.509467750787734985e-02,-8.407828211784362793e-02,-3.116167783737182617e-01,-2.406938821077346802e-01,7.392860651016235352e-01,1.114829540252685547e+00,1.989160031080245972e-01,-2.975990436971187592e-02,-1.749233924783766270e-03
2.668793685734272003e-02,6.562725175172090530e-03,7.861936092376708984e-01,9.541777372360229492e-01,2.852036990225315094e-02,3.839872032403945923e-02,-2.953928709030151367e-01,2.336346805095672607e-01,7.308845221996307373e-02,1.044616818428039551e+00,1.018308997154235840e-01,-1.224042028188705444e-01,-2.034427374601364136e-01,-2.341034859418869019e-01,4.227390140295028687e-02,4.888214170932769775e-01,2.605795860290527344e-01,-1.296676248311996460e-01,9.365768730640411377e-02,-4.672221839427947998e-01,8.540089428424835205e-02,2.298796176910400391e-01,-1.715441942214965820e+00,2.219196222722530365e-02,-1.196901559829711914e+00,1.155490875244140625e+00,1.478984393179416656e-02,7.565849274396896362e-02,-8.328427374362945557e-02,-3.127308487892150879e-01,-2.405679821968078613e-01,7.360497117042541504e-01,1.113804578781127930e+00,1.996081918478012085e-01,-2.994455397129058838e-02,-3.153891768306493759e-03
2.723213471472263336e-02,5.873653572052717209e-03,7.863217592239379883e-01,9.542685151100158691e-01,2.908988669514656067e-02,3.834225982427597046e-02,-2.950513660907745361e-01,2.341660708189010620e-01,7.276158034801483154e-02,1.042557239532470703e+00,1.031336188316345215e-01,-1.199186816811561584e-01,-2.045797556638717651e-01,-2.340073287487030029e-01,4.156876727938652039e-02,4.884338080883026123e-01,2.629962265491485596e-01,-1.318720281124114990e-01,9.320396929979324341e-02,-4.654290080070495605e-01,8.491282910108566284e-02,2.298510223627090454e-01,-1.718238115310668945e+00,2.251384221017360687e-02,-1.197648644447326660e+00,1.156068086624145508e+00,1.571055315434932709e-02,7.636778801679611206e-02,-8.373282104730606079e-02,-3.137187361717224121e-01,-2.402755320072174072e-01,7.325905561447143555e-01,1.112984061241149902e+00,2.011051028966903687e-01,-3.028324060142040253e-02,-3.863411257043480873e-03
2.770860306918621063e-02,5.238540936261415482e-03,7.864279747009277344e-01,9.543249011039733887e-01,2.968522906303405762e-02,3.842298313975334167e-02,-2.947989404201507568e-01,2.343647927045822144e-01,7.243826240301132202e-02,1.041282892227172852e+00,1.044015586376190186e-01,-1.180195957422256470e-01,-2.053726166486740112e-01,-2.339859753847122192e-01,4.097086191177368164e-02,4.885228872299194336e-01,2.650209963321685791e-01,-1.338091790676116943e-01,9.287995100021362305e-02,-4.637846350669860840e-01,8.457858115434646606e-02,2.298832237720489502e-01,-1.720968127250671387e+00,2.326437085866928101e-02,-1.198549985885620117e+00,1.157220363616943359e+00,1.633760333061218262e-02,7.677554339170455933e-02,-8.421542495489120483e-02,-3.143703639507293701e-01,-2.399692684412002563e-01,7.287157773971557617e-01,1.111685752868652344e+00,2.031587511301040649e-01,-3.105500712990760803e-02,-4.263411741703748703e-03
2.808439917862415314e-02,4.702796228229999542e-03,7.865652441978454590e-01,9.543816447257995605e-01,3.036213479936122894e-02,3.864365071058273315e-02,-2.945174276828765869e-01,2.340204268693923950e-01,7.217258214950561523e-02,1.040418863296508789e+00,1.057396158576011658e-01,-1.161381453275680542e-01,-2.053572982549667358e-01,-2.341670095920562744e-01,4.027010500431060791e-02,4.887689948081970215e-01,2.667467594146728516e-01,-1.353726983070373535e-01,9.250028431415557861e-02,-4.626321792602539062e-01,8.414451032876968384e-02,2.299149483442306519e-01,-1.723969459533691406e+00,2.456264942884445190e-02,-1.198795676231384277e+00,1.158408403396606445e+00,1.720662973821163177e-02,7.721206545829772949e-02,-8.424580097198486328e-02,-3.150046467781066895e-01,-2.396317720413208008e-01,7.249886989593505859e-01,1.109642148017883301e+00,2.050698697566986084e-01,-3.211710974574089050e-02,-4.413180984556674957e-03
2.842338755726814270e-02,4.264240153133869171e-03,7.867571115493774414e-01,9.544405937194824219e-01,3.112173639237880707e-02,3.896031156182289124e-02,-2.942051887512207031e-01,2.328832149505615234e-01,7.188147306442260742e-02,1.039704561233520508e+00,1.070004329085350037e-01,-1.137222573161125183e-01,-2.049337774515151978e-01,-2.348848730325698853e-01,3.931662440299987793e-02,4.886044859886169434e-01,2.681360244750976562e-01,-1.365137845277786255e-01,9.180570393800735474e-02,-4.617595672607421875e-01,8.342769742012023926e-02,2.298387587070465088e-01,-1.726776361465454102e+00,2.615192346274852753e-02,-1.197983503341674805e+00,1.159010648727416992e+00,1.903474144637584686e-02,7.802515476942062378e-02,-8.353913575410842896e-02,-3.157621324062347412e-01,-2.392633557319641113e-01,7.213590145111083984e-01,1.107265114784240723e+00,2.066281586885452271e-01,-3.344521671533584595e-02,-4.338412545621395111e-03
2.876953035593032837e-02,3.875250928103923798e-03,7.869964241981506348e-01,9.545614719390869141e-01,3.201945126056671143e-02,3.932056948542594910e-02,-2.936682403087615967e-01,2.310760915279388428e-01,7.162345945835113525e-02,1.038731932640075684e+00,1.087881401181221008e-01,-1.108149513602256775e-01,-2.046495676040649414e-01,-2.359383553266525269e-01,3.798868879675865173e-02,4.883623123168945312e-01,2.695009410381317139e-01,-1.373976320028305054e-01,9.084521979093551636e-02,-4.612344503402709961e-01,8.222501724958419800e-02,2.299404889345169067e-01,-1.730019927024841309e+00,2.769548073410987854e-02,-1.195444703102111816e+00,1.159340620040893555e+00,2.091538533568382263e-02,7.843372225761413574e-02,-8.218436688184738159e-02,-3.166834115982055664e-01,-2.390232235193252563e-01,7.176171541213989258e-01,1.105003118515014648e+00,2.078881859779357910e-01,-3.508979827165603638e-02,-4.552345257252454758e-03
2.909098565578460693e-02,3.497940022498369217e-03,7.872132658958435059e-01,9.547280669212341309e-01,3.296810016036033630e-02,3.966968134045600891e-02,-2.929739654064178467e-01,2.289871424436569214e-01,7.136592268943786621e-02,1.037062168121337891e+00,1.109569147229194641e-01,-1.080005094408988953e-01,-2.050134986639022827e-01,-2.373661398887634277e-01,3.643422946333885193e-02,4.876657724380493164e-01,2.709119021892547607e-01,-1.382686644792556763e-01,9.009476751089096069e-02,-4.601606726646423340e-01,8.072821050882339478e-02,2.304153144359588623e-01,-1.733873248100280762e+00,2.893186174333095551e-02,-1.190554141998291016e+00,1.159283876419067383e+00,2.202713489532470703e-02,7.861056923866271973e-02,-8.018931001424789429e-02,-3.180555403232574463e-01,-2.389193326234817505e-01,7.138813138008117676e-01,1.102951645851135254e+00,2.082568556070327759e-01,-3.655314818024635315e-02,-5.472601857036352158e-03
2.934042364358901978e-02,3.084212075918912888e-03,7.874120473861694336e-01,9.549615383148193359e-01,3.400157764554023743e-02,4.005085304379463196e-02,-2.920416295528411865e-01,2.266063988208770752e-01,7.107518613338470459e-02,1.034976959228515625e+00,1.132851168513298035e-01,-1.054016202688217163e-01,-2.054356485605239868e-01,-2.391866445541381836e-01,3.464990854263305664e-02,4.864779114723205566e-01,2.729477882385253906e-01,-1.394160538911819458e-01,8.966132998466491699e-02,-4.586754143238067627e-01,7.897835224866867065e-02,2.308255434036254883e-01,-1.737668275833129883e+00,2.950777113437652588e-02,-1.183661580085754395e+00,1.159736871719360352e+00,2.118638530373573303e-02,7.846229523420333862e-02,-7.778341323137283325e-02,-3.191388547420501709e-01,-2.388530969619750977e-01,7.106533050537109375e-01,1.101517915725708008e+00,2.091683149337768555e-01,-3.768929839134216309e-02,-6.870952434837818146e-03
2.945596165955066681e-02,2.651514252647757530e-03,7.875924110412597656e-01,9.552441239356994629e-01,3.502138331532478333e-02,4.040445759892463684e-02,-2.909460663795471191e-01,2.240956127643585205e-01,7.104556262493133545e-02,1.032743453979492188e+00,1.157595962285995483e-01,-1.033017635345458984e-01,-2.057497650384902954e-01,-2.412180602550506592e-01,3.288799524307250977e-02,4.848725497722625732e-01,2.753829061985015869e-01,-1.406279057264328003e-01,8.927033096551895142e-02,-4.564643502235412598e-01,7.711912691593170166e-02,2.311760932207107544e-01,-1.741343975067138672e+00,2.984532900154590607e-02,-1.174532413482666016e+00,1.160225868225097656e+00,1.936987042427062988e-02,7.744693756103515625e-02,-7.478001713752746582e-02,-3.197640478610992432e-01,-2.389990240335464478e-01,7.069916725158691406e-01,1.100445032119750977e+00,2.101988345384597778e-01,-3.854897990822792053e-02,-8.957244455814361572e-03
2.941954694688320160e-02,2.171024447306990623e-03,7.877665758132934570e-01,9.556642174720764160e-01,3.597984462976455688e-02,4.071234166622161865e-02,-2.894026935100555420e-01,2.215776741504669189e-01,7.133183628320693970e-02,1.029779195785522461e+00,1.183597967028617859e-01,-1.010299101471900940e-01,-2.056378871202468872e-01,-2.431402206420898438e-01,3.099495731294155121e-02,4.820924699306488037e-01,2.781670093536376953e-01,-1.420505493879318237e-01,8.877985924482345581e-02,-4.537852108478546143e-01,7.505004107952117920e-02,2.317992597818374634e-01,-1.745366334915161133e+00,2.986827865242958069e-02,-1.163114070892333984e+00,1.160324215888977051e+00,1.739759184420108795e-02,7.610325515270233154e-02,-7.293438166379928589e-02,-3.205240964889526367e-01,-2.392627596855163574e-01,7.020848989486694336e-01,1.099617958068847656e+00,2.116457670927047729e-01,-3.915274143218994141e-02,-1.169094443321228027e-02
2.918010205030441284e-02,1.641627401113510132e-03,7.879155278205871582e-01,9.562544226646423340e-01,3.685335069894790649e-02,4.095852375030517578e-02,-2.873007059097290039e-01,2.185897678136825562e-01,7.207290828227996826e-02,1.025429725646972656e+00,1.213859692215919495e-01,-9.935068339109420776e-02,-2.054550498723983765e-01,-2.451497018337249756e-01,2.892462722957134247e-02,4.779792129993438721e-01,2.812629342079162598e-01,-1.436186283826828003e-01,8.797483146190643311e-02,-4.509486258029937744e-01,7.271274179220199585e-02,2.327186912298202515e-01,-1.749729871749877930e+00,2.977295778691768646e-02,-1.148816823959350586e+00,1.160336256027221680e+00,1.558255124837160110e-02,7.456370443105697632e-02,-7.132855057716369629e-02,-3.213020265102386475e-01,-2.395239621400833130e-01,6.957939267158508301e-01,1.098927736282348633e+00,2.120157778263092041e-01,-3.954030200839042664e-02,-1.436650380492210388e-02
2.873132564127445221e-02,1.117912004701793194e-03,7.880142927169799805e-01,9.569939374923706055e-01,3.756997734308242798e-02,4.131532087922096252e-02,-2.846826910972595215e-01,2.151417285203933716e-01,7.321508973836898804e-02,1.020009040832519531e+00,1.242039725184440613e-01,-9.828638285398483276e-02,-2.050237208604812622e-01,-2.474561929702758789e-01,2.701137214899063110e-02,4.727691709995269775e-01,2.843890488147735596e-01,-1.450471878051757812e-01,8.661349862813949585e-02,-4.481238424777984619e-01,7.038396596908569336e-02,2.338325679302215576e-01,-1.754242777824401855e+00,2.962337993085384369e-02,-1.131834626197814941e+00,1.160499691963195801e+00,1.332972664386034012e-02,7.297419011592864990e-02,-6.994891166687011719e-02,-3.221966028213500977e-01,-2.397141009569168091e-01,6.880666613578796387e-01,1.097973823547363281e+00,2.112187892198562622e-01,-4.000625386834144592e-02,-1.674614846706390381e-02
2.804629690945148468e-02,6.480214651674032211e-04,7.880855798721313477e-01,9.578527808189392090e-01,3.819583356380462646e-02,4.181370139122009277e-02,-2.816217541694641113e-01,2.111983448266983032e-01,7.474062591791152954e-02,1.013831377029418945e+00,1.264941692352294922e-01,-9.756281226873397827e-02,-2.043097317218780518e-01,-2.501917779445648193e-01,2.534879744052886963e-02,4.668617546558380127e-01,2.876581549644470215e-01,-1.463643014430999756e-01,8.529555797576904297e-02,-4.452361762523651123e-01,6.802605092525482178e-02,2.349661737680435181e-01,-1.758708596229553223e+00,2.966194599866867065e-02,-1.111755609512329102e+00,1.161160111427307129e+00,8.808511309325695038e-03,7.096150517463684082e-02,-6.864439696073532104e-02,-3.230882287025451660e-01,-2.400382012128829956e-01,6.785805225372314453e-01,1.096037507057189941e+00,2.096010148525238037e-01,-4.091536998748779297e-02,-1.886613853275775909e-02
2.709073200821876526e-02,2.421914541628211737e-04,7.881329059600830078e-01,9.588449597358703613e-01,3.884263709187507629e-02,4.254112020134925842e-02,-2.780247926712036133e-01,2.064828127622604370e-01,7.630043476819992065e-02,1.007485628128051758e+00,1.282136738300323486e-01,-9.710361063480377197e-02,-2.030536979436874390e-01,-2.536144554615020752e-01,2.368000522255897522e-02,4.604206681251525879e-01,2.910981178283691406e-01,-1.476033627986907959e-01,8.385704457759857178e-02,-4.423170387744903564e-01,6.534346938133239746e-02,2.359931170940399170e-01,-1.763556599617004395e+00,3.031800314784049988e-02,-1.087827682495117188e+00,1.162541508674621582e+00,4.535536863841116428e-04,6.821208447217941284e-02,-6.672802567481994629e-02,-3.242555856704711914e-01,-2.404899746179580688e-01,6.670916080474853516e-01,1.092747092247009277e+00,2.074776142835617065e-01,-4.256858304142951965e-02,-2.124573849141597748e-02
2.589346840977668762e-02,-1.633114297874271870e-04,7.881580591201782227e-01,9.599301218986511230e-01,3.944779187440872192e-02,4.345180839300155640e-02,-2.740254700183868408e-01,2.011956423521041870e-01,7.785947620868682861e-02,1.000745654106140137e+00,1.290309131145477295e-01,-9.713823348283767700e-02,-2.014934867620468140e-01,-2.576774060726165771e-01,2.204912900924682617e-02,4.531474113464355469e-01,2.948614954948425293e-01,-1.487026065587997437e-01,8.262403309345245361e-02,-4.391123652458190918e-01,6.227288022637367249e-02,2.371507883071899414e-01,-1.768223524093627930e+00,3.208524733781814575e-02,-1.059283018112182617e+00,1.164184093475341797e+00,-1.133934967219829559e-02,6.446141004562377930e-02,-6.430086493492126465e-02,-3.256169557571411133e-01,-2.411109358072280884e-01,6.529725193977355957e-01,1.087720751762390137e+00,2.048960626125335693e-01,-4.459360241889953613e-02,-2.439711242914199829e-02
2.451555058360099792e-02,-7.278692210093140602e-04,7.881809473037719727e-01,9.610490798950195312e-01,4.013869911432266235e-02,4.465700685977935791e-02,-2.697763144969940186e-01,1.948428452014923096e-01,7.939150929450988770e-02,9.940333962440490723e-01,1.291771680116653442e-01,-9.682174772024154663e-02,-1.998461037874221802e-01,-2.629720270633697510e-01,2.054018899798393250e-02,4.453610777854919434e-01,2.991338074207305908e-01,-1.495844721794128418e-01,8.138675987720489502e-02,-4.354607164859771729e-01,5.853972211480140686e-02,2.387235462665557861e-01,-1.773032665252685547e+00,3.548055514693260193e-02,-1.023653507232666016e+00,1.166850209236145020e+00,-2.968238480389118195e-02,5.941517278552055359e-02,-6.117497012019157410e-02,-3.274979591369628906e-01,-2.416364848613739014e-01,6.348970532417297363e-01,1.080696940422058105e+00,2.017808407545089722e-01,-4.704099893569946289e-02,-2.884304150938987732e-02
2.299237996339797974e-02,-1.486774533987045288e-03,7.881956100463867188e-01,9.621877074241638184e-01,4.088891297578811646e-02,4.618515074253082275e-02,-2.653108239173889160e-01,1.874135434627532959e-01,8.075164258480072021e-02,9.870856404304504395e-01,1.280938088893890381e-01,-9.593722969293594360e-02,-1.979346871376037598e-01,-2.691572606563568115e-01,1.919721066951751709e-02,4.369648396968841553e-01,3.035582602024078369e-01,-1.500773429870605469e-01,8.024635910987854004e-02,-4.313997328281402588e-01,5.415354669094085693e-02,2.410674691200256348e-01,-1.778497338294982910e+00,4.122269898653030396e-02,-9.814999103546142578e-01,1.171198129653930664e+00,-5.278561264276504517e-02,5.340423062443733215e-02,-5.582779273390769958e-02,-3.298442065715789795e-01,-2.421257942914962769e-01,6.124219894409179688e-01,1.071200370788574219e+00,1.979501396417617798e-01,-4.992216080427169800e-02,-3.444203734397888184e-02
2.128251828253269196e-02,-2.398073440417647362e-03,7.881561517715454102e-01,9.633327126502990723e-01,4.155192896723747253e-02,4.812064021825790405e-02,-2.606681585311889648e-01,1.787154525518417358e-01,8.292136341333389282e-02,9.793689846992492676e-01,1.270056962966918945e-01,-9.541141241788864136e-02,-1.959159821271896362e-01,-2.767292261123657227e-01,1.838604733347892761e-02,4.277400076389312744e-01,3.079374134540557861e-01,-1.499195545911788940e-01,7.859779149293899536e-02,-4.268356561660766602e-01,4.941533505916595459e-02,2.445490509271621704e-01,-1.785769462585449219e+00,4.907544702291488647e-02,-9.327455759048461914e-01,1.179271340370178223e+00,-8.378708362579345703e-02,4.521829262375831604e-02,-4.662179201841354370e-02,-3.326061069965362549e-01,-2.420716434717178345e-01,5.852681994438171387e-01,1.058722019195556641e+00,1.926195025444030762e-01,-5.329452455043792725e-02,-4.062341526150703430e-02
1.932815089821815491e-02,-3.417299129068851471e-03,7.880356311798095703e-01,9.645385146141052246e-01,4.203728586435317993e-02,5.061704292893409729e-02,-2.556096017360687256e-01,1.684567928314208984e-01,8.598577976226806641e-02,9.712646007537841797e-01,1.254878938198089600e-01,-9.595928341150283813e-02,-1.937147974967956543e-01,-2.855711281299591064e-01,1.799684949219226837e-02,4.170371890068054199e-01,3.121668696403503418e-01,-1.494174897670745850e-01,7.657274603843688965e-02,-4.218422770500183105e-01,4.475643485784530640e-02,2.491061389446258545e-01,-1.794620275497436523e+00,5.939147993922233582e-02,-8.817031979560852051e-01,1.192069292068481445e+00,-1.202430576086044312e-01,3.584097325801849365e-02,-3.357061371207237244e-02,-3.361011445522308350e-01,-2.413439005613327026e-01,5.539973974227905273e-01,1.043558359146118164e+00,1.874660402536392212e-01,-5.777755379676818848e-02,-4.719790071249008179e-02
1.715165935456752777e-02,-4.445102531462907791e-03,7.877963185310363770e-01,9.657763242721557617e-01,4.223170503973960876e-02,5.376869067549705505e-02,-2.502028942108154297e-01,1.570540815591812134e-01,9.007509797811508179e-02,9.627404212951660156e-01,1.233301535248756409e-01,-9.825380146503448486e-02,-1.914031952619552612e-01,-2.961828410625457764e-01,1.844419538974761963e-02,4.050158560276031494e-01,3.161086738109588623e-01,-1.486141830682754517e-01,7.393477857112884521e-02,-4.165531694889068604e-01,4.056382179260253906e-02,2.550947666168212891e-01,-1.804961204528808594e+00,7.194045186042785645e-02,-8.307743072509765625e-01,1.209112286567687988e+00,-1.615749299526214600e-01,2.438846789300441742e-02,-1.661036349833011627e-02,-3.408636450767517090e-01,-2.399202585220336914e-01,5.198305845260620117e-01,1.025311470031738281e+00,1.817782521247863770e-01,-6.316582858562469482e-02,-5.492386966943740845e-02
1.476988941431045532e-02,-5.528952926397323608e-03,7.874532938003540039e-01,9.670245647430419922e-01,4.222921282052993774e-02,5.772452428936958313e-02,-2.444339394569396973e-01,1.442130208015441895e-01,9.477119892835617065e-02,9.542158842086791992e-01,1.198706254363059998e-01,-1.014036908745765686e-01,-1.890400946140289307e-01,-3.085385560989379883e-01,1.961345598101615906e-02,3.921666443347930908e-01,3.196460306644439697e-01,-1.476503163576126099e-01,7.110437005758285522e-02,-4.110157191753387451e-01,3.690430149435997009e-02,2.621144354343414307e-01,-1.816204905509948730e+00,8.756869286298751831e-02,-7.840352654457092285e-01,1.230454444885253906e+00,-2.048907577991485596e-01,1.198362465947866440e-02,2.184477634727954865e-03,-3.476844429969787598e-01,-2.379039525985717773e-01,4.845176041126251221e-01,1.004824519157409668e+00,1.762111783027648926e-01,-6.942115724086761475e-02,-6.334654241800308228e-02
1.218821853399276733e-02,-6.681602448225021362e-03,7.870540022850036621e-01,9.683070182800292969e-01,4.206015914678573608e-02,6.235821172595024109e-02,-2.381677925586700439e-01,1.300166398286819458e-01,9.975864738225936890e-02,9.448605179786682129e-01,1.151858121156692505e-01,-1.047528907656669617e-01,-1.865738183259963989e-01,-3.220205605030059814e-01,2.104411460459232330e-02,3.782680034637451172e-01,3.226709067821502686e-01,-1.462947428226470947e-01,6.850498169660568237e-02,-4.057327508926391602e-01,3.365172818303108215e-02,2.703005671501159668e-01,-1.827734231948852539e+00,1.058853566646575928e-01,-7.432870864868164062e-01,1.255620479583740234e+00,-2.466915994882583618e-01,-1.020394032821059227e-03,2.085165865719318390e-02,-3.581852316856384277e-01,-2.355089038610458374e-01,4.506314098834991455e-01,9.832816720008850098e-01,1.705278009176254272e-01,-7.592502981424331665e-02,-7.221901416778564453e-02
9.481044486165046692e-03,-7.961753755807876587e-03,7.866250872611999512e-01,9.695982933044433594e-01,4.174099117517471313e-02,6.755033880472183228e-02,-2.314600944519042969e-01,1.141805127263069153e-01,1.051099076867103577e-01,9.339600801467895508e-01,1.098785176873207092e-01,-1.083529740571975708e-01,-1.841627061367034912e-01,-3.359307944774627686e-01,2.235786244273185730e-02,3.628810942173004150e-01,3.248312175273895264e-01,-1.448998749256134033e-01,6.573308259248733521e-02,-4.009337127208709717e-01,3.065116330981254578e-02,2.796206474304199219e-01,-1.837738633155822754e+00,1.267808377742767334e-01,-7.081637382507324219e-01,1.284050941467285156e+00,-2.876504361629486084e-01,-1.348174642771482468e-02,3.922822326421737671e-02,-3.729196488857269287e-01,-2.329708188772201538e-01,4.203882217407226562e-01,9.622294902801513672e-01,1.654575318098068237e-01,-8.265345543622970581e-02,-8.020169287919998169e-02
6.755080074071884155e-03,-9.387526661157608032e-03,7.862536311149597168e-01,9.708866477012634277e-01,4.150262102484703064e-02,7.311397045850753784e-02,-2.243009358644485474e-01,9.703273326158523560e-02,1.105953156948089600e-01,9.219728708267211914e-01,1.051273047924041748e-01,-1.111020222306251526e-01,-1.816780120134353638e-01,-3.503330945968627930e-01,2.343399636447429657e-02,3.468170464038848877e-01,3.272027373313903809e-01,-1.432653367519378662e-01,6.304509937763214111e-02,-3.972341418266296387e-01,2.755326591432094574e-02,2.900072336196899414e-01,-1.845943570137023926e+00,1.487597972154617310e-01,-6.776871085166931152e-01,1.315919995307922363e+00,-3.266777992248535156e-01,-2.611759118735790253e-02,5.756267532706260681e-02,-3.917608857154846191e-01,-2.306354492902755737e-01,3.964100480079650879e-01,9.431741237640380859e-01,1.633949875831604004e-01,-8.965571224689483643e-02,-8.750932663679122925e-02
4.085635766386985779e-03,-1.101765595376491547e-02,7.859612703323364258e-01,9.722036123275756836e-01,4.142867401242256165e-02,7.884465903043746948e-02,-2.165348082780838013e-01,7.888992875814437866e-02,1.159151047468185425e-01,9.084052443504333496e-01,1.011647433042526245e-01,-1.125462800264358521e-01,-1.794006228446960449e-01,-3.649157881736755371e-01,2.404733933508396149e-02,3.302908539772033691e-01,3.307235538959503174e-01,-1.416350752115249634e-01,5.956876277923583984e-02,-3.949041962623596191e-01,2.370722033083438873e-02,3.014896214008331299e-01,-1.852451324462890625e+00,1.714218407869338989e-01,-6.494873166084289551e-01,1.351997256278991699e+00,-3.651496171951293945e-01,-3.981289640069007874e-02,7.585670053958892822e-02,-4.147966504096984863e-01,-2.285068631172180176e-01,3.788359165191650391e-01,9.265909194946289062e-01,1.638005971908569336e-01,-9.731104969978332520e-02,-9.368746727705001831e-02
1.589998602867126465e-03,-1.289499178528785706e-02,7.857856750488281250e-01,9.735493659973144531e-01,4.168458282947540283e-02,8.446951210498809814e-02,-2.081559300422668457e-01,6.008000299334526062e-02,1.207967251539230347e-01,8.936669230461120605e-01,9.853424876928329468e-02,-1.125776395201683044e-01,-1.769426912069320679e-01,-3.796851336956024170e-01,2.376866154372692108e-02,3.136506974697113037e-01,3.361707925796508789e-01,-1.404074877500534058e-01,5.530765652656555176e-02,-3.940180838108062744e-01,1.866629160940647125e-02,3.136117160320281982e-01,-1.856337666511535645e+00,1.939220279455184937e-01,-6.230568885803222656e-01,1.391543388366699219e+00,-4.062885344028472900e-01,-5.364324897527694702e-02,9.438775479793548584e-02,-4.404508769512176514e-01,-2.264417707920074463e-01,3.680454790592193604e-01,9.125373959541320801e-01,1.666664183139801025e-01,-1.054323315620422363e-01,-9.795129299163818359e-02
-6.739450618624687195e-04,-1.500627584755420685e-02,7.857123613357543945e-01,9.749174714088439941e-01,4.220815002918243408e-02,8.974348008632659912e-02,-1.992495656013488770e-01,4.136444255709648132e-02,1.249567568302154541e-01,8.774217367172241211e-01,9.696099907159805298e-02,-1.114582195878028870e-01,-1.746067702770233154e-01,-3.937581181526184082e-01,2.242068387567996979e-02,2.965502738952636719e-01,3.424430489540100098e-01,-1.398189514875411987e-01,5.076580494642257690e-02,-3.944368362426757812e-01,1.222179085016250610e-02,3.261551856994628906e-01,-1.858265399932861328e+00,2.153107821941375732e-01,-5.968779921531677246e-01,1.432832241058349609e+00,-4.521623849868774414e-01,-6.924692541360855103e-02,1.145553886890411377e-01,-4.672820568084716797e-01,-2.237986028194427490e-01,3.622006475925445557e-01,8.998580574989318848e-01,1.700544059276580811e-01,-1.144158840179443359e-01,-1.005824655294418335e-01
-2.668914850801229477e-03,-1.705315150320529938e-02,7.856420278549194336e-01,9.762861728668212891e-01,4.288708791136741638e-02,9.473022818565368652e-02,-1.898740381002426147e-01,2.244365960359573364e-02,1.285215914249420166e-01,8.596534132957458496e-01,9.618575870990753174e-02,-1.092922165989875793e-01,-1.718391478061676025e-01,-4.070597589015960693e-01,1.989421434700489044e-02,2.789694666862487793e-01,3.488722443580627441e-01,-1.392976194620132446e-01,4.549883306026458740e-02,-3.965695202350616455e-01,4.862101282924413681e-03,3.382292985916137695e-01,-1.857193589210510254e+00,2.349212169647216797e-01,-5.727801918983459473e-01,1.472570657730102539e+00,-5.052325129508972168e-01,-8.584994822740554810e-02,1.373445242643356323e-01,-4.927435815334320068e-01,-2.203042060136795044e-01,3.611330986022949219e-01,8.886214494705200195e-01,1.729750484228134155e-01,-1.241663470864295959e-01,-1.025524884462356567e-01
-4.538832232356071472e-03,-1.903459802269935608e-02,7.855754494667053223e-01,9.776378273963928223e-01,4.360870644450187683e-02,9.930956363677978516e-02,-1.801670640707015991e-01,4.495223984122276306e-03,1.318116784095764160e-01,8.410156369209289551e-01,9.629907459020614624e-02,-1.060539036989212036e-01,-1.686162501573562622e-01,-4.192290008068084717e-01,1.661816611886024475e-02,2.613566517829895020e-01,3.552742898464202881e-01,-1.391753554344177246e-01,4.032838344573974609e-02,-3.991327583789825439e-01,-3.291197819635272026e-03,3.496862053871154785e-01,-1.854877114295959473e+00,2.529646158218383789e-01,-5.493089556694030762e-01,1.508244633674621582e+00,-5.599544644355773926e-01,-1.044090911746025085e-01,1.637203395366668701e-01,-5.168341398239135742e-01,-2.159117758274078369e-01,3.628436923027038574e-01,8.779676556587219238e-01,1.720297038555145264e-01,-1.339088231325149536e-01,-1.050138622522354126e-01
-6.109247449785470963e-03,-2.125411666929721832e-02,7.854932546615600586e-01,9.789133667945861816e-01,4.416377097368240356e-02,1.035943850874900818e-01,-1.704300194978713989e-01,-1.273130625486373901e-02,1.351199150085449219e-01,8.218455314636230469e-01,9.676769375801086426e-02,-1.021564453840255737e-01,-1.655529290437698364e-01,-4.301229417324066162e-01,1.282232161611318588e-02,2.434283047914505005e-01,3.607106506824493408e-01,-1.392620950937271118e-01,3.481606766581535339e-02,-4.016400277614593506e-01,-1.138267200440168381e-02,3.601467311382293701e-01,-1.851321339607238770e+00,2.691533267498016357e-01,-5.282380580902099609e-01,1.537746191024780273e+00,-6.133956909179687500e-01,-1.232506632804870605e-01,1.923239678144454956e-01,-5.380797982215881348e-01,-2.107598036527633667e-01,3.659513890743255615e-01,8.682013154029846191e-01,1.679811775684356689e-01,-1.433389335870742798e-01,-1.070292145013809204e-01
-7.425285875797271729e-03,-2.362591214478015900e-02,7.854902744293212891e-01,9.800522327423095703e-01,4.469322040677070618e-02,1.076983958482742310e-01,-1.609385162591934204e-01,-2.919860742986202240e-02,1.382534056901931763e-01,8.040164113044738770e-01,9.752011299133300781e-02,-9.700991213321685791e-02,-1.622428148984909058e-01,-4.400078952312469482e-01,8.552603423595428467e-03,2.259356975555419922e-01,3.645378649234771729e-01,-1.391966789960861206e-01,2.970098704099655151e-02,-4.032042324542999268e-01,-1.870251446962356567e-02,3.688690960407257080e-01,-1.847464799880981445e+00,2.829737961292266846e-01,-5.108744502067565918e-01,1.560350060462951660e+00,-6.575731635093688965e-01,-1.400557458400726318e-01,2.195597887039184570e-01,-5.566498041152954102e-01,-2.055661380290985107e-01,3.684517443180084229e-01,8.606917262077331543e-01,1.632069349288940430e-01,-1.521336287260055542e-01,-1.091726794838905334e-01
-8.560745976865291595e-03,-2.609516680240631104e-02,7.855489253997802734e-01,9.810787439346313477e-01,4.513370990753173828e-02,1.116904616355895996e-01,-1.515676677227020264e-01,-4.535470157861709595e-02,1.412228345870971680e-01,7.869810461997985840e-01,9.820616245269775391e-02,-9.115556627511978149e-02,-1.589689701795578003e-01,-4.485626518726348877e-01,3.723764326423406601e-03,2.082400023937225342e-01,3.660659193992614746e-01,-1.390745490789413452e-01,2.486755512654781342e-02,-4.035232067108154297e-01,-2.524157613515853882e-02,3.760134577751159668e-01,-1.843623757362365723e+00,2.939224541187286377e-01,-4.977181553840637207e-01,1.576515555381774902e+00,-6.896370649337768555e-01,-1.543614715337753296e-01,2.414779812097549438e-01,-5.734443068504333496e-01,-2.008872032165527344e-01,3.691492080688476562e-01,8.565708398818969727e-01,1.590707302093505859e-01,-1.600426286458969116e-01,-1.116617321968078613e-01
-9.565333835780620575e-03,-2.856157906353473663e-02,7.856544256210327148e-01,9.819905161857604980e-01,4.555380344390869141e-02,1.154745593667030334e-01,-1.424258202314376831e-01,-6.079201400279998779e-02,1.435712724924087524e-01,7.705616354942321777e-01,9.864435344934463501e-02,-8.455979824066162109e-02,-1.560138463973999023e-01,-4.556483328342437744e-01,-1.769625232554972172e-03,1.903211027383804321e-01,3.653964102268218994e-01,-1.387056857347488403e-01,2.081629447638988495e-02,-4.027149379253387451e-01,-3.098157793283462524e-02,3.818554878234863281e-01,-1.840509891510009766e+00,3.009687960147857666e-01,-4.883392453193664551e-01,1.587736845016479492e+00,-7.098228335380554199e-01,-1.656696051359176636e-01,2.580765783786773682e-01,-5.888443589210510254e-01,-1.973874270915985107e-01,3.679429292678833008e-01,8.558977842330932617e-01,1.577412635087966919e-01,-1.669134646654129028e-01,-1.150316894054412842e-01
-1.045341603457927704e-02,-3.090909309685230255e-02,7.858448624610900879e-01,9.828460216522216797e-01,4.602362960577011108e-02,1.187618672847747803e-01,-1.333834975957870483e-01,-7.520361989736557007e-02,1.448937505483627319e-01,7.537293434143066406e-01,9.883432090282440186e-02,-7.709169387817382812e-02,-1.535783559083938599e-01,-4.604423642158508301e-01,-8.246349170804023743e-03,1.722218096256256104e-01,3.631206452846527100e-01,-1.383181810379028320e-01,1.763246580958366394e-02,-4.013659358024597168e-01,-3.616166487336158752e-02,3.868595361709594727e-01,-1.837656140327453613e+00,3.043456077575683594e-01,-4.815183281898498535e-01,1.594857931137084961e+00,-7.226136326789855957e-01,-1.747972667217254639e-01,2.717738151550292969e-01,-6.034995913505554199e-01,-1.951823085546493530e-01,3.657080829143524170e-01,8.583262562751770020e-01,1.590973436832427979e-01,-1.725477725267410278e-01,-1.178488880395889282e-01
-1.123713050037622452e-02,-3.320170938968658447e-02,7.861368060111999512e-01,9.837024211883544922e-01,4.659039527177810669e-02,1.217378526926040649e-01,-1.238497048616409302e-01,-8.994892984628677368e-02,1.453251540660858154e-01,7.358042001724243164e-01,9.913983196020126343e-02,-6.777399033308029175e-02,-1.515800058841705322e-01,-4.637182354927062988e-01,-1.591767743229866028e-02,1.534243822097778320e-01,3.597584962844848633e-01,-1.370708197355270386e-01,1.500662509351968765e-02,-4.001525044441223145e-01,-4.045734182000160217e-02,3.913744986057281494e-01,-1.835636377334594727e+00,3.049224913120269775e-01,-4.781096279621124268e-01,1.598881125450134277e+00,-7.322921752929687500e-01,-1.826197355985641479e-01,2.850035429000854492e-01,-6.180099844932556152e-01,-1.941959410905838013e-01,3.628121316432952881e-01,8.631889224052429199e-01,1.629945933818817139e-01,-1.778055727481842041e-01,-1.209093779325485229e-01
-1.205151341855525970e-02,-3.542758524417877197e-02,7.866159677505493164e-01,9.845785498619079590e-01,4.731164127588272095e-02,1.242034137248992920e-01,-1.137548312544822693e-01,-1.049072891473770142e-01,1.448798477649688721e-01,7.166782021522521973e-01,1.000553816556930542e-01,-5.659308657050132751e-02,-1.495747417211532593e-01,-4.653779864311218262e-01,-2.501581981778144836e-02,1.338587850332260132e-01,3.553899228572845459e-01,-1.347990632057189941e-01,1.307649444788694382e-02,-3.985311686992645264e-01,-4.387878626585006714e-02,3.959875106811523438e-01,-1.835165739059448242e+00,3.029209673404693604e-01,-4.760147035121917725e-01,1.600359082221984863e+00,-7.377833724021911621e-01,-1.898142695426940918e-01,2.984865903854370117e-01,-6.333875060081481934e-01,-1.946462988853454590e-01,3.600615262985229492e-01,8.701699972152709961e-01,1.677075475454330444e-01,-1.823790967464447021e-01,-1.244564354419708252e-01
-1.309061422944068909e-02,-3.734109923243522644e-02,7.872242927551269531e-01,9.854489564895629883e-01,4.823385924100875854e-02,1.261924207210540771e-01,-1.031474843621253967e-01,-1.197759807109832764e-01,1.433540135622024536e-01,6.965596675872802734e-01,1.015337780117988586e-01,-4.366691410541534424e-02,-1.478108018636703491e-01,-4.661095738410949707e-01,-3.545451164245605469e-02,1.140526831150054932e-01,3.508211970329284668e-01,-1.323327273130416870e-01,1.187277212738990784e-02,-3.966243565082550049e-01,-4.629430174827575684e-02,4.004021286964416504e-01,-1.837050437927246094e+00,2.985078096389770508e-01,-4.753264486789703369e-01,1.600259542465209961e+00,-7.390977740287780762e-01,-1.954387128353118896e-01,3.117211163043975830e-01,-6.505661606788635254e-01,-1.966014057397842407e-01,3.584339320659637451e-01,8.780565261840820312e-01,1.718662530183792114e-01,-1.863058358430862427e-01,-1.286794692277908325e-01
-1.439011842012405396e-02,-3.903190791606903076e-02,7.878627777099609375e-01,9.862909913063049316e-01,4.914470762014389038e-02,1.277780979871749878e-01,-9.212812036275863647e-02,-1.340957581996917725e-01,1.411725580692291260e-01,6.756739616394042969e-01,1.036055907607078552e-01,-3.005807474255561829e-02,-1.460437774658203125e-01,-4.668889343738555908e-01,-4.637181386351585388e-02,9.450302273035049438e-02,3.477539718151092529e-01,-1.303524971008300781e-01,1.078286115080118179e-02,-3.946669995784759521e-01,-4.769615828990936279e-02,4.046247303485870361e-01,-1.841341137886047363e+00,2.917466461658477783e-01,-4.753404557704925537e-01,1.598447680473327637e+00,-7.359556555747985840e-01,-2.008398920297622681e-01,3.246937692165374756e-01,-6.704354286193847656e-01,-1.999168395996093750e-01,3.589547574520111084e-01,8.855018615722656250e-01,1.744768321514129639e-01,-1.898866593837738037e-01,-1.324985623359680176e-01
-1.590417698025703430e-02,-4.055416584014892578e-02,7.884188890457153320e-01,9.870663881301879883e-01,4.995741322636604309e-02,1.291749775409698486e-01,-8.073440194129943848e-02,-1.480088680982589722e-01,1.386784911155700684e-01,6.547336578369140625e-01,1.061050519347190857e-01,-1.646991819143295288e-02,-1.441389173269271851e-01,-4.683063626289367676e-01,-5.735949426889419556e-02,7.525820285081863403e-02,3.463483452796936035e-01,-1.292911022901535034e-01,9.521820582449436188e-03,-3.933124244213104248e-01,-4.843161255121231079e-02,4.086368680000305176e-01,-1.847118020057678223e+00,2.835382819175720215e-01,-4.766111075878143311e-01,1.594504594802856445e+00,-7.301563620567321777e-01,-2.058113217353820801e-01,3.380093276500701904e-01,-6.937316656112670898e-01,-2.045178711414337158e-01,3.619686961174011230e-01,8.910670876502990723e-01,1.745468229055404663e-01,-1.934269368648529053e-01,-1.360919475555419922e-01
-1.748868077993392944e-02,-4.188174381852149963e-02,7.888993024826049805e-01,9.877229928970336914e-01,5.070747062563896179e-02,1.303842812776565552e-01,-6.951255351305007935e-02,-1.617717295885086060e-01,1.360475718975067139e-01,6.349344849586486816e-01,1.090014874935150146e-01,-3.689569188281893730e-03,-1.420107781887054443e-01,-4.707038700580596924e-01,-6.800964474678039551e-02,5.695502460002899170e-02,3.466175198554992676e-01,-1.287173628807067871e-01,7.944400422275066376e-03,-3.929830789566040039e-01,-4.913047328591346741e-02,4.122319519519805908e-01,-1.852798461914062500e+00,2.747195363044738770e-01,-4.779039323329925537e-01,1.587522268295288086e+00,-7.253057360649108887e-01,-2.101558893918991089e-01,3.528124988079071045e-01,-7.193331718444824219e-01,-2.095407694578170776e-01,3.666694164276123047e-01,8.941171169281005859e-01,1.710059791803359985e-01,-1.975571364164352417e-01,-1.397132277488708496e-01
-1.914604939520359039e-02,-4.303288832306861877e-02,7.894147038459777832e-01,9.882996678352355957e-01,5.141646414995193481e-02,1.313501894474029541e-01,-5.802828073501586914e-02,-1.762319207191467285e-01,1.331286132335662842e-01,6.149061322212219238e-01,1.126985177397727966e-01,9.333144873380661011e-03,-1.395260244607925415e-01,-4.731860458850860596e-01,-7.900948077440261841e-02,3.862164914608001709e-02,3.471727967262268066e-01,-1.280547827482223511e-01,6.467658095061779022e-03,-3.939466476440429688e-01,-4.974725469946861267e-02,4.151023030281066895e-01,-1.856940984725952148e+00,2.661859393119812012e-01,-4.784317612648010254e-01,1.576243281364440918e+00,-7.191724777221679688e-01,-2.146088331937789917e-01,3.700199723243713379e-01,-7.459675669670104980e-01,-2.144487649202346802e-01,3.740335702896118164e-01,8.945060968399047852e-01,1.654710322618484497e-01,-2.017665356397628784e-01,-1.439762860536575317e-01
-2.087590843439102173e-02,-4.399594292044639587e-02,7.899884581565856934e-01,9.887955188751220703e-01,5.201025307178497314e-02,1.320378631353378296e-01,-4.630659148097038269e-02,-1.915471553802490234e-01,1.304070055484771729e-01,5.948700308799743652e-01,1.183652207255363464e-01,2.183093875646591187e-02,-1.369488984346389771e-01,-4.754625856876373291e-01,-9.027670323848724365e-02,2.009622938930988312e-02,3.481205701828002930e-01,-1.270345747470855713e-01,5.190290510654449463e-03,-3.955839574337005615e-01,-5.008127912878990173e-02,4.171626269817352295e-01,-1.858068943023681641e+00,2.571673989295959473e-01,-4.767223298549652100e-01,1.558761000633239746e+00,-7.089617848396301270e-01,-2.198919951915740967e-01,3.909614384174346924e-01,-7.715945243835449219e-01,-2.185639292001724243e-01,3.834580481052398682e-01,8.917974233627319336e-01,1.595259010791778564e-01,-2.053840756416320801e-01,-1.484121233224868774e-01
-2.274947613477706909e-02,-4.480344802141189575e-02,7.906162142753601074e-01,9.892575740814208984e-01,5.241887271404266357e-02,1.321364045143127441e-01,-3.408385068178176880e-02,-2.065254598855972290e-01,1.278000175952911377e-01,5.741643309593200684e-01,1.262567341327667236e-01,3.381092846393585205e-02,-1.349678039550781250e-01,-4.759405553340911865e-01,-1.019714847207069397e-01,1.600163988769054413e-03,3.496454060077667236e-01,-1.262079775333404541e-01,4.414231516420841217e-03,-3.978380560874938965e-01,-5.000467598438262939e-02,4.185411036014556885e-01,-1.854062795639038086e+00,2.459712177515029907e-01,-4.712306857109069824e-01,1.535395741462707520e+00,-6.944407224655151367e-01,-2.262956649065017700e-01,4.147002100944519043e-01,-7.940788269042968750e-01,-2.212011367082595825e-01,3.946725428104400635e-01,8.861165642738342285e-01,1.530361622571945190e-01,-2.077955305576324463e-01,-1.522787511348724365e-01
-2.469714917242527008e-02,-4.530518129467964172e-02,7.912061214447021484e-01,9.896342158317565918e-01,5.256652459502220154e-02,1.317523717880249023e-01,-2.240979671478271484e-02,-2.197085320949554443e-01,1.256278455257415771e-01,5.555130243301391602e-01,1.359448581933975220e-01,4.358671605587005615e-02,-1.327378004789352417e-01,-4.753876626491546631e-01,-1.128413751721382141e-01,-1.498020626604557037e-02,3.525252044200897217e-01,-1.255842447280883789e-01,4.574597347527742386e-03,-3.986763358116149902e-01,-4.932877421379089355e-02,4.191921055316925049e-01,-1.844676136970520020e+00,2.311547994613647461e-01,-4.605172872543334961e-01,1.505453228950500488e+00,-6.768735051155090332e-01,-2.334048002958297729e-01,4.401329755783081055e-01,-8.113445639610290527e-01,-2.215720117092132568e-01,4.068373739719390869e-01,8.768485188484191895e-01,1.463869065046310425e-01,-2.090903818607330322e-01,-1.543673127889633179e-01
-2.641711942851543427e-02,-4.536657407879829407e-02,7.917383909225463867e-01,9.899052977561950684e-01,5.262225866317749023e-02,1.309989094734191895e-01,-1.255345437675714493e-02,-2.301197052001953125e-01,1.238674223423004150e-01,5.409510135650634766e-01,1.466163098812103271e-01,5.048101395368576050e-02,-1.298711299896240234e-01,-4.739599525928497314e-01,-1.221718192100524902e-01,-2.821920067071914673e-02,3.556885719299316406e-01,-1.251144260168075562e-01,5.826389882713556290e-03,-3.970897197723388672e-01,-4.865325614809989929e-02,4.188256859779357910e-01,-1.829689979553222656e+00,2.132369279861450195e-01,-4.468479752540588379e-01,1.470975995063781738e+00,-6.612656116485595703e-01,-2.390669435262680054e-01,4.649765193462371826e-01,-8.229017853736877441e-01,-2.188500463962554932e-01,4.172598123550415039e-01,8.650245666503906250e-01,1.375758498907089233e-01,-2.090822160243988037e-01,-1.558684557676315308e-01
-2.787591516971588135e-02,-4.507925733923912048e-02,7.917051315307617188e-01,9.901831746101379395e-01,5.292074382305145264e-02,1.293363571166992188e-01,-2.967340173199772835e-03,-2.393532097339630127e-01,1.217317283153533936e-01,5.241825580596923828e-01,1.586624085903167725e-01,5.700745433568954468e-02,-1.264060586690902710e-01,-4.692487716674804688e-01,-1.309760212898254395e-01,-3.866966813802719116e-02,3.587857484817504883e-01,-1.254822015762329102e-01,8.532681502401828766e-03,-3.970680832862854004e-01,-4.911148175597190857e-02,4.178153872489929199e-01,-1.809233546257019043e+00,1.930448561906814575e-01,-4.289695024490356445e-01,1.428880929946899414e+00,-6.597675681114196777e-01,-2.396626174449920654e-01,4.879640042781829834e-01,-8.296147584915161133e-01,-2.111460566520690918e-01,4.231241643428802490e-01,8.473208546638488770e-01,1.255618333816528320e-01,-2.121078968048095703e-01,-1.676524728536605835e-01
