-8.616127073764801025e-03,-3.404763061553239822e-03,7.807824611663818359e-01,9.996744990348815918e-01,7.407037075608968735e-03,-2.434703521430492401e-02,1.799434656277298927e-03,1.233226731419563293e-01,1.497271656990051270e-01,4.196729362010955811e-01,1.363879144191741943e-01,-1.802627146244049072e-01,-1.309548914432525635e-01,8.638104051351547241e-02,-1.709014624357223511e-01,-1.756785064935684204e-01,1.508227437734603882e-01,-1.633056700229644775e-01,1.640821695327758789e-01,-2.610620856285095215e-02,-5.005090031772851944e-03,1.334092020988464355e-01,-6.655888259410858154e-02,2.760155498981475830e-01,-7.830106616020202637e-01,1.099688053131103516e+00,1.757422387599945068e-01,3.953674063086509705e-02,7.492183148860931396e-02,-1.834576576948165894e-01,-2.572354078292846680e-01,1.009512186050415039e+00,1.138878583908081055e+00,-1.492279320955276489e-01,-1.564419642090797424e-02,-1.262707985006272793e-03
-8.398137986660003662e-03,-3.471174510195851326e-03,7.808263301849365234e-01,9.996585845947265625e-01,7.453997153788805008e-03,-2.498209662735462189e-02,1.727097434923052788e-03,1.251486688852310181e-01,1.498196721076965332e-01,4.196716547012329102e-01,1.361807435750961304e-01,-1.818515658378601074e-01,-1.315206587314605713e-01,8.856651932001113892e-02,-1.707208305597305298e-01,-1.761336177587509155e-01,1.510363966226577759e-01,-1.629898995161056519e-01,1.644578874111175537e-01,-2.559208311140537262e-02,-3.739335807040333748e-03,1.318515241146087646e-01,-6.560890376567840576e-02,2.771930694580078125e-01,-7.827706336975097656e-01,1.090357184410095215e+00,1.826057136058807373e-01,4.081152006983757019e-02,7.099498063325881958e-02,-1.825360506772994995e-01,-2.576348781585693359e-01,1.008013486862182617e+00,1.139585971832275391e+00,-1.499170660972595215e-01,-1.485742162913084030e-02,-3.975140862166881561e-04
-8.231493644416332245e-03,-3.613744629546999931e-03,7.807603478431701660e-01,9.996420145034790039e-01,7.471916731446981430e-03,-2.560026943683624268e-02,2.159737283363938332e-03,1.270603537559509277e-01,1.497308462858200073e-01,4.186674356460571289e-01,1.355950236320495605e-01,-1.821349412202835083e-01,-1.316549628973007202e-01,9.108836203813552856e-02,-1.708380132913589478e-01,-1.775216013193130493e-01,1.510243266820907593e-01,-1.634045988321304321e-01,1.646193861961364746e-01,-2.645342051982879639e-02,-1.835178583860397339e-03,1.303389221429824829e-01,-6.499989330768585205e-02,2.789891064167022705e-01,-7.796161174774169922e-01,1.074282169342041016e+00,1.934687048196792603e-01,4.172876849770545959e-02,6.855449825525283813e-02,-1.810471117496490479e-01,-2.582505941390991211e-01,1.007733345031738281e+00,1.140359163284301758e+00,-1.494077295064926147e-01,-1.453655585646629333e-02,-3.571409979485906661e-05
-7.924060337245464325e-03,-3.735618898645043373e-03,7.806707024574279785e-01,9.996245503425598145e-01,7.492546457797288895e-03,-2.621851675212383270e-02,2.678364282473921776e-03,1.289967298507690430e-01,1.496016085147857666e-01,4.173286557197570801e-01,1.350371986627578735e-01,-1.824439018964767456e-01,-1.316133439540863037e-01,9.350667148828506470e-02,-1.708703786134719849e-01,-1.788874715566635132e-01,1.510934680700302124e-01,-1.643416136503219604e-01,1.646129637956619263e-01,-2.742226794362068176e-02,4.213254142086952925e-04,1.284855157136917114e-01,-6.438472867012023926e-02,2.820563018321990967e-01,-7.729337215423583984e-01,1.048416256904602051e+00,2.063312977552413940e-01,4.466082900762557983e-02,6.847681105136871338e-02,-1.785310804843902588e-01,-2.586744129657745361e-01,1.007417678833007812e+00,1.141664743423461914e+00,-1.474290639162063599e-01,-1.456034462898969650e-02,-5.486197769641876221e-04
-7.520711980760097504e-03,-3.842403413727879524e-03,7.805972695350646973e-01,9.996098279953002930e-01,7.480747066438198090e-03,-2.671539410948753357e-02,3.254051553085446358e-03,1.307169944047927856e-01,1.496338546276092529e-01,4.163321852684020996e-01,1.343039721250534058e-01,-1.827156096696853638e-01,-1.317847520112991333e-01,9.559698402881622314e-02,-1.706414222717285156e-01,-1.795012801885604858e-01,1.509643197059631348e-01,-1.653792858123779297e-01,1.643357127904891968e-01,-2.804417349398136139e-02,3.280455013737082481e-03,1.261893510818481445e-01,-6.405194848775863647e-02,2.868705093860626221e-01,-7.609874606132507324e-01,1.008323311805725098e+00,2.199495583772659302e-01,4.908448457717895508e-02,7.114848494529724121e-02,-1.752511560916900635e-01,-2.589597105979919434e-01,1.006655931472778320e+00,1.143261432647705078e+00,-1.447837501764297485e-01,-1.482456084340810776e-02,-1.346384175121784210e-03
-7.034143898636102676e-03,-3.878024639561772346e-03,7.805558443069458008e-01,9.995988607406616211e-01,7.423131726682186127e-03,-2.704894728958606720e-02,3.911289852112531662e-03,1.321827471256256104e-01,1.498235017061233521e-01,4.156745076179504395e-01,1.333610266447067261e-01,-1.826435774564743042e-01,-1.321498751640319824e-01,9.780371934175491333e-02,-1.701356768608093262e-01,-1.797372996807098389e-01,1.501210480928421021e-01,-1.661003977060317993e-01,1.638321578502655029e-01,-2.868698909878730774e-02,7.162098772823810577e-03,1.233383715152740479e-01,-6.361464411020278931e-02,2.949927151203155518e-01,-7.419500946998596191e-01,9.448213577270507812e-01,2.397730052471160889e-01,5.427841469645500183e-02,7.598033547401428223e-02,-1.717222034931182861e-01,-2.591876983642578125e-01,1.006307125091552734e+00,1.145486116409301758e+00,-1.425597965717315674e-01,-1.524332445114850998e-02,-2.293650992214679718e-03
-6.530678831040859222e-03,-3.874030895531177521e-03,7.805767059326171875e-01,9.995947480201721191e-01,7.343865465372800827e-03,-2.713507413864135742e-02,4.488459788262844086e-03,1.328770071268081665e-01,1.500996649265289307e-01,4.154109656810760498e-01,1.325574815273284912e-01,-1.823306083679199219e-01,-1.326025724411010742e-01,9.962771087884902954e-02,-1.695045381784439087e-01,-1.800132542848587036e-01,1.484779417514801025e-01,-1.661896705627441406e-01,1.630869358777999878e-01,-2.944223396480083466e-02,1.198620256036520004e-02,1.203733682632446289e-01,-6.361287832260131836e-02,3.073548972606658936e-01,-7.169674634933471680e-01,8.565733432769775391e-01,2.668057978153228760e-01,5.964600294828414917e-02,8.245495706796646118e-02,-1.685013920068740845e-01,-2.595955431461334229e-01,1.006029367446899414e+00,1.148639798164367676e+00,-1.409025043249130249e-01,-1.614002883434295654e-02,-3.273679409176111221e-03
-6.095719058066606522e-03,-3.930224105715751648e-03,7.806258201599121094e-01,9.995949268341064453e-01,7.306626532226800919e-03,-2.704087086021900177e-02,5.046288017183542252e-03,1.330149024724960327e-01,1.503077447414398193e-01,4.154998660087585449e-01,1.317645311355590820e-01,-1.820215433835983276e-01,-1.330383718013763428e-01,1.010270714759826660e-01,-1.688938140869140625e-01,-1.800132095813751221e-01,1.463317275047302246e-01,-1.657866686582565308e-01,1.623591333627700806e-01,-3.060247376561164856e-02,1.775583438575267792e-02,1.175390258431434631e-01,-6.594037264585494995e-02,3.247586190700531006e-01,-6.870962977409362793e-01,7.432820200920104980e-01,2.985137403011322021e-01,6.594993919134140015e-02,8.983595669269561768e-02,-1.652511209249496460e-01,-2.604978978633880615e-01,1.004813194274902344e+00,1.152581334114074707e+00,-1.389989703893661499e-01,-1.725937239825725555e-02,-4.093205556273460388e-03
-5.808707326650619507e-03,-3.904332872480154037e-03,7.806522250175476074e-01,9.995928406715393066e-01,7.376748137176036835e-03,-2.696786634624004364e-02,5.704296752810478210e-03,1.330978721380233765e-01,1.502814739942550659e-01,4.157822430133819580e-01,1.309858709573745728e-01,-1.816557496786117554e-01,-1.331854015588760376e-01,1.021721065044403076e-01,-1.687406748533248901e-01,-1.799274682998657227e-01,1.445342451333999634e-01,-1.655573397874832153e-01,1.618889421224594116e-01,-3.219461813569068909e-02,2.426474541425704956e-02,1.154381930828094482e-01,-7.312203198671340942e-02,3.472782075405120850e-01,-6.541815400123596191e-01,6.121037006378173828e-01,3.313243091106414795e-01,7.525774836540222168e-02,9.869214147329330444e-02,-1.617439091205596924e-01,-2.617717683315277100e-01,1.002326250076293945e+00,1.156878948211669922e+00,-1.363004148006439209e-01,-1.802683435380458832e-02,-4.623547662049531937e-03
-5.620928481221199036e-03,-3.975444007664918900e-03,7.806471586227416992e-01,9.995852112770080566e-01,7.548027671873569489e-03,-2.704602107405662537e-02,6.406200118362903595e-03,1.333826929330825806e-01,1.498729735612869263e-01,4.158935844898223877e-01,1.302185058593750000e-01,-1.810398697853088379e-01,-1.331280916929244995e-01,1.032618060708045959e-01,-1.691783666610717773e-01,-1.802066713571548462e-01,1.433846354484558105e-01,-1.657460480928421021e-01,1.616322398185729980e-01,-3.428969159722328186e-02,3.133951500058174133e-02,1.144201457500457764e-01,-8.840405195951461792e-02,3.747313320636749268e-01,-6.198859810829162598e-01,4.739537537097930908e-01,3.601570427417755127e-01,8.899277448654174805e-02,1.105789095163345337e-01,-1.579770296812057495e-01,-2.636078596115112305e-01,9.974910020828247070e-01,1.160894155502319336e+00,-1.316617280244827271e-01,-1.831519044935703278e-02,-5.753583274781703949e-03
-5.538587924093008041e-03,-3.994185477495193481e-03,7.806234359741210938e-01,9.995741844177246094e-01,7.720254361629486084e-03,-2.721548080444335938e-02,7.154614664614200592e-03,1.336654424667358398e-01,1.494325250387191772e-01,4.158522486686706543e-01,1.298231780529022217e-01,-1.804796606302261353e-01,-1.330722272396087646e-01,1.042668297886848450e-01,-1.698193252086639404e-01,-1.807014048099517822e-01,1.426144242286682129e-01,-1.660038381814956665e-01,1.613407880067825317e-01,-3.679370507597923279e-02,3.898848965764045715e-02,1.140527054667472839e-01,-1.148838624358177185e-01,4.072053432464599609e-01,-5.855028033256530762e-01,3.345643877983093262e-01,3.826851248741149902e-01,1.047188565135002136e-01,1.253757178783416748e-01,-1.537372320890426636e-01,-2.663371860980987549e-01,9.896559715270996094e-01,1.163957476615905762e+00,-1.258454024791717529e-01,-1.875729113817214966e-02,-7.240424863994121552e-03
-5.521344486624002457e-03,-3.960591740906238556e-03,7.806077599525451660e-01,9.995617270469665527e-01,7.843108847737312317e-03,-2.740293368697166443e-02,7.996966131031513214e-03,1.339445859193801880e-01,1.490775942802429199e-01,4.155533313751220703e-01,1.299138218164443970e-01,-1.800326853990554810e-01,-1.329692900180816650e-01,1.054133176803588867e-01,-1.703465729951858521e-01,-1.814281493425369263e-01,1.417694836854934692e-01,-1.657675057649612427e-01,1.611061841249465942e-01,-3.924154117703437805e-02,4.706515371799468994e-02,1.135686933994293213e-01,-1.562250554561614990e-01,4.456541836261749268e-01,-5.507950186729431152e-01,1.953088641166687012e-01,4.011160135269165039e-01,1.170070618391036987e-01,1.438016444444656372e-01,-1.490560621023178101e-01,-2.700591385364532471e-01,9.796199798583984375e-01,1.166006326675415039e+00,-1.208929046988487244e-01,-1.973812095820903778e-02,-8.494140580296516418e-03
-5.517982877790927887e-03,-3.912685438990592957e-03,7.806234955787658691e-01,9.995487332344055176e-01,7.958048954606056213e-03,-2.753976359963417053e-02,8.981590159237384796e-03,1.340557485818862915e-01,1.486005187034606934e-01,4.146460890769958496e-01,1.299964636564254761e-01,-1.796401143074035645e-01,-1.329174786806106567e-01,1.066442802548408508e-01,-1.707941591739654541e-01,-1.824144273996353149e-01,1.407782435417175293e-01,-1.651863753795623779e-01,1.611076742410659790e-01,-4.127187654376029968e-02,5.478592589497566223e-02,1.120787635445594788e-01,-2.149413079023361206e-01,4.895751774311065674e-01,-5.166922211647033691e-01,6.419514864683151245e-02,4.193157851696014404e-01,1.234793215990066528e-01,1.669047921895980835e-01,-1.447781473398208618e-01,-2.745306789875030518e-01,9.690597057342529297e-01,1.167650461196899414e+00,-1.188084408640861511e-01,-2.118041738867759705e-02,-9.470988996326923370e-03
-5.453051067888736725e-03,-3.881146432831883430e-03,7.806523442268371582e-01,9.995340704917907715e-01,8.059144951403141022e-03,-2.772134914994239807e-02,9.915371425449848175e-03,1.344863474369049072e-01,1.479640454053878784e-01,4.131144285202026367e-01,1.295932680368423462e-01,-1.793293058872222900e-01,-1.330002695322036743e-01,1.081365048885345459e-01,-1.712248474359512329e-01,-1.836568117141723633e-01,1.397094577550888062e-01,-1.645004749298095703e-01,1.613819152116775513e-01,-4.266635701060295105e-02,6.184386461973190308e-02,1.093856543302536011e-01,-2.935253083705902100e-01,5.393914580345153809e-01,-4.842096269130706787e-01,-5.159561336040496826e-02,4.372082948684692383e-01,1.253248006105422974e-01,1.960729360580444336e-01,-1.414520591497421265e-01,-2.793604433536529541e-01,9.581249356269836426e-01,1.169416308403015137e+00,-1.208366975188255310e-01,-2.282141894102096558e-02,-1.006941217929124832e-02
-5.302697885781526566e-03,-3.850308014079928398e-03,7.806606888771057129e-01,9.995196461677551270e-01,8.148430846631526947e-03,-2.803356945514678955e-02,1.040531974285840988e-02,1.353231072425842285e-01,1.473411917686462402e-01,4.117039740085601807e-01,1.291498392820358276e-01,-1.791653633117675781e-01,-1.332386732101440430e-01,1.101083382964134216e-01,-1.717155575752258301e-01,-1.850041747093200684e-01,1.387571394443511963e-01,-1.639425903558731079e-01,1.622573286294937134e-01,-4.334836453199386597e-02,6.782792508602142334e-02,1.058069467544555664e-01,-3.899946808815002441e-01,5.951128602027893066e-01,-4.561822712421417236e-01,-1.445095837116241455e-01,4.466677010059356689e-01,1.228303238749504089e-01,2.268432825803756714e-01,-1.390946805477142334e-01,-2.838867604732513428e-01,9.473170042037963867e-01,1.171582937240600586e+00,-1.261814087629318237e-01,-2.494349144399166107e-02,-1.075335871428251266e-02
-5.065607372671365738e-03,-3.782973624765872955e-03,7.805849313735961914e-01,9.995114207267761230e-01,8.155095390975475311e-03,-2.843647636473178864e-02,1.008895691484212875e-02,1.366581767797470093e-01,1.471696794033050537e-01,4.117865860462188721e-01,1.289804577827453613e-01,-1.793302148580551147e-01,-1.334953457117080688e-01,1.122423186898231506e-01,-1.719175875186920166e-01,-1.852315366268157959e-01,1.380758434534072876e-01,-1.638362854719161987e-01,1.632655411958694458e-01,-4.367250204086303711e-02,7.248133420944213867e-02,1.016545370221138000e-01,-4.990105330944061279e-01,6.559228897094726562e-01,-4.343466162681579590e-01,-2.113337963819503784e-01,4.379984140396118164e-01,1.161038205027580261e-01,2.551615834236145020e-01,-1.369981616735458374e-01,-2.874558269977569580e-01,9.370722770690917969e-01,1.174110889434814453e+00,-1.320463269948959351e-01,-2.717476710677146912e-02,-1.241652760654687881e-02
-4.743720404803752899e-03,-3.690904239192605019e-03,7.804436683654785156e-01,9.995147585868835449e-01,8.020588196814060211e-03,-2.878710255026817322e-02,8.789780549705028534e-03,1.384815573692321777e-01,1.477524042129516602e-01,4.140798449516296387e-01,1.289091706275939941e-01,-1.799816042184829712e-01,-1.337759345769882202e-01,1.134301945567131042e-01,-1.714576035737991333e-01,-1.832956820726394653e-01,1.376642584800720215e-01,-1.638604551553726196e-01,1.641986668109893799e-01,-4.377849027514457703e-02,7.593724131584167480e-02,9.670639038085937500e-02,-6.187704801559448242e-01,7.196132540702819824e-01,-4.203987717628479004e-01,-2.486800402402877808e-01,4.154099225997924805e-01,1.064157336950302124e-01,2.828485071659088135e-01,-1.338247954845428467e-01,-2.896779477596282959e-01,9.272500276565551758e-01,1.177204489707946777e+00,-1.365016102790832520e-01,-2.907690778374671936e-02,-1.513228472322225571e-02
-4.358240403234958649e-03,-3.662524279206991196e-03,7.802911996841430664e-01,9.995244741439819336e-01,7.766857277601957321e-03,-2.908295392990112305e-02,6.690778769552707672e-03,1.409056484699249268e-01,1.489304900169372559e-01,4.182288050651550293e-01,1.287058144807815552e-01,-1.809872686862945557e-01,-1.339375823736190796e-01,1.135267689824104309e-01,-1.702444404363632202e-01,-1.790650039911270142e-01,1.372767835855484009e-01,-1.636989563703536987e-01,1.649723500013351440e-01,-4.370047152042388916e-02,7.829426229000091553e-02,9.135273844003677368e-02,-7.504563927650451660e-01,7.820872068405151367e-01,-4.195143282413482666e-01,-2.557950317859649658e-01,3.875195980072021484e-01,9.605637192726135254e-02,3.103229403495788574e-01,-1.300123780965805054e-01,-2.904879748821258545e-01,9.181441068649291992e-01,1.181171298027038574e+00,-1.394665390253067017e-01,-3.051487728953361511e-02,-1.777227036654949188e-02
-3.886641934514045715e-03,-3.750528674572706223e-03,7.801496982574462891e-01,9.995321631431579590e-01,7.460749708116054535e-03,-2.937435358762741089e-02,4.116223193705081940e-03,1.442758738994598389e-01,1.504003107547760010e-01,4.237579107284545898e-01,1.279696077108383179e-01,-1.820513159036636353e-01,-1.341052949428558350e-01,1.132748872041702271e-01,-1.685991436243057251e-01,-1.734673827886581421e-01,1.366184055805206299e-01,-1.634438484907150269e-01,1.656913310289382935e-01,-4.399123415350914001e-02,8.022976666688919067e-02,8.663284033536911011e-02,-8.909649252891540527e-01,8.409489989280700684e-01,-4.347467720508575439e-01,-2.398448735475540161e-01,3.617787659168243408e-01,8.856952190399169922e-02,3.346812427043914795e-01,-1.262240111827850342e-01,-2.901914715766906738e-01,9.090155959129333496e-01,1.185841917991638184e+00,-1.420510113239288330e-01,-3.162519261240959167e-02,-1.993554271757602692e-02
-3.370889928191900253e-03,-3.960712812840938568e-03,7.800418138504028320e-01,9.995349049568176270e-01,7.145656738430261612e-03,-2.961703203618526459e-02,1.338673639111220837e-03,1.481685787439346313e-01,1.519455462694168091e-01,4.300135374069213867e-01,1.267785131931304932e-01,-1.830890625715255737e-01,-1.347023695707321167e-01,1.128619909286499023e-01,-1.668068468570709229e-01,-1.672974079847335815e-01,1.358581483364105225e-01,-1.633271127939224243e-01,1.662441045045852661e-01,-4.503506794571876526e-02,8.256454765796661377e-02,8.329808712005615234e-02,-1.031406044960021973e+00,8.956415653228759766e-01,-4.643404185771942139e-01,-2.090163230895996094e-01,3.417293131351470947e-01,8.449111133813858032e-02,3.544764518737792969e-01,-1.236135438084602356e-01,-2.890026271343231201e-01,9.004346132278442383e-01,1.190904617309570312e+00,-1.446382552385330200e-01,-3.275869786739349365e-02,-2.255957014858722687e-02
-2.815046813338994980e-03,-4.239636939018964767e-03,7.799835205078125000e-01,9.995327591896057129e-01,6.890236865729093552e-03,-2.975209988653659821e-02,-1.246850937604904175e-03,1.517408192157745361e-01,1.532643586397171021e-01,4.362433254718780518e-01,1.256226003170013428e-01,-1.842665225267410278e-01,-1.355886608362197876e-01,1.124940887093544006e-01,-1.651971042156219482e-01,-1.619466841220855713e-01,1.352019160985946655e-01,-1.634441465139389038e-01,1.665745824575424194e-01,-4.759299010038375854e-02,8.577519655227661133e-02,8.148263394832611084e-02,-1.164051413536071777e+00,9.465549588203430176e-01,-5.040097236633300781e-01,-1.694773286581039429e-01,3.260983228683471680e-01,8.257505297660827637e-02,3.695070445537567139e-01,-1.220796033740043640e-01,-2.871867120265960693e-01,8.912698626518249512e-01,1.195963382720947266e+00,-1.475675255060195923e-01,-3.328936919569969177e-02,-2.568858861923217773e-02
-2.281392225995659828e-03,-4.536369815468788147e-03,7.799680233001708984e-01,9.995263814926147461e-01,6.716164294630289078e-03,-2.982961386442184448e-02,-3.486273810267448425e-03,1.546645909547805786e-01,1.543282717466354370e-01,4.420177936553955078e-01,1.247091442346572876e-01,-1.855465769767761230e-01,-1.366889923810958862e-01,1.122939139604568481e-01,-1.638225317001342773e-01,-1.579005569219589233e-01,1.347811669111251831e-01,-1.640244424343109131e-01,1.664616614580154419e-01,-5.140763148665428162e-02,8.936865627765655518e-02,8.106726408004760742e-02,-1.290917992591857910e+00,9.937677383422851562e-01,-5.544568300247192383e-01,-1.238231211900711060e-01,3.139845430850982666e-01,8.114300668239593506e-02,3.814102411270141602e-01,-1.218125149607658386e-01,-2.851796448230743408e-01,8.829290866851806641e-01,1.200738906860351562e+00,-1.504496037960052490e-01,-3.324016556143760681e-02,-2.929579466581344604e-02
-1.624686294235289097e-03,-4.916375968605279922e-03,7.799441814422607422e-01,9.995192885398864746e-01,6.594490259885787964e-03,-2.981019020080566406e-02,-5.393571220338344574e-03,1.571410894393920898e-01,1.551353484392166138e-01,4.471389949321746826e-01,1.240154802799224854e-01,-1.866718083620071411e-01,-1.377390921115875244e-01,1.123022064566612244e-01,-1.627294421195983887e-01,-1.550870388746261597e-01,1.343514770269393921e-01,-1.645786613225936890e-01,1.659593284130096436e-01,-5.526979640126228333e-02,9.340788424015045166e-02,8.130864053964614868e-02,-1.416761994361877441e+00,1.036884546279907227e+00,-6.172199249267578125e-01,-7.298692315816879272e-02,3.031482994556427002e-01,7.947864383459091187e-02,3.914494514465332031e-01,-1.221778690814971924e-01,-2.832613587379455566e-01,8.756577968597412109e-01,1.205790758132934570e+00,-1.531993150711059570e-01,-3.276467695832252502e-02,-3.357499092817306519e-02
-1.058808760717511177e-03,-5.142587237060070038e-03,7.799229621887207031e-01,9.995141029357910156e-01,6.501406431198120117e-03,-2.968505397439002991e-02,-6.941310595721006393e-03,1.592008918523788452e-01,1.556780636310577393e-01,4.515808522701263428e-01,1.233152002096176147e-01,-1.874184310436248779e-01,-1.385313719511032104e-01,1.122590526938438416e-01,-1.618088185787200928e-01,-1.527857333421707153e-01,1.338435262441635132e-01,-1.648010015487670898e-01,1.650939881801605225e-01,-5.816525593400001526e-02,9.820790588855743408e-02,8.118657022714614868e-02,-1.544924378395080566e+00,1.072789072990417480e+00,-6.936282515525817871e-01,-1.758780889213085175e-02,2.909738421440124512e-01,7.634703069925308228e-02,4.009284973144531250e-01,-1.225377991795539856e-01,-2.816781699657440186e-01,8.697175979614257812e-01,1.211398005485534668e+00,-1.559548676013946533e-01,-3.254741430282592773e-02,-3.829345852136611938e-02
-4.929238348267972469e-04,-5.292815156280994415e-03,7.799048423767089844e-01,9.995114803314208984e-01,6.460989825427532196e-03,-2.945572324097156525e-02,-8.209265768527984619e-03,1.608444452285766602e-01,1.559471786022186279e-01,4.550318121910095215e-01,1.227741762995719910e-01,-1.879765093326568604e-01,-1.387758553028106689e-01,1.120926588773727417e-01,-1.609826236963272095e-01,-1.506970077753067017e-01,1.330770254135131836e-01,-1.648263633251190186e-01,1.639272719621658325e-01,-5.960047245025634766e-02,1.037241965532302856e-01,8.037711679935455322e-02,-1.673121452331542969e+00,1.099536538124084473e+00,-7.807466983795166016e-01,3.983437269926071167e-02,2.778058648109436035e-01,7.157436758279800415e-02,4.109089374542236328e-01,-1.227535456418991089e-01,-2.806685566902160645e-01,8.650491237640380859e-01,1.217283487319946289e+00,-1.600326299667358398e-01,-3.271822631359100342e-02,-4.305483400821685791e-02
6.865688192192465067e-05,-5.385759286582469940e-03,7.798861861228942871e-01,9.995122551918029785e-01,6.495744921267032623e-03,-2.909990213811397552e-02,-9.290469810366630554e-03,1.621293127536773682e-01,1.557995378971099854e-01,4.573289155960083008e-01,1.221473887562751770e-01,-1.880962699651718140e-01,-1.388272047042846680e-01,1.116939112544059753e-01,-1.604267656803131104e-01,-1.489197909832000732e-01,1.319911479949951172e-01,-1.646761894226074219e-01,1.628094762563705444e-01,-5.945602431893348694e-02,1.097619086503982544e-01,7.887382805347442627e-02,-1.798619866371154785e+00,1.117483973503112793e+00,-8.724787235260009766e-01,9.972533583641052246e-02,2.669783234596252441e-01,6.531809270381927490e-02,4.215649962425231934e-01,-1.229515895247459412e-01,-2.805305719375610352e-01,8.611209392547607422e-01,1.223599553108215332e+00,-1.652793884277343750e-01,-3.276379406452178955e-02,-4.775774478912353516e-02
6.800325354561209679e-04,-5.407757591456174850e-03,7.798867225646972656e-01,9.995155334472656250e-01,6.584761198610067368e-03,-2.871037088334560394e-02,-1.005117688328027725e-02,1.630662530660629272e-01,1.552646011114120483e-01,4.580607712268829346e-01,1.216918155550956726e-01,-1.878420263528823853e-01,-1.386161744594573975e-01,1.115513443946838379e-01,-1.603721231222152710e-01,-1.476697027683258057e-01,1.309943944215774536e-01,-1.647064983844757080e-01,1.620143055915832520e-01,-5.825197696685791016e-02,1.158329397439956665e-01,7.668068259954452515e-02,-1.915508866310119629e+00,1.125533699989318848e+00,-9.567754864692687988e-01,1.599591970443725586e-01,2.561403512954711914e-01,5.783166363835334778e-02,4.317201972007751465e-01,-1.236983090639114380e-01,-2.810454964637756348e-01,8.580281138420104980e-01,1.230894804000854492e+00,-1.711491048336029053e-01,-3.242645412683486938e-02,-5.204271525144577026e-02
1.310082618147134781e-03,-5.303923971951007843e-03,7.798889279365539551e-01,9.995199441909790039e-01,6.735301576554775238e-03,-2.834836952388286591e-02,-1.053221710026264191e-02,1.639165580272674561e-01,1.544020771980285645e-01,4.583380222320556641e-01,1.212019920349121094e-01,-1.874232739210128784e-01,-1.382959038019180298e-01,1.119346991181373596e-01,-1.607802361249923706e-01,-1.466071456670761108e-01,1.301733404397964478e-01,-1.651599854230880737e-01,1.617192178964614868e-01,-5.652384832501411438e-02,1.216864734888076782e-01,7.383190840482711792e-02,-2.020465850830078125e+00,1.124773263931274414e+00,-1.032038688659667969e+00,2.222576439380645752e-01,2.456526905298233032e-01,4.979740083217620850e-02,4.408063888549804688e-01,-1.250985860824584961e-01,-2.818464934825897217e-01,8.553156256675720215e-01,1.238845467567443848e+00,-1.760660558938980103e-01,-3.227050602436065674e-02,-5.607051774859428406e-02
1.939026173204183578e-03,-5.044975783675909042e-03,7.799267768859863281e-01,9.995262026786804199e-01,6.929802242666482925e-03,-2.797791175544261932e-02,-1.079238951206207275e-02,1.645890474319458008e-01,1.533093899488449097e-01,4.588928520679473877e-01,1.207497119903564453e-01,-1.869117468595504761e-01,-1.378056704998016357e-01,1.126274541020393372e-01,-1.614767462015151978e-01,-1.456646472215652466e-01,1.294623464345932007e-01,-1.656305044889450073e-01,1.615928858518600464e-01,-5.460128933191299438e-02,1.274614036083221436e-01,7.033788412809371948e-02,-2.114115238189697266e+00,1.116729497909545898e+00,-1.100295305252075195e+00,2.870665490627288818e-01,2.344907522201538086e-01,4.203232377767562866e-02,4.484865665435791016e-01,-1.266402602195739746e-01,-2.827851176261901855e-01,8.519140481948852539e-01,1.246841430664062500e+00,-1.792768985033035278e-01,-3.300652280449867249e-02,-5.942692607641220093e-02
2.536539454013109207e-03,-4.667439032346010208e-03,7.799833416938781738e-01,9.995333552360534668e-01,7.155214436352252960e-03,-2.757819183170795441e-02,-1.101800519973039627e-02,1.650636345148086548e-01,1.520627439022064209e-01,4.599377214908599854e-01,1.202514544129371643e-01,-1.864911466836929321e-01,-1.375543177127838135e-01,1.133056953549385071e-01,-1.622946411371231079e-01,-1.445775479078292847e-01,1.288363039493560791e-01,-1.661225408315658569e-01,1.614318937063217163e-01,-5.245428159832954407e-02,1.329990327358245850e-01,6.637199223041534424e-02,-2.197986602783203125e+00,1.103022813796997070e+00,-1.164986252784729004e+00,3.552780151367187500e-01,2.227250933647155762e-01,3.564852476119995117e-02,4.545018076896667480e-01,-1.281961947679519653e-01,-2.838658988475799561e-01,8.481470346450805664e-01,1.254255890846252441e+00,-1.801737248897552490e-01,-3.426912426948547363e-02,-6.278680264949798584e-02
3.113421844318509102e-03,-4.239919595420360565e-03,7.800502777099609375e-01,9.995389580726623535e-01,7.367532700300216675e-03,-2.719918265938758850e-02,-1.130804885178804398e-02,1.655756533145904541e-01,1.508213579654693604e-01,4.613756835460662842e-01,1.196829304099082947e-01,-1.861712932586669922e-01,-1.374942511320114136e-01,1.138762459158897400e-01,-1.631117016077041626e-01,-1.432977616786956787e-01,1.283103227615356445e-01,-1.667434126138687134e-01,1.613152623176574707e-01,-5.003914982080459595e-02,1.383021026849746704e-01,6.221045926213264465e-02,-2.273321390151977539e+00,1.085666894912719727e+00,-1.227202296257019043e+00,4.269075989723205566e-01,2.058360278606414795e-01,2.943119034171104431e-02,4.579733312129974365e-01,-1.300400942564010620e-01,-2.849577963352203369e-01,8.449045419692993164e-01,1.260853648185729980e+00,-1.796727180480957031e-01,-3.589867055416107178e-02,-6.563336402177810669e-02
3.656274173408746719e-03,-3.781104693189263344e-03,7.800965309143066406e-01,9.995439648628234863e-01,7.629294879734516144e-03,-2.685102447867393494e-02,-1.151755079627037048e-02,1.661237478256225586e-01,1.494465172290802002e-01,4.627689421176910400e-01,1.191440150141716003e-01,-1.860324293375015259e-01,-1.372786909341812134e-01,1.142958998680114746e-01,-1.641768664121627808e-01,-1.421219706535339355e-01,1.279323250055313110e-01,-1.674252748489379883e-01,1.613592356443405151e-01,-4.756195843219757080e-02,1.431069523096084595e-01,5.811783671379089355e-02,-2.337158441543579102e+00,1.066842198371887207e+00,-1.283768773078918457e+00,4.977122247219085693e-01,1.864528357982635498e-01,2.333226613700389862e-02,4.595527946949005127e-01,-1.320553421974182129e-01,-2.859047651290893555e-01,8.424165844917297363e-01,1.266457676887512207e+00,-1.788554042577743530e-01,-3.765263408422470093e-02,-6.795360893011093140e-02
4.213153384625911713e-03,-3.295468864962458611e-03,7.801290154457092285e-01,9.995480775833129883e-01,7.907427847385406494e-03,-2.662834711372852325e-02,-1.148818433284759521e-02,1.666014492511749268e-01,1.481183767318725586e-01,4.638646841049194336e-01,1.187687441706657410e-01,-1.861210018396377563e-01,-1.369983404874801636e-01,1.150132492184638977e-01,-1.653860956430435181e-01,-1.414907723665237427e-01,1.277262568473815918e-01,-1.681519597768783569e-01,1.615862995386123657e-01,-4.518612474203109741e-02,1.476102620363235474e-01,5.396075919270515442e-02,-2.390283346176147461e+00,1.048008084297180176e+00,-1.333787083625793457e+00,5.658993124961853027e-01,1.633363515138626099e-01,1.741376891732215881e-02,4.585313498973846436e-01,-1.338421404361724854e-01,-2.867056131362915039e-01,8.401889204978942871e-01,1.271575689315795898e+00,-1.774495691061019897e-01,-3.950402885675430298e-02,-6.934139132499694824e-02
4.794578533619642258e-03,-2.838715445250272751e-03,7.801267504692077637e-01,9.995536208152770996e-01,8.199339732527732849e-03,-2.644305862486362457e-02,-1.122935581952333450e-02,1.670327186584472656e-01,1.468016505241394043e-01,4.645547568798065186e-01,1.184935569763183594e-01,-1.862593889236450195e-01,-1.366790980100631714e-01,1.158007159829139709e-01,-1.666617542505264282e-01,-1.413193643093109131e-01,1.275888979434967041e-01,-1.686803996562957764e-01,1.619732379913330078e-01,-4.256741330027580261e-02,1.516551822423934937e-01,4.974089935421943665e-02,-2.434372425079345703e+00,1.029734969139099121e+00,-1.377629280090332031e+00,6.310396790504455566e-01,1.390352845191955566e-01,1.244817581027746201e-02,4.550228714942932129e-01,-1.351730525493621826e-01,-2.872285246849060059e-01,8.391346335411071777e-01,1.276474118232727051e+00,-1.777587532997131348e-01,-4.145186766982078552e-02,-6.906729191541671753e-02
5.398264620453119278e-03,-2.468420891091227531e-03,7.801345586776733398e-01,9.995598196983337402e-01,8.484037593007087708e-03,-2.627827972173690796e-02,-1.084438059478998184e-02,1.674918681383132935e-01,1.454885005950927734e-01,4.646629393100738525e-01,1.181938499212265015e-01,-1.865348368883132935e-01,-1.365131586790084839e-01,1.165502443909645081e-01,-1.678093224763870239e-01,-1.412933915853500366e-01,1.274132281541824341e-01,-1.692073345184326172e-01,1.625179499387741089e-01,-3.992328792810440063e-02,1.551980078220367432e-01,4.532979428768157959e-02,-2.471449136734008789e+00,1.012096643447875977e+00,-1.416240215301513672e+00,6.937133073806762695e-01,1.123251691460609436e-01,8.220759220421314240e-03,4.497167468070983887e-01,-1.358882039785385132e-01,-2.873149216175079346e-01,8.388522863388061523e-01,1.281243920326232910e+00,-1.801181286573410034e-01,-4.304736852645874023e-02,-6.747812777757644653e-02
6.024240050464868546e-03,-2.130824839696288109e-03,7.801527976989746094e-01,9.995643496513366699e-01,8.739605545997619629e-03,-2.615958824753761292e-02,-1.050625741481781006e-02,1.682793349027633667e-01,1.442661434412002563e-01,4.647657871246337891e-01,1.177077889442443848e-01,-1.869250088930130005e-01,-1.367148309946060181e-01,1.173811256885528564e-01,-1.689239889383316040e-01,-1.411433964967727661e-01,1.271844655275344849e-01,-1.696964353322982788e-01,1.634264737367630005e-01,-3.722790628671646118e-02,1.583241522312164307e-01,4.084594547748565674e-02,-2.502617597579956055e+00,9.944619536399841309e-01,-1.450502395629882812e+00,7.553212046623229980e-01,8.127488940954208374e-02,4.726092331111431122e-03,4.429119229316711426e-01,-1.361524313688278198e-01,-2.872716486454010010e-01,8.407319784164428711e-01,1.285610914230346680e+00,-1.833194941282272339e-01,-4.454957693815231323e-02,-6.550878286361694336e-02
6.665104068815708160e-03,-1.828181091696023941e-03,7.801754474639892578e-01,9.995679855346679688e-01,8.965529501438140869e-03,-2.613284438848495483e-02,-1.002575550228357315e-02,1.693302690982818604e-01,1.431787759065628052e-01,4.645978808403015137e-01,1.171055734157562256e-01,-1.872840970754623413e-01,-1.369992941617965698e-01,1.184341609477996826e-01,-1.700401604175567627e-01,-1.410688608884811401e-01,1.269356310367584229e-01,-1.702250242233276367e-01,1.642150878906250000e-01,-3.450495004653930664e-02,1.612316668033599854e-01,3.636363521218299866e-02,-2.528117895126342773e+00,9.766374826431274414e-01,-1.480530738830566406e+00,8.154925107955932617e-01,4.666388779878616333e-02,1.769161783158779144e-03,4.354429841041564941e-01,-1.359549164772033691e-01,-2.870994508266448975e-01,8.444690108299255371e-01,1.289666891098022461e+00,-1.864743083715438843e-01,-4.627642780542373657e-02,-6.383805721998214722e-02
7.327145896852016449e-03,-1.523860846646130085e-03,7.801947593688964844e-01,9.995697736740112305e-01,9.164364077150821686e-03,-2.622567676007747650e-02,-9.404791519045829773e-03,1.702990829944610596e-01,1.421649754047393799e-01,4.642883241176605225e-01,1.165759563446044922e-01,-1.877439022064208984e-01,-1.372227072715759277e-01,1.197709366679191589e-01,-1.710752546787261963e-01,-1.412238180637359619e-01,1.267550885677337646e-01,-1.710111051797866821e-01,1.649736613035202026e-01,-3.169658407568931580e-02,1.637072265148162842e-01,3.193932026624679565e-02,-2.548045158386230469e+00,9.594836235046386719e-01,-1.505908608436584473e+00,8.705586791038513184e-01,9.423721581697463989e-03,-1.201366831082850695e-04,4.269191026687622070e-01,-1.358215361833572388e-01,-2.865885496139526367e-01,8.498863577842712402e-01,1.293497562408447266e+00,-1.894499212503433228e-01,-4.788712412118911743e-02,-6.244335323572158813e-02
8.040780201554298401e-03,-1.220291480422019958e-03,7.801879644393920898e-01,9.995680451393127441e-01,9.357404895126819611e-03,-2.651963569223880768e-02,-8.538514375686645508e-03,1.714163422584533691e-01,1.411920487880706787e-01,4.635708034038543701e-01,1.162032634019851685e-01,-1.883514523506164551e-01,-1.374851465225219727e-01,1.216122955083847046e-01,-1.720903962850570679e-01,-1.420002877712249756e-01,1.267995834350585938e-01,-1.718840599060058594e-01,1.654597520828247070e-01,-2.905605733394622803e-02,1.657456606626510620e-01,2.776071429252624512e-02,-2.562635898590087891e+00,9.446558952331542969e-01,-1.526379108428955078e+00,9.173970818519592285e-01,-2.835595794022083282e-02,-1.541421166621148586e-03,4.174016714096069336e-01,-1.356668770313262939e-01,-2.859406769275665283e-01,8.559013009071350098e-01,1.297064542770385742e+00,-1.922532021999359131e-01,-4.924441128969192505e-02,-6.065288186073303223e-02
8.777658455073833466e-03,-9.333121124655008316e-04,7.801247835159301758e-01,9.995602369308471680e-01,9.591733105480670929e-03,-2.703823149204254150e-02,-7.504764478653669357e-03,1.729273498058319092e-01,1.400968432426452637e-01,4.623420834541320801e-01,1.158402860164642334e-01,-1.890225261449813843e-01,-1.378512084484100342e-01,1.241035312414169312e-01,-1.732047200202941895e-01,-1.434101015329360962e-01,1.270151287317276001e-01,-1.726810038089752197e-01,1.659149676561355591e-01,-2.649906650185585022e-02,1.673142462968826294e-01,2.386066317558288574e-02,-2.572705984115600586e+00,9.324363470077514648e-01,-1.542946815490722656e+00,9.560021162033081055e-01,-6.260886788368225098e-02,-2.791683655232191086e-03,4.080015718936920166e-01,-1.355139166116714478e-01,-2.853748202323913574e-01,8.611210584640502930e-01,1.300242662429809570e+00,-1.950177699327468872e-01,-5.005099624395370483e-02,-5.887325480580329895e-02
9.486930444836616516e-03,-6.649089045822620392e-04,7.800241112709045410e-01,9.995477199554443359e-01,9.868057444691658020e-03,-2.769558317959308624e-02,-6.311930716037750244e-03,1.746106594800949097e-01,1.389459073543548584e-01,4.606321454048156738e-01,1.155484616756439209e-01,-1.896104216575622559e-01,-1.380478441715240479e-01,1.270495057106018066e-01,-1.743876785039901733e-01,-1.453651785850524902e-01,1.274262368679046631e-01,-1.736722737550735474e-01,1.664170622825622559e-01,-2.412286773324012756e-02,1.683496385812759399e-01,2.038053795695304871e-02,-2.579731225967407227e+00,9.225635528564453125e-01,-1.555814504623413086e+00,9.863512516021728516e-01,-9.185770899057388306e-02,-4.212511237710714340e-03,4.000376164913177490e-01,-1.357524245977401733e-01,-2.847455143928527832e-01,8.658946156501770020e-01,1.302834630012512207e+00,-1.976150572299957275e-01,-5.056832358241081238e-02,-5.743812769651412964e-02
1.011573709547519684e-02,-4.053415032103657722e-04,7.799232602119445801e-01,9.995328783988952637e-01,1.016609556972980499e-02,-2.839261852204799652e-02,-4.943882115185260773e-03,1.761926710605621338e-01,1.378112286329269409e-01,4.583708941936492920e-01,1.153802648186683655e-01,-1.900015473365783691e-01,-1.379134654998779297e-01,1.301262676715850830e-01,-1.757355332374572754e-01,-1.481143832206726074e-01,1.280907392501831055e-01,-1.749155074357986450e-01,1.669751405715942383e-01,-2.210378460586071014e-02,1.691235750913619995e-01,1.726442016661167145e-02,-2.584459781646728516e+00,9.143092036247253418e-01,-1.565302252769470215e+00,1.010767459869384766e+00,-1.154239699244499207e-01,-5.761855281889438629e-03,3.940879702568054199e-01,-1.362767517566680908e-01,-2.842629551887512207e-01,8.698847889900207520e-01,1.305000305175781250e+00,-2.001999169588088989e-01,-5.120734497904777527e-02,-5.675496906042098999e-02
1.061785221099853516e-02,-1.837082236306741834e-04,7.798377275466918945e-01,9.995155930519104004e-01,1.045998837798833847e-02,-2.910547889769077301e-02,-3.471546573564410210e-03,1.776376068592071533e-01,1.367962658405303955e-01,4.560308158397674561e-01,1.153049543499946594e-01,-1.902336776256561279e-01,-1.374761462211608887e-01,1.330678611993789673e-01,-1.771094799041748047e-01,-1.512262672185897827e-01,1.289045065641403198e-01,-1.763439476490020752e-01,1.676106154918670654e-01,-2.040687762200832367e-02,1.697624474763870239e-01,1.467016991227865219e-02,-2.587363719940185547e+00,9.077402949333190918e-01,-1.572262287139892578e+00,1.030421614646911621e+00,-1.340081393718719482e-01,-7.408584468066692352e-03,3.901144862174987793e-01,-1.369210630655288696e-01,-2.838243246078491211e-01,8.735864162445068359e-01,1.307158231735229492e+00,-2.032461464405059814e-01,-5.216650664806365967e-02,-5.646172910928726196e-02
1.100308727473020554e-02,-2.629385562613606453e-05,7.797620296478271484e-01,9.994951486587524414e-01,1.074731256812810898e-02,-2.983043342828750610e-02,-2.027371898293495178e-03,1.790228784084320068e-01,1.358703672885894775e-01,4.535178542137145996e-01,1.153110414743423462e-01,-1.903273761272430420e-01,-1.371092051267623901e-01,1.361222416162490845e-01,-1.784447729587554932e-01,-1.545282155275344849e-01,1.294859796762466431e-01,-1.777630299329757690e-01,1.681802570819854736e-01,-1.892838254570960999e-02,1.703894883394241333e-01,1.257568690925836563e-02,-2.589429616928100586e+00,9.028582572937011719e-01,-1.578004240989685059e+00,1.046749949455261230e+00,-1.491205543279647827e-01,-8.961729705333709717e-03,3.861712813377380371e-01,-1.375787705183029175e-01,-2.834118008613586426e-01,8.769225478172302246e-01,1.309219598770141602e+00,-2.066133022308349609e-01,-5.328473076224327087e-02,-5.665154755115509033e-02
1.133391540497541428e-02,5.791068542748689651e-05,7.796797156333923340e-01,9.994723796844482422e-01,1.100249495357275009e-02,-3.055465780198574066e-02,-5.986053729429841042e-04,1.803698390722274780e-01,1.350170373916625977e-01,4.506969451904296875e-01,1.152696907520294189e-01,-1.906005293130874634e-01,-1.369832307100296021e-01,1.392607986927032471e-01,-1.795960366725921631e-01,-1.577727645635604858e-01,1.299481093883514404e-01,-1.792840063571929932e-01,1.684987694025039673e-01,-1.774700917303562164e-02,1.709773391485214233e-01,1.099414285272359848e-02,-2.590984344482421875e+00,8.987125754356384277e-01,-1.582299113273620605e+00,1.059169292449951172e+00,-1.621558368206024170e-01,-1.028549391776323318e-02,3.816620409488677979e-01,-1.386534869670867920e-01,-2.828446030616760254e-01,8.805965185165405273e-01,1.311233997344970703e+00,-2.098671048879623413e-01,-5.442280694842338562e-02,-5.686622112989425659e-02
1.163047924637794495e-02,1.029740960802882910e-04,7.795968055725097656e-01,9.994463324546813965e-01,1.124121621251106262e-02,-3.130522742867469788e-02,7.977618952281773090e-04,1.818735450506210327e-01,1.341732889413833618e-01,4.478597939014434814e-01,1.151177287101745605e-01,-1.911753118038177490e-01,-1.369609981775283813e-01,1.427363604307174683e-01,-1.804954111576080322e-01,-1.605813205242156982e-01,1.300108581781387329e-01,-1.807000488042831421e-01,1.687335819005966187e-01,-1.687487959861755371e-02,1.714381426572799683e-01,9.972922503948211670e-03,-2.591961860656738281e+00,8.947767019271850586e-01,-1.586112618446350098e+00,1.068619370460510254e+00,-1.737157553434371948e-01,-1.184849906712770462e-02,3.763850629329681396e-01,-1.402784138917922974e-01,-2.820118665695190430e-01,8.842276930809020996e-01,1.313178777694702148e+00,-2.122432142496109009e-01,-5.539179965853691101e-02,-5.650702118873596191e-02
1.186984032392501831e-02,1.419901673216372728e-04,7.795448899269104004e-01,9.994172453880310059e-01,1.147335674613714218e-02,-3.207609802484512329e-02,2.135558752343058586e-03,1.834205985069274902e-01,1.334759891033172607e-01,4.456353485584259033e-01,1.150136813521385193e-01,-1.919568777084350586e-01,-1.369877010583877563e-01,1.463453620672225952e-01,-1.812047362327575684e-01,-1.630404591560363770e-01,1.298859417438507080e-01,-1.817995756864547729e-01,1.689815819263458252e-01,-1.625107042491436005e-02,1.718339622020721436e-01,9.390388615429401398e-03,-2.591474056243896484e+00,8.916372060775756836e-01,-1.588995337486267090e+00,1.074476957321166992e+00,-1.841810792684555054e-01,-1.373019348829984665e-02,3.712670803070068359e-01,-1.424612700939178467e-01,-2.811401486396789551e-01,8.875119686126708984e-01,1.314368128776550293e+00,-2.137711793184280396e-01,-5.623175576329231262e-02,-5.599484592676162720e-02
1.204204559326171875e-02,1.545552804600447416e-04,7.795311212539672852e-01,9.993901252746582031e-01,1.169973239302635193e-02,-3.272337839007377625e-02,3.404315793886780739e-03,1.846504360437393188e-01,1.328979134559631348e-01,4.437316358089447021e-01,1.149849221110343933e-01,-1.925769448280334473e-01,-1.367818266153335571e-01,1.495347768068313599e-01,-1.817976385354995728e-01,-1.652810871601104736e-01,1.297342032194137573e-01,-1.825461983680725098e-01,1.691676676273345947e-01,-1.569441147148609161e-02,1.720965057611465454e-01,8.900766260921955109e-03,-2.590211391448974609e+00,8.887467384338378906e-01,-1.590354919433593750e+00,1.078672289848327637e+00,-1.920554488897323608e-01,-1.614382304251194000e-02,3.668063879013061523e-01,-1.451829373836517334e-01,-2.802812457084655762e-01,8.897657394409179688e-01,1.314744114875793457e+00,-2.145472019910812378e-01,-5.725061148405075073e-02,-5.562819913029670715e-02
1.215183455497026443e-02,1.440359919797629118e-04,7.795614600181579590e-01,9.993692636489868164e-01,1.187594514340162277e-02,-3.317108750343322754e-02,4.448864609003067017e-03,1.852258592844009399e-01,1.324570327997207642e-01,4.419628679752349854e-01,1.150788664817810059e-01,-1.927056908607482910e-01,-1.363544166088104248e-01,1.516349762678146362e-01,-1.822909265756607056e-01,-1.676030606031417847e-01,1.296604573726654053e-01,-1.830218881368637085e-01,1.691316068172454834e-01,-1.536922156810760498e-02,1.722833067178726196e-01,8.320686407387256622e-03,-2.589158773422241211e+00,8.858302235603332520e-01,-1.590890884399414062e+00,1.082083225250244141e+00,-1.970736533403396606e-01,-1.912578567862510681e-02,3.639388084411621094e-01,-1.479950696229934692e-01,-2.794671952724456787e-01,8.906315565109252930e-01,1.314459323883056641e+00,-2.144888937473297119e-01,-5.827199667692184448e-02,-5.564995110034942627e-02
1.223768480122089386e-02,1.340782619081437588e-04,7.795932292938232422e-01,9.993544816970825195e-01,1.203870493918657303e-02,-3.341730684041976929e-02,5.385024007409811020e-03,1.851546764373779297e-01,1.320658177137374878e-01,4.403161406517028809e-01,1.153555214405059814e-01,-1.923893839120864868e-01,-1.358500719070434570e-01,1.529068499803543091e-01,-1.828838884830474854e-01,-1.699874550104141235e-01,1.296075135469436646e-01,-1.832970529794692993e-01,1.688373535871505737e-01,-1.521908771246671677e-02,1.724202781915664673e-01,7.516601588577032089e-03,-2.589178323745727539e+00,8.826774358749389648e-01,-1.592187404632568359e+00,1.085886120796203613e+00,-2.005129754543304443e-01,-2.184068411588668823e-02,3.622277081012725830e-01,-1.504789143800735474e-01,-2.788249850273132324e-01,8.907375931739807129e-01,1.314260959625244141e+00,-2.141764312982559204e-01,-5.918850004673004150e-02,-5.625350773334503174e-02
1.229529175907373428e-02,1.314521359745413065e-04,7.795922160148620605e-01,9.993435144424438477e-01,1.217481959611177444e-02,-3.356232494115829468e-02,6.154258735477924347e-03,1.846660226583480835e-01,1.316887736320495605e-01,4.387854039669036865e-01,1.157074794173240662e-01,-1.919312775135040283e-01,-1.353238523006439209e-01,1.537046879529953003e-01,-1.835083365440368652e-01,-1.719655990600585938e-01,1.296664923429489136e-01,-1.837200671434402466e-01,1.688343286514282227e-01,-1.520758960396051407e-02,1.724850386381149292e-01,6.796219386160373688e-03,-2.589709997177124023e+00,8.790951371192932129e-01,-1.593242287635803223e+00,1.089526176452636719e+00,-2.038174271583557129e-01,-2.379195578396320343e-02,3.604247868061065674e-01,-1.526668518781661987e-01,-2.782643139362335205e-01,8.912987709045410156e-01,1.314162731170654297e+00,-2.132906466722488403e-01,-5.988350510597229004e-02,-5.721470341086387634e-02
1.228087116032838821e-02,1.448663824703544378e-04,7.795925736427307129e-01,9.993345737457275391e-01,1.229770574718713760e-02,-3.365291282534599304e-02,6.830132100731134415e-03,1.840181052684783936e-01,1.313425898551940918e-01,4.377731084823608398e-01,1.159745082259178162e-01,-1.915830969810485840e-01,-1.348675042390823364e-01,1.542952209711074829e-01,-1.841068118810653687e-01,-1.735359579324722290e-01,1.296972036361694336e-01,-1.840392798185348511e-01,1.690509170293807983e-01,-1.505159027874469757e-02,1.726979166269302368e-01,6.176552269607782364e-03,-2.591192722320556641e+00,8.757898807525634766e-01,-1.595708489418029785e+00,1.094234108924865723e+00,-2.086191177368164062e-01,-2.571107447147369385e-02,3.577007055282592773e-01,-1.541259288787841797e-01,-2.776766121387481689e-01,8.918287158012390137e-01,1.314383506774902344e+00,-2.131856381893157959e-01,-6.049497425556182861e-02,-5.819349735975265503e-02
1.217895559966564178e-02,1.963591494131833315e-04,7.795984148979187012e-01,9.993276000022888184e-01,1.238836161792278290e-02,-3.374270349740982056e-02,7.237146142870187759e-03,1.835778355598449707e-01,1.311195194721221924e-01,4.375225007534027100e-01,1.160800680518150330e-01,-1.914212554693222046e-01,-1.345073431730270386e-01,1.545216739177703857e-01,-1.845144331455230713e-01,-1.740995347499847412e-01,1.297136098146438599e-01,-1.842128485441207886e-01,1.691789925098419189e-01,-1.456589158624410629e-02,1.731391400098800659e-01,5.627415142953395844e-03,-2.592295885086059570e+00,8.726714849472045898e-01,-1.598887681961059570e+00,1.100590348243713379e+00,-2.150493115186691284e-01,-2.751157619059085846e-02,3.536967337131500244e-01,-1.546994149684906006e-01,-2.773427963256835938e-01,8.922486305236816406e-01,1.315231323242187500e+00,-2.137221097946166992e-01,-6.098567321896553040e-02,-5.929837375879287720e-02
1.201844960451126099e-02,2.753434237092733383e-04,7.795959711074829102e-01,9.993223547935485840e-01,1.248257141560316086e-02,-3.380957618355751038e-02,7.475857622921466827e-03,1.832920163869857788e-01,1.308208853006362915e-01,4.376278519630432129e-01,1.161435395479202271e-01,-1.911762058734893799e-01,-1.341085135936737061e-01,1.545561552047729492e-01,-1.848729252815246582e-01,-1.742219477891921997e-01,1.296586692333221436e-01,-1.843704134225845337e-01,1.692243665456771851e-01,-1.409863308072090149e-02,1.736496835947036743e-01,5.076711997389793396e-03,-2.593171358108520508e+00,8.698857426643371582e-01,-1.603127479553222656e+00,1.108579158782958984e+00,-2.244785577058792114e-01,-2.913990616798400879e-02,3.479602336883544922e-01,-1.548167318105697632e-01,-2.773817181587219238e-01,8.924779295921325684e-01,1.316729426383972168e+00,-2.149855047464370728e-01,-6.092443317174911499e-02,-5.976654589176177979e-02
1.180571317672729492e-02,3.764842404052615166e-04,7.796066403388977051e-01,9.993182420730590820e-01,1.255578268319368362e-02,-3.389450535178184509e-02,7.516797631978988647e-03,1.831359714269638062e-01,1.304387599229812622e-01,4.378866553306579590e-01,1.161997020244598389e-01,-1.911095380783081055e-01,-1.338347047567367554e-01,1.544484794139862061e-01,-1.852181553840637207e-01,-1.739289611577987671e-01,1.296895742416381836e-01,-1.844341605901718140e-01,1.690447926521301270e-01,-1.392943784594535828e-02,1.741311252117156982e-01,4.743502009660005569e-03,-2.593533277511596680e+00,8.673663735389709473e-01,-1.607023954391479492e+00,1.116747975349426270e+00,-2.343640774488449097e-01,-3.051538951694965363e-02,3.416264951229095459e-01,-1.548489630222320557e-01,-2.776504755020141602e-01,8.923870325088500977e-01,1.318603754043579102e+00,-2.159159779548645020e-01,-6.059207767248153687e-02,-5.981307849287986755e-02
1.156051736325025558e-02,5.183256580494344234e-04,7.796254754066467285e-01,9.993168115615844727e-01,1.257267408072948456e-02,-3.394331037998199463e-02,7.466238923370838165e-03,1.829174160957336426e-01,1.300781071186065674e-01,4.379269480705261230e-01,1.163054779171943665e-01,-1.912681758403778076e-01,-1.335384398698806763e-01,1.542509347200393677e-01,-1.854511499404907227e-01,-1.734896302223205566e-01,1.298282295465469360e-01,-1.843723058700561523e-01,1.686341464519500732e-01,-1.401658914983272552e-02,1.745840758085250854e-01,4.548725206404924393e-03,-2.593552112579345703e+00,8.650625944137573242e-01,-1.609921932220458984e+00,1.123965620994567871e+00,-2.438040673732757568e-01,-3.192299976944923401e-02,3.350402414798736572e-01,-1.545954346656799316e-01,-2.780712842941284180e-01,8.917234539985656738e-01,1.320451974868774414e+00,-2.160696834325790405e-01,-6.026225164532661438e-02,-5.956402420997619629e-02
1.127163879573345184e-02,7.266047177836298943e-04,7.796471118927001953e-01,9.993163347244262695e-01,1.255060918629169464e-02,-3.399180248379707336e-02,7.345743011683225632e-03,1.826292872428894043e-01,1.297830343246459961e-01,4.376958012580871582e-01,1.165171265602111816e-01,-1.915443390607833862e-01,-1.332005560398101807e-01,1.539459824562072754e-01,-1.856309026479721069e-01,-1.730792671442031860e-01,1.299561262130737305e-01,-1.842526495456695557e-01,1.683269292116165161e-01,-1.421649474650621414e-02,1.750172227621078491e-01,4.396209958940744400e-03,-2.593717098236083984e+00,8.629403114318847656e-01,-1.612769842147827148e+00,1.130635023117065430e+00,-2.527441680431365967e-01,-3.377099707722663879e-02,3.286786973476409912e-01,-1.539669930934906006e-01,-2.786267399787902832e-01,8.910617232322692871e-01,1.321983695030212402e+00,-2.160155326128005981e-01,-6.025225669145584106e-02,-5.906249582767486572e-02
1.094494760036468506e-02,9.818522958084940910e-04,7.796708941459655762e-01,9.993175268173217773e-01,1.253123674541711807e-02,-3.400027379393577576e-02,7.173989899456501007e-03,1.823008358478546143e-01,1.295274347066879272e-01,4.378540217876434326e-01,1.167370975017547607e-01,-1.916751563549041748e-01,-1.329313665628433228e-01,1.536107659339904785e-01,-1.858049780130386353e-01,-1.725552380084991455e-01,1.299823820590972900e-01,-1.840997636318206787e-01,1.681331694126129150e-01,-1.414808258414268494e-02,1.752563416957855225e-01,4.253408405929803848e-03,-2.594045639038085938e+00,8.609582781791687012e-01,-1.614971876144409180e+00,1.136008024215698242e+00,-2.596819400787353516e-01,-3.553706780076026917e-02,3.230890929698944092e-01,-1.529823988676071167e-01,-2.793314754962921143e-01,8.902616500854492188e-01,1.323046088218688965e+00,-2.161659598350524902e-01,-6.066197529435157776e-02,-5.879648774862289429e-02
1.054640207439661026e-02,1.250889268703758717e-03,7.797034978866577148e-01,9.993215799331665039e-01,1.248767320066690445e-02,-3.393750637769699097e-02,6.988951005041599274e-03,1.818047761917114258e-01,1.293938606977462769e-01,4.380799829959869385e-01,1.168576627969741821e-01,-1.919276416301727295e-01,-1.326990276575088501e-01,1.530414670705795288e-01,-1.859583407640457153e-01,-1.721554696559906006e-01,1.298846006393432617e-01,-1.839007735252380371e-01,1.681543439626693726e-01,-1.408769190311431885e-02,1.753661781549453735e-01,4.022446926683187485e-03,-2.594425201416015625e+00,8.594820499420166016e-01,-1.617226719856262207e+00,1.140839934349060059e+00,-2.655551433563232422e-01,-3.740172088146209717e-02,3.186188638210296631e-01,-1.519245505332946777e-01,-2.801164090633392334e-01,8.889772295951843262e-01,1.323521256446838379e+00,-2.158260047435760498e-01,-6.098006293177604675e-02,-5.885201692581176758e-02
1.008531451225280762e-02,1.501027611084282398e-03,7.797593474388122559e-01,9.993289113044738770e-01,1.243937946856021881e-02,-3.379040583968162537e-02,6.722844671458005905e-03,1.811942309141159058e-01,1.293521672487258911e-01,4.388473629951477051e-01,1.167610511183738708e-01,-1.918389052152633667e-01,-1.326590627431869507e-01,1.521290242671966553e-01,-1.860418915748596191e-01,-1.715328991413116455e-01,1.296996772289276123e-01,-1.835627108812332153e-01,1.682182103395462036e-01,-1.412892341613769531e-02,1.753331124782562256e-01,3.844640916213393211e-03,-2.595423698425292969e+00,8.586003780364990234e-01,-1.619323849678039551e+00,1.145012378692626953e+00,-2.701995670795440674e-01,-3.929123654961585999e-02,3.151952028274536133e-01,-1.511121988296508789e-01,-2.807432115077972412e-01,8.872744441032409668e-01,1.323682904243469238e+00,-2.155408114194869995e-01,-6.122218072414398193e-02,-5.943281203508377075e-02
9.625032544136047363e-03,1.719331368803977966e-03,7.798163294792175293e-01,9.993382692337036133e-01,1.238606963306665421e-02,-3.358937054872512817e-02,6.429950706660747528e-03,1.802967637777328491e-01,1.293856501579284668e-01,4.395612776279449463e-01,1.166254580020904541e-01,-1.916187554597854614e-01,-1.324331909418106079e-01,1.510131657123565674e-01,-1.860692799091339111e-01,-1.709598898887634277e-01,1.294673532247543335e-01,-1.829902678728103638e-01,1.684156060218811035e-01,-1.441290974617004395e-02,1.751260608434677124e-01,3.694670274853706360e-03,-2.596565008163452148e+00,8.576947450637817383e-01,-1.621141672134399414e+00,1.148475289344787598e+00,-2.734587788581848145e-01,-4.087540879845619202e-02,3.133743107318878174e-01,-1.501607000827789307e-01,-2.813290953636169434e-01,8.853394985198974609e-01,1.323617219924926758e+00,-2.146324217319488525e-01,-6.143949180841445923e-02,-6.038276851177215576e-02
9.175723418593406677e-03,1.903534401208162308e-03,7.798683643341064453e-01,9.993472695350646973e-01,1.230845600366592407e-02,-3.340276703238487244e-02,6.138557102531194687e-03,1.793764680624008179e-01,1.294946223497390747e-01,4.399711191654205322e-01,1.166118904948234558e-01,-1.912921965122222900e-01,-1.320316344499588013e-01,1.498082578182220459e-01,-1.859572082757949829e-01,-1.702612191438674927e-01,1.292665898799896240e-01,-1.821913570165634155e-01,1.684578955173492432e-01,-1.465325336903333664e-02,1.748135238885879517e-01,3.764379536733031273e-03,-2.598292112350463867e+00,8.565266132354736328e-01,-1.622127175331115723e+00,1.151067256927490234e+00,-2.752255201339721680e-01,-4.163057729601860046e-02,3.123212754726409912e-01,-1.491880565881729126e-01,-2.818751037120819092e-01,8.835898041725158691e-01,1.323482751846313477e+00,-2.139320224523544312e-01,-6.167117878794670105e-02,-6.100130081176757812e-02
8.708451874554157257e-03,2.047193935140967369e-03,7.799205780029296875e-01,9.993556737899780273e-01,1.222076732665300369e-02,-3.323255479335784912e-02,5.872740410268306732e-03,1.782652288675308228e-01,1.296293139457702637e-01,4.402647316455841064e-01,1.167862638831138611e-01,-1.910570114850997925e-01,-1.315293014049530029e-01,1.485908478498458862e-01,-1.858327090740203857e-01,-1.698107868432998657e-01,1.291010975837707520e-01,-1.812644451856613159e-01,1.684082597494125366e-01,-1.467942632734775543e-02,1.744085401296615601e-01,4.041382577270269394e-03,-2.599731683731079102e+00,8.553705811500549316e-01,-1.622558236122131348e+00,1.152824163436889648e+00,-2.765666544437408447e-01,-4.188867285847663879e-02,3.119864165782928467e-01,-1.482747197151184082e-01,-2.821999788284301758e-01,8.818591237068176270e-01,1.323809623718261719e+00,-2.135425060987472534e-01,-6.190466880798339844e-02,-6.079155951738357544e-02
8.247132413089275360e-03,2.153781009837985039e-03,7.799573540687561035e-01,9.993638992309570312e-01,1.211077906191349030e-02,-3.306611254811286926e-02,5.638289265334606171e-03,1.772419214248657227e-01,1.297820955514907837e-01,4.403977990150451660e-01,1.170056313276290894e-01,-1.911636888980865479e-01,-1.309980601072311401e-01,1.472780555486679077e-01,-1.856676042079925537e-01,-1.693541258573532104e-01,1.290371119976043701e-01,-1.803583353757858276e-01,1.683878153562545776e-01,-1.454016380012035370e-02,1.740058064460754395e-01,4.617382306605577469e-03,-2.601718425750732422e+00,8.544856309890747070e-01,-1.622641086578369141e+00,1.153578281402587891e+00,-2.769227623939514160e-01,-4.194874688982963562e-02,3.115815520286560059e-01,-1.476099789142608643e-01,-2.823699116706848145e-01,8.802528381347656250e-01,1.324207663536071777e+00,-2.131095677614212036e-01,-6.212141364812850952e-02,-6.041736528277397156e-02
7.816977798938751221e-03,2.231764374300837517e-03,7.799800038337707520e-01,9.993733763694763184e-01,1.197779830545186996e-02,-3.287570178508758545e-02,5.348591599613428116e-03,1.763286739587783813e-01,1.300018727779388428e-01,4.408092796802520752e-01,1.172261536121368408e-01,-1.914462149143218994e-01,-1.306883394718170166e-01,1.458294093608856201e-01,-1.853932887315750122e-01,-1.686578840017318726e-01,1.290415972471237183e-01,-1.796047985553741455e-01,1.684605479240417480e-01,-1.428212597966194153e-02,1.735987216234207153e-01,5.240201018750667572e-03,-2.603668689727783203e+00,8.538460135459899902e-01,-1.622917056083679199e+00,1.153868675231933594e+00,-2.767862379550933838e-01,-4.228506237268447876e-02,3.107154667377471924e-01,-1.469979882240295410e-01,-2.825619578361511230e-01,8.793773651123046875e-01,1.324424982070922852e+00,-2.122728079557418823e-01,-6.246915832161903381e-02,-6.020468100905418396e-02
7.440552115440368652e-03,2.300964435562491417e-03,7.799805402755737305e-01,9.993828535079956055e-01,1.185532286763191223e-02,-3.268661350011825562e-02,4.997822456061840057e-03,1.757028102874755859e-01,1.301644444465637207e-01,4.415008723735809326e-01,1.172781586647033691e-01,-1.915909945964813232e-01,-1.304960101842880249e-01,1.445570588111877441e-01,-1.851545125246047974e-01,-1.677853912115097046e-01,1.290675550699234009e-01,-1.789550334215164185e-01,1.689646244049072266e-01,-1.388143934309482574e-02,1.730546355247497559e-01,6.039983127266168594e-03,-2.605888128280639648e+00,8.529986143112182617e-01,-1.622917294502258301e+00,1.153237342834472656e+00,-2.749016284942626953e-01,-4.272979870438575745e-02,3.100177347660064697e-01,-1.464718431234359741e-01,-2.827384173870086670e-01,8.794756531715393066e-01,1.324124336242675781e+00,-2.115445584058761597e-01,-6.271123886108398438e-02,-6.058285012841224670e-02
7.093236781656742096e-03,2.336531877517700195e-03,7.799783945083618164e-01,9.993929862976074219e-01,1.171027217060327530e-02,-3.248880803585052490e-02,4.576935898512601852e-03,1.751079559326171875e-01,1.304277628660202026e-01,4.423454701900482178e-01,1.171845197677612305e-01,-1.917340010404586792e-01,-1.305006593465805054e-01,1.435202062129974365e-01,-1.848544329404830933e-01,-1.670821905136108398e-01,1.290579438209533691e-01,-1.785823702812194824e-01,1.694894731044769287e-01,-1.339681819081306458e-02,1.722355484962463379e-01,6.808490958064794540e-03,-2.607635974884033203e+00,8.521744012832641602e-01,-1.622150182723999023e+00,1.151148796081542969e+00,-2.717238962650299072e-01,-4.277201369404792786e-02,3.099417090415954590e-01,-1.459377855062484741e-01,-2.827188372611999512e-01,8.796567916870117188e-01,1.322973132133483887e+00,-2.107452899217605591e-01,-6.259673088788986206e-02,-6.138844043016433716e-02
6.791336461901664734e-03,2.324667992070317268e-03,7.799922823905944824e-01,9.994034767150878906e-01,1.154793705791234970e-02,-3.228404372930526733e-02,4.139674361795186996e-03,1.743637919425964355e-01,1.308660209178924561e-01,4.431665539741516113e-01,1.170684397220611572e-01,-1.916834563016891479e-01,-1.305430084466934204e-01,1.424131840467453003e-01,-1.844988465309143066e-01,-1.664301306009292603e-01,1.289515197277069092e-01,-1.780905276536941528e-01,1.700055450201034546e-01,-1.302736345678567886e-02,1.714161783456802368e-01,7.490427698940038681e-03,-2.608528852462768555e+00,8.515643477439880371e-01,-1.620826363563537598e+00,1.148665904998779297e+00,-2.675143480300903320e-01,-4.310305416584014893e-02,3.108894228935241699e-01,-1.453254073858261108e-01,-2.825472652912139893e-01,8.808428049087524414e-01,1.321449637413024902e+00,-2.099422216415405273e-01,-6.247015297412872314e-02,-6.236255168914794922e-02
6.530556827783584595e-03,2.285578753799200058e-03,7.800067067146301270e-01,9.994138479232788086e-01,1.135975494980812073e-02,-3.207736089825630188e-02,3.745730035006999969e-03,1.736367940902709961e-01,1.313897818326950073e-01,4.436717629432678223e-01,1.169858723878860474e-01,-1.913883090019226074e-01,-1.305485516786575317e-01,1.412639617919921875e-01,-1.839816123247146606e-01,-1.657148748636245728e-01,1.289219260215759277e-01,-1.775570511817932129e-01,1.702672094106674194e-01,-1.274912059307098389e-02,1.704896241426467896e-01,8.218590170145034790e-03,-2.608417034149169922e+00,8.508258461952209473e-01,-1.618393898010253906e+00,1.145205974578857422e+00,-2.637869417667388916e-01,-4.356239363551139832e-02,3.122373521327972412e-01,-1.449266523122787476e-01,-2.823857665061950684e-01,8.824736475944519043e-01,1.319918632507324219e+00,-2.097655087709426880e-01,-6.252117455005645752e-02,-6.312216073274612427e-02
6.320076994597911835e-03,2.222913783043622971e-03,7.800393104553222656e-01,9.994222521781921387e-01,1.116437837481498718e-02,-3.192460909485816956e-02,3.367043798789381981e-03,1.731324642896652222e-01,1.319270879030227661e-01,4.439686238765716553e-01,1.169369295239448547e-01,-1.910445839166641235e-01,-1.305416226387023926e-01,1.400177776813507080e-01,-1.833385974168777466e-01,-1.647867113351821899e-01,1.290158331394195557e-01,-1.768123507499694824e-01,1.702595055103302002e-01,-1.243995036929845810e-02,1.695558726787567139e-01,9.073942899703979492e-03,-2.607477426528930664e+00,8.501392006874084473e-01,-1.615470886230468750e+00,1.141000747680664062e+00,-2.607876062393188477e-01,-4.359621554613113403e-02,3.138955533504486084e-01,-1.445581465959548950e-01,-2.822649478912353516e-01,8.838113546371459961e-01,1.318625330924987793e+00,-2.104445993900299072e-01,-6.274145841598510742e-02,-6.356383860111236572e-02
6.175004877150058746e-03,2.135771326720714569e-03,7.800732851028442383e-01,9.994295835494995117e-01,1.099077612161636353e-02,-3.178975731134414673e-02,3.024024656042456627e-03,1.726638525724411011e-01,1.323547661304473877e-01,4.438794255256652832e-01,1.169936507940292358e-01,-1.907822489738464355e-01,-1.306614577770233154e-01,1.388481557369232178e-01,-1.826906353235244751e-01,-1.637868434190750122e-01,1.292355507612228394e-01,-1.762330979108810425e-01,1.701233685016632080e-01,-1.219563279300928116e-02,1.684380769729614258e-01,9.789809584617614746e-03,-2.606122255325317383e+00,8.497070670127868652e-01,-1.612679004669189453e+00,1.134843826293945312e+00,-2.574515640735626221e-01,-4.306900501251220703e-02,3.154490888118743896e-01,-1.442272216081619263e-01,-2.820376753807067871e-01,8.850564956665039062e-01,1.317959666252136230e+00,-2.111393660306930542e-01,-6.299630552530288696e-02,-6.364040076732635498e-02
6.033680401742458344e-03,2.031475771218538284e-03,7.800914645195007324e-01,9.994357228279113770e-01,1.083228923380374908e-02,-3.166889026761054993e-02,2.825639909133315086e-03,1.720128357410430908e-01,1.326971650123596191e-01,4.431924521923065186e-01,1.172869205474853516e-01,-1.908821910619735718e-01,-1.307122409343719482e-01,1.379915177822113037e-01,-1.821519732475280762e-01,-1.634363681077957153e-01,1.294191181659698486e-01,-1.756408363580703735e-01,1.696506738662719727e-01,-1.208271272480487823e-02,1.672232151031494141e-01,1.046575699001550674e-02,-2.604740619659423828e+00,8.503771424293518066e-01,-1.609135389328002930e+00,1.127488970756530762e+00,-2.535332143306732178e-01,-4.173011332750320435e-02,3.168486952781677246e-01,-1.439042538404464722e-01,-2.816787958145141602e-01,8.863027691841125488e-01,1.317143201828002930e+00,-2.118002176284790039e-01,-6.366151571273803711e-02,-6.376250833272933960e-02
5.865840241312980652e-03,1.912101870402693748e-03,7.800730466842651367e-01,9.994410872459411621e-01,1.070255041122436523e-02,-3.155630826950073242e-02,2.678954740986227989e-03,1.713591814041137695e-01,1.329738348722457886e-01,4.422826468944549561e-01,1.176783367991447449e-01,-1.910768300294876099e-01,-1.306187361478805542e-01,1.375218033790588379e-01,-1.816966831684112549e-01,-1.632784008979797363e-01,1.295613199472427368e-01,-1.753031760454177856e-01,1.693675220012664795e-01,-1.209442783147096634e-02,1.658011227846145630e-01,1.112486608326435089e-02,-2.603524446487426758e+00,8.514811396598815918e-01,-1.604709625244140625e+00,1.119280219078063965e+00,-2.479571402072906494e-01,-4.040114954113960266e-02,3.186208903789520264e-01,-1.434648931026458740e-01,-2.812792062759399414e-01,8.878955245018005371e-01,1.315886020660400391e+00,-2.125377655029296875e-01,-6.455147266387939453e-02,-6.371244788169860840e-02
5.665637552738189697e-03,1.792466733604669571e-03,7.800619602203369141e-01,9.994457364082336426e-01,1.056239567697048187e-02,-3.147402033209800720e-02,2.454868983477354050e-03,1.710401922464370728e-01,1.333288848400115967e-01,4.416316747665405273e-01,1.178960576653480530e-01,-1.914877146482467651e-01,-1.307144761085510254e-01,1.373173594474792480e-01,-1.811127215623855591e-01,-1.630863547325134277e-01,1.295397728681564331e-01,-1.750673800706863403e-01,1.691832244396209717e-01,-1.195760816335678101e-02,1.643022447824478149e-01,1.191802136600017548e-02,-2.602816104888916016e+00,8.531066775321960449e-01,-1.600496411323547363e+00,1.111365675926208496e+00,-2.430662810802459717e-01,-3.936167061328887939e-02,3.201535046100616455e-01,-1.426760405302047729e-01,-2.808020710945129395e-01,8.894231915473937988e-01,1.313899755477905273e+00,-2.133012712001800537e-01,-6.519339978694915771e-02,-6.318371742963790894e-02
5.456654354929924011e-03,1.661925576627254486e-03,7.800889015197753906e-01,9.994521141052246094e-01,1.044871658086776733e-02,-3.132919967174530029e-02,2.169631887227296829e-03,1.707269847393035889e-01,1.337450742721557617e-01,4.416489005088806152e-01,1.178829520940780640e-01,-1.917540132999420166e-01,-1.307103633880615234e-01,1.367487311363220215e-01,-1.805826872587203979e-01,-1.626188158988952637e-01,1.294053196907043457e-01,-1.747360378503799438e-01,1.693188846111297607e-01,-1.167352683842182159e-02,1.628521084785461426e-01,1.270501967519521713e-02,-2.602555513381958008e+00,8.548989295959472656e-01,-1.597046732902526855e+00,1.104582548141479492e+00,-2.375771403312683105e-01,-3.874143213033676147e-02,3.216890692710876465e-01,-1.416121423244476318e-01,-2.803872525691986084e-01,8.906544446945190430e-01,1.311513423919677734e+00,-2.143924981355667114e-01,-6.561622768640518188e-02,-6.264411658048629761e-02
5.254055373370647430e-03,1.516169519163668156e-03,7.801120281219482422e-01,9.994609355926513672e-01,1.034947857260704041e-02,-3.109393455088138580e-02,1.965866889804601669e-03,1.702578216791152954e-01,1.341852247714996338e-01,4.420034587383270264e-01,1.177600547671318054e-01,-1.918676793575286865e-01,-1.305304020643234253e-01,1.357907801866531372e-01,-1.801179945468902588e-01,-1.621684879064559937e-01,1.292975693941116333e-01,-1.745424419641494751e-01,1.694403439760208130e-01,-1.147512253373861313e-02,1.613304018974304199e-01,1.335265673696994781e-02,-2.602768898010253906e+00,8.568308353424072266e-01,-1.594114303588867188e+00,1.098112702369689941e+00,-2.323235273361206055e-01,-3.859492018818855286e-02,3.234465718269348145e-01,-1.405387371778488159e-01,-2.800784707069396973e-01,8.914436101913452148e-01,1.309485197067260742e+00,-2.162140607833862305e-01,-6.600550562143325806e-02,-6.230979785323143005e-02
5.053305998444557190e-03,1.359614194370806217e-03,7.800945639610290527e-01,9.994705915451049805e-01,1.026996411383152008e-02,-3.081884048879146576e-02,1.806418527849018574e-03,1.697231829166412354e-01,1.345692873001098633e-01,4.423988759517669678e-01,1.175264492630958557e-01,-1.917123943567276001e-01,-1.302133947610855103e-01,1.345864981412887573e-01,-1.797692775726318359e-01,-1.617593169212341309e-01,1.290698051452636719e-01,-1.742639243602752686e-01,1.697340756654739380e-01,-1.131217740476131439e-02,1.597411036491394043e-01,1.397123746573925018e-02,-2.603440523147583008e+00,8.585148453712463379e-01,-1.592254400253295898e+00,1.091570854187011719e+00,-2.254376709461212158e-01,-3.840533643960952759e-02,3.255421817302703857e-01,-1.392991393804550171e-01,-2.798092663288116455e-01,8.915668725967407227e-01,1.308431625366210938e+00,-2.184185832738876343e-01,-6.610138714313507080e-02,-6.236484646797180176e-02
4.837234504520893097e-03,1.237037708051502705e-03,7.800531983375549316e-01,9.994794726371765137e-01,1.022571045905351639e-02,-3.054998256266117096e-02,1.722574234008789062e-03,1.689670085906982422e-01,1.348627060651779175e-01,4.426136612892150879e-01,1.173456609249114990e-01,-1.915070861577987671e-01,-1.298709511756896973e-01,1.333657801151275635e-01,-1.795089244842529297e-01,-1.615885496139526367e-01,1.289519816637039185e-01,-1.740277111530303955e-01,1.701778024435043335e-01,-1.155929081141948700e-02,1.578061282634735107e-01,1.489100232720375061e-02,-2.603654146194458008e+00,8.603649735450744629e-01,-1.590227246284484863e+00,1.083780407905578613e+00,-2.192102819681167603e-01,-3.852766752243041992e-02,3.276593685150146484e-01,-1.384631991386413574e-01,-2.796435952186584473e-01,8.923010826110839844e-01,1.308129787445068359e+00,-2.207841575145721436e-01,-6.565812975168228149e-02,-6.264325231313705444e-02
4.574985243380069733e-03,1.140322303399443626e-03,7.800273299217224121e-01,9.994886517524719238e-01,1.019007805734872818e-02,-3.025436028838157654e-02,1.814600196667015553e-03,1.677752286195755005e-01,1.350007355213165283e-01,4.423564672470092773e-01,1.172901839017868042e-01,-1.912945806980133057e-01,-1.296475082635879517e-01,1.320589184761047363e-01,-1.792843043804168701e-01,-1.618171334266662598e-01,1.288526952266693115e-01,-1.734693050384521484e-01,1.706000268459320068e-01,-1.188047509640455246e-02,1.557894796133041382e-01,1.606062427163124084e-02,-2.603614807128906250e+00,8.624639511108398438e-01,-1.587800025939941406e+00,1.074550151824951172e+00,-2.136986553668975830e-01,-3.858092799782752991e-02,3.308295309543609619e-01,-1.377984434366226196e-01,-2.798156142234802246e-01,8.925309777259826660e-01,1.308089256286621094e+00,-2.229362577199935913e-01,-6.497779488563537598e-02,-6.311320513486862183e-02
4.231998231261968613e-03,1.080227200873196125e-03,7.800401449203491211e-01,9.994966983795166016e-01,1.016208622604608536e-02,-2.998819388449192047e-02,1.967850141227245331e-03,1.663666963577270508e-01,1.349163502454757690e-01,4.416955113410949707e-01,1.174439266324043274e-01,-1.911786496639251709e-01,-1.294675320386886597e-01,1.308196485042572021e-01,-1.791518777608871460e-01,-1.622237712144851685e-01,1.288416981697082520e-01,-1.726582795381546021e-01,1.709787994623184204e-01,-1.209660246968269348e-02,1.537053436040878296e-01,1.758871972560882568e-02,-2.603518247604370117e+00,8.648100495338439941e-01,-1.583964109420776367e+00,1.063550949096679688e+00,-2.086938172578811646e-01,-3.783949092030525208e-02,3.351121842861175537e-01,-1.375892013311386108e-01,-2.805190980434417725e-01,8.937525749206542969e-01,1.307980298995971680e+00,-2.249826788902282715e-01,-6.415005773305892944e-02,-6.327290087938308716e-02
3.820013487711548805e-03,1.051485538482666016e-03,7.800810933113098145e-01,9.995027780532836914e-01,1.014895737171173096e-02,-2.978021651506423950e-02,2.093706512823700905e-03,1.649749130010604858e-01,1.346599310636520386e-01,4.411891698837280273e-01,1.176601871848106384e-01,-1.910080909729003906e-01,-1.294149160385131836e-01,1.297915577888488770e-01,-1.791875362396240234e-01,-1.626712530851364136e-01,1.286834329366683960e-01,-1.717651486396789551e-01,1.715211272239685059e-01,-1.194418221712112427e-02,1.515238732099533081e-01,1.946993917226791382e-02,-2.603364229202270508e+00,8.667723536491394043e-01,-1.579192996025085449e+00,1.051084041595458984e+00,-2.047491073608398438e-01,-3.627817332744598389e-02,3.392019569873809814e-01,-1.381301432847976685e-01,-2.818116843700408936e-01,8.954831361770629883e-01,1.307088613510131836e+00,-2.265379130840301514e-01,-6.317126005887985229e-02,-6.319208443164825439e-02
3.354972694069147110e-03,1.034497865475714207e-03,7.801275849342346191e-01,9.995066523551940918e-01,1.011146511882543564e-02,-2.965323068201541901e-02,2.207034500315785408e-03,1.639287471771240234e-01,1.344324052333831787e-01,4.408126771450042725e-01,1.177752092480659485e-01,-1.904494166374206543e-01,-1.292805820703506470e-01,1.288135498762130737e-01,-1.792205274105072021e-01,-1.629406064748764038e-01,1.285960376262664795e-01,-1.709087491035461426e-01,1.720807403326034546e-01,-1.149346120655536652e-02,1.492507755756378174e-01,2.158001065254211426e-02,-2.602811336517333984e+00,8.680918216705322266e-01,-1.573061704635620117e+00,1.037171363830566406e+00,-2.003685086965560913e-01,-3.409321606159210205e-02,3.435541987419128418e-01,-1.393996626138687134e-01,-2.833076119422912598e-01,8.980547785758972168e-01,1.305370926856994629e+00,-2.282195836305618286e-01,-6.218694522976875305e-02,-6.251329928636550903e-02
2.862607128918170929e-03,1.000700169242918491e-03,7.801638245582580566e-01,9.995099306106567383e-01,1.005243137478828430e-02,-2.955659851431846619e-02,2.284008776769042015e-03,1.630685180425643921e-01,1.344606876373291016e-01,4.406418502330780029e-01,1.177051961421966553e-01,-1.895670592784881592e-01,-1.291426569223403931e-01,1.276413798332214355e-01,-1.791796982288360596e-01,-1.630997657775878906e-01,1.284800618886947632e-01,-1.700076162815093994e-01,1.725073754787445068e-01,-1.084638945758342743e-02,1.467154920101165771e-01,2.382318302989006042e-02,-2.601586818695068359e+00,8.686759471893310547e-01,-1.566863536834716797e+00,1.022430062294006348e+00,-1.975865513086318970e-01,-3.174378722906112671e-02,3.474147617816925049e-01,-1.418112069368362427e-01,-2.847847342491149902e-01,9.002504348754882812e-01,1.302474141120910645e+00,-2.287880331277847290e-01,-6.103293597698211670e-02,-6.136331707239151001e-02
2.369922585785388947e-03,9.599752957001328468e-04,7.802014350891113281e-01,9.995112419128417969e-01,1.002039387822151184e-02,-2.950996905565261841e-02,2.447894541546702385e-03,1.620476990938186646e-01,1.347109824419021606e-01,4.405757188796997070e-01,1.177394092082977295e-01,-1.884754449129104614e-01,-1.289754509925842285e-01,1.263855993747711182e-01,-1.792217046022415161e-01,-1.635722219944000244e-01,1.283959150314331055e-01,-1.691748648881912231e-01,1.726387888193130493e-01,-1.027308963239192963e-02,1.437989622354507446e-01,2.622187510132789612e-02,-2.599040269851684570e+00,8.694067001342773438e-01,-1.560201168060302734e+00,1.006029129028320312e+00,-1.956643760204315186e-01,-2.978484705090522766e-02,3.517734408378601074e-01,-1.454008221626281738e-01,-2.861666381359100342e-01,9.011626839637756348e-01,1.298552274703979492e+00,-2.291473001241683960e-01,-5.986625701189041138e-02,-6.058822944760322571e-02
1.876789960078895092e-03,9.208244737237691879e-04,7.802540063858032227e-01,9.995120763778686523e-01,1.003320701420307159e-02,-2.945069782435894012e-02,2.758984919637441635e-03,1.602716892957687378e-01,1.350752264261245728e-01,4.402232170104980469e-01,1.182489097118377686e-01,-1.873265355825424194e-01,-1.286571025848388672e-01,1.249964982271194458e-01,-1.794099211692810059e-01,-1.644477397203445435e-01,1.284370869398117065e-01,-1.685772985219955444e-01,1.724393069744110107e-01,-1.004173699766397476e-02,1.401181071996688843e-01,2.896417863667011261e-02,-2.594773292541503906e+00,8.712469935417175293e-01,-1.551388144493103027e+00,9.848774075508117676e-01,-1.949483901262283325e-01,-2.873473241925239563e-02,3.566198050975799561e-01,-1.506480574607849121e-01,-2.877738177776336670e-01,9.021465182304382324e-01,1.293772220611572266e+00,-2.298272699117660522e-01,-5.834970995783805847e-02,-6.037315726280212402e-02
1.339374575763940811e-03,8.782258955761790276e-04,7.803341746330261230e-01,9.995127916336059570e-01,1.003571972250938416e-02,-2.938826195895671844e-02,3.124055685475468636e-03,1.581190079450607300e-01,1.355426460504531860e-01,4.400000572204589844e-01,1.191776245832443237e-01,-1.862585842609405518e-01,-1.284142732620239258e-01,1.234725490212440491e-01,-1.795761883258819580e-01,-1.653788089752197266e-01,1.286338269710540771e-01,-1.680156439542770386e-01,1.721680462360382080e-01,-9.744016453623771667e-03,1.358817219734191895e-01,3.215961903333663940e-02,-2.588724136352539062e+00,8.744113445281982422e-01,-1.539745330810546875e+00,9.579544067382812500e-01,-1.932340562343597412e-01,-2.725569717586040497e-02,3.627480268478393555e-01,-1.564575880765914917e-01,-2.899220883846282959e-01,9.029563665390014648e-01,1.287971973419189453e+00,-2.317309230566024780e-01,-5.625062435865402222e-02,-6.043812632560729980e-02
7.235665689222514629e-04,7.821595063433051109e-04,7.804227471351623535e-01,9.995115995407104492e-01,1.000831555575132370e-02,-2.939536049962043762e-02,3.506934270262718201e-03,1.559142917394638062e-01,1.360267698764801025e-01,4.400652647018432617e-01,1.204272881150245667e-01,-1.851571798324584961e-01,-1.285934448242187500e-01,1.221970319747924805e-01,-1.796941310167312622e-01,-1.662068068981170654e-01,1.290004551410675049e-01,-1.675790548324584961e-01,1.722138971090316772e-01,-9.356697089970111847e-03,1.312293708324432373e-01,3.587349131703376770e-02,-2.580982923507690430e+00,8.784592747688293457e-01,-1.525939345359802246e+00,9.258389472961425781e-01,-1.882207989692687988e-01,-2.535560727119445801e-02,3.707429468631744385e-01,-1.623398661613464355e-01,-2.924708724021911621e-01,9.036555290222167969e-01,1.281047105789184570e+00,-2.359827905893325806e-01,-5.371882393956184387e-02,-6.031798943877220154e-02
-4.990241723135113716e-05,6.032139062881469727e-04,7.804824113845825195e-01,9.995099306106567383e-01,9.898936375975608826e-03,-2.945730835199356079e-02,3.758803475648164749e-03,1.536854356527328491e-01,1.366475969552993774e-01,4.408231079578399658e-01,1.219721809029579163e-01,-1.841969192028045654e-01,-1.288725286722183228e-01,1.210963129997253418e-01,-1.796658039093017578e-01,-1.668487787246704102e-01,1.297052204608917236e-01,-1.669005453586578369e-01,1.729240566492080688e-01,-8.803662844002246857e-03,1.262037009000778198e-01,3.997692465782165527e-02,-2.569498062133789062e+00,8.840553164482116699e-01,-1.507985234260559082e+00,8.865440487861633301e-01,-1.795714050531387329e-01,-2.287891134619712830e-02,3.798554837703704834e-01,-1.678009331226348877e-01,-2.953382432460784912e-01,9.048070907592773438e-01,1.271505594253540039e+00,-2.414796501398086548e-01,-5.110504105687141418e-02,-5.955137684941291809e-02
-9.592350106686353683e-04,3.205438551958650351e-04,7.805311679840087891e-01,9.995069503784179688e-01,9.787518531084060669e-03,-2.956705354154109955e-02,3.980855923146009445e-03,1.511037647724151611e-01,1.374187022447586060e-01,4.423182308673858643e-01,1.238755360245704651e-01,-1.835455149412155151e-01,-1.284628212451934814e-01,1.202013418078422546e-01,-1.798420995473861694e-01,-1.682031154632568359e-01,1.310944259166717529e-01,-1.659597456455230713e-01,1.736406236886978149e-01,-8.522884920239448547e-03,1.208946108818054199e-01,4.419654607772827148e-02,-2.550890684127807617e+00,8.910644054412841797e-01,-1.483417987823486328e+00,8.397578001022338867e-01,-1.697480976581573486e-01,-2.106023021042346954e-02,3.888164758682250977e-01,-1.722735911607742310e-01,-2.979976236820220947e-01,9.055691361427307129e-01,1.259576439857482910e+00,-2.461150139570236206e-01,-4.836710169911384583e-02,-5.893365293741226196e-02
-1.980012981221079826e-03,8.782757504377514124e-05,7.806499004364013672e-01,9.995111823081970215e-01,9.784211404621601105e-03,-2.942148037254810333e-02,4.005164839327335358e-03,1.476585268974304199e-01,1.382607817649841309e-01,4.446406960487365723e-01,1.262881904840469360e-01,-1.838984042406082153e-01,-1.261146515607833862e-01,1.184104233980178833e-01,-1.805114299058914185e-01,-1.696505695581436157e-01,1.336015164852142334e-01,-1.649589687585830688e-01,1.736362129449844360e-01,-8.645859546959400177e-03,1.148213893175125122e-01,4.758463054895401001e-02,-2.522169351577758789e+00,8.987810611724853516e-01,-1.448912620544433594e+00,7.846179604530334473e-01,-1.568273156881332397e-01,-2.073533833026885986e-02,3.989381790161132812e-01,-1.750916093587875366e-01,-3.002628982067108154e-01,9.050927162170410156e-01,1.245563626289367676e+00,-2.458220422267913818e-01,-4.414428398013114929e-02,-5.811740085482597351e-02
