-6.076357793062925339e-03,-6.838412955403327942e-03,7.824057340621948242e-01,9.998949766159057617e-01,1.433791313320398331e-02,2.060173312202095985e-03,4.280157736502587795e-04,6.300581991672515869e-02,7.906095683574676514e-02,3.959689736366271973e-01,1.196008175611495972e-01,-1.597185432910919189e-01,-9.666697680950164795e-02,8.302485197782516479e-02,-1.133322417736053467e-01,-2.454508095979690552e-01,1.302582472562789917e-01,-2.198577970266342163e-01,9.499294310808181763e-02,-5.757009983062744141e-02,-2.783255279064178467e-02,8.343222737312316895e-02,-6.916490942239761353e-02,2.211862951517105103e-01,-8.354281187057495117e-01,1.173237204551696777e+00,-2.778760157525539398e-02,8.655671775341033936e-02,1.792793571949005127e-01,-1.815591454505920410e-01,-1.744986623525619507e-01,1.028038740158081055e+00,1.272262334823608398e+00,1.170392334461212158e-01,7.389959692955017090e-02,-5.437234416604042053e-02
-6.066528148949146271e-03,-6.696689408272504807e-03,7.824503779411315918e-01,9.998957514762878418e-01,1.412132009863853455e-02,1.418935949914157391e-03,-2.672769594937562943e-03,6.597356498241424561e-02,8.039639145135879517e-02,4.024219810962677002e-01,1.195080131292343140e-01,-1.620287448167800903e-01,-9.797051548957824707e-02,8.300398290157318115e-02,-1.125742942094802856e-01,-2.405358999967575073e-01,1.310039013624191284e-01,-2.184888571500778198e-01,9.551177173852920532e-02,-5.847810953855514526e-02,-2.777943015098571777e-02,8.281308412551879883e-02,-7.124988734722137451e-02,2.224114835262298584e-01,-8.463062644004821777e-01,1.173211812973022461e+00,-2.403101511299610138e-02,8.866402506828308105e-02,1.741885095834732056e-01,-1.809356957674026489e-01,-1.728586256504058838e-01,1.027443647384643555e+00,1.273824572563171387e+00,1.213161721825599670e-01,7.409445196390151978e-02,-5.384440720081329346e-02
-6.111796014010906219e-03,-6.643836852163076401e-03,7.823727726936340332e-01,9.998844265937805176e-01,1.379808504134416580e-02,8.525594021193683147e-04,-6.323436275124549866e-03,6.963473558425903320e-02,8.170085400342941284e-02,4.096779525279998779e-01,1.192177459597587585e-01,-1.636397242546081543e-01,-9.898005425930023193e-02,8.228680491447448730e-02,-1.114505901932716370e-01,-2.340420335531234741e-01,1.320729851722717285e-01,-2.173845469951629639e-01,9.506999701261520386e-02,-6.124881654977798462e-02,-2.792463637888431549e-02,8.208055049180984497e-02,-7.498440891504287720e-02,2.243178039789199829e-01,-8.582447767257690430e-01,1.172473073005676270e+00,-1.665524207055568695e-02,8.993373811244964600e-02,1.700105071067810059e-01,-1.804917156696319580e-01,-1.710700690746307373e-01,1.028228759765625000e+00,1.274612307548522949e+00,1.294122934341430664e-01,7.440475374460220337e-02,-5.423383414745330811e-02
-6.100962869822978973e-03,-6.547944620251655579e-03,7.823041677474975586e-01,9.998475909233093262e-01,1.334624644368886948e-02,4.533811006695032120e-04,-1.124381087720394135e-02,7.386258989572525024e-02,8.355137705802917480e-02,4.190275371074676514e-01,1.187237873673439026e-01,-1.653568297624588013e-01,-1.003409475088119507e-01,8.034359663724899292e-02,-1.094531863927841187e-01,-2.247201353311538696e-01,1.332717984914779663e-01,-2.161150127649307251e-01,9.422081708908081055e-02,-6.513475626707077026e-02,-2.862416394054889679e-02,8.059114962816238403e-02,-7.957421988248825073e-02,2.271961122751235962e-01,-8.710303902626037598e-01,1.170182943344116211e+00,-7.714224513620138168e-03,9.338966757059097290e-02,1.683770716190338135e-01,-1.796295940876007080e-01,-1.685910075902938843e-01,1.028541326522827148e+00,1.274520039558410645e+00,1.399037390947341919e-01,7.422298192977905273e-02,-5.502367764711380005e-02
-6.068870890885591507e-03,-6.441270466893911362e-03,7.822864055633544922e-01,9.997658729553222656e-01,1.268759462982416153e-02,4.145731800235807896e-04,-1.752430759370326996e-02,7.826144993305206299e-02,8.623910695314407349e-02,4.312636852264404297e-01,1.178764700889587402e-01,-1.674055606126785278e-01,-1.024129986763000488e-01,7.670580595731735229e-02,-1.062416955828666687e-01,-2.115392982959747314e-01,1.341820061206817627e-01,-2.142554968595504761e-01,9.280924499034881592e-02,-6.984384357929229736e-02,-2.949555777013301849e-02,7.830063253641128540e-02,-8.580349385738372803e-02,2.306289374828338623e-01,-8.833739757537841797e-01,1.164399027824401855e+00,1.316696405410766602e-03,9.860228747129440308e-02,1.689593344926834106e-01,-1.784291118383407593e-01,-1.659249514341354370e-01,1.027693986892700195e+00,1.272737264633178711e+00,1.507864445447921753e-01,7.400329411029815674e-02,-5.555199831724166870e-02
-6.026215385645627975e-03,-6.265929900109767914e-03,7.823572158813476562e-01,9.995974302291870117e-01,1.177205052226781845e-02,8.833754109218716621e-04,-2.579883113503456116e-02,8.275722712278366089e-02,8.986138552427291870e-02,4.477054774761199951e-01,1.168048828840255737e-01,-1.698635667562484741e-01,-1.052356734871864319e-01,7.116089761257171631e-02,-1.015789210796356201e-01,-1.937321126461029053e-01,1.341239959001541138e-01,-2.111437618732452393e-01,9.099607169628143311e-02,-7.645329833030700684e-02,-3.025331534445285797e-02,7.521914690732955933e-02,-9.457784891128540039e-02,2.346909791231155396e-01,-8.960908055305480957e-01,1.152091622352600098e+00,1.414017006754875183e-02,1.051649004220962524e-01,1.707407534122467041e-01,-1.775438934564590454e-01,-1.632525175809860229e-01,1.026612520217895508e+00,1.269263982772827148e+00,1.611868143081665039e-01,7.371089607477188110e-02,-5.575473606586456299e-02
-5.981996655464172363e-03,-6.010971032083034515e-03,7.825322151184082031e-01,9.992938041687011719e-01,1.069705653935670853e-02,1.907713594846427441e-03,-3.596936538815498352e-02,8.651550859212875366e-02,9.414739906787872314e-02,4.678962230682373047e-01,1.159289106726646423e-01,-1.725167185068130493e-01,-1.084069237112998962e-01,6.366878747940063477e-02,-9.599372744560241699e-02,-1.726495176553726196e-01,1.330401450395584106e-01,-2.067922502756118774e-01,8.925337344408035278e-02,-8.513224869966506958e-02,-3.033907525241374969e-02,7.199272513389587402e-02,-1.064307540655136108e-01,2.387809902429580688e-01,-9.094090461730957031e-01,1.131924033164978027e+00,3.175939619541168213e-02,1.123776361346244812e-01,1.742750257253646851e-01,-1.773954182863235474e-01,-1.611507982015609741e-01,1.024925708770751953e+00,1.265657663345336914e+00,1.697251051664352417e-01,7.291899621486663818e-02,-5.600192397832870483e-02
-6.011543329805135727e-03,-5.648112390190362930e-03,7.827267646789550781e-01,9.987782835960388184e-01,9.502853266894817352e-03,3.344015683978796005e-03,-4.837733507156372070e-02,9.006746858358383179e-02,9.897132962942123413e-02,4.925336837768554688e-01,1.152541786432266235e-01,-1.755576729774475098e-01,-1.115916520357131958e-01,5.423686280846595764e-02,-8.959041535854339600e-02,-1.473336666822433472e-01,1.314330101013183594e-01,-2.013648301362991333e-01,8.779984712600708008e-02,-9.643074125051498413e-02,-2.933672629296779633e-02,6.897665560245513916e-02,-1.227605864405632019e-01,2.427088320255279541e-01,-9.257288575172424316e-01,1.102749109268188477e+00,5.293402075767517090e-02,1.199006661772727966e-01,1.794542968273162842e-01,-1.777558326721191406e-01,-1.599013358354568481e-01,1.021502256393432617e+00,1.262813568115234375e+00,1.774391382932662964e-01,7.208697497844696045e-02,-5.673050135374069214e-02
-6.280118599534034729e-03,-4.972943104803562164e-03,7.828794717788696289e-01,9.979562759399414062e-01,8.220140822231769562e-03,4.899985622614622116e-03,-6.317937374114990234e-02,9.445828944444656372e-02,1.040913015604019165e-01,5.223609805107116699e-01,1.147833988070487976e-01,-1.793386936187744141e-01,-1.143944337964057922e-01,4.293953627347946167e-02,-8.263447135686874390e-02,-1.174578517675399780e-01,1.302946209907531738e-01,-1.955110579729080200e-01,8.672282844781875610e-02,-1.103684380650520325e-01,-2.687946520745754242e-02,6.684415042400360107e-02,-1.449998319149017334e-01,2.462207525968551636e-01,-9.474596381187438965e-01,1.065095543861389160e+00,7.958776503801345825e-02,1.273210644721984863e-01,1.852772980928421021e-01,-1.790172308683395386e-01,-1.592763066291809082e-01,1.016310811042785645e+00,1.261263966560363770e+00,1.872472614049911499e-01,7.200679183006286621e-02,-5.789999291300773621e-02
-6.608583498746156693e-03,-4.066518507897853851e-03,7.829301953315734863e-01,9.967263340950012207e-01,6.887164432555437088e-03,6.336835678666830063e-03,-8.030608296394348145e-02,1.002363711595535278e-01,1.091467812657356262e-01,5.563563108444213867e-01,1.147559881210327148e-01,-1.839089393615722656e-01,-1.167795732617378235e-01,3.042932413518428802e-02,-7.539193332195281982e-02,-8.428342640399932861e-02,1.299679130315780640e-01,-1.893001198768615723e-01,8.602146059274673462e-02,-1.266105324029922485e-01,-2.271219901740550995e-02,6.629025936126708984e-02,-1.744653284549713135e-01,2.493218332529067993e-01,-9.757575392723083496e-01,1.020541906356811523e+00,1.137947514653205872e-01,1.356459110975265503e-01,1.903132796287536621e-01,-1.814766228199005127e-01,-1.594760268926620483e-01,1.008901357650756836e+00,1.260750293731689453e+00,2.016598284244537354e-01,7.244361191987991333e-02,-5.979628115892410278e-02
-7.008178625255823135e-03,-2.798302331939339638e-03,7.829174399375915527e-01,9.949843287467956543e-01,5.399648100137710571e-03,7.573567796498537064e-03,-9.959715604782104492e-02,1.080702841281890869e-01,1.140930578112602234e-01,5.945411920547485352e-01,1.147265732288360596e-01,-1.891294419765472412e-01,-1.190982311964035034e-01,1.702122576534748077e-02,-6.719955056905746460e-02,-4.769300296902656555e-02,1.305519640445709229e-01,-1.826650798320770264e-01,8.515304327011108398e-02,-1.445676982402801514e-01,-1.647040806710720062e-02,6.733098626136779785e-02,-2.125474512577056885e-01,2.525350451469421387e-01,-1.011545181274414062e+00,9.681856632232666016e-01,1.553282290697097778e-01,1.453465074300765991e-01,1.926193684339523315e-01,-1.847626119852066040e-01,-1.607565283775329590e-01,9.990625977516174316e-01,1.260503053665161133e+00,2.181089818477630615e-01,7.284524291753768921e-02,-6.188347563147544861e-02
-7.400545757263898849e-03,-1.190642127767205238e-03,7.828841805458068848e-01,9.926074743270874023e-01,3.740557003766298294e-03,8.604162372648715973e-03,-1.210060790181159973e-01,1.185929179191589355e-01,1.185418590903282166e-01,6.373119354248046875e-01,1.137426495552062988e-01,-1.941285580396652222e-01,-1.214733123779296875e-01,3.477063495665788651e-03,-5.751228705048561096e-02,-7.312988396733999252e-03,1.314606815576553345e-01,-1.748880743980407715e-01,8.413607627153396606e-02,-1.641406118869781494e-01,-8.461648598313331604e-03,6.968291103839874268e-02,-2.606897950172424316e-01,2.567870318889617920e-01,-1.053886651992797852e+00,9.076765775680541992e-01,2.018087804317474365e-01,1.553947925567626953e-01,1.898311972618103027e-01,-1.883127093315124512e-01,-1.630795449018478394e-01,9.888243079185485840e-01,1.260087132453918457e+00,2.326513528823852539e-01,7.260021567344665527e-02,-6.339752674102783203e-02
-7.706783246248960495e-03,5.816891789436340332e-04,7.829030752182006836e-01,9.895729422569274902e-01,2.142508747056126595e-03,9.563515894114971161e-03,-1.436985135078430176e-01,1.308186799287796021e-01,1.216480508446693420e-01,6.830010414123535156e-01,1.106785014271736145e-01,-1.978877484798431396e-01,-1.240031421184539795e-01,-9.613885544240474701e-03,-4.674715921282768250e-02,3.593924641609191895e-02,1.316654980182647705e-01,-1.658631414175033569e-01,8.375553786754608154e-02,-1.852684020996093750e-01,8.209450606955215335e-05,7.228037714958190918e-02,-3.191233575344085693e-01,2.619042396545410156e-01,-1.096942543983459473e+00,8.412097096443176270e-01,2.453430444002151489e-01,1.634056717157363892e-01,1.825534552335739136e-01,-1.914533972740173340e-01,-1.659464240074157715e-01,9.796197414398193359e-01,1.260198116302490234e+00,2.409922480583190918e-01,7.158295810222625732e-02,-6.431737542152404785e-02
-7.834097370505332947e-03,2.349260263144969940e-03,7.829736471176147461e-01,9.858465790748596191e-01,6.624479428865015507e-04,1.044765859842300415e-02,-1.673230081796646118e-01,1.443094462156295776e-01,1.232720464468002319e-01,7.304057478904724121e-01,1.057423874735832214e-01,-2.008235901594161987e-01,-1.266921162605285645e-01,-2.191932871937751770e-02,-3.526563197374343872e-02,8.139444887638092041e-02,1.304767280817031860e-01,-1.555775851011276245e-01,8.476533740758895874e-02,-2.085098624229431152e-01,8.409911766648292542e-03,7.444760948419570923e-02,-3.886211514472961426e-01,2.665068805217742920e-01,-1.136728167533874512e+00,7.704477906227111816e-01,2.778095006942749023e-01,1.668094396591186523e-01,1.743003875017166138e-01,-1.939703077077865601e-01,-1.688240319490432739e-01,9.704945087432861328e-01,1.261802434921264648e+00,2.419979870319366455e-01,7.065276056528091431e-02,-6.515115499496459961e-02
-7.725145202130079269e-03,3.975317813456058502e-03,7.830047607421875000e-01,9.814609289169311523e-01,-6.818919209763407707e-04,1.112810056656599045e-02,-1.913377940654754639e-01,1.585879325866699219e-01,1.235904172062873840e-01,7.782304883003234863e-01,1.003167331218719482e-01,-2.038270384073257446e-01,-1.293318271636962891e-01,-3.286879137158393860e-02,-2.367440424859523773e-02,1.268418729305267334e-01,1.282409578561782837e-01,-1.452989876270294189e-01,8.736442774534225464e-02,-2.333575189113616943e-01,1.612297631800174713e-02,7.612287998199462891e-02,-4.661213159561157227e-01,2.684459984302520752e-01,-1.169818401336669922e+00,7.004578709602355957e-01,2.978825271129608154e-01,1.652328819036483765e-01,1.667995899915695190e-01,-1.958037614822387695e-01,-1.715254634618759155e-01,9.625060558319091797e-01,1.264686346054077148e+00,2.403091043233871460e-01,6.976631283760070801e-02,-6.726985424757003784e-02
-7.355554495006799698e-03,5.419497843831777573e-03,7.828864455223083496e-01,9.763891100883483887e-01,-2.019239589571952820e-03,1.164102833718061447e-02,-2.156959772109985352e-01,1.738770157098770142e-01,1.230083182454109192e-01,8.270403742790222168e-01,9.488882869482040405e-02,-2.071177065372467041e-01,-1.323321312665939331e-01,-4.258295521140098572e-02,-1.171857491135597229e-02,1.722381263971328735e-01,1.256261914968490601e-01,-1.358087360858917236e-01,9.050992876291275024e-02,-2.588321864604949951e-01,2.338315173983573914e-02,7.755334675312042236e-02,-5.479805469512939453e-01,2.665260136127471924e-01,-1.193282604217529297e+00,6.419110894203186035e-01,3.054731488227844238e-01,1.597041040658950806e-01,1.613758057355880737e-01,-1.973573565483093262e-01,-1.742607504129409790e-01,9.564900994300842285e-01,1.267688870429992676e+00,2.401354908943176270e-01,6.871719658374786377e-02,-7.209849357604980469e-02
-6.736104376614093781e-03,6.672117393463850021e-03,7.826617956161499023e-01,9.706147909164428711e-01,-3.465161425992846489e-03,1.214101258665323257e-02,-2.403071075677871704e-01,1.900031715631484985e-01,1.217876151204109192e-01,8.768514990806579590e-01,8.938881754875183105e-02,-2.104964554309844971e-01,-1.360022127628326416e-01,-5.126666650176048279e-02,1.177706057205796242e-03,2.181899547576904297e-01,1.231487095355987549e-01,-1.265922337770462036e-01,9.376432001590728760e-02,-2.844460010528564453e-01,3.057036362588405609e-02,7.856918126344680786e-02,-6.331139802932739258e-01,2.615531384944915771e-01,-1.205685853958129883e+00,6.043363809585571289e-01,3.022385835647583008e-01,1.515468060970306396e-01,1.591973751783370972e-01,-1.982550472021102905e-01,-1.774590164422988892e-01,9.515001773834228516e-01,1.270404100418090820e+00,2.422008812427520752e-01,6.706836074590682983e-02,-7.891341298818588257e-02
-5.913330242037773132e-03,7.657738402485847473e-03,7.824051976203918457e-01,9.643004536628723145e-01,-4.982559476047754288e-03,1.274445280432701111e-02,-2.644568681716918945e-01,2.060825675725936890e-01,1.202046796679496765e-01,9.260452985763549805e-01,8.411261439323425293e-02,-2.134920209646224976e-01,-1.401973068714141846e-01,-5.893342196941375732e-02,1.481170952320098877e-02,2.636601328849792480e-01,1.208665668964385986e-01,-1.173606216907501221e-01,9.715753048658370972e-02,-3.094408810138702393e-01,3.778321295976638794e-02,7.865764945745468140e-02,-7.205448746681213379e-01,2.551105618476867676e-01,-1.209016561508178711e+00,5.909610986709594727e-01,2.893620729446411133e-01,1.404561251401901245e-01,1.603374928236007690e-01,-1.983946114778518677e-01,-1.812950670719146729e-01,9.474613070487976074e-01,1.273325204849243164e+00,2.447288036346435547e-01,6.521313637495040894e-02,-8.637873083353042603e-02
-4.917397629469633102e-03,8.345669135451316833e-03,7.821169495582580566e-01,9.575970768928527832e-01,-6.461275275796651840e-03,1.340484619140625000e-02,-2.877263128757476807e-01,2.219669222831726074e-01,1.180724129080772400e-01,9.737709760665893555e-01,7.888487726449966431e-02,-2.156942039728164673e-01,-1.446844637393951416e-01,-6.543062627315521240e-02,2.847448922693729401e-02,3.073896765708923340e-01,1.187401562929153442e-01,-1.084886565804481506e-01,1.011349931359291077e-01,-3.344328999519348145e-01,4.490483552217483521e-02,7.781864702701568604e-02,-8.082552552223205566e-01,2.477949410676956177e-01,-1.205678462982177734e+00,6.007475256919860840e-01,2.707126140594482422e-01,1.279378831386566162e-01,1.617674678564071655e-01,-1.968485265970230103e-01,-1.857643276453018188e-01,9.437423348426818848e-01,1.275489687919616699e+00,2.469720840454101562e-01,6.307929009199142456e-02,-9.341236948966979980e-02
-3.845799015834927559e-03,8.710399270057678223e-03,7.817908525466918945e-01,9.507297873497009277e-01,-7.796516176313161850e-03,1.411710027605295181e-02,-3.096007406711578369e-01,2.369012087583541870e-01,1.155929788947105408e-01,1.018637180328369141e+00,7.405091077089309692e-02,-2.169401347637176514e-01,-1.495591849088668823e-01,-7.125158607959747314e-02,4.192047193646430969e-02,3.484927117824554443e-01,1.173381656408309937e-01,-1.004023030400276184e-01,1.054127216339111328e-01,-3.593063652515411377e-01,5.194684118032455444e-02,7.614222168922424316e-02,-8.939104676246643066e-01,2.391462773084640503e-01,-1.198362231254577637e+00,6.327044963836669922e-01,2.508348822593688965e-01,1.155300661921501160e-01,1.607239097356796265e-01,-1.933570206165313721e-01,-1.906311959028244019e-01,9.398751258850097656e-01,1.276423931121826172e+00,2.485918849706649780e-01,6.037740781903266907e-02,-1.001486405730247498e-01
-2.751972759142518044e-03,8.792081847786903381e-03,7.814592123031616211e-01,9.439577460289001465e-01,-8.920024149119853973e-03,1.485860813409090042e-02,-3.296109437942504883e-01,2.503189444541931152e-01,1.130142956972122192e-01,1.060316562652587891e+00,6.991668045520782471e-02,-2.173276692628860474e-01,-1.542690545320510864e-01,-7.629502564668655396e-02,5.459881573915481567e-02,3.862494528293609619e-01,1.165766343474388123e-01,-9.308616816997528076e-02,1.099059358239173889e-01,-3.843108415603637695e-01,5.888567119836807251e-02,7.432442903518676758e-02,-9.745845794677734375e-01,2.289922386407852173e-01,-1.191554069519042969e+00,6.856303811073303223e-01,2.324048727750778198e-01,1.047417670488357544e-01,1.567243784666061401e-01,-1.871592104434967041e-01,-1.957059204578399658e-01,9.338773488998413086e-01,1.276244759559631348e+00,2.496723234653472900e-01,5.732507258653640747e-02,-1.069139018654823303e-01
-1.700437860563397408e-03,8.620588108897209167e-03,7.811378836631774902e-01,9.374771714210510254e-01,-9.825792163610458374e-03,1.559786405414342880e-02,-3.475581705570220947e-01,2.623779773712158203e-01,1.102985590696334839e-01,1.098502993583679199e+00,6.617141515016555786e-02,-2.171418815851211548e-01,-1.585777848958969116e-01,-8.042155206203460693e-02,6.640034168958663940e-02,4.201637208461761475e-01,1.162572354078292847e-01,-8.699257671833038330e-02,1.142318546772003174e-01,-4.088060855865478516e-01,6.559856981039047241e-02,7.293921709060668945e-02,-1.049607634544372559e+00,2.179335504770278931e-01,-1.190508961677551270e+00,7.563083171844482422e-01,2.158113569021224976e-01,9.633003920316696167e-02,1.508658826351165771e-01,-1.784749776124954224e-01,-2.008486837148666382e-01,9.256922602653503418e-01,1.276063203811645508e+00,2.505026757717132568e-01,5.416540056467056274e-02,-1.136681213974952698e-01
-5.722171626985073090e-04,8.166580460965633392e-03,7.807876467704772949e-01,9.312881231307983398e-01,-1.056743133813142776e-02,1.657924614846706390e-02,-3.637525141239166260e-01,2.730734348297119141e-01,1.074950620532035828e-01,1.133302450180053711e+00,6.267576664686203003e-02,-2.166307121515274048e-01,-1.623409688472747803e-01,-8.411530405282974243e-02,7.747548818588256836e-02,4.504303336143493652e-01,1.157756149768829346e-01,-8.112882822751998901e-02,1.178763955831527710e-01,-4.318684041500091553e-01,7.264282554388046265e-02,7.176444679498672485e-02,-1.120487928390502930e+00,2.066723108291625977e-01,-1.196219563484191895e+00,8.375855088233947754e-01,2.005058079957962036e-01,9.088825434446334839e-02,1.426991075277328491e-01,-1.681561619043350220e-01,-2.060590982437133789e-01,9.166793823242187500e-01,1.277208328247070312e+00,2.510421574115753174e-01,5.143205448985099792e-02,-1.197398602962493896e-01
4.805492353625595570e-04,7.716350257396697998e-03,7.804411053657531738e-01,9.252822995185852051e-01,-1.116614136844873428e-02,1.787092909216880798e-02,-3.786933422088623047e-01,2.823618054389953613e-01,1.042670607566833496e-01,1.166072130203247070e+00,5.898727849125862122e-02,-2.158929854631423950e-01,-1.657115668058395386e-01,-8.792962878942489624e-02,8.813072741031646729e-02,4.786536693572998047e-01,1.154309362173080444e-01,-7.544302195310592651e-02,1.207462772727012634e-01,-4.530715644359588623e-01,8.052319288253784180e-02,7.087835669517517090e-02,-1.186164736747741699e+00,1.967616081237792969e-01,-1.206208109855651855e+00,9.191818237304687500e-01,1.845155358314514160e-01,8.877001702785491943e-02,1.317097693681716919e-01,-1.575927138328552246e-01,-2.110012322664260864e-01,9.067614078521728516e-01,1.281084418296813965e+00,2.513400912284851074e-01,4.929915070533752441e-02,-1.244339421391487122e-01
1.506651053205132484e-03,7.268766406923532486e-03,7.801252007484436035e-01,9.194470047950744629e-01,-1.161911245435476303e-02,1.929451525211334229e-02,-3.925683200359344482e-01,2.905859947204589844e-01,1.005369126796722412e-01,1.195719122886657715e+00,5.551680177450180054e-02,-2.152603268623352051e-01,-1.681961268186569214e-01,-9.161055833101272583e-02,9.830905497074127197e-02,5.052570700645446777e-01,1.153994277119636536e-01,-7.047478109598159790e-02,1.230474337935447693e-01,-4.720571041107177734e-01,8.889163285493850708e-02,7.066365331411361694e-02,-1.245735645294189453e+00,1.890877783298492432e-01,-1.215673923492431641e+00,9.922660589218139648e-01,1.662612259387969971e-01,8.989785611629486084e-02,1.186095699667930603e-01,-1.473068892955780029e-01,-2.156523168087005615e-01,8.945516943931579590e-01,1.287721633911132812e+00,2.494657635688781738e-01,4.811010509729385376e-02,-1.269665360450744629e-01
2.509482437744736671e-03,6.833595689386129379e-03,7.798578143119812012e-01,9.140950441360473633e-01,-1.188242807984352112e-02,2.093286439776420593e-02,-4.047849476337432861e-01,2.967121601104736328e-01,9.662248194217681885e-02,1.220862627029418945e+00,5.222581699490547180e-02,-2.146293967962265015e-01,-1.700254231691360474e-01,-9.505313634872436523e-02,1.072806492447853088e-01,5.287641286849975586e-01,1.150558665394783020e-01,-6.584252417087554932e-02,1.252120882272720337e-01,-4.885381460189819336e-01,9.755285829305648804e-02,7.063005119562149048e-02,-1.298849821090698242e+00,1.833830624818801880e-01,-1.222407817840576172e+00,1.051648020744323730e+00,1.477237343788146973e-01,9.245461225509643555e-02,1.051013022661209106e-01,-1.379603743553161621e-01,-2.196563333272933960e-01,8.813002705574035645e-01,1.296431064605712891e+00,2.462748140096664429e-01,4.840194061398506165e-02,-1.278090476989746094e-01
3.485683584585785866e-03,6.409236229956150055e-03,7.796555757522583008e-01,9.094938635826110840e-01,-1.201571337878704071e-02,2.250615879893302917e-02,-4.149337410926818848e-01,3.012037277221679688e-01,9.309809654951095581e-02,1.240433812141418457e+00,4.961913824081420898e-02,-2.138958722352981567e-01,-1.712010651826858521e-01,-9.790609776973724365e-02,1.145902201533317566e-01,5.481795072555541992e-01,1.145484447479248047e-01,-6.196101009845733643e-02,1.271938085556030273e-01,-5.021336078643798828e-01,1.054275631904602051e-01,7.100271433591842651e-02,-1.345440506935119629e+00,1.791005879640579224e-01,-1.225810289382934570e+00,1.097669720649719238e+00,1.296878457069396973e-01,9.495868533849716187e-02,9.373920410871505737e-02,-1.301584541797637939e-01,-2.225187569856643677e-01,8.678960204124450684e-01,1.305059909820556641e+00,2.425017356872558594e-01,4.984087869524955750e-02,-1.279914081096649170e-01
4.403031896799802780e-03,6.092861760407686234e-03,7.794811129570007324e-01,9.055164456367492676e-01,-1.204298529773950577e-02,2.386870980262756348e-02,-4.234680533409118652e-01,3.046734631061553955e-01,8.973858505487442017e-02,1.256221890449523926e+00,4.741460829973220825e-02,-2.132361531257629395e-01,-1.721647083759307861e-01,-1.000627502799034119e-01,1.205416098237037659e-01,5.644312500953674316e-01,1.141927018761634827e-01,-5.891798064112663269e-02,1.292911618947982788e-01,-5.130931138992309570e-01,1.121197864413261414e-01,7.185475528240203857e-02,-1.387201189994812012e+00,1.756358742713928223e-01,-1.227447390556335449e+00,1.134414911270141602e+00,1.134095713496208191e-01,9.771669656038284302e-02,8.357552438974380493e-02,-1.238389611244201660e-01,-2.240766286849975586e-01,8.555452823638916016e-01,1.311783432960510254e+00,2.392667829990386963e-01,5.112083256244659424e-02,-1.276600211858749390e-01
5.250888876616954803e-03,5.885654594749212265e-03,7.793595194816589355e-01,9.020114541053771973e-01,-1.199539285153150558e-02,2.504706569015979767e-02,-4.308179616928100586e-01,3.073912858963012695e-01,8.653159439563751221e-02,1.269976854324340820e+00,4.561257734894752502e-02,-2.125521749258041382e-01,-1.731693297624588013e-01,-1.018554493784904480e-01,1.254172474145889282e-01,5.785331726074218750e-01,1.139608770608901978e-01,-5.623424053192138672e-02,1.313915103673934937e-01,-5.219047665596008301e-01,1.178375184535980225e-01,7.325637340545654297e-02,-1.425616025924682617e+00,1.722986698150634766e-01,-1.227170944213867188e+00,1.165205240249633789e+00,9.816563129425048828e-02,1.008684933185577393e-01,7.471217960119247437e-02,-1.185941100120544434e-01,-2.244293689727783203e-01,8.442832827568054199e-01,1.315742015838623047e+00,2.360371351242065430e-01,5.111402273178100586e-02,-1.266773939132690430e-01
6.018820684403181076e-03,5.760329309850931168e-03,7.793107032775878906e-01,8.990368247032165527e-01,-1.193549949675798416e-02,2.605081535875797272e-02,-4.369344413280487061e-01,3.094674944877624512e-01,8.360866457223892212e-02,1.281663775444030762e+00,4.408062621951103210e-02,-2.118944674730300903e-01,-1.746222525835037231e-01,-1.034717410802841187e-01,1.292850673198699951e-01,5.901644229888916016e-01,1.137039437890052795e-01,-5.390168353915214539e-02,1.330762505531311035e-01,-5.288274884223937988e-01,1.227984428405761719e-01,7.510083168745040894e-02,-1.460730433464050293e+00,1.687691062688827515e-01,-1.225497245788574219e+00,1.192320704460144043e+00,8.517569303512573242e-02,1.047399863600730896e-01,6.719475984573364258e-02,-1.143851503729820251e-01,-2.236576974391937256e-01,8.349800705909729004e-01,1.316950201988220215e+00,2.330455034971237183e-01,4.959958419203758240e-02,-1.258918195962905884e-01
6.693959236145019531e-03,5.693921353667974472e-03,7.792924642562866211e-01,8.965815305709838867e-01,-1.192325819283723831e-02,2.688404172658920288e-02,-4.419012367725372314e-01,3.113837242126464844e-01,8.119007200002670288e-02,1.291415929794311523e+00,4.289255291223526001e-02,-2.113492786884307861e-01,-1.760900616645812988e-01,-1.049780547618865967e-01,1.326835304498672485e-01,5.997583270072937012e-01,1.137242168188095093e-01,-5.226327851414680481e-02,1.341580599546432495e-01,-5.344318747520446777e-01,1.270834803581237793e-01,7.732599973678588867e-02,-1.492572903633117676e+00,1.655029356479644775e-01,-1.223193168640136719e+00,1.216833591461181641e+00,7.213954627513885498e-02,1.093254685401916504e-01,5.957508459687232971e-02,-1.113654822111129761e-01,-2.217698544263839722e-01,8.270930051803588867e-01,1.316353678703308105e+00,2.310311049222946167e-01,4.716689139604568481e-02,-1.251990795135498047e-01
7.260127924382686615e-03,5.694985855370759964e-03,7.792733311653137207e-01,8.946875333786010742e-01,-1.184930279850959778e-02,2.757657505571842194e-02,-4.456830918788909912e-01,3.128335773944854736e-01,7.911727577447891235e-02,1.298977851867675781e+00,4.201261326670646667e-02,-2.110826671123504639e-01,-1.768314391374588013e-01,-1.064036488533020020e-01,1.352564841508865356e-01,6.072582006454467773e-01,1.136892139911651611e-01,-5.104947462677955627e-02,1.350802928209304810e-01,-5.385577678680419922e-01,1.307565122842788696e-01,7.934807240962982178e-02,-1.520458459854125977e+00,1.623086184263229370e-01,-1.221334695816040039e+00,1.238447904586791992e+00,6.229588761925697327e-02,1.135979667305946350e-01,5.212122946977615356e-02,-1.096386164426803589e-01,-2.193661928176879883e-01,8.211871385574340820e-01,1.314475059509277344e+00,2.302439212799072266e-01,4.444747418165206909e-02,-1.253517568111419678e-01
7.739190012216567993e-03,5.766677670180797577e-03,7.792696952819824219e-01,8.932588100433349609e-01,-1.175243780016899109e-02,2.807804942131042480e-02,-4.485110640525817871e-01,3.140366673469543457e-01,7.757220417261123657e-02,1.304271459579467773e+00,4.146748408675193787e-02,-2.110667526721954346e-01,-1.768878251314163208e-01,-1.076267287135124207e-01,1.371437907218933105e-01,6.128560900688171387e-01,1.137956455349922180e-01,-5.033703520894050598e-02,1.358375549316406250e-01,-5.415884852409362793e-01,1.339092403650283813e-01,8.128895610570907593e-02,-1.545027375221252441e+00,1.594073176383972168e-01,-1.219962239265441895e+00,1.256382703781127930e+00,5.375717207789421082e-02,1.179057285189628601e-01,4.480974748730659485e-02,-1.092271804809570312e-01,-2.168722003698348999e-01,8.166097402572631836e-01,1.312392354011535645e+00,2.302204817533493042e-01,4.161814600229263306e-02,-1.263409256935119629e-01
8.139419369399547577e-03,5.865908227860927582e-03,7.792741060256958008e-01,8.922097086906433105e-01,-1.159146521240472794e-02,2.845747582614421844e-02,-4.505748152732849121e-01,3.147732019424438477e-01,7.637779414653778076e-02,1.307675838470458984e+00,4.121226444840431213e-02,-2.113083302974700928e-01,-1.764262169599533081e-01,-1.086672022938728333e-01,1.381731033325195312e-01,6.167503595352172852e-01,1.139312759041786194e-01,-4.955958947539329529e-02,1.366392225027084351e-01,-5.435380935668945312e-01,1.365172863006591797e-01,8.294419199228286743e-02,-1.566216826438903809e+00,1.565948575735092163e-01,-1.219471096992492676e+00,1.271414279937744141e+00,4.714648425579071045e-02,1.216829121112823486e-01,3.834060579538345337e-02,-1.103083342313766479e-01,-2.143614739179611206e-01,8.135814070701599121e-01,1.310425281524658203e+00,2.312573790550231934e-01,3.889966011047363281e-02,-1.278300881385803223e-01
8.479114621877670288e-03,5.955364089459180832e-03,7.793174982070922852e-01,8.914955854415893555e-01,-1.142363436520099640e-02,2.873055823147296906e-02,-4.519731402397155762e-01,3.149407804012298584e-01,7.527376711368560791e-02,1.309367895126342773e+00,4.094268009066581726e-02,-2.117548286914825439e-01,-1.758865565061569214e-01,-1.093808338046073914e-01,1.384653747081756592e-01,6.190150976181030273e-01,1.141480430960655212e-01,-4.912010580301284790e-02,1.376524120569229126e-01,-5.447518825531005859e-01,1.385402232408523560e-01,8.445378392934799194e-02,-1.584057450294494629e+00,1.534132659435272217e-01,-1.218803405761718750e+00,1.284157991409301758e+00,4.181417822837829590e-02,1.254229843616485596e-01,3.309390693902969360e-02,-1.124236434698104858e-01,-2.117308676242828369e-01,8.112677335739135742e-01,1.308982372283935547e+00,2.327442020177841187e-01,3.634630888700485229e-02,-1.291521191596984863e-01
8.754672482609748840e-03,6.050562486052513123e-03,7.793771624565124512e-01,8.910073041915893555e-01,-1.131326518952846527e-02,2.889071032404899597e-02,-4.529275000095367432e-01,3.151004910469055176e-01,7.416711747646331787e-02,1.310249090194702148e+00,4.054606333374977112e-02,-2.123870551586151123e-01,-1.758535653352737427e-01,-1.099950000643730164e-01,1.383555382490158081e-01,6.203421354293823242e-01,1.143981143832206726e-01,-4.877611994743347168e-02,1.390226930379867554e-01,-5.453522205352783203e-01,1.401401460170745850e-01,8.589509874582290649e-02,-1.599340200424194336e+00,1.500130444765090942e-01,-1.217471599578857422e+00,1.295124769210815430e+00,3.781118616461753845e-02,1.286650896072387695e-01,2.957517653703689575e-02,-1.150679513812065125e-01,-2.093484699726104736e-01,8.085556030273437500e-01,1.307885408401489258e+00,2.344201952219009399e-01,3.386988863348960876e-02,-1.304392516613006592e-01
8.985206484794616699e-03,6.116842851042747498e-03,7.794291377067565918e-01,8.907211422920227051e-01,-1.131515018641948700e-02,2.895265817642211914e-02,-4.534860551357269287e-01,3.155245780944824219e-01,7.320251315832138062e-02,1.310328602790832520e+00,3.993831574916839600e-02,-2.128068655729293823e-01,-1.759348958730697632e-01,-1.103440746665000916e-01,1.381530612707138062e-01,6.210157275199890137e-01,1.146898418664932251e-01,-4.848484322428703308e-02,1.400454044342041016e-01,-5.455448031425476074e-01,1.414588987827301025e-01,8.726976066827774048e-02,-1.612220764160156250e+00,1.466097831726074219e-01,-1.215733528137207031e+00,1.304713964462280273e+00,3.398997336626052856e-02,1.309890449047088623e-01,2.770322933793067932e-02,-1.176090314984321594e-01,-2.073047906160354614e-01,8.053081631660461426e-01,1.306701779365539551e+00,2.361838370561599731e-01,3.152154758572578430e-02,-1.319289803504943848e-01
9.191135875880718231e-03,6.169555708765983582e-03,7.794767618179321289e-01,8.905062079429626465e-01,-1.140822563320398331e-02,2.885704301297664642e-02,-4.539116322994232178e-01,3.161387145519256592e-01,7.232640683650970459e-02,1.310266375541687012e+00,3.926574066281318665e-02,-2.129819542169570923e-01,-1.760953217744827271e-01,-1.101299822330474854e-01,1.381334066390991211e-01,6.216139793395996094e-01,1.150475665926933289e-01,-4.834128171205520630e-02,1.410067528486251831e-01,-5.452907085418701172e-01,1.424572020769119263e-01,8.854121714830398560e-02,-1.622673749923706055e+00,1.437125951051712036e-01,-1.214446306228637695e+00,1.313135147094726562e+00,3.016975894570350647e-02,1.330745220184326172e-01,2.697670832276344299e-02,-1.200300902128219604e-01,-2.056695967912673950e-01,8.017995953559875488e-01,1.305282354354858398e+00,2.385000884532928467e-01,2.939698845148086548e-02,-1.339024007320404053e-01
9.454496204853057861e-03,6.201840937137603760e-03,7.794975638389587402e-01,8.903769850730895996e-01,-1.154807861894369125e-02,2.864097617566585541e-02,-4.541752636432647705e-01,3.168818354606628418e-01,7.164645940065383911e-02,1.309820413589477539e+00,3.857430815696716309e-02,-2.130136936902999878e-01,-1.763680130243301392e-01,-1.097242385149002075e-01,1.381897777318954468e-01,6.217461824417114258e-01,1.155444756150245667e-01,-4.841838777065277100e-02,1.414720118045806885e-01,-5.446878671646118164e-01,1.432451605796813965e-01,8.961581438779830933e-02,-1.631084084510803223e+00,1.410693675279617310e-01,-1.213732838630676270e+00,1.320178270339965820e+00,2.605319209396839142e-02,1.352268159389495850e-01,2.701464667916297913e-02,-1.221688538789749146e-01,-2.044861018657684326e-01,7.981279492378234863e-01,1.303549766540527344e+00,2.417100071907043457e-01,2.745718508958816528e-02,-1.362070441246032715e-01
9.768937714397907257e-03,6.190539337694644928e-03,7.794798016548156738e-01,8.903689980506896973e-01,-1.168233528733253479e-02,2.835336327552795410e-02,-4.542055428028106689e-01,3.173789978027343750e-01,7.099013030529022217e-02,1.308694243431091309e+00,3.783661127090454102e-02,-2.128689885139465332e-01,-1.768143475055694580e-01,-1.089415922760963440e-01,1.381428837776184082e-01,6.213168501853942871e-01,1.160584911704063416e-01,-4.878472164273262024e-02,1.416020542383193970e-01,-5.439743995666503906e-01,1.439170390367507935e-01,9.015967696905136108e-02,-1.637749433517456055e+00,1.382967680692672729e-01,-1.213035702705383301e+00,1.325588822364807129e+00,2.231745235621929169e-02,1.376782953739166260e-01,2.742361277341842651e-02,-1.238118782639503479e-01,-2.037243247032165527e-01,7.946621775627136230e-01,1.301873326301574707e+00,2.452102452516555786e-01,2.572329156100749969e-02,-1.384136080741882324e-01
1.008532661944627762e-02,6.121512036770582199e-03,7.794297933578491211e-01,8.904760479927062988e-01,-1.181797683238983154e-02,2.799717150628566742e-02,-4.540142118930816650e-01,3.179057538509368896e-01,7.052273303270339966e-02,1.307360053062438965e+00,3.729000687599182129e-02,-2.125310599803924561e-01,-1.769693940877914429e-01,-1.078443974256515503e-01,1.378970742225646973e-01,6.202473640441894531e-01,1.167703866958618164e-01,-4.947189614176750183e-02,1.413166671991348267e-01,-5.433327555656433105e-01,1.443979442119598389e-01,9.023652970790863037e-02,-1.642995119094848633e+00,1.358129233121871948e-01,-1.213549613952636719e+00,1.329238176345825195e+00,1.920604705810546875e-02,1.399043351411819458e-01,2.807666547596454620e-02,-1.249274834990501404e-01,-2.032399028539657593e-01,7.917119860649108887e-01,1.300373673439025879e+00,2.484124004840850830e-01,2.418634109199047089e-02,-1.402465254068374634e-01
1.033826172351837158e-02,6.017729640007019043e-03,7.793966531753540039e-01,8.906003832817077637e-01,-1.194452308118343353e-02,2.764912135899066925e-02,-4.537883102893829346e-01,3.186022341251373291e-01,7.025096565485000610e-02,1.306011199951171875e+00,3.697104007005691528e-02,-2.120377570390701294e-01,-1.768875867128372192e-01,-1.068484783172607422e-01,1.376146227121353149e-01,6.190702319145202637e-01,1.176310107111930847e-01,-5.034533888101577759e-02,1.408282816410064697e-01,-5.425071716308593750e-01,1.449007093906402588e-01,9.016305208206176758e-02,-1.647134184837341309e+00,1.345396041870117188e-01,-1.214833259582519531e+00,1.330721020698547363e+00,1.594282872974872589e-02,1.419633626937866211e-01,2.974200807511806488e-02,-1.259367913007736206e-01,-2.031681984663009644e-01,7.886961698532104492e-01,1.299033999443054199e+00,2.502572536468505859e-01,2.304577082395553589e-02,-1.421290189027786255e-01
1.048637367784976959e-02,5.876307375729084015e-03,7.793769836425781250e-01,8.907251358032226562e-01,-1.211527083069086075e-02,2.727397717535495758e-02,-4.535615444183349609e-01,3.195276260375976562e-01,7.026697695255279541e-02,1.305073618888854980e+00,3.706571087241172791e-02,-2.116270810365676880e-01,-1.765695661306381226e-01,-1.058700755238533020e-01,1.374671459197998047e-01,6.180477142333984375e-01,1.185325384140014648e-01,-5.136771872639656067e-02,1.404165923595428467e-01,-5.416312217712402344e-01,1.453556716442108154e-01,9.015623480081558228e-02,-1.650444030761718750e+00,1.343302577733993530e-01,-1.216803312301635742e+00,1.330571651458740234e+00,1.309442147612571716e-02,1.438811272382736206e-01,3.171847760677337646e-02,-1.268740296363830566e-01,-2.034027278423309326e-01,7.854256629943847656e-01,1.297898769378662109e+00,2.504736185073852539e-01,2.224742621183395386e-02,-1.436333656311035156e-01
1.056071743369102478e-02,5.691188387572765350e-03,7.793787717819213867e-01,8.907818198204040527e-01,-1.230593491345643997e-02,2.688208967447280884e-02,-4.534685909748077393e-01,3.205363750457763672e-01,7.048265635967254639e-02,1.304721355438232422e+00,3.747676312923431396e-02,-2.112217396497726440e-01,-1.764491796493530273e-01,-1.049946323037147522e-01,1.373387873172760010e-01,6.172153949737548828e-01,1.190758794546127319e-01,-5.222923308610916138e-02,1.401833146810531616e-01,-5.403972864151000977e-01,1.457493305206298828e-01,9.001374989748001099e-02,-1.653425335884094238e+00,1.347123980522155762e-01,-1.218674659729003906e+00,1.329392671585083008e+00,1.107652857899665833e-02,1.455753296613693237e-01,3.317303210496902466e-02,-1.274954378604888916e-01,-2.038107663393020630e-01,7.822525501251220703e-01,1.296821475028991699e+00,2.496797591447830200e-01,2.220062538981437683e-02,-1.454170495271682739e-01
1.061573065817356110e-02,5.466185975819826126e-03,7.793769240379333496e-01,8.907583951950073242e-01,-1.248970441520214081e-02,2.650332823395729065e-02,-4.535317718982696533e-01,3.217701911926269531e-01,7.073622941970825195e-02,1.304512619972229004e+00,3.795665875077247620e-02,-2.110678702592849731e-01,-1.766310185194015503e-01,-1.043892055749893188e-01,1.374424993991851807e-01,6.167950034141540527e-01,1.195566803216934204e-01,-5.305911600589752197e-02,1.399028897285461426e-01,-5.390208959579467773e-01,1.460044085979461670e-01,8.971169590950012207e-02,-1.656302332878112793e+00,1.356389969587326050e-01,-1.219825267791748047e+00,1.327881097793579102e+00,9.168350137770175934e-03,1.469692140817642212e-01,3.435905650258064270e-02,-1.278266012668609619e-01,-2.043272405862808228e-01,7.789833545684814453e-01,1.295810461044311523e+00,2.482719719409942627e-01,2.288112603127956390e-02,-1.471690535545349121e-01
1.067042909562587738e-02,5.246900953352451324e-03,7.793666124343872070e-01,8.907060027122497559e-01,-1.261490490287542343e-02,2.622128278017044067e-02,-4.536475837230682373e-01,3.228493928909301758e-01,7.079518586397171021e-02,1.304417967796325684e+00,3.827793151140213013e-02,-2.110577821731567383e-01,-1.767867803573608398e-01,-1.036593392491340637e-01,1.377288699150085449e-01,6.169412732124328613e-01,1.197620332241058350e-01,-5.370546877384185791e-02,1.397110521793365479e-01,-5.375315546989440918e-01,1.462051868438720703e-01,8.918727934360504150e-02,-1.659066438674926758e+00,1.365647017955780029e-01,-1.221141695976257324e+00,1.326917648315429688e+00,9.332931600511074066e-03,1.483495831489562988e-01,3.432793170213699341e-02,-1.279847174882888794e-01,-2.048117220401763916e-01,7.757702469825744629e-01,1.294758796691894531e+00,2.472039461135864258e-01,2.366085723042488098e-02,-1.488669067621231079e-01
1.066799275577068329e-02,5.047800019383430481e-03,7.793412804603576660e-01,8.906670808792114258e-01,-1.263350807130336761e-02,2.600078471004962921e-02,-4.537361562252044678e-01,3.236173987388610840e-01,7.088628411293029785e-02,1.304631829261779785e+00,3.867002949118614197e-02,-2.112009078264236450e-01,-1.768014878034591675e-01,-1.029046624898910522e-01,1.379742324352264404e-01,6.174178719520568848e-01,1.198742240667343140e-01,-5.419132113456726074e-02,1.397169381380081177e-01,-5.363748669624328613e-01,1.463552564382553101e-01,8.849298208951950073e-02,-1.661167502403259277e+00,1.379070729017257690e-01,-1.222455263137817383e+00,1.325935602188110352e+00,9.168992750346660614e-03,1.494328677654266357e-01,3.398638591170310974e-02,-1.275750547647476196e-01,-2.053140550851821899e-01,7.725073695182800293e-01,1.293119192123413086e+00,2.467363029718399048e-01,2.405139617621898651e-02,-1.508782804012298584e-01
1.059740781784057617e-02,4.873686004430055618e-03,7.793260216712951660e-01,8.906720876693725586e-01,-1.252056565135717392e-02,2.590109594166278839e-02,-4.537351727485656738e-01,3.237514793872833252e-01,7.108032703399658203e-02,1.304853439331054688e+00,3.913937881588935852e-02,-2.112016528844833374e-01,-1.763098984956741333e-01,-1.023951992392539978e-01,1.380213201045989990e-01,6.178204417228698730e-01,1.199376583099365234e-01,-5.438469722867012024e-02,1.396054327487945557e-01,-5.360103845596313477e-01,1.464120447635650635e-01,8.770044893026351929e-02,-1.663047552108764648e+00,1.395591348409652710e-01,-1.223667383193969727e+00,1.324683547019958496e+00,9.383486583828926086e-03,1.505494564771652222e-01,3.380814939737319946e-02,-1.269546449184417725e-01,-2.056285887956619263e-01,7.700921893119812012e-01,1.291089296340942383e+00,2.465109080076217651e-01,2.402058988809585571e-02,-1.528254151344299316e-01
1.051665097475051880e-02,4.754125606268644333e-03,7.793552279472351074e-01,8.906877636909484863e-01,-1.230336166918277740e-02,2.591036260128021240e-02,-4.537099003791809082e-01,3.231834173202514648e-01,7.128725945949554443e-02,1.305006980895996094e+00,3.949849680066108704e-02,-2.107883691787719727e-01,-1.755245178937911987e-01,-1.024332046508789062e-01,1.378456950187683105e-01,6.176859140396118164e-01,1.199677139520645142e-01,-5.426831170916557312e-02,1.391941606998443604e-01,-5.360497832298278809e-01,1.463738679885864258e-01,8.679082989692687988e-02,-1.664402008056640625e+00,1.410411596298217773e-01,-1.224447011947631836e+00,1.323152542114257812e+00,1.058026403188705444e-02,1.519824117422103882e-01,3.454595431685447693e-02,-1.264998614788055420e-01,-2.056563496589660645e-01,7.684707045555114746e-01,1.289263725280761719e+00,2.464071214199066162e-01,2.344943769276142120e-02,-1.543684452772140503e-01
1.045878231525421143e-02,4.672425333410501480e-03,7.794253230094909668e-01,8.907667398452758789e-01,-1.200498919934034348e-02,2.598485723137855530e-02,-4.535585045814514160e-01,3.221892118453979492e-01,7.148981839418411255e-02,1.305201530456542969e+00,3.991797566413879395e-02,-2.100576907396316528e-01,-1.747269332408905029e-01,-1.026565060019493103e-01,1.374903470277786255e-01,6.176357865333557129e-01,1.199859529733657837e-01,-5.392354354262351990e-02,1.385064125061035156e-01,-5.364560484886169434e-01,1.460796594619750977e-01,8.591185510158538818e-02,-1.665758967399597168e+00,1.418059766292572021e-01,-1.224324822425842285e+00,1.321687936782836914e+00,1.174791064113378525e-02,1.531101465225219727e-01,3.568647056818008423e-02,-1.262104064226150513e-01,-2.054771482944488525e-01,7.673664689064025879e-01,1.288226962089538574e+00,2.464336007833480835e-01,2.248806506395339966e-02,-1.558928787708282471e-01
1.041359174996614456e-02,4.634086508303880692e-03,7.794943451881408691e-01,8.908377885818481445e-01,-1.171760354191064835e-02,2.600833214819431305e-02,-4.534251093864440918e-01,3.211995363235473633e-01,7.150548696517944336e-02,1.305319190025329590e+00,4.014196246862411499e-02,-2.092738449573516846e-01,-1.741797775030136108e-01,-1.030310317873954773e-01,1.371265500783920288e-01,6.176632642745971680e-01,1.199689954519271851e-01,-5.345704406499862671e-02,1.381914913654327393e-01,-5.363881587982177734e-01,1.456725299358367920e-01,8.519281446933746338e-02,-1.667361974716186523e+00,1.419936567544937134e-01,-1.223257064819335938e+00,1.320044517517089844e+00,1.192616391927003860e-02,1.542083919048309326e-01,3.745232895016670227e-02,-1.260345578193664551e-01,-2.051903009414672852e-01,7.662582993507385254e-01,1.287660121917724609e+00,2.453263103961944580e-01,2.182243764400482178e-02,-1.576922088861465454e-01
1.034665107727050781e-02,4.622109234333038330e-03,7.795528173446655273e-01,8.909070491790771484e-01,-1.143684517592191696e-02,2.600574865937232971e-02,-4.532963335514068604e-01,3.202740550041198730e-01,7.134924083948135376e-02,1.305389165878295898e+00,4.014687240123748779e-02,-2.087582647800445557e-01,-1.737179607152938843e-01,-1.033697426319122314e-01,1.367733180522918701e-01,6.177080869674682617e-01,1.199903860688209534e-01,-5.318771675229072571e-02,1.383675783872604370e-01,-5.360463261604309082e-01,1.452503055334091187e-01,8.442032337188720703e-02,-1.668624997138977051e+00,1.415277421474456787e-01,-1.221776723861694336e+00,1.318612217903137207e+00,1.045694574713706970e-02,1.552542895078659058e-01,3.930888697504997253e-02,-1.256201118230819702e-01,-2.047164738178253174e-01,7.658866643905639648e-01,1.287645459175109863e+00,2.451806664466857910e-01,2.163833752274513245e-02,-1.595429629087448120e-01
1.023079548031091690e-02,4.662916064262390137e-03,7.795961499214172363e-01,8.909381628036499023e-01,-1.118356082588434219e-02,2.594729885458946228e-02,-4.532447755336761475e-01,3.196666538715362549e-01,7.116077840328216553e-02,1.305645465850830078e+00,4.007125645875930786e-02,-2.085295319557189941e-01,-1.732899099588394165e-01,-1.036968901753425598e-01,1.364874988794326782e-01,6.178960800170898438e-01,1.200189441442489624e-01,-5.286549776792526245e-02,1.387563794851303101e-01,-5.353235006332397461e-01,1.448684334754943848e-01,8.367554098367691040e-02,-1.669578671455383301e+00,1.408759653568267822e-01,-1.220058202743530273e+00,1.317283987998962402e+00,8.557775057852268219e-03,1.558914035558700562e-01,4.113507643342018127e-02,-1.251345127820968628e-01,-2.042874395847320557e-01,7.660989761352539062e-01,1.288004279136657715e+00,2.457407563924789429e-01,2.174691669642925262e-02,-1.615632623434066772e-01
1.006520912051200867e-02,4.743386525660753250e-03,7.796300649642944336e-01,8.910147547721862793e-01,-1.097708754241466522e-02,2.579207345843315125e-02,-4.531081020832061768e-01,3.195349574089050293e-01,7.097742706537246704e-02,1.305925369262695312e+00,4.010729491710662842e-02,-2.081953436136245728e-01,-1.726486682891845703e-01,-1.037666797637939453e-01,1.360393613576889038e-01,6.175327897071838379e-01,1.200489178299903870e-01,-5.262140929698944092e-02,1.391541510820388794e-01,-5.342957973480224609e-01,1.444118320941925049e-01,8.312491327524185181e-02,-1.671033024787902832e+00,1.396787166595458984e-01,-1.218147993087768555e+00,1.315920114517211914e+00,7.300130557268857956e-03,1.566392928361892700e-01,4.184619337320327759e-02,-1.248390749096870422e-01,-2.038819342851638794e-01,7.663526535034179688e-01,1.288684368133544922e+00,2.465032637119293213e-01,2.203400246798992157e-02,-1.637287586927413940e-01
9.820539504289627075e-03,4.866642411798238754e-03,7.796602249145507812e-01,8.911864757537841797e-01,-1.085180789232254028e-02,2.550225518643856049e-02,-4.527895450592041016e-01,3.194903731346130371e-01,7.096800208091735840e-02,1.305740356445312500e+00,4.057006537914276123e-02,-2.080772668123245239e-01,-1.721405833959579468e-01,-1.037010774016380310e-01,1.354572325944900513e-01,6.166515946388244629e-01,1.200883835554122925e-01,-5.241179093718528748e-02,1.393207460641860962e-01,-5.331833958625793457e-01,1.438404023647308350e-01,8.272705227136611938e-02,-1.673054456710815430e+00,1.379081159830093384e-01,-1.215664386749267578e+00,1.314683198928833008e+00,7.313305977731943130e-03,1.576274037361145020e-01,4.177472367882728577e-02,-1.244004517793655396e-01,-2.035146504640579224e-01,7.666655182838439941e-01,1.289671540260314941e+00,2.458940595388412476e-01,2.253336273133754730e-02,-1.654235571622848511e-01
9.520381689071655273e-03,5.036012269556522369e-03,7.796744108200073242e-01,8.914205431938171387e-01,-1.081495825201272964e-02,2.518324367702007294e-02,-4.523475170135498047e-01,3.194454014301300049e-01,7.117882370948791504e-02,1.304936885833740234e+00,4.126814380288124084e-02,-2.082417607307434082e-01,-1.717172712087631226e-01,-1.036855429410934448e-01,1.349364817142486572e-01,6.154685020446777344e-01,1.201183199882507324e-01,-5.215955153107643127e-02,1.390113830566406250e-01,-5.319153070449829102e-01,1.433508843183517456e-01,8.245959132909774780e-02,-1.675666928291320801e+00,1.358320116996765137e-01,-1.212608814239501953e+00,1.313810467720031738e+00,7.855789735913276672e-03,1.587733626365661621e-01,4.079502448439598083e-02,-1.239290013909339905e-01,-2.032440900802612305e-01,7.668112516403198242e-01,1.290551662445068359e+00,2.434996813535690308e-01,2.304366603493690491e-02,-1.664687395095825195e-01
9.155312553048133850e-03,5.261019803583621979e-03,7.796837687492370605e-01,8.916540145874023438e-01,-1.084544137120246887e-02,2.481470443308353424e-02,-4.519068002700805664e-01,3.192939758300781250e-01,7.157821208238601685e-02,1.303831100463867188e+00,4.199140146374702454e-02,-2.084859162569046021e-01,-1.712789684534072876e-01,-1.034955531358718872e-01,1.345761865377426147e-01,6.143899559974670410e-01,1.200671941041946411e-01,-5.198511108756065369e-02,1.388386934995651245e-01,-5.304904580116271973e-01,1.429851651191711426e-01,8.224620670080184937e-02,-1.678336858749389648e+00,1.336384266614913940e-01,-1.209423661231994629e+00,1.313287019729614258e+00,8.491743355989456177e-03,1.599122732877731323e-01,3.905456885695457458e-02,-1.233501657843589783e-01,-2.031646072864532471e-01,7.666956186294555664e-01,1.290737509727478027e+00,2.402831017971038818e-01,2.346238307654857635e-02,-1.669559478759765625e-01
8.723781444132328033e-03,5.497159902006387711e-03,7.796914577484130859e-01,8.919243812561035156e-01,-1.085824798792600632e-02,2.445877715945243835e-02,-4.513921141624450684e-01,3.191231787204742432e-01,7.196460664272308350e-02,1.302787303924560547e+00,4.264891892671585083e-02,-2.085320204496383667e-01,-1.708429902791976929e-01,-1.033052057027816772e-01,1.342098563909530640e-01,6.135951876640319824e-01,1.200965791940689087e-01,-5.194175988435745239e-02,1.387115418910980225e-01,-5.291951894760131836e-01,1.425926387310028076e-01,8.167787641286849976e-02,-1.681214809417724609e+00,1.314152330160140991e-01,-1.206598043441772461e+00,1.313202381134033203e+00,8.304770104587078094e-03,1.607640832662582397e-01,3.686770424246788025e-02,-1.228848397731781006e-01,-2.031418234109878540e-01,7.668246030807495117e-01,1.290502548217773438e+00,2.375995963811874390e-01,2.368473261594772339e-02,-1.674528867006301880e-01
8.243882097303867340e-03,5.734018050134181976e-03,7.797045111656188965e-01,8.922163248062133789e-01,-1.089489273726940155e-02,2.410482615232467651e-02,-4.508329629898071289e-01,3.191282451152801514e-01,7.241506874561309814e-02,1.301823377609252930e+00,4.306402429938316345e-02,-2.086626589298248291e-01,-1.704972684383392334e-01,-1.029973328113555908e-01,1.338247954845428467e-01,6.126540303230285645e-01,1.200946569442749023e-01,-5.195448175072669983e-02,1.389479190111160278e-01,-5.280945301055908203e-01,1.421655565500259399e-01,8.084604889154434204e-02,-1.683527231216430664e+00,1.295213103294372559e-01,-1.204166889190673828e+00,1.312979817390441895e+00,8.249682374298572540e-03,1.614193022251129150e-01,3.447338193655014038e-02,-1.223483085632324219e-01,-2.030760943889617920e-01,7.669196128845214844e-01,1.289912104606628418e+00,2.360307276248931885e-01,2.401489205658435822e-02,-1.681645214557647705e-01
7.744309492409229279e-03,5.933261942118406296e-03,7.797411084175109863e-01,8.924567103385925293e-01,-1.088689826428890228e-02,2.380522899329662323e-02,-4.503729343414306641e-01,3.191337883472442627e-01,7.271914184093475342e-02,1.301283121109008789e+00,4.310631752014160156e-02,-2.084499150514602661e-01,-1.703734546899795532e-01,-1.029009893536567688e-01,1.335920393466949463e-01,6.120780706405639648e-01,1.201851144433021545e-01,-5.188618600368499756e-02,1.393805742263793945e-01,-5.272504687309265137e-01,1.416956186294555664e-01,7.972633093595504761e-02,-1.685344576835632324e+00,1.281338036060333252e-01,-1.201844930648803711e+00,1.312630653381347656e+00,7.063052617013454437e-03,1.619883030652999878e-01,3.155897557735443115e-02,-1.219026297330856323e-01,-2.028206437826156616e-01,7.669084072113037109e-01,1.289194703102111816e+00,2.358732074499130249e-01,2.448791265487670898e-02,-1.693933755159378052e-01
7.265243679285049438e-03,6.063401233404874802e-03,7.797885537147521973e-01,8.926607370376586914e-01,-1.087653078138828278e-02,2.349584922194480896e-02,-4.499849081039428711e-01,3.190830051898956299e-01,7.291454076766967773e-02,1.301032304763793945e+00,4.283522441983222961e-02,-2.078778743743896484e-01,-1.701254993677139282e-01,-1.024720743298530579e-01,1.334447115659713745e-01,6.116616129875183105e-01,1.202061399817466736e-01,-5.174196884036064148e-02,1.399788260459899902e-01,-5.267525911331176758e-01,1.410842984914779663e-01,7.876522839069366455e-02,-1.686620950698852539e+00,1.276223659515380859e-01,-1.199608325958251953e+00,1.311782360076904297e+00,6.274682004004716873e-03,1.628782004117965698e-01,2.960341051220893860e-02,-1.217261329293251038e-01,-2.025748342275619507e-01,7.663850188255310059e-01,1.288313150405883789e+00,2.356480062007904053e-01,2.497885376214981079e-02,-1.709491610527038574e-01
6.793703883886337280e-03,6.143614649772644043e-03,7.798402905464172363e-01,8.928173780441284180e-01,-1.088575366884469986e-02,2.318216487765312195e-02,-4.496901929378509521e-01,3.191313743591308594e-01,7.332280278205871582e-02,1.300562739372253418e+00,4.276829957962036133e-02,-2.072850912809371948e-01,-1.696656495332717896e-01,-1.020659431815147400e-01,1.335004717111587524e-01,6.113119125366210938e-01,1.202992871403694153e-01,-5.121695622801780701e-02,1.401397287845611572e-01,-5.262743830680847168e-01,1.403811424970626831e-01,7.810542732477188110e-02,-1.687876939773559570e+00,1.277503818273544312e-01,-1.197045803070068359e+00,1.311156868934631348e+00,6.137838121503591537e-03,1.635931730270385742e-01,2.891127951443195343e-02,-1.216323897242546082e-01,-2.022090852260589600e-01,7.653536200523376465e-01,1.287374377250671387e+00,2.348796129226684570e-01,2.544474229216575623e-02,-1.722679734230041504e-01
6.302051246166229248e-03,6.173336412757635117e-03,7.798838615417480469e-01,8.929757475852966309e-01,-1.092574279755353928e-02,2.289366535842418671e-02,-4.493894577026367188e-01,3.190274536609649658e-01,7.395484298467636108e-02,1.300038218498229980e+00,4.296331852674484253e-02,-2.069870978593826294e-01,-1.690720170736312866e-01,-1.014937013387680054e-01,1.335345208644866943e-01,6.106530427932739258e-01,1.202904507517814636e-01,-5.050116032361984253e-02,1.400894969701766968e-01,-5.258852243423461914e-01,1.396740525960922241e-01,7.764257490634918213e-02,-1.689219236373901367e+00,1.279024481773376465e-01,-1.194887399673461914e+00,1.311278700828552246e+00,7.245967164635658264e-03,1.648310124874114990e-01,2.917652018368244171e-02,-1.218108013272285461e-01,-2.017455697059631348e-01,7.642324566841125488e-01,1.286917686462402344e+00,2.341204136610031128e-01,2.543307840824127197e-02,-1.729229986667633057e-01
5.827127024531364441e-03,6.167830899357795715e-03,7.799049019813537598e-01,8.930950164794921875e-01,-1.102518849074840546e-02,2.264536358416080475e-02,-4.491623938083648682e-01,3.191038072109222412e-01,7.470600306987762451e-02,1.299410939216613770e+00,4.326594993472099304e-02,-2.071552872657775879e-01,-1.684543639421463013e-01,-1.012737676501274109e-01,1.337956935167312622e-01,6.099306941032409668e-01,1.202535852789878845e-01,-4.961138591170310974e-02,1.396756470203399658e-01,-5.254239439964294434e-01,1.390891671180725098e-01,7.752672582864761353e-02,-1.690488100051879883e+00,1.279041171073913574e-01,-1.192675709724426270e+00,1.311882019042968750e+00,8.945158682763576508e-03,1.660076081752777100e-01,3.004359640181064606e-02,-1.221711263060569763e-01,-2.012974768877029419e-01,7.630028724670410156e-01,1.286584734916687012e+00,2.327481359243392944e-01,2.543451637029647827e-02,-1.734659969806671143e-01
5.395179148763418198e-03,6.140915211290121078e-03,7.799057960510253906e-01,8.931292891502380371e-01,-1.111312117427587509e-02,2.249117009341716766e-02,-4.490998983383178711e-01,3.191315233707427979e-01,7.534475624561309814e-02,1.299350857734680176e+00,4.344445839524269104e-02,-2.075165212154388428e-01,-1.680606454610824585e-01,-1.013646051287651062e-01,1.342217326164245605e-01,6.096285581588745117e-01,1.200609058141708374e-01,-4.865891486406326294e-02,1.393944472074508667e-01,-5.249754786491394043e-01,1.386614739894866943e-01,7.725137472152709961e-02,-1.691859364509582520e+00,1.278078854084014893e-01,-1.191539525985717773e+00,1.313133955001831055e+00,1.053688023239374161e-02,1.672969460487365723e-01,3.075486794114112854e-02,-1.223662421107292175e-01,-2.008683234453201294e-01,7.619467973709106445e-01,1.286492109298706055e+00,2.314808070659637451e-01,2.547543123364448547e-02,-1.737297475337982178e-01
4.996913950890302658e-03,6.121016573160886765e-03,7.798965573310852051e-01,8.931121826171875000e-01,-1.118639204651117325e-02,2.236991934478282928e-02,-4.491381943225860596e-01,3.192765116691589355e-01,7.565289735794067383e-02,1.299586176872253418e+00,4.334140941500663757e-02,-2.075870633125305176e-01,-1.678457856178283691e-01,-1.015311554074287415e-01,1.346354037523269653e-01,6.095091104507446289e-01,1.198057308793067932e-01,-4.767459630966186523e-02,1.395487338304519653e-01,-5.244799256324768066e-01,1.382451653480529785e-01,7.679572701454162598e-02,-1.693688869476318359e+00,1.274130940437316895e-01,-1.191911935806274414e+00,1.314779043197631836e+00,1.298852078616619110e-02,1.683224737644195557e-01,3.066625259816646576e-02,-1.226101070642471313e-01,-2.003850191831588745e-01,7.609755396842956543e-01,1.286462426185607910e+00,2.298228591680526733e-01,2.594928070902824402e-02,-1.742891818284988403e-01
4.636357072740793228e-03,6.086737848818302155e-03,7.798832058906555176e-01,8.930592536926269531e-01,-1.125934626907110214e-02,2.225258946418762207e-02,-4.492473006248474121e-01,3.194256424903869629e-01,7.580232620239257812e-02,1.299660801887512207e+00,4.292572289705276489e-02,-2.074671983718872070e-01,-1.678629368543624878e-01,-1.014690324664115906e-01,1.348247081041336060e-01,6.091632843017578125e-01,1.193082407116889954e-01,-4.695978388190269470e-02,1.399498283863067627e-01,-5.240490436553955078e-01,1.378170847892761230e-01,7.635559886693954468e-02,-1.695008277893066406e+00,1.268636137247085571e-01,-1.193282365798950195e+00,1.316269397735595703e+00,1.623675227165222168e-02,1.700056195259094238e-01,2.993686310946941376e-02,-1.227900758385658264e-01,-1.997032314538955688e-01,7.603213191032409668e-01,1.286760687828063965e+00,2.278811633586883545e-01,2.665893919765949249e-02,-1.744062900543212891e-01
4.351221956312656403e-03,6.023924797773361206e-03,7.798763513565063477e-01,8.929730653762817383e-01,-1.133139710873365402e-02,2.217712812125682831e-02,-4.494206309318542480e-01,3.196406066417694092e-01,7.591923326253890991e-02,1.299634695053100586e+00,4.244440421462059021e-02,-2.071362435817718506e-01,-1.680562347173690796e-01,-1.014334335923194885e-01,1.350399106740951538e-01,6.089063882827758789e-01,1.187444552779197693e-01,-4.629898071289062500e-02,1.407299786806106567e-01,-5.236110687255859375e-01,1.375275254249572754e-01,7.607779651880264282e-02,-1.695698499679565430e+00,1.261258125305175781e-01,-1.195012331008911133e+00,1.317749738693237305e+00,2.017763443291187286e-02,1.712743341922760010e-01,2.888687886297702789e-02,-1.228508725762367249e-01,-1.989522129297256470e-01,7.605512142181396484e-01,1.287415146827697754e+00,2.268857359886169434e-01,2.761281654238700867e-02,-1.746390461921691895e-01
4.110037349164485931e-03,5.947974510490894318e-03,7.798681259155273438e-01,8.928855061531066895e-01,-1.143697369843721390e-02,2.214684151113033295e-02,-4.495933651924133301e-01,3.198285400867462158e-01,7.597117871046066284e-02,1.299567937850952148e+00,4.186623543500900269e-02,-2.066958546638488770e-01,-1.683019250631332397e-01,-1.013511493802070618e-01,1.354343742132186890e-01,6.089199781417846680e-01,1.183086410164833069e-01,-4.564262554049491882e-02,1.411533504724502563e-01,-5.228934884071350098e-01,1.373829841613769531e-01,7.591319829225540161e-02,-1.695930600166320801e+00,1.252237260341644287e-01,-1.196311593055725098e+00,1.318460226058959961e+00,2.422109246253967285e-02,1.720971316099166870e-01,2.826212719082832336e-02,-1.229075193405151367e-01,-1.982766687870025635e-01,7.608972787857055664e-01,1.288071155548095703e+00,2.259724289178848267e-01,2.854652330279350281e-02,-1.749144941568374634e-01
3.906581550836563110e-03,5.848407279700040817e-03,7.798913121223449707e-01,8.928045034408569336e-01,-1.157939899712800980e-02,2.214369922876358032e-02,-4.497507512569427490e-01,3.197435736656188965e-01,7.619006186723709106e-02,1.299734354019165039e+00,4.151555895805358887e-02,-2.063720524311065674e-01,-1.685198843479156494e-01,-1.012664362788200378e-01,1.361221224069595337e-01,6.094835400581359863e-01,1.182222887873649597e-01,-4.511461779475212097e-02,1.411914974451065063e-01,-5.218894481658935547e-01,1.373304426670074463e-01,7.581171393394470215e-02,-1.695676684379577637e+00,1.242189109325408936e-01,-1.197746276855468750e+00,1.319084405899047852e+00,2.782107144594192505e-02,1.732460111379623413e-01,2.750326506793498993e-02,-1.229415163397789001e-01,-1.977897733449935913e-01,7.613239884376525879e-01,1.288654327392578125e+00,2.258737832307815552e-01,2.913291752338409424e-02,-1.749123483896255493e-01
3.754233475774526596e-03,5.695110652595758438e-03,7.799400091171264648e-01,8.928018808364868164e-01,-1.171211153268814087e-02,2.212677150964736938e-02,-4.497533440589904785e-01,3.195541501045227051e-01,7.643914967775344849e-02,1.299741029739379883e+00,4.126230999827384949e-02,-2.061082869768142700e-01,-1.688553392887115479e-01,-1.010189130902290344e-01,1.367099285125732422e-01,6.100047230720520020e-01,1.181657016277313232e-01,-4.484964534640312195e-02,1.412283480167388916e-01,-5.207618474960327148e-01,1.371169686317443848e-01,7.575082778930664062e-02,-1.695565581321716309e+00,1.227905303239822388e-01,-1.198926806449890137e+00,1.319948554039001465e+00,3.028435632586479187e-02,1.743494272232055664e-01,2.665880136191844940e-02,-1.228770241141319275e-01,-1.974359154701232910e-01,7.614229321479797363e-01,1.289169788360595703e+00,2.265792042016983032e-01,2.928468957543373108e-02,-1.751193255186080933e-01
3.629271173849701881e-03,5.551577545702457428e-03,7.800063490867614746e-01,8.928387165069580078e-01,-1.182546000927686691e-02,2.212735079228878021e-02,-4.496771097183227539e-01,3.192980885505676270e-01,7.683309167623519897e-02,1.299408316612243652e+00,4.113461449742317200e-02,-2.060992568731307983e-01,-1.689190715551376343e-01,-1.007199510931968689e-01,1.372125595808029175e-01,6.102189421653747559e-01,1.180163025856018066e-01,-4.441168531775474548e-02,1.406719833612442017e-01,-5.200531482696533203e-01,1.368956118822097778e-01,7.568128407001495361e-02,-1.694712042808532715e+00,1.218588650226593018e-01,-1.200409531593322754e+00,1.320569396018981934e+00,3.183848038315773010e-02,1.755161434412002563e-01,2.563615702092647552e-02,-1.224506795406341553e-01,-1.971442550420761108e-01,7.613453269004821777e-01,1.289587974548339844e+00,2.283850163221359253e-01,2.887686900794506073e-02,-1.754838675260543823e-01
3.495573299005627632e-03,5.443272646516561508e-03,7.800654768943786621e-01,8.928723931312561035e-01,-1.193797588348388672e-02,2.208690159022808075e-02,-4.496092796325683594e-01,3.194245994091033936e-01,7.727347314357757568e-02,1.298877358436584473e+00,4.106419906020164490e-02,-2.060921937227249146e-01,-1.686681210994720459e-01,-1.002546474337577820e-01,1.376335024833679199e-01,6.103092432022094727e-01,1.177915036678314209e-01,-4.411031305789947510e-02,1.402133703231811523e-01,-5.193438529968261719e-01,1.366005241870880127e-01,7.576085627079010010e-02,-1.693765640258789062e+00,1.216006651520729065e-01,-1.202068448066711426e+00,1.320964932441711426e+00,3.434111177921295166e-02,1.763074100017547607e-01,2.543972060084342957e-02,-1.218113824725151062e-01,-1.970362812280654907e-01,7.608568072319030762e-01,1.289640784263610840e+00,2.292097657918930054e-01,2.878885716199874878e-02,-1.763085275888442993e-01
3.359819995239377022e-03,5.378266796469688416e-03,7.801121473312377930e-01,8.928639292716979980e-01,-1.205654628574848175e-02,2.204865030944347382e-02,-4.496248364448547363e-01,3.196489810943603516e-01,7.765343785285949707e-02,1.298215627670288086e+00,4.082754999399185181e-02,-2.062599062919616699e-01,-1.684429794549942017e-01,-9.977560490369796753e-02,1.378527581691741943e-01,6.103343963623046875e-01,1.175680980086326599e-01,-4.396028444170951843e-02,1.395501792430877686e-01,-5.186537504196166992e-01,1.363753080368041992e-01,7.582902908325195312e-02,-1.692274570465087891e+00,1.218247190117835999e-01,-1.203625917434692383e+00,1.320947885513305664e+00,3.540581092238426208e-02,1.767344623804092407e-01,2.597743645310401917e-02,-1.205883175134658813e-01,-1.970569342374801636e-01,7.600303292274475098e-01,1.289275407791137695e+00,2.292600125074386597e-01,2.885364554822444916e-02,-1.764317452907562256e-01
3.253570292145013809e-03,5.318499170243740082e-03,7.801749706268310547e-01,8.928418159484863281e-01,-1.210178993642330170e-02,2.212071418762207031e-02,-4.496640264987945557e-01,3.196649849414825439e-01,7.791334390640258789e-02,1.298109531402587891e+00,4.047157987952232361e-02,-2.062184214591979980e-01,-1.681227833032608032e-01,-9.964123368263244629e-02,1.379454731941223145e-01,6.105974316596984863e-01,1.174118295311927795e-01,-4.378787800669670105e-02,1.390323489904403687e-01,-5.181182026863098145e-01,1.364225000143051147e-01,7.553956657648086548e-02,-1.692090749740600586e+00,1.221683472394943237e-01,-1.205733299255371094e+00,1.320790886878967285e+00,3.700169548392295837e-02,1.763918697834014893e-01,2.625657059252262115e-02,-1.193490773439407349e-01,-1.971151530742645264e-01,7.597661018371582031e-01,1.288907289505004883e+00,2.296466082334518433e-01,2.926607988774776459e-02,-1.760335713624954224e-01
3.166398033499717712e-03,5.258157383650541306e-03,7.802164554595947266e-01,8.928792476654052734e-01,-1.211444661021232605e-02,2.217935770750045776e-02,-4.495864808559417725e-01,3.197943568229675293e-01,7.821527868509292603e-02,1.298364281654357910e+00,4.018994048237800598e-02,-2.061647772789001465e-01,-1.677276194095611572e-01,-9.964802116155624390e-02,1.378492414951324463e-01,6.109268069267272949e-01,1.173846349120140076e-01,-4.385708272457122803e-02,1.383635848760604858e-01,-5.177918672561645508e-01,1.364719420671463013e-01,7.525541633367538452e-02,-1.690667152404785156e+00,1.221867799758911133e-01,-1.207260489463806152e+00,1.320195436477661133e+00,3.844945132732391357e-02,1.760026365518569946e-01,2.678210660815238953e-02,-1.183562055230140686e-01,-1.971615403890609741e-01,7.596036195755004883e-01,1.288879394531250000e+00,2.304662913084030151e-01,2.976127713918685913e-02,-1.750578433275222778e-01
3.080030204728245735e-03,5.197442136704921722e-03,7.802153825759887695e-01,8.929846882820129395e-01,-1.209050044417381287e-02,2.216429449617862701e-02,-4.493784904479980469e-01,3.200336694717407227e-01,7.846476137638092041e-02,1.298468708992004395e+00,4.004734754562377930e-02,-2.061226665973663330e-01,-1.671801060438156128e-01,-9.962213039398193359e-02,1.374833732843399048e-01,6.109864711761474609e-01,1.172559633851051331e-01,-4.398521035909652710e-02,1.380680203437805176e-01,-5.176075100898742676e-01,1.363423764705657959e-01,7.519247382879257202e-02,-1.689679741859436035e+00,1.216027662158012390e-01,-1.208479881286621094e+00,1.319461464881896973e+00,4.091174528002738953e-02,1.752335429191589355e-01,2.759574167430400848e-02,-1.180640012025833130e-01,-1.974276602268218994e-01,7.597661614418029785e-01,1.289117932319641113e+00,2.323898822069168091e-01,3.028735704720020294e-02,-1.746466159820556641e-01
2.967217238619923592e-03,5.172018893063068390e-03,7.801913619041442871e-01,8.931612372398376465e-01,-1.205052994191646576e-02,2.203468233346939087e-02,-4.490347802639007568e-01,3.201325237751007080e-01,7.839383184909820557e-02,1.297919869422912598e+00,3.988713398575782776e-02,-2.061363905668258667e-01,-1.665229350328445435e-01,-9.939752519130706787e-02,1.367877125740051270e-01,6.106190085411071777e-01,1.168845966458320618e-01,-4.420362040400505066e-02,1.384451240301132202e-01,-5.175051689147949219e-01,1.359020322561264038e-01,7.547932118177413940e-02,-1.688505411148071289e+00,1.209113672375679016e-01,-1.209116697311401367e+00,1.318295836448669434e+00,4.210600629448890686e-02,1.745598465204238892e-01,2.907995879650115967e-02,-1.182836815714836121e-01,-1.980337649583816528e-01,7.600656747817993164e-01,1.289587736129760742e+00,2.349035739898681641e-01,3.073755651712417603e-02,-1.748477369546890259e-01
2.829000120982527733e-03,5.210231058299541473e-03,7.801878452301025391e-01,8.934217095375061035e-01,-1.199564896523952484e-02,2.186393178999423981e-02,-4.485261142253875732e-01,3.197966516017913818e-01,7.818979769945144653e-02,1.296698570251464844e+00,3.980267420411109924e-02,-2.061563283205032349e-01,-1.659203171730041504e-01,-9.904164075851440430e-02,1.359597444534301758e-01,6.100750565528869629e-01,1.163181737065315247e-01,-4.420328512787818909e-02,1.391423642635345459e-01,-5.177775025367736816e-01,1.354235112667083740e-01,7.605175673961639404e-02,-1.687118172645568848e+00,1.214528530836105347e-01,-1.210313200950622559e+00,1.316092014312744141e+00,4.205458238720893860e-02,1.740697026252746582e-01,3.148228675127029419e-02,-1.191183552145957947e-01,-1.989044249057769775e-01,7.606673836708068848e-01,1.290362238883972168e+00,2.378521710634231567e-01,3.099858015775680542e-02,-1.755532920360565186e-01
2.635942073538899422e-03,5.338337738066911697e-03,7.802284955978393555e-01,8.936901092529296875e-01,-1.193790230900049210e-02,2.159174159169197083e-02,-4.480059742927551270e-01,3.193964362144470215e-01,7.802210003137588501e-02,1.295309305191040039e+00,3.990713506937026978e-02,-2.061966806650161743e-01,-1.651300191879272461e-01,-9.875723719596862793e-02,1.350412517786026001e-01,6.094181537628173828e-01,1.157408505678176880e-01,-4.384946078062057495e-02,1.399145126342773438e-01,-5.177878141403198242e-01,1.348081231117248535e-01,7.719396799802780151e-02,-1.686381578445434570e+00,1.237721070647239685e-01,-1.211454391479492188e+00,1.312587022781372070e+00,4.143202304840087891e-02,1.739460378885269165e-01,3.497230261564254761e-02,-1.204459220170974731e-01,-2.000007927417755127e-01,7.608684897422790527e-01,1.291200160980224609e+00,2.397553622722625732e-01,3.138958290219306946e-02,-1.769484579563140869e-01
2.378654666244983673e-03,5.530874710530042648e-03,7.802824378013610840e-01,8.940215110778808594e-01,-1.187221519649028778e-02,2.124458178877830505e-02,-4.473625719547271729e-01,3.186853528022766113e-01,7.802787423133850098e-02,1.293729543685913086e+00,4.025817289948463440e-02,-2.062434703111648560e-01,-1.644007861614227295e-01,-9.851764142513275146e-02,1.339820176362991333e-01,6.086156368255615234e-01,1.150048673152923584e-01,-4.342560097575187683e-02,1.408394724130630493e-01,-5.175841450691223145e-01,1.341668516397476196e-01,7.856003195047378540e-02,-1.686787009239196777e+00,1.269155740737915039e-01,-1.212510347366333008e+00,1.308160424232482910e+00,4.035101458430290222e-02,1.744540929794311523e-01,3.838284313678741455e-02,-1.220103278756141663e-01,-2.011520713567733765e-01,7.609295248985290527e-01,1.291703224182128906e+00,2.398008406162261963e-01,3.193113952875137329e-02,-1.784247010946273804e-01
2.079475438222289085e-03,5.748199298977851868e-03,7.803248763084411621e-01,8.944067955017089844e-01,-1.182062551379203796e-02,2.084616199135780334e-02,-4.466119408607482910e-01,3.181167542934417725e-01,7.824303954839706421e-02,1.291965484619140625e+00,4.079635813832283020e-02,-2.061909288167953491e-01,-1.636668741703033447e-01,-9.867459535598754883e-02,1.329562216997146606e-01,6.077461838722229004e-01,1.144939512014389038e-01,-4.298245906829833984e-02,1.417040824890136719e-01,-5.170044302940368652e-01,1.336188167333602905e-01,7.968483120203018188e-02,-1.687900781631469727e+00,1.299064755439758301e-01,-1.213248252868652344e+00,1.303533673286437988e+00,3.894287720322608948e-02,1.742170006036758423e-01,4.194273799657821655e-02,-1.234945356845855713e-01,-2.020748108625411987e-01,7.613330483436584473e-01,1.291580796241760254e+00,2.387179881334304810e-01,3.273018449544906616e-02,-1.792381405830383301e-01
1.776737160980701447e-03,5.974240135401487350e-03,7.803261280059814453e-01,8.948488831520080566e-01,-1.175602618604898453e-02,2.044170536100864410e-02,-4.457459151744842529e-01,3.176626265048980713e-01,7.856969535350799561e-02,1.290362715721130371e+00,4.127988964319229126e-02,-2.061499953269958496e-01,-1.630739420652389526e-01,-9.901653230190277100e-02,1.317736059427261353e-01,6.067276597023010254e-01,1.141675338149070740e-01,-4.272694140672683716e-02,1.422519683837890625e-01,-5.162161588668823242e-01,1.332272887229919434e-01,8.041991293430328369e-02,-1.689321756362915039e+00,1.318524032831192017e-01,-1.213332414627075195e+00,1.298796892166137695e+00,3.741255775094032288e-02,1.743404418230056763e-01,4.458397999405860901e-02,-1.249314025044441223e-01,-2.027193605899810791e-01,7.624042630195617676e-01,1.290452241897583008e+00,2.366610914468765259e-01,3.352475911378860474e-02,-1.792775243520736694e-01
1.478062244132161140e-03,6.209810730069875717e-03,7.803394198417663574e-01,8.953064084053039551e-01,-1.161518599838018417e-02,2.006859518587589264e-02,-4.448468685150146484e-01,3.171360790729522705e-01,7.892115414142608643e-02,1.289031863212585449e+00,4.194546118378639221e-02,-2.060305029153823853e-01,-1.625688821077346802e-01,-9.957675635814666748e-02,1.304752826690673828e-01,6.058268547058105469e-01,1.142072975635528564e-01,-4.265413060784339905e-02,1.424746662378311157e-01,-5.156826972961425781e-01,1.328631937503814697e-01,8.088953793048858643e-02,-1.690377712249755859e+00,1.331560611724853516e-01,-1.213011741638183594e+00,1.294373035430908203e+00,3.421387448906898499e-02,1.745305657386779785e-01,4.696295782923698425e-02,-1.266349107027053833e-01,-2.029929012060165405e-01,7.638789415359497070e-01,1.288921833038330078e+00,2.346484214067459106e-01,3.389941900968551636e-02,-1.790732443332672119e-01
1.215061522088944912e-03,6.485469639301300049e-03,7.803860902786254883e-01,8.958216309547424316e-01,-1.139976177364587784e-02,1.968321204185485840e-02,-4.438312351703643799e-01,3.163935244083404541e-01,7.922050356864929199e-02,1.287443757057189941e+00,4.282687231898307800e-02,-2.057950347661972046e-01,-1.619682759046554565e-01,-1.001791805028915405e-01,1.289530694484710693e-01,6.047638654708862305e-01,1.145819425582885742e-01,-4.282089695334434509e-02,1.423636972904205322e-01,-5.156475305557250977e-01,1.324285417795181274e-01,8.137449622154235840e-02,-1.690986871719360352e+00,1.342835426330566406e-01,-1.212111711502075195e+00,1.290387749671936035e+00,2.908775582909584045e-02,1.750713735818862915e-01,4.853185638785362244e-02,-1.285915821790695190e-01,-2.029830515384674072e-01,7.658283114433288574e-01,1.287365078926086426e+00,2.332753688097000122e-01,3.388942778110504150e-02,-1.792712956666946411e-01
9.918846189975738525e-04,6.790934130549430847e-03,7.804755568504333496e-01,8.963456749916076660e-01,-1.116051711142063141e-02,1.929509080946445465e-02,-4.427951276302337646e-01,3.157104551792144775e-01,7.944234460592269897e-02,1.285863161087036133e+00,4.395302012562751770e-02,-2.054975032806396484e-01,-1.612556129693984985e-01,-1.008267179131507874e-01,1.275524497032165527e-01,6.037989854812622070e-01,1.153139397501945496e-01,-4.319465160369873047e-02,1.420977264642715454e-01,-5.160636901855468750e-01,1.320140659809112549e-01,8.211331069469451904e-02,-1.691007137298583984e+00,1.360422521829605103e-01,-1.210727691650390625e+00,1.286648154258728027e+00,2.347391843795776367e-02,1.757159233093261719e-01,4.960725829005241394e-02,-1.308842599391937256e-01,-2.027833610773086548e-01,7.678133845329284668e-01,1.286042213439941406e+00,2.319743186235427856e-01,3.378988802433013916e-02,-1.796714514493942261e-01
8.043284760788083076e-04,7.062328513711690903e-03,7.805762887001037598e-01,8.969742655754089355e-01,-1.096913218498229980e-02,1.889022812247276306e-02,-4.415426850318908691e-01,3.152178525924682617e-01,7.955867797136306763e-02,1.283952593803405762e+00,4.511371254920959473e-02,-2.050970643758773804e-01,-1.608347892761230469e-01,-1.011561080813407898e-01,1.263526529073715210e-01,6.027163267135620117e-01,1.162481978535652161e-01,-4.376876354217529297e-02,1.421017199754714966e-01,-5.170217752456665039e-01,1.315218508243560791e-01,8.295650780200958252e-02,-1.690430045127868652e+00,1.377123594284057617e-01,-1.209309339523315430e+00,1.283336281776428223e+00,1.866149157285690308e-02,1.757490336894989014e-01,5.021109059453010559e-02,-1.336429566144943237e-01,-2.021887600421905518e-01,7.696272134780883789e-01,1.285423874855041504e+00,2.296972125768661499e-01,3.409903123974800110e-02,-1.803204566240310669e-01
6.063415203243494034e-04,7.285527884960174561e-03,7.806249260902404785e-01,8.976583480834960938e-01,-1.083939801901578903e-02,1.846633292734622955e-02,-4.401715397834777832e-01,3.146142661571502686e-01,7.965802401304244995e-02,1.281531095504760742e+00,4.626029357314109802e-02,-2.049747109413146973e-01,-1.603553146123886108e-01,-1.015764549374580383e-01,1.255119740962982178e-01,6.014983654022216797e-01,1.173800528049468994e-01,-4.403119161725044250e-02,1.427165567874908447e-01,-5.179056525230407715e-01,1.310326308012008667e-01,8.360672742128372192e-02,-1.689403533935546875e+00,1.390282064676284790e-01,-1.207735896110534668e+00,1.280238151550292969e+00,1.523056160658597946e-02,1.758387237787246704e-01,5.018193647265434265e-02,-1.364538073539733887e-01,-2.009970396757125854e-01,7.702667117118835449e-01,1.284994602203369141e+00,2.254905402660369873e-01,3.500003367662429810e-02,-1.807730942964553833e-01
3.732889017555862665e-04,7.464899681508541107e-03,7.806128859519958496e-01,8.983247876167297363e-01,-1.070742215961217880e-02,1.800014637410640717e-02,-4.388324916362762451e-01,3.137777745723724365e-01,7.982778549194335938e-02,1.278670310974121094e+00,4.718542471528053284e-02,-2.053334265947341919e-01,-1.594500392675399780e-01,-1.019727811217308044e-01,1.246565058827400208e-01,6.000338196754455566e-01,1.186595931649208069e-01,-4.418037831783294678e-02,1.437837630510330200e-01,-5.185549855232238770e-01,1.304504424333572388e-01,8.413716405630111694e-02,-1.686925888061523438e+00,1.395795643329620361e-01,-1.205038309097290039e+00,1.276626110076904297e+00,1.229865383356809616e-02,1.768525689840316772e-01,4.959974810481071472e-02,-1.392368823289871216e-01,-1.991820633411407471e-01,7.701419591903686523e-01,1.284418106079101562e+00,2.203764617443084717e-01,3.621778264641761780e-02,-1.813043802976608276e-01
6.736889190506190062e-05,7.696625310927629471e-03,7.805670499801635742e-01,8.990035653114318848e-01,-1.043737400323152542e-02,1.750498265027999878e-02,-4.374668598175048828e-01,3.126300275325775146e-01,8.023712784051895142e-02,1.275622367858886719e+00,4.816022515296936035e-02,-2.067877203226089478e-01,-1.574944853782653809e-01,-1.020753979682922363e-01,1.236120238900184631e-01,5.985745787620544434e-01,1.201499924063682556e-01,-4.476623609662055969e-02,1.453304886817932129e-01,-5.195240378379821777e-01,1.297904253005981445e-01,8.427332341670989990e-02,-1.681678295135498047e+00,1.392128020524978638e-01,-1.199361562728881836e+00,1.273226618766784668e+00,1.087512448430061340e-02,1.781195849180221558e-01,4.912734776735305786e-02,-1.420947611331939697e-01,-1.965767890214920044e-01,7.705739140510559082e-01,1.283579111099243164e+00,2.160264104604721069e-01,3.787566721439361572e-02,-1.813987940549850464e-01
