-1.383424177765846252e-02,-4.765305295586585999e-02,7.401445508003234863e-01,9.996497035026550293e-01,2.195754088461399078e-02,4.599211737513542175e-03,-1.404025498777627945e-02,2.189243957400321960e-02,3.858947157859802246e-01,2.020117491483688354e-01,5.960864424705505371e-01,-3.908229470252990723e-01,-1.008227244019508362e-01,-3.091202676296234131e-01,-4.950515031814575195e-01,-5.057325363159179688e-01,8.358662128448486328e-01,-4.067052304744720459e-01,1.877130866050720215e-01,-2.018735930323600769e-02,3.737407922744750977e-02,3.137651979923248291e-01,2.529830336570739746e-01,6.512625813484191895e-01,-5.814304351806640625e-01,9.842366576194763184e-01,5.828382372856140137e-01,-4.908796772360801697e-02,-2.617549337446689606e-02,-4.133847653865814209e-01,-6.888685822486877441e-01,7.610918879508972168e-01,9.084013104438781738e-01,-4.111173152923583984e-01,-6.184707954525947571e-02,6.672167778015136719e-02
-1.912241801619529724e-03,-5.679019168019294739e-02,7.467192411422729492e-01,9.996508359909057617e-01,2.097841911017894745e-02,-2.919108606874942780e-03,-1.579783670604228973e-02,-3.004513680934906006e-02,3.536043763160705566e-01,2.168569713830947876e-01,7.703208923339843750e-01,-4.196687042713165283e-01,-8.329862356185913086e-02,-2.442856580018997192e-01,-4.703397154808044434e-01,-5.387082099914550781e-01,7.929398417472839355e-01,-4.129334390163421631e-01,1.760739088058471680e-01,1.395886577665805817e-02,6.903602182865142822e-02,3.155965209007263184e-01,2.990281581878662109e-01,6.219103932380676270e-01,-5.843966007232666016e-01,9.377349615097045898e-01,5.274805426597595215e-01,-7.374718785285949707e-02,-5.197155848145484924e-02,-4.421219229698181152e-01,-6.825765967369079590e-01,7.360776066780090332e-01,8.838700056076049805e-01,-4.192039072513580322e-01,-5.690255761146545410e-02,8.835820108652114868e-02
1.368223875761032104e-02,-6.776565313339233398e-02,7.555853128433227539e-01,9.995788335800170898e-01,2.582945302128791809e-02,-5.839873105287551880e-03,-1.187090389430522919e-02,-9.877769649028778076e-02,2.904917895793914795e-01,2.181554734706878662e-01,8.891830444335937500e-01,-3.940490186214447021e-01,-9.033911675214767456e-02,-1.788337975740432739e-01,-4.557347893714904785e-01,-5.714036822319030762e-01,7.319740653038024902e-01,-4.043025374412536621e-01,1.663236618041992188e-01,4.596805945038795471e-02,8.368408679962158203e-02,3.070530295372009277e-01,3.341832756996154785e-01,5.908544063568115234e-01,-5.826042890548706055e-01,9.033921360969543457e-01,4.804690480232238770e-01,-1.005283668637275696e-01,-7.110816985368728638e-02,-4.559920430183410645e-01,-6.652346849441528320e-01,7.110706567764282227e-01,8.723798990249633789e-01,-4.273996055126190186e-01,-5.351847782731056213e-02,1.051601245999336243e-01
3.028034977614879608e-02,-7.832633703947067261e-02,7.657768726348876953e-01,9.994541406631469727e-01,3.231189027428627014e-02,-6.621303502470254898e-03,-1.891432097181677818e-03,-1.752970814704895020e-01,2.104696631431579590e-01,1.980222016572952271e-01,9.356040954589843750e-01,-3.507715165615081787e-01,-1.176855415105819702e-01,-9.902925044298171997e-02,-4.353934526443481445e-01,-6.095581650733947754e-01,6.421917676925659180e-01,-3.856045901775360107e-01,1.649394035339355469e-01,7.725051790475845337e-02,8.160764724016189575e-02,2.927617430686950684e-01,3.551874458789825439e-01,5.661457777023315430e-01,-5.671492815017700195e-01,8.866350650787353516e-01,4.436450898647308350e-01,-1.173446029424667358e-01,-7.517207413911819458e-02,-4.533143937587738037e-01,-6.334308981895446777e-01,7.061784267425537109e-01,8.802912235260009766e-01,-4.437891840934753418e-01,-5.309832468628883362e-02,1.197230145335197449e-01
4.846487939357757568e-02,-8.862528949975967407e-02,7.751686573028564453e-01,9.992278814315795898e-01,3.770599886775016785e-02,-4.996627103537321091e-03,9.842341765761375427e-03,-2.459771037101745605e-01,1.314435154199600220e-01,1.667643487453460693e-01,9.033819437026977539e-01,-3.201389908790588379e-01,-1.546569615602493286e-01,-1.309529040008783340e-02,-4.013504087924957275e-01,-6.487684249877929688e-01,5.291584134101867676e-01,-3.576990664005279541e-01,1.669055521488189697e-01,1.107237190008163452e-01,6.993434578180313110e-02,2.724951505661010742e-01,3.679258525371551514e-01,5.503122210502624512e-01,-5.373812317848205566e-01,8.786581158638000488e-01,4.117574393749237061e-01,-1.259574443101882935e-01,-7.346404343843460083e-02,-4.392467439174652100e-01,-5.960839986801147461e-01,7.166610956192016602e-01,8.903291821479797363e-01,-4.584296941757202148e-01,-5.345411598682403564e-02,1.359081268310546875e-01
6.896301358938217163e-02,-9.858363121747970581e-02,7.818189859390258789e-01,9.989694356918334961e-01,4.096360504627227783e-02,-1.071684411726891994e-03,1.951651647686958313e-02,-2.934230268001556396e-01,7.630584388971328735e-02,1.438755691051483154e-01,7.919110655784606934e-01,-3.114281296730041504e-01,-1.842627972364425659e-01,6.915376335382461548e-02,-3.522981405258178711e-01,-6.793649792671203613e-01,4.028055369853973389e-01,-3.253864049911499023e-01,1.698788404464721680e-01,1.453440338373184204e-01,5.298510938882827759e-02,2.476687580347061157e-01,3.791685700416564941e-01,5.413393378257751465e-01,-5.016461014747619629e-01,8.738608360290527344e-01,3.819122612476348877e-01,-1.291177868843078613e-01,-7.277340441942214966e-02,-4.174158275127410889e-01,-5.584719777107238770e-01,7.330841422080993652e-01,8.890471458435058594e-01,-4.565061330795288086e-01,-5.785130709409713745e-02,1.546872705221176147e-01
9.148722887039184570e-02,-1.080860793590545654e-01,7.847180366516113281e-01,9.988558292388916016e-01,4.124528169631958008e-02,4.300381988286972046e-03,2.381762117147445679e-02,-3.156871497631072998e-01,4.947759956121444702e-02,1.279648691415786743e-01,6.256089806556701660e-01,-3.053253591060638428e-01,-1.884831488132476807e-01,1.424411237239837646e-01,-2.911812663078308105e-01,-6.936680674552917480e-01,2.710830569267272949e-01,-2.911913394927978516e-01,1.755378991365432739e-01,1.776989251375198364e-01,3.495514765381813049e-02,2.216707020998001099e-01,3.918364942073822021e-01,5.356491208076477051e-01,-4.663771390914916992e-01,8.735311031341552734e-01,3.583368659019470215e-01,-1.294051259756088257e-01,-7.311451435089111328e-02,-3.935706019401550293e-01,-5.227248072624206543e-01,7.493248581886291504e-01,8.787772655487060547e-01,-4.284154176712036133e-01,-6.741330772638320923e-02,1.706800907850265503e-01
1.155011504888534546e-01,-1.162234172224998474e-01,7.831296920776367188e-01,9.990252852439880371e-01,3.784586489200592041e-02,8.273336105048656464e-03,2.116020023822784424e-02,-3.122915327548980713e-01,4.571202769875526428e-02,1.229595243930816650e-01,4.349454343318939209e-01,-3.016572892665863037e-01,-1.752411872148513794e-01,2.089548259973526001e-01,-2.290567904710769653e-01,-6.901368498802185059e-01,1.522604078054428101e-01,-2.635308802127838135e-01,1.795596480369567871e-01,2.044391334056854248e-01,2.053999714553356171e-02,1.983033120632171631e-01,4.067166745662689209e-01,5.289385914802551270e-01,-4.280220866203308105e-01,8.760134577751159668e-01,3.421762883663177490e-01,-1.279759109020233154e-01,-7.505410909652709961e-02,-3.707747161388397217e-01,-4.873511493206024170e-01,7.671154141426086426e-01,8.712961673736572266e-01,-3.834515810012817383e-01,-7.719631493091583252e-02,1.808330565690994263e-01
1.374377459287643433e-01,-1.216155588626861572e-01,7.771210074424743652e-01,9.994304180145263672e-01,3.049325942993164062e-02,8.636501617729663849e-03,1.159004494547843933e-02,-3.125437498092651367e-01,6.458465754985809326e-02,1.242576017975807190e-01,3.262208402156829834e-01,-2.945910394191741943e-01,-1.664476543664932251e-01,2.585358321666717529e-01,-1.822108626365661621e-01,-6.634700894355773926e-01,9.208583831787109375e-02,-2.666337192058563232e-01,1.770374029874801636e-01,2.259406745433807373e-01,1.276897639036178589e-02,1.798038035631179810e-01,4.205473661422729492e-01,5.159792900085449219e-01,-3.872296214103698730e-01,8.843545913696289062e-01,3.224008083343505859e-01,-1.249528601765632629e-01,-7.434575259685516357e-02,-3.481194674968719482e-01,-4.522804915904998779e-01,7.837004065513610840e-01,8.768244385719299316e-01,-3.358202576637268066e-01,-8.464982360601425171e-02,1.852319985628128052e-01
1.590548455715179443e-01,-1.254032254219055176e-01,7.692050933837890625e-01,9.996584653854370117e-01,2.517728693783283234e-02,6.981368176639080048e-03,-4.776892019435763359e-04,-3.420168757438659668e-01,7.689469307661056519e-02,9.988272935152053833e-02,3.682216405868530273e-01,-2.689316570758819580e-01,-1.609958112239837646e-01,2.922514975070953369e-01,-1.628360152244567871e-01,-6.292569637298583984e-01,8.419847488403320312e-02,-2.960381805896759033e-01,1.749582737684249878e-01,2.356375306844711304e-01,1.478827092796564102e-03,1.713963896036148071e-01,4.181456565856933594e-01,4.967772662639617920e-01,-3.555341064929962158e-01,9.051612019538879395e-01,3.058406710624694824e-01,-1.191222518682479858e-01,-5.932173132896423340e-02,-3.279874622821807861e-01,-4.190683960914611816e-01,7.897806763648986816e-01,8.985223770141601562e-01,-2.916248738765716553e-01,-9.104590862989425659e-02,1.813547313213348389e-01
1.786074638366699219e-01,-1.275292932987213135e-01,7.602976560592651367e-01,9.996885061264038086e-01,2.131160721182823181e-02,4.538136068731546402e-03,-1.217191386967897415e-02,-3.687941133975982666e-01,8.009755611419677734e-02,7.142921537160873413e-02,4.834252893924713135e-01,-2.124661058187484741e-01,-1.784959137439727783e-01,3.166263997554779053e-01,-1.605740785598754883e-01,-5.994138121604919434e-01,1.050086319446563721e-01,-3.394047915935516357e-01,1.757715195417404175e-01,2.286450564861297607e-01,-8.936529979109764099e-03,1.759014129638671875e-01,3.899989128112792969e-01,4.738944768905639648e-01,-3.509101867675781250e-01,9.334755539894104004e-01,3.051585555076599121e-01,-1.105842441320419312e-01,-3.953198716044425964e-02,-3.010819256305694580e-01,-3.942599892616271973e-01,7.765188813209533691e-01,9.284110665321350098e-01,-2.296845763921737671e-01,-1.072536930441856384e-01,1.660529822111129761e-01
1.968491375446319580e-01,-1.282291710376739502e-01,7.543486952781677246e-01,9.994277358055114746e-01,2.254207059741020203e-02,3.214922035112977028e-03,-2.501387707889080048e-02,-3.769835829734802246e-01,8.449579775333404541e-02,6.984107196331024170e-02,5.756569504737854004e-01,-1.907569915056228638e-01,-1.892370283603668213e-01,2.877038717269897461e-01,-1.956015080213546753e-01,-5.525773167610168457e-01,2.215913236141204834e-01,-3.999606370925903320e-01,1.770335286855697632e-01,2.052844613790512085e-01,-2.637237310409545898e-02,1.869070380926132202e-01,3.342766761779785156e-01,4.510791003704071045e-01,-3.772682547569274902e-01,9.688923954963684082e-01,3.046214282512664795e-01,-9.924726933240890503e-02,-2.494309283792972565e-02,-2.615486085414886475e-01,-3.795125186443328857e-01,7.452224493026733398e-01,9.501186609268188477e-01,-1.547958552837371826e-01,-1.195391863584518433e-01,1.472706943750381470e-01
2.147795855998992920e-01,-1.284628510475158691e-01,7.538311481475830078e-01,9.987667798995971680e-01,3.498689085245132446e-02,3.423733171075582504e-03,-3.505840897560119629e-02,-3.365396261215209961e-01,6.766878813505172729e-02,9.882096201181411743e-02,5.662037134170532227e-01,-2.115982323884963989e-01,-1.963630169630050659e-01,2.022538334131240845e-01,-2.865371704101562500e-01,-4.964402914047241211e-01,4.676566421985626221e-01,-4.569837749004364014e-01,1.646451652050018311e-01,1.641670465469360352e-01,-6.318575888872146606e-02,2.049079984426498413e-01,2.627852857112884521e-01,4.299362003803253174e-01,-4.448347091674804688e-01,9.986427426338195801e-01,3.142317831516265869e-01,-8.763848245143890381e-02,-1.846947148442268372e-02,-2.133847773075103760e-01,-3.741585612297058105e-01,7.274044752120971680e-01,9.674294590950012207e-01,-9.532978385686874390e-02,-1.300223916769027710e-01,1.382178962230682373e-01
2.332596480846405029e-01,-1.298158913850784302e-01,7.574691176414489746e-01,9.977937936782836914e-01,4.466113820672035217e-02,5.538376979529857635e-03,-4.880788549780845642e-02,-2.728914022445678711e-01,5.410602688789367676e-02,1.333454698324203491e-01,4.970706105232238770e-01,-2.166771739721298218e-01,-2.077477276325225830e-01,7.486553490161895752e-02,-3.773961067199707031e-01,-4.309077262878417969e-01,7.558085918426513672e-01,-4.440363943576812744e-01,1.298332065343856812e-01,1.138789206743240356e-01,-9.269049018621444702e-02,2.206311225891113281e-01,1.870887726545333862e-01,4.173679947853088379e-01,-5.147949457168579102e-01,9.975006580352783203e-01,3.076224029064178467e-01,-8.757573366165161133e-02,-7.786008063703775406e-03,-1.789973080158233643e-01,-3.785081505775451660e-01,7.332166433334350586e-01,9.834350943565368652e-01,-7.416709512472152710e-02,-1.324722915887832642e-01,1.299994140863418579e-01
2.526580393314361572e-01,-1.326333582401275635e-01,7.626155614852905273e-01,9.964957237243652344e-01,4.752791300415992737e-02,5.647073965519666672e-03,-6.859660148620605469e-02,-1.908918321132659912e-01,5.624941736459732056e-02,1.739279329776763916e-01,4.066353440284729004e-01,-2.093014717102050781e-01,-2.120458334684371948e-01,-7.610177993774414062e-02,-4.259274005889892578e-01,-3.325738608837127686e-01,1.015447378158569336e+00,-3.893443942070007324e-01,7.054634392261505127e-02,6.226815655827522278e-02,-1.055072695016860962e-01,2.385287433862686157e-01,1.268130242824554443e-01,4.208135902881622314e-01,-5.620991587638854980e-01,9.638906121253967285e-01,2.925068140029907227e-01,-9.566075354814529419e-02,1.187618169933557510e-02,-1.580398231744766235e-01,-3.962564468383789062e-01,7.510027885437011719e-01,9.996083378791809082e-01,-8.800074458122253418e-02,-1.312845051288604736e-01,1.196464672684669495e-01
2.736836373805999756e-01,-1.374194175004959106e-01,7.672992944717407227e-01,9.945711493492126465e-01,4.271803423762321472e-02,3.183756256476044655e-03,-9.483292698860168457e-02,-9.631755948066711426e-02,7.523272931575775146e-02,2.191700935363769531e-01,3.210211992263793945e-01,-2.065668404102325439e-01,-2.125604301691055298e-01,-1.896295696496963501e-01,-4.147586822509765625e-01,-2.475637197494506836e-01,1.128773689270019531e+00,-3.742724955081939697e-01,7.976657897233963013e-02,1.960827223956584930e-02,-1.017740294337272644e-01,2.540957331657409668e-01,8.338351547718048096e-02,4.403235912322998047e-01,-5.786530375480651855e-01,9.169487953186035156e-01,2.640489041805267334e-01,-1.066741719841957092e-01,3.646647557616233826e-02,-1.304840147495269775e-01,-4.186084866523742676e-01,7.529897689819335938e-01,1.014560461044311523e+00,-1.212570071220397949e-01,-1.288500130176544189e-01,9.838433563709259033e-02
2.957751750946044922e-01,-1.429314762353897095e-01,7.707913517951965332e-01,9.912092685699462891e-01,3.282814472913742065e-02,6.985239451751112938e-04,-1.281638443470001221e-01,2.482079900801181793e-03,1.021650731563568115e-01,2.806275784969329834e-01,2.421558946371078491e-01,-2.084448188543319702e-01,-2.105175256729125977e-01,-2.870992422103881836e-01,-3.861991465091705322e-01,-1.908563375473022461e-01,1.139079093933105469e+00,-3.667194843292236328e-01,9.794738143682479858e-02,-1.355520449578762054e-02,-8.495286107063293457e-02,2.634836435317993164e-01,5.215733870863914490e-02,4.658573865890502930e-01,-5.726524591445922852e-01,8.778944611549377441e-01,2.252729833126068115e-01,-1.088769882917404175e-01,5.402075126767158508e-02,-9.735314548015594482e-02,-4.410664439201354980e-01,7.272487878799438477e-01,1.030392885208129883e+00,-1.462522298097610474e-01,-1.262454986572265625e-01,7.430742681026458740e-02
3.185325562953948975e-01,-1.489784717559814453e-01,7.715751528739929199e-01,9.860290884971618652e-01,2.395342290401458740e-02,-8.565550087951123714e-04,-1.648397296667098999e-01,9.774116426706314087e-02,1.189848929643630981e-01,3.576874434947967529e-01,1.720482110977172852e-01,-2.118520736694335938e-01,-2.082434892654418945e-01,-3.768266439437866211e-01,-3.578325510025024414e-01,-1.502548009157180786e-01,1.082198143005371094e+00,-3.529830873012542725e-01,1.164088919758796692e-01,-4.178848117589950562e-02,-6.647283583879470825e-02,2.667067050933837891e-01,2.175228856503963470e-02,4.931986033916473389e-01,-5.681453347206115723e-01,8.579522371292114258e-01,2.023703157901763916e-01,-1.013966500759124756e-01,6.479695439338684082e-02,-6.415910273790359497e-02,-4.649436771869659424e-01,6.854990720748901367e-01,1.041680812835693359e+00,-1.547645330429077148e-01,-1.240715906023979187e-01,5.742686986923217773e-02
3.419802188873291016e-01,-1.561925262212753296e-01,7.685421705245971680e-01,9.799250364303588867e-01,1.966575346887111664e-02,-3.514948475640267134e-04,-1.983935981988906860e-01,1.743570119142532349e-01,1.214380785822868347e-01,4.312676191329956055e-01,1.314752250909805298e-01,-2.303723245859146118e-01,-2.104611098766326904e-01,-4.612824916839599609e-01,-3.318642973899841309e-01,-1.199166551232337952e-01,9.834465384483337402e-01,-3.310345709323883057e-01,1.426568478345870972e-01,-7.456244528293609619e-02,-5.452416837215423584e-02,2.658995985984802246e-01,-1.718918234109878540e-02,5.297950506210327148e-01,-5.870997309684753418e-01,8.561376929283142090e-01,2.149389237165451050e-01,-9.160258620977401733e-02,7.206272333860397339e-02,-3.659155964851379395e-02,-4.896187186241149902e-01,6.382030844688415527e-01,1.040713191032409668e+00,-1.489048451185226440e-01,-1.242177784442901611e-01,4.857591167092323303e-02
3.650811910629272461e-01,-1.654726415872573853e-01,7.619363069534301758e-01,9.744734764099121094e-01,1.991076953709125519e-02,2.417497802525758743e-03,-2.236047089099884033e-01,2.281301766633987427e-01,1.159979775547981262e-01,4.824861586093902588e-01,1.178635358810424805e-01,-2.650347650051116943e-01,-2.202797681093215942e-01,-5.365133881568908691e-01,-3.093755543231964111e-01,-1.039087772369384766e-01,8.570699691772460938e-01,-3.079423010349273682e-01,1.666217297315597534e-01,-1.174762919545173645e-01,-5.010148137807846069e-02,2.615859210491180420e-01,-6.368574500083923340e-02,5.838128328323364258e-01,-6.345410346984863281e-01,8.644849061965942383e-01,2.599862813949584961e-01,-8.601883053779602051e-02,7.379039376974105835e-02,-1.306902337819337845e-02,-5.098346471786499023e-01,5.849170088768005371e-01,1.024731874465942383e+00,-1.395214051008224487e-01,-1.249937564134597778e-01,4.074313864111900330e-02
3.871583342552185059e-01,-1.772304773330688477e-01,7.534549236297607422e-01,9.710319638252258301e-01,2.171628922224044800e-02,6.196862086653709412e-03,-2.378801554441452026e-01,2.693088650703430176e-01,1.119119375944137573e-01,5.077120661735534668e-01,1.145428344607353210e-01,-3.035333752632141113e-01,-2.315704971551895142e-01,-5.836881995201110840e-01,-2.842314541339874268e-01,-1.003563404083251953e-01,7.058954834938049316e-01,-2.825035750865936279e-01,1.827503591775894165e-01,-1.686725467443466187e-01,-4.973504692316055298e-02,2.548812925815582275e-01,-1.113822609186172485e-01,6.512600779533386230e-01,-6.927434206008911133e-01,8.780072331428527832e-01,3.115097284317016602e-01,-8.786708116531372070e-02,7.278981804847717285e-02,1.659652777016162872e-02,-5.182978510856628418e-01,5.231363773345947266e-01,1.000052809715270996e+00,-1.313376277685165405e-01,-1.269777715206146240e-01,3.012011013925075531e-02
4.094547033309936523e-01,-1.924052834510803223e-01,7.447549104690551758e-01,9.701007008552551270e-01,2.255161479115486145e-02,1.018464751541614532e-02,-2.414379864931106567e-01,3.067244589328765869e-01,1.152596846222877502e-01,5.145573019981384277e-01,1.118659824132919312e-01,-3.361479341983795166e-01,-2.404461354017257690e-01,-5.894529223442077637e-01,-2.491364777088165283e-01,-8.857372403144836426e-02,5.585952401161193848e-01,-2.484733015298843384e-01,2.044699788093566895e-01,-2.225686162710189819e-01,-4.904606565833091736e-02,2.451803237199783325e-01,-1.507226377725601196e-01,7.174901366233825684e-01,-7.398501634597778320e-01,8.977574110031127930e-01,3.387342989444732666e-01,-9.598328918218612671e-02,7.653972506523132324e-02,5.614132434129714966e-02,-5.113210082054138184e-01,4.610382616519927979e-01,9.820138812065124512e-01,-1.246069744229316711e-01,-1.347501426935195923e-01,2.235197834670543671e-02
4.345676600933074951e-01,-2.120422124862670898e-01,7.369519472122192383e-01,9.708974361419677734e-01,2.058634534478187561e-02,1.724396832287311554e-02,-2.379855364561080933e-01,3.406313657760620117e-01,1.314869374036788940e-01,5.100047588348388672e-01,1.067409366369247437e-01,-3.561950027942657471e-01,-2.471107542514801025e-01,-5.932121276855468750e-01,-2.135848850011825562e-01,-7.572003453969955444e-02,5.109109878540039062e-01,-2.061023265123367310e-01,2.045483738183975220e-01,-2.734691798686981201e-01,-4.017572849988937378e-02,2.302596867084503174e-01,-1.775777935981750488e-01,7.679446339607238770e-01,-7.634568810462951660e-01,9.204460978507995605e-01,3.405455648899078369e-01,-1.006484031677246094e-01,8.379163593053817749e-02,9.943088889122009277e-02,-4.893187880516052246e-01,4.094407558441162109e-01,9.772740602493286133e-01,-1.178991571068763733e-01,-1.426404267549514771e-01,2.178196236491203308e-02
4.577605128288269043e-01,-2.327151596546173096e-01,7.304572463035583496e-01,9.724111557006835938e-01,1.601496711373329163e-02,2.686557732522487640e-02,-2.311674654483795166e-01,3.661884069442749023e-01,1.571947932243347168e-01,4.915759563446044922e-01,1.057461351156234741e-01,-3.578439652919769287e-01,-2.528964579105377197e-01,-6.485762596130371094e-01,-1.861540675163269043e-01,-5.279428511857986450e-02,6.540476679801940918e-01,-1.877621412277221680e-01,1.528390049934387207e-01,-3.193385303020477295e-01,-2.260552532970905304e-02,2.084234356880187988e-01,-1.902660280466079712e-01,7.907311916351318359e-01,-7.500551939010620117e-01,9.466404318809509277e-01,3.453772068023681641e-01,-1.041076928377151489e-01,9.216174483299255371e-02,1.379899978637695312e-01,-4.549041092395782471e-01,3.757159709930419922e-01,9.953808784484863281e-01,-1.154712885618209839e-01,-1.564870625734329224e-01,2.825522795319557190e-02
4.829525947570800781e-01,-2.565693259239196777e-01,7.258614301681518555e-01,9.734314680099487305e-01,1.675837673246860504e-02,2.563756518065929413e-02,-2.269208729267120361e-01,4.123505055904388428e-01,1.690346896648406982e-01,4.831771552562713623e-01,1.052897796034812927e-01,-3.159129917621612549e-01,-2.471614927053451538e-01,-6.636539101600646973e-01,-1.836729347705841064e-01,-4.624770209193229675e-02,7.965024709701538086e-01,-2.651350796222686768e-01,1.058547198772430420e-01,-3.420275449752807617e-01,-2.808597870171070099e-02,1.980737298727035522e-01,-1.522001922130584717e-01,7.842844724655151367e-01,-7.071987986564636230e-01,9.654554128646850586e-01,3.321470618247985840e-01,-1.106193810701370239e-01,9.285249561071395874e-02,1.573314666748046875e-01,-4.149781465530395508e-01,3.706645071506500244e-01,1.042997598648071289e+00,-1.290151625871658325e-01,-1.623975783586502075e-01,4.899542033672332764e-02
5.090694427490234375e-01,-2.835207581520080566e-01,7.283374071121215820e-01,9.731918573379516602e-01,1.183784101158380508e-02,2.706137113273143768e-02,-2.280902117490768433e-01,4.086227416992187500e-01,2.220757454633712769e-01,4.795072674751281738e-01,2.117816358804702759e-01,-2.614607512950897217e-01,-2.284377217292785645e-01,-6.029962897300720215e-01,-1.519509702920913696e-01,-5.562642589211463928e-02,8.022143840789794922e-01,-2.927056252956390381e-01,1.026570051908493042e-01,-3.418556749820709229e-01,-1.896906644105911255e-02,1.864247322082519531e-01,-9.496576339006423950e-02,7.622694969177246094e-01,-6.458494067192077637e-01,9.604685306549072266e-01,3.306856751441955566e-01,-1.195079162716865540e-01,9.995641559362411499e-02,1.595182269811630249e-01,-3.737501502037048340e-01,3.720459043979644775e-01,1.105681300163269043e+00,-1.657095998525619507e-01,-1.560693681240081787e-01,7.370597869157791138e-02
5.373178124427795410e-01,-3.116501569747924805e-01,7.368006110191345215e-01,9.711573123931884766e-01,2.079574158415198326e-03,2.739198319613933563e-02,-2.368519157171249390e-01,3.404450118541717529e-01,3.194273114204406738e-01,4.814753532409667969e-01,4.868933260440826416e-01,-2.105718702077865601e-01,-1.475991606712341309e-01,-5.166879892349243164e-01,-1.099522709846496582e-01,-7.792592048645019531e-02,7.597045898437500000e-01,-3.214422762393951416e-01,8.517450094223022461e-02,-3.148119747638702393e-01,1.241994556039571762e-03,1.832924187183380127e-01,-3.007604368031024933e-02,7.200086116790771484e-01,-6.008316278457641602e-01,9.455139636993408203e-01,3.378128111362457275e-01,-1.198947131633758545e-01,8.475565165281295776e-02,1.452431976795196533e-01,-3.352510035037994385e-01,3.901747763156890869e-01,1.178645610809326172e+00,-2.158839106559753418e-01,-1.454906463623046875e-01,9.478146582841873169e-02
5.654163360595703125e-01,-3.381968140602111816e-01,7.473297119140625000e-01,9.694857001304626465e-01,-6.766386795789003372e-03,2.680050954222679138e-02,-2.435845434665679932e-01,2.368396073579788208e-01,4.248090088367462158e-01,4.698366522789001465e-01,7.868772149085998535e-01,-1.609794795513153076e-01,1.589238829910755157e-02,-4.098497331142425537e-01,-7.040712982416152954e-02,-1.003548055887222290e-01,6.737493276596069336e-01,-3.328000307083129883e-01,7.154300808906555176e-02,-2.747220098972320557e-01,2.235308289527893066e-02,1.836843341588973999e-01,2.056617848575115204e-02,6.660817265510559082e-01,-5.885050892829895020e-01,9.387481808662414551e-01,3.520763516426086426e-01,-1.131324544548988342e-01,5.540715903043746948e-02,1.152027100324630737e-01,-3.010202348232269287e-01,4.195601940155029297e-01,1.232956409454345703e+00,-2.427523285150527954e-01,-1.376450657844543457e-01,1.033407077193260193e-01
5.931820869445800781e-01,-3.627693653106689453e-01,7.580049037933349609e-01,9.696922898292541504e-01,-1.161995995789766312e-02,2.660845033824443817e-02,-2.425980269908905029e-01,1.042900830507278442e-01,4.450151026248931885e-01,3.799107968807220459e-01,9.641072154045104980e-01,-1.729632318019866943e-01,6.275657564401626587e-02,-2.930453121662139893e-01,-4.474793374538421631e-02,-1.201584935188293457e-01,5.588474869728088379e-01,-3.284334838390350342e-01,6.197415292263031006e-02,-2.339604198932647705e-01,3.500102832913398743e-02,1.797761470079421997e-01,5.497539788484573364e-02,6.131224036216735840e-01,-5.994716882705688477e-01,9.507423639297485352e-01,3.829767405986785889e-01,-1.061783730983734131e-01,1.353833731263875961e-02,7.418987154960632324e-02,-2.736209332942962646e-01,4.424573481082916260e-01,1.248590230941772461e+00,-2.347964644432067871e-01,-1.399724930524826050e-01,8.579771220684051514e-02
6.207881569862365723e-01,-3.858264684677124023e-01,7.684554457664489746e-01,9.715946316719055176e-01,-1.237818226218223572e-02,2.465238608419895172e-02,-2.350382506847381592e-01,-3.510453552007675171e-02,4.071356058120727539e-01,2.795147001743316650e-01,1.042944431304931641e+00,-1.985009163618087769e-01,4.522911831736564636e-02,-1.611218154430389404e-01,-2.864547446370124817e-02,-1.412858366966247559e-01,4.103789329528808594e-01,-3.049964010715484619e-01,5.786011368036270142e-02,-1.939897537231445312e-01,3.681531921029090881e-02,1.762809455394744873e-01,7.809411734342575073e-02,5.641183257102966309e-01,-6.103690266609191895e-01,9.767028689384460449e-01,4.127415716648101807e-01,-9.796653687953948975e-02,-2.772186324000358582e-02,3.698873519897460938e-02,-2.571501135826110840e-01,4.517417252063751221e-01,1.226703882217407227e+00,-1.965162456035614014e-01,-1.503095477819442749e-01,4.569214209914207458e-02
6.489486694335937500e-01,-4.078323543071746826e-01,7.761032581329345703e-01,9.745473861694335938e-01,-6.674187257885932922e-03,2.089672721922397614e-02,-2.231056988239288330e-01,-1.578214317560195923e-01,3.702715635299682617e-01,2.477799057960510254e-01,1.059481143951416016e+00,-2.186899483203887939e-01,4.294870793819427490e-02,-2.505129575729370117e-02,-2.445177733898162842e-02,-1.659318655729293823e-01,2.539547681808471680e-01,-2.744545936584472656e-01,5.888785049319267273e-02,-1.512559205293655396e-01,2.557039260864257812e-02,1.733180433511734009e-01,9.962347894906997681e-02,5.207351446151733398e-01,-6.096496582031250000e-01,1.004037380218505859e+00,4.287546873092651367e-01,-8.612846583127975464e-02,-4.916081205010414124e-02,3.842032980173826218e-03,-2.556761503219604492e-01,4.524817764759063721e-01,1.184395074844360352e+00,-1.478388607501983643e-01,-1.637891530990600586e-01,1.069095451384782791e-02
6.781742572784423828e-01,-4.291443526744842529e-01,7.793596982955932617e-01,9.772832989692687988e-01,5.079514347016811371e-03,1.890082843601703644e-02,-2.110316902399063110e-01,-2.653411328792572021e-01,3.356921076774597168e-01,2.755668461322784424e-01,1.014091491699218750e+00,-2.299281507730484009e-01,5.581607297062873840e-02,7.675022631883621216e-02,-3.444486483931541443e-02,-1.921235024929046631e-01,1.503133773803710938e-01,-2.608670592308044434e-01,6.364751607179641724e-02,-1.047867760062217712e-01,5.470118485391139984e-03,1.722585409879684448e-01,1.225683763623237610e-01,4.875614345073699951e-01,-5.941046476364135742e-01,1.022768497467041016e+00,4.318732023239135742e-01,-7.733987271785736084e-02,-5.251445993781089783e-02,-3.423015028238296509e-02,-2.712530791759490967e-01,4.541826546192169189e-01,1.137659668922424316e+00,-1.145654022693634033e-01,-1.763068288564682007e-01,-1.032507605850696564e-02
7.070740461349487305e-01,-4.487994909286499023e-01,7.787604331970214844e-01,9.789319634437561035e-01,1.537297666072845459e-02,1.951138675212860107e-02,-2.026702761650085449e-01,-3.554187119007110596e-01,2.899017035961151123e-01,3.118874728679656982e-01,9.044231176376342773e-01,-2.215985655784606934e-01,5.314067378640174866e-02,1.349263489246368408e-01,-4.673550277948379517e-02,-2.132992446422576904e-01,1.262443661689758301e-01,-2.772152423858642578e-01,6.467405706644058228e-02,-5.492817610502243042e-02,-1.012940518558025360e-02,1.768944263458251953e-01,1.471553295850753784e-01,4.675953984260559082e-01,-5.703999996185302734e-01,1.031981468200683594e+00,4.252772331237792969e-01,-7.941018790006637573e-02,-4.496442526578903198e-02,-8.029649406671524048e-02,-3.026765882968902588e-01,4.635860919952392578e-01,1.097029447555541992e+00,-1.040628179907798767e-01,-1.842511147260665894e-01,-2.177451364696025848e-02
7.341116666793823242e-01,-4.659292399883270264e-01,7.752889990806579590e-01,9.792975187301635742e-01,2.076707221567630768e-02,2.162967622280120850e-02,-2.001930326223373413e-01,-4.162445366382598877e-01,2.401959300041198730e-01,3.539711833000183105e-01,7.200971245765686035e-01,-1.927552819252014160e-01,2.683149091899394989e-02,1.795361191034317017e-01,-5.053383111953735352e-02,-2.265849560499191284e-01,1.270082443952560425e-01,-2.988950014114379883e-01,6.296150386333465576e-02,-3.102442016825079918e-03,-1.729006879031658173e-02,1.852960288524627686e-01,1.762308925390243530e-01,4.567860960960388184e-01,-5.474134087562561035e-01,1.038140416145324707e+00,4.119516611099243164e-01,-8.651969581842422485e-02,-3.329296410083770752e-02,-1.350051611661911011e-01,-3.465089201927185059e-01,4.855936169624328613e-01,1.068491220474243164e+00,-1.146698072552680969e-01,-1.866714060306549072e-01,-2.487783320248126984e-02
7.616317272186279297e-01,-4.825783371925354004e-01,7.689396739006042480e-01,9.784834384918212891e-01,1.906954310834407806e-02,2.267506346106529236e-02,-2.041870057582855225e-01,-4.316080808639526367e-01,1.880357563495635986e-01,3.999881148338317871e-01,4.479030966758728027e-01,-1.473491936922073364e-01,-2.237039804458618164e-02,2.251736670732498169e-01,-3.813279420137405396e-02,-2.237100154161453247e-01,1.319688558578491211e-01,-3.151240646839141846e-01,6.207097321748733521e-02,5.029273405671119690e-02,-1.390370633453130722e-02,1.964866369962692261e-01,2.109782546758651733e-01,4.520606398582458496e-01,-5.310955047607421875e-01,1.047273874282836914e+00,3.966849446296691895e-01,-9.201676398515701294e-02,-2.857695519924163818e-02,-1.941598951816558838e-01,-3.957583308219909668e-01,5.230008959770202637e-01,1.050115227699279785e+00,-1.441999226808547974e-01,-1.836144924163818359e-01,-2.395758032798767090e-02
7.926820516586303711e-01,-5.007483959197998047e-01,7.606823444366455078e-01,9.764449000358581543e-01,3.892168868333101273e-03,1.917175389826297760e-02,-2.148782014846801758e-01,-4.131472408771514893e-01,1.561401635408401489e-01,3.975315690040588379e-01,1.804072409868240356e-01,-1.048837453126907349e-01,-9.047874808311462402e-02,2.936454713344573975e-01,-9.025072213262319565e-04,-2.030525654554367065e-01,1.271860152482986450e-01,-3.143735229969024658e-01,5.758310854434967041e-02,1.014714092016220093e-01,1.405105087906122208e-02,2.070584595203399658e-01,2.499838322401046753e-01,4.511562585830688477e-01,-5.187484025955200195e-01,1.062907695770263672e+00,3.891427218914031982e-01,-9.284302592277526855e-02,-2.748679928481578827e-02,-2.352148294448852539e-01,-4.411837458610534668e-01,5.642965435981750488e-01,1.035899400711059570e+00,-1.740177571773529053e-01,-1.770339161157608032e-01,-1.871994696557521820e-02
8.261714577674865723e-01,-5.199376344680786133e-01,7.523203492164611816e-01,9.744589328765869141e-01,-1.200703624635934830e-02,1.578799076378345490e-02,-2.236882448196411133e-01,-4.306041002273559570e-01,1.503338664770126343e-01,3.452209830284118652e-01,1.181860193610191345e-01,-1.201505661010742188e-01,-1.291332989931106567e-01,3.661602735519409180e-01,2.835501357913017273e-02,-1.759558320045471191e-01,1.245078444480895996e-01,-3.005280494689941406e-01,6.608045101165771484e-02,1.338885575532913208e-01,3.914973512291908264e-02,2.083837240934371948e-01,2.930060029029846191e-01,4.502010941505432129e-01,-5.075506567955017090e-01,1.090847373008728027e+00,3.943613469600677490e-01,-8.306103944778442383e-02,-4.425530135631561279e-02,-2.557288408279418945e-01,-4.750635325908660889e-01,5.946419239044189453e-01,1.024974107742309570e+00,-1.889058202505111694e-01,-1.719562262296676636e-01,-1.258916687220335007e-02
8.614080548286437988e-01,-5.400446653366088867e-01,7.480113506317138672e-01,9.763985872268676758e-01,-2.306479495018720627e-03,1.520201098173856735e-02,-2.154281586408615112e-01,-4.232446849346160889e-01,8.704219013452529907e-02,3.018601238727569580e-01,1.127323061227798462e-01,-3.975646197795867920e-02,-7.506362348794937134e-02,3.627552390098571777e-01,1.155489590018987656e-04,-1.718476116657257080e-01,2.583210170269012451e-01,-2.985064685344696045e-01,8.875251561403274536e-02,1.310014575719833374e-01,6.964889820665121078e-03,2.003998756408691406e-01,3.148531615734100342e-01,4.482933878898620605e-01,-5.005040764808654785e-01,1.130505561828613281e+00,4.253128767013549805e-01,-7.183434069156646729e-02,-7.583481073379516602e-02,-2.482940107583999634e-01,-4.941783249378204346e-01,6.023511290550231934e-01,9.994744062423706055e-01,-2.095546275377273560e-01,-1.777367144823074341e-01,-7.953193271532654762e-04
8.992720246315002441e-01,-5.621581673622131348e-01,7.485984563827514648e-01,9.780433773994445801e-01,2.305042743682861328e-02,1.002944819629192352e-02,-2.068797647953033447e-01,-4.649337530136108398e-01,2.437578514218330383e-02,2.456598281860351562e-01,2.679375112056732178e-01,4.267896711826324463e-02,2.632872201502323151e-02,2.408641278743743896e-01,-8.264750242233276367e-02,-1.702977120876312256e-01,6.230334639549255371e-01,-2.301083803176879883e-01,1.130296364426612854e-01,1.241844370961189270e-01,-6.261815875768661499e-02,1.924106627702713013e-01,3.294887840747833252e-01,4.568302631378173828e-01,-5.083702802658081055e-01,1.158007264137268066e+00,4.265562891960144043e-01,-7.287769019603729248e-02,-9.352236241102218628e-02,-2.118023335933685303e-01,-4.911733865737915039e-01,5.906041860580444336e-01,9.773650765419006348e-01,-2.259867936372756958e-01,-1.788340508937835693e-01,8.124304004013538361e-03
9.355592131614685059e-01,-5.837995409965515137e-01,7.496399879455566406e-01,9.784165620803833008e-01,3.871911019086837769e-02,-1.586408913135528564e-02,-2.023614794015884399e-01,-4.071680903434753418e-01,-4.859160166233778000e-03,2.423598766326904297e-01,3.736058473587036133e-01,3.033673949539661407e-02,2.228350751101970673e-02,1.345172971487045288e-01,-1.590949892997741699e-01,-1.451304107904434204e-01,9.908405542373657227e-01,-3.583932667970657349e-02,1.360889226198196411e-01,1.197688579559326172e-01,-1.138409525156021118e-01,2.191689908504486084e-01,3.253320157527923584e-01,4.755216538906097412e-01,-5.296614170074462891e-01,1.173374295234680176e+00,4.123195409774780273e-01,-7.276544719934463501e-02,-1.172397583723068237e-01,-1.737995594739913940e-01,-4.743498265743255615e-01,5.866555571556091309e-01,9.648218750953674316e-01,-2.230593115091323853e-01,-1.792439967393875122e-01,1.479911617934703827e-02
9.684779644012451172e-01,-6.027088165283203125e-01,7.498946785926818848e-01,9.772476553916931152e-01,4.468647390604019165e-02,-4.116848856210708618e-02,-2.032121866941452026e-01,-3.382961452007293701e-01,-1.243444066494703293e-02,2.417523711919784546e-01,4.762358665466308594e-01,-6.840586662292480469e-02,1.743006706237792969e-02,1.823314651846885681e-02,-2.507780492305755615e-01,-1.423791348934173584e-01,1.303401947021484375e+00,1.023096069693565369e-01,1.037594079971313477e-01,1.135316118597984314e-01,-1.411281377077102661e-01,2.498432546854019165e-01,3.137547075748443604e-01,4.909377098083496094e-01,-5.614593029022216797e-01,1.176915645599365234e+00,3.988074660301208496e-01,-6.681764125823974609e-02,-1.340553015470504761e-01,-1.382413357496261597e-01,-4.540987908840179443e-01,5.992989540100097656e-01,9.636434316635131836e-01,-2.104964107275009155e-01,-1.807013154029846191e-01,2.258010953664779663e-02
1.000488042831420898e+00,-6.191704869270324707e-01,7.515537738800048828e-01,9.736499190330505371e-01,5.766196548938751221e-02,-6.104661896824836731e-02,-2.120241373777389526e-01,-2.311980575323104858e-01,-4.150228202342987061e-02,2.603785693645477295e-01,4.728390574455261230e-01,-1.343758553266525269e-01,1.048591639846563339e-02,-1.215000599622726440e-01,-3.608641028404235840e-01,-1.002771630883216858e-01,1.521829128265380859e+00,-2.757547190412878990e-03,3.725890442728996277e-02,1.001674309372901917e-01,-1.722452938556671143e-01,2.717022001743316650e-01,2.961779832839965820e-01,4.922550916671752930e-01,-5.915285348892211914e-01,1.172937154769897461e+00,4.015311598777770996e-01,-6.616750359535217285e-02,-1.295346468687057495e-01,-1.140103191137313843e-01,-4.451016485691070557e-01,6.368751525878906250e-01,9.627718925476074219e-01,-2.034770101308822632e-01,-1.813519150018692017e-01,2.909707836806774139e-02
1.032132267951965332e+00,-6.362212896347045898e-01,7.557464838027954102e-01,9.690894484519958496e-01,6.642904877662658691e-02,-8.532693982124328613e-02,-2.217479646205902100e-01,-7.939927279949188232e-02,-7.575726509094238281e-02,2.708543241024017334e-01,4.009597897529602051e-01,-1.728996634483337402e-01,8.236700668931007385e-04,-2.470672428607940674e-01,-4.232316613197326660e-01,-4.449348151683807373e-02,1.589220881462097168e+00,-1.199724748730659485e-01,-1.202055998146533966e-02,7.664604485034942627e-02,-1.889815330505371094e-01,2.941632270812988281e-01,2.826944887638092041e-01,4.868083596229553223e-01,-6.034950017929077148e-01,1.151990413665771484e+00,4.161891341209411621e-01,-6.510706990957260132e-02,-1.050480902194976807e-01,-8.355865627527236938e-02,-4.408047795295715332e-01,6.660649180412292480e-01,9.637135267257690430e-01,-1.971943378448486328e-01,-1.769278198480606079e-01,2.635788358747959137e-02
1.063517808914184570e+00,-6.556301116943359375e-01,7.603860497474670410e-01,9.663428068161010742e-01,6.552368402481079102e-02,-1.053750216960906982e-01,-2.253537625074386597e-01,7.383113354444503784e-02,-9.269114583730697632e-02,2.571015059947967529e-01,2.984691858291625977e-01,-1.826578825712203979e-01,-1.488716807216405869e-02,-3.300253152847290039e-01,-4.646070301532745361e-01,-5.975658074021339417e-02,1.505583643913269043e+00,-2.085960656404495239e-01,-4.797235131263732910e-02,4.053991660475730896e-02,-1.821103990077972412e-01,3.054760992527008057e-01,2.684757411479949951e-01,4.787263274192810059e-01,-6.057677865028381348e-01,1.119943976402282715e+00,4.330205321311950684e-01,-6.355618685483932495e-02,-9.052740037441253662e-02,-4.832012206315994263e-02,-4.320979714393615723e-01,6.631228923797607422e-01,9.763268828392028809e-01,-1.924093812704086304e-01,-1.725812554359436035e-01,2.298532426357269287e-02
1.096044540405273438e+00,-6.778590679168701172e-01,7.633314728736877441e-01,9.666254520416259766e-01,5.863486602902412415e-02,-1.130059882998466492e-01,-2.223214805126190186e-01,1.941871345043182373e-01,-8.820292353630065918e-02,2.293539643287658691e-01,1.986374258995056152e-01,-1.817235648632049561e-01,-3.393250703811645508e-02,-3.792164623737335205e-01,-4.752015173435211182e-01,-1.272707581520080566e-01,1.294856309890747070e+00,-2.628706693649291992e-01,-3.628689795732498169e-02,1.150217722170054913e-04,-1.585743278264999390e-01,2.975479066371917725e-01,2.434216141700744629e-01,4.711113870143890381e-01,-6.083946228027343750e-01,1.097470045089721680e+00,4.498788118362426758e-01,-6.185547634959220886e-02,-8.324353396892547607e-02,-1.141268666833639145e-02,-4.178782403469085693e-01,6.300882697105407715e-01,9.948697686195373535e-01,-1.908807158470153809e-01,-1.660971641540527344e-01,2.036868222057819366e-02
1.129110097885131836e+00,-7.018251419067382812e-01,7.626867294311523438e-01,9.688823819160461426e-01,5.694915726780891418e-02,-1.099993661046028137e-01,-2.142983824014663696e-01,2.746013402938842773e-01,-8.075085282325744629e-02,2.032029330730438232e-01,1.265695542097091675e-01,-1.921064555644989014e-01,-5.112264305353164673e-02,-4.068310260772705078e-01,-4.734636843204498291e-01,-2.030056416988372803e-01,9.904811382293701172e-01,-2.560243904590606689e-01,2.716043381951749325e-04,-3.935500979423522949e-02,-1.425966769456863403e-01,2.785619795322418213e-01,2.029443085193634033e-01,4.612787365913391113e-01,-6.186548471450805664e-01,1.093784093856811523e+00,4.670960307121276855e-01,-5.931853502988815308e-02,-5.643186718225479126e-02,2.753620408475399017e-02,-4.013933837413787842e-01,5.892327427864074707e-01,1.011247992515563965e+00,-1.916987299919128418e-01,-1.547546982765197754e-01,5.110355094075202942e-03
1.160461068153381348e+00,-7.273810505867004395e-01,7.574849128723144531e-01,9.721790552139282227e-01,6.189035996794700623e-02,-1.061063706874847412e-01,-1.994467824697494507e-01,3.224490880966186523e-01,-7.365325093269348145e-02,1.700062751770019531e-01,1.118453666567802429e-01,-2.324289232492446899e-01,-6.634856760501861572e-02,-4.038318097591400146e-01,-4.419936835765838623e-01,-2.074549198150634766e-01,6.408920288085937500e-01,-1.692366003990173340e-01,6.016062200069427490e-02,-7.592199742794036865e-02,-1.422238498926162720e-01,2.571940422058105469e-01,1.561026275157928467e-01,4.532865881919860840e-01,-6.384585499763488770e-01,1.098222255706787109e+00,4.820113778114318848e-01,-5.581483244895935059e-02,-1.083456538617610931e-02,6.762757152318954468e-02,-3.849687576293945312e-01,5.521320104598999023e-01,1.016794681549072266e+00,-1.853015273809432983e-01,-1.505830883979797363e-01,-1.860473118722438812e-02
1.189988136291503906e+00,-7.547606229782104492e-01,7.492762207984924316e-01,9.764161705970764160e-01,7.231186330318450928e-02,-1.019341871142387390e-01,-1.760451644659042358e-01,3.554437458515167236e-01,-6.808446347713470459e-02,1.279073953628540039e-01,1.147575527429580688e-01,-2.748070657253265381e-01,-8.128196001052856445e-02,-3.868576288223266602e-01,-4.327349066734313965e-01,-1.545861661434173584e-01,3.984217941761016846e-01,-7.173132896423339844e-02,1.317299157381057739e-01,-1.024576574563980103e-01,-1.557804197072982788e-01,2.377698123455047607e-01,1.019844263792037964e-01,4.532243907451629639e-01,-6.512597799301147461e-01,1.092193841934204102e+00,4.961857497692108154e-01,-4.859210923314094543e-02,4.324495047330856323e-02,1.021823137998580933e-01,-3.597483634948730469e-01,5.192563533782958984e-01,1.023948907852172852e+00,-1.675747036933898926e-01,-1.583376228809356689e-01,-4.768727347254753113e-02
1.216068029403686523e+00,-7.816486954689025879e-01,7.419946789741516113e-01,9.809799790382385254e-01,7.479731738567352295e-02,-9.546047449111938477e-02,-1.515616625547409058e-01,3.490537703037261963e-01,-3.988752514123916626e-02,8.403299003839492798e-02,1.764582395553588867e-01,-3.308459520339965820e-01,-8.439611643552780151e-02,-4.134172499179840088e-01,-4.507784247398376465e-01,-1.485111564397811890e-01,4.527193307876586914e-01,1.236470136791467667e-02,1.424297988414764404e-01,-1.183287054300308228e-01,-1.524516195058822632e-01,2.275020778179168701e-01,4.050732776522636414e-02,4.539983272552490234e-01,-6.488996148109436035e-01,1.076159715652465820e+00,5.369099974632263184e-01,-4.679444432258605957e-02,8.694674819707870483e-02,1.194734573364257812e-01,-3.300643861293792725e-01,5.064131617546081543e-01,1.019564867019653320e+00,-1.358884572982788086e-01,-1.709749400615692139e-01,-7.582969218492507935e-02
1.239339113235473633e+00,-8.067197203636169434e-01,7.403341531753540039e-01,9.856263399124145508e-01,6.282595545053482056e-02,-8.850929141044616699e-02,-1.294595301151275635e-01,2.932560145854949951e-01,2.023504301905632019e-02,5.946998298168182373e-02,3.553033471107482910e-01,-3.983511030673980713e-01,-6.981813162565231323e-02,-4.303314089775085449e-01,-4.463852941989898682e-01,-1.785104125738143921e-01,5.912992954254150391e-01,-2.263180352747440338e-02,1.066164523363113403e-01,-1.266448348760604858e-01,-1.219368204474449158e-01,2.281304001808166504e-01,5.200390703976154327e-03,4.435474574565887451e-01,-6.320326924324035645e-01,1.057490706443786621e+00,5.501942038536071777e-01,-6.154603511095046997e-02,1.228064224123954773e-01,1.150751039385795593e-01,-3.096972703933715820e-01,5.216589570045471191e-01,9.969619512557983398e-01,-1.306942403316497803e-01,-1.815529167652130127e-01,-8.683452010154724121e-02
1.259465098381042480e+00,-8.285309076309204102e-01,7.444171905517578125e-01,9.889836311340332031e-01,4.847742617130279541e-02,-8.496127277612686157e-02,-1.110985055565834045e-01,2.164328545331954956e-01,9.547030925750732422e-02,9.926179051399230957e-02,5.633930563926696777e-01,-4.013716876506805420e-01,-2.709008194506168365e-02,-3.859547376632690430e-01,-4.270445704460144043e-01,-2.283188849687576294e-01,6.335636973381042480e-01,-6.936970353126525879e-02,8.752585202455520630e-02,-1.202781125903129578e-01,-8.465404808521270752e-02,2.422365099191665649e-01,-1.483004074543714523e-02,4.242911338806152344e-01,-6.179950833320617676e-01,1.037180900573730469e+00,5.294528603553771973e-01,-7.653561234474182129e-02,1.432390362024307251e-01,9.366025775671005249e-02,-3.079345226287841797e-01,5.580754280090332031e-01,9.753285050392150879e-01,-1.511058360338211060e-01,-1.908800601959228516e-01,-8.504874259233474731e-02
1.276762247085571289e+00,-8.464704155921936035e-01,7.511718869209289551e-01,9.913715720176696777e-01,4.892783984541893005e-02,-8.170686662197113037e-02,-9.006849676370620728e-02,1.306680291891098022e-01,1.622159332036972046e-01,1.936288625001907349e-01,7.652273774147033691e-01,-3.673423230648040771e-01,6.037081778049468994e-02,-3.327791988849639893e-01,-4.351576864719390869e-01,-2.747816145420074463e-01,6.343499422073364258e-01,-1.014168262481689453e-01,9.187166392803192139e-02,-1.072511151432991028e-01,-6.922627985477447510e-02,2.542447745800018311e-01,-3.307138755917549133e-02,4.003685116767883301e-01,-6.222121119499206543e-01,1.026356816291809082e+00,4.957652986049652100e-01,-8.975605666637420654e-02,1.516101956367492676e-01,6.287305057048797607e-02,-3.166972994804382324e-01,6.048165559768676758e-01,9.693534374237060547e-01,-1.969724744558334351e-01,-1.946924924850463867e-01,-8.984573185443878174e-02
1.291380167007446289e+00,-8.611143827438354492e-01,7.600463628768920898e-01,9.934573173522949219e-01,4.977177083492279053e-02,-7.638798654079437256e-02,-6.877621263265609741e-02,5.353758484125137329e-02,2.104144394397735596e-01,2.697769105434417725e-01,8.925248980522155762e-01,-3.503258526325225830e-01,1.247333809733390808e-01,-2.736805081367492676e-01,-4.346661567687988281e-01,-3.321757912635803223e-01,6.004912853240966797e-01,-1.128842681646347046e-01,9.562111645936965942e-02,-8.744025975465774536e-02,-4.636217653751373291e-02,2.642104625701904297e-01,-4.725256934762001038e-02,3.792756199836730957e-01,-6.464816927909851074e-01,1.029966115951538086e+00,4.711534976959228516e-01,-9.613498300313949585e-02,1.462302654981613159e-01,1.868630386888980865e-02,-3.362523019313812256e-01,6.535785794258117676e-01,9.910758137702941895e-01,-2.480165511369705200e-01,-1.921104341745376587e-01,-9.455292671918869019e-02
1.306226849555969238e+00,-8.748109936714172363e-01,7.702981829643249512e-01,9.948818683624267578e-01,5.290371179580688477e-02,-7.093766331672668457e-02,-4.877633973956108093e-02,-2.415794180706143379e-03,1.826280802488327026e-01,2.803952097892761230e-01,8.913713693618774414e-01,-3.018422126770019531e-01,9.926993399858474731e-02,-2.060599327087402344e-01,-4.335624873638153076e-01,-3.949856758117675781e-01,5.437433123588562012e-01,-1.105032488703727722e-01,9.804608672857284546e-02,-6.554269045591354370e-02,-2.803549356758594513e-02,2.668518722057342529e-01,-4.904066771268844604e-02,3.702681660652160645e-01,-6.711251735687255859e-01,1.038013219833374023e+00,4.649039506912231445e-01,-9.997982531785964966e-02,1.404302716255187988e-01,-3.035261854529380798e-02,-3.579251766204833984e-01,6.942048668861389160e-01,1.034671425819396973e+00,-2.888301610946655273e-01,-1.799456924200057983e-01,-8.988577872514724731e-02
1.321133494377136230e+00,-8.874043226242065430e-01,7.787396311759948730e-01,9.958178400993347168e-01,5.724862217903137207e-02,-6.537042558193206787e-02,-2.821572124958038330e-02,-3.432734310626983643e-02,1.535478234291076660e-01,3.159220218658447266e-01,8.264808654785156250e-01,-2.576794624328613281e-01,5.342561379075050354e-02,-1.420904099941253662e-01,-4.336144924163818359e-01,-4.550212323665618896e-01,4.860790371894836426e-01,-1.096003502607345581e-01,1.019591689109802246e-01,-4.737130180001258850e-02,-1.712315715849399567e-02,2.599186301231384277e-01,-3.868784010410308838e-02,3.763149678707122803e-01,-6.852880716323852539e-01,1.034719228744506836e+00,4.720814228057861328e-01,-1.065549924969673157e-01,1.356545686721801758e-01,-6.714967638254165649e-02,-3.777688145637512207e-01,7.031607031822204590e-01,1.068681120872497559e+00,-3.019560873508453369e-01,-1.685418337583541870e-01,-8.324445784091949463e-02
1.334727168083190918e+00,-8.986693024635314941e-01,7.843878865242004395e-01,9.964333772659301758e-01,5.872084945440292358e-02,-5.969181284308433533e-02,-1.045288145542144775e-02,-4.185865446925163269e-02,1.557848155498504639e-01,3.932452201843261719e-01,7.436667084693908691e-01,-2.458143234252929688e-01,2.373525127768516541e-02,-9.279911965131759644e-02,-4.245682358741760254e-01,-5.013737678527832031e-01,4.397097527980804443e-01,-1.108240783214569092e-01,1.049518883228302002e-01,-3.260976448655128479e-02,-5.171036347746849060e-03,2.520628869533538818e-01,-1.757653057575225830e-02,3.946965932846069336e-01,-6.867449879646301270e-01,1.013815641403198242e+00,4.777888059616088867e-01,-1.164822727441787720e-01,1.295162290334701538e-01,-9.059663116931915283e-02,-4.001940190792083740e-01,6.850785017013549805e-01,1.083496570587158203e+00,-2.871246337890625000e-01,-1.670451313257217407e-01,-8.063973486423492432e-02
1.345501899719238281e+00,-9.078472852706909180e-01,7.873247265815734863e-01,9.968460798263549805e-01,5.736333131790161133e-02,-5.481459572911262512e-02,1.649602898396551609e-03,-4.116147756576538086e-02,1.564444154500961304e-01,4.513198435306549072e-01,6.511262655258178711e-01,-2.377144992351531982e-01,-5.196695216000080109e-03,-6.027549505233764648e-02,-4.077046811580657959e-01,-5.291546583175659180e-01,4.094152748584747314e-01,-1.189062893390655518e-01,1.047926992177963257e-01,-1.951159723103046417e-02,8.525483310222625732e-03,2.471312582492828369e-01,1.405109371989965439e-02,4.205774664878845215e-01,-6.752199530601501465e-01,9.815490245819091797e-01,4.722733199596405029e-01,-1.294879317283630371e-01,1.283035278320312500e-01,-1.083381995558738708e-01,-4.270696341991424561e-01,6.591022610664367676e-01,1.082880735397338867e+00,-2.641769051551818848e-01,-1.700940728187561035e-01,-8.164156228303909302e-02
1.353549003601074219e+00,-9.151101708412170410e-01,7.881001234054565430e-01,9.972734451293945312e-01,5.304314941167831421e-02,-5.059579387307167053e-02,8.495447225868701935e-03,-4.289801046252250671e-02,1.544310599565505981e-01,4.726251065731048584e-01,5.596780776977539062e-01,-2.243654131889343262e-01,-2.947861701250076294e-02,-3.774230182170867920e-02,-3.828925490379333496e-01,-5.477597117424011230e-01,3.853446245193481445e-01,-1.348565667867660522e-01,1.010177806019783020e-01,-7.131649646908044815e-03,2.424388378858566284e-02,2.435206174850463867e-01,5.116059631109237671e-02,4.478637874126434326e-01,-6.538587212562561035e-01,9.501418471336364746e-01,4.585447311401367188e-01,-1.394006460905075073e-01,1.302995085716247559e-01,-1.240082830190658569e-01,-4.554654061794281006e-01,6.346049904823303223e-01,1.071554541587829590e+00,-2.496151477098464966e-01,-1.731738448143005371e-01,-8.454917371273040771e-02
1.360859274864196777e+00,-9.218857884407043457e-01,7.873154282569885254e-01,9.978141784667968750e-01,4.560995474457740784e-02,-4.635347425937652588e-02,1.174119301140308380e-02,-4.947530478239059448e-02,1.568853855133056641e-01,4.640653729438781738e-01,4.800261259078979492e-01,-2.089466750621795654e-01,-5.456217750906944275e-02,-2.313455753028392792e-02,-3.517314493656158447e-01,-5.623189210891723633e-01,3.649542331695556641e-01,-1.523940265178680420e-01,9.374198317527770996e-02,4.340058658272027969e-03,4.356620088219642639e-02,2.399346232414245605e-01,8.622547239065170288e-02,4.706959724426269531e-01,-6.281042098999023438e-01,9.282879233360290527e-01,4.438483715057373047e-01,-1.425536870956420898e-01,1.325437575578689575e-01,-1.373147070407867432e-01,-4.815378785133361816e-01,6.099158525466918945e-01,1.057285547256469727e+00,-2.433470636606216431e-01,-1.762056797742843628e-01,-9.225985407829284668e-02
1.366839408874511719e+00,-9.274085164070129395e-01,7.856859564781188965e-01,9.982987642288208008e-01,3.827981278300285339e-02,-4.192646592855453491e-02,1.328399777412414551e-02,-6.143811345100402832e-02,1.631317138671875000e-01,4.476915895938873291e-01,4.272435009479522705e-01,-1.848136335611343384e-01,-8.055324107408523560e-02,-1.592842675745487213e-02,-3.256495893001556396e-01,-5.742455124855041504e-01,3.570989966392517090e-01,-1.715955138206481934e-01,8.772115409374237061e-02,1.299529988318681717e-02,6.090714782476425171e-02,2.387132942676544189e-01,1.164856851100921631e-01,4.861391186714172363e-01,-6.001696586608886719e-01,9.208075404167175293e-01,4.294899106025695801e-01,-1.421309113502502441e-01,1.373188942670822144e-01,-1.461170613765716553e-01,-5.043238997459411621e-01,5.780223608016967773e-01,1.042522907257080078e+00,-2.396688014268875122e-01,-1.793839782476425171e-01,-1.033392623066902161e-01
1.371799230575561523e+00,-9.313979148864746094e-01,7.850652337074279785e-01,9.984724521636962891e-01,3.725019097328186035e-02,-3.715104982256889343e-02,1.687861606478691101e-02,-7.052281498908996582e-02,1.590130180120468140e-01,4.494720697402954102e-01,3.900053799152374268e-01,-1.651964485645294189e-01,-8.708388358354568481e-02,-1.428405568003654480e-02,-3.193700015544891357e-01,-5.831046700477600098e-01,3.594612479209899902e-01,-1.885879486799240112e-01,8.639135956764221191e-02,1.461270824074745178e-02,6.302113085985183716e-02,2.384390681982040405e-01,1.358912885189056396e-01,4.912839233875274658e-01,-5.748151540756225586e-01,9.271889925003051758e-01,4.206780493259429932e-01,-1.344266980886459351e-01,1.406209319829940796e-01,-1.459478288888931274e-01,-5.183416008949279785e-01,5.315732955932617188e-01,1.026141405105590820e+00,-2.371913194656372070e-01,-1.838111430406570435e-01,-1.119219511747360229e-01
1.376582860946655273e+00,-9.344896674156188965e-01,7.852498292922973633e-01,9.985097050666809082e-01,3.725981712341308594e-02,-3.339781984686851501e-02,2.178675122559070587e-02,-7.878331094980239868e-02,1.549167335033416748e-01,4.440663754940032959e-01,3.695347011089324951e-01,-1.481612175703048706e-01,-8.664546161890029907e-02,-7.360802032053470612e-03,-3.138145804405212402e-01,-5.940375328063964844e-01,3.534305691719055176e-01,-1.981103867292404175e-01,8.547893166542053223e-02,1.153677608817815781e-02,6.023641675710678101e-02,2.370628565549850464e-01,1.506569981575012207e-01,4.921154379844665527e-01,-5.537565350532531738e-01,9.330223202705383301e-01,4.210773706436157227e-01,-1.218278184533119202e-01,1.348034292459487915e-01,-1.377222687005996704e-01,-5.199951529502868652e-01,4.700005352497100830e-01,1.012696623802185059e+00,-2.287739217281341553e-01,-1.856459975242614746e-01,-1.172487884759902954e-01
1.381594061851501465e+00,-9.371973276138305664e-01,7.851034402847290039e-01,9.986138343811035156e-01,3.495747223496437073e-02,-3.003978170454502106e-02,2.541545405983924866e-02,-8.261603116989135742e-02,1.558967381715774536e-01,4.268474876880645752e-01,3.448390662670135498e-01,-1.396171152591705322e-01,-9.749330580234527588e-02,-1.808969886042177677e-03,-3.031420707702636719e-01,-6.042522788047790527e-01,3.435980975627899170e-01,-2.036290466785430908e-01,8.434265851974487305e-02,8.349665440618991852e-03,6.013897433876991272e-02,2.339370250701904297e-01,1.671284884214401245e-01,4.938212037086486816e-01,-5.354684591293334961e-01,9.213985204696655273e-01,4.254814982414245605e-01,-1.120118126273155212e-01,1.257285624742507935e-01,-1.265635937452316284e-01,-5.118169784545898438e-01,4.092624187469482422e-01,1.001138210296630859e+00,-2.151331901550292969e-01,-1.865822672843933105e-01,-1.135578081011772156e-01
1.385794997215270996e+00,-9.390973448753356934e-01,7.839214205741882324e-01,9.988726973533630371e-01,2.954807318747043610e-02,-2.589603327214717865e-02,2.664050646126270294e-02,-8.747348934412002563e-02,1.699057817459106445e-01,4.118964374065399170e-01,3.221613466739654541e-01,-1.419498622417449951e-01,-1.072813048958778381e-01,-4.141428973525762558e-03,-2.870485186576843262e-01,-6.090824604034423828e-01,3.389562964439392090e-01,-2.111670225858688354e-01,8.222221583127975464e-02,7.500013336539268494e-03,6.605928391218185425e-02,2.303925007581710815e-01,1.880992501974105835e-01,4.984949827194213867e-01,-5.237848758697509766e-01,8.866969347000122070e-01,4.223234057426452637e-01,-1.159201562404632568e-01,1.228635534644126892e-01,-1.176176369190216064e-01,-5.000490546226501465e-01,3.625811636447906494e-01,9.917671084403991699e-01,-2.101567536592483521e-01,-1.892087459564208984e-01,-1.050190851092338562e-01
1.388644456863403320e+00,-9.400446414947509766e-01,7.818703055381774902e-01,9.992057681083679199e-01,2.391154691576957703e-02,-2.040864154696464539e-02,2.448595501482486725e-02,-9.155178815126419067e-02,1.892522722482681274e-01,4.147079885005950928e-01,3.010464012622833252e-01,-1.253688782453536987e-01,-1.097724512219429016e-01,-1.695297658443450928e-02,-2.738206684589385986e-01,-6.061792969703674316e-01,3.461874723434448242e-01,-2.222715467214584351e-01,7.987715303897857666e-02,8.326740935444831848e-03,7.220562547445297241e-02,2.289634495973587036e-01,2.091893851757049561e-01,5.051500797271728516e-01,-5.210508108139038086e-01,8.419645428657531738e-01,4.102813601493835449e-01,-1.306782662868499756e-01,1.292885392904281616e-01,-1.118070036172866821e-01,-4.895685911178588867e-01,3.291815817356109619e-01,9.865678548812866211e-01,-2.133477181196212769e-01,-1.942396014928817749e-01,-1.041208729147911072e-01
1.391168475151062012e+00,-9.406705498695373535e-01,7.798517942428588867e-01,9.994756579399108887e-01,2.076013199985027313e-02,-1.393240690231323242e-02,2.057330682873725891e-02,-8.941670507192611694e-02,2.007609158754348755e-01,4.320659935474395752e-01,2.760223150253295898e-01,-7.217335700988769531e-02,-1.172876209020614624e-01,-4.006008803844451904e-02,-2.709783315658569336e-01,-5.958970189094543457e-01,3.640681505203247070e-01,-2.349807769060134888e-01,8.058108389377593994e-02,8.772222325205802917e-03,7.148680835962295532e-02,2.269695401191711426e-01,2.218121886253356934e-01,5.102645158767700195e-01,-5.138792991638183594e-01,8.059868216514587402e-01,3.950149118900299072e-01,-1.400412917137145996e-01,1.395284533500671387e-01,-1.077014729380607605e-01,-4.788259565830230713e-01,3.059550821781158447e-01,9.858787059783935547e-01,-2.147546857595443726e-01,-1.917733699083328247e-01,-1.152138859033584595e-01
1.392559885978698730e+00,-9.405869841575622559e-01,7.778912186622619629e-01,9.997555017471313477e-01,1.547193713486194611e-02,-7.594385650008916855e-03,1.385175157338380814e-02,-9.326295554637908936e-02,2.168374657630920410e-01,4.460649788379669189e-01,2.716852128505706787e-01,-8.214486390352249146e-02,-1.202698796987533569e-01,-5.972514674067497253e-02,-2.604856193065643311e-01,-5.866906642913818359e-01,3.756552636623382568e-01,-2.448727637529373169e-01,8.044225722551345825e-02,1.061314903199672699e-02,7.267875224351882935e-02,2.283869981765747070e-01,2.285987734794616699e-01,5.116830468177795410e-01,-5.147283673286437988e-01,7.909626364707946777e-01,3.736280798912048340e-01,-1.471614241600036621e-01,1.509890407323837280e-01,-1.094422265887260437e-01,-4.697422087192535400e-01,2.901625931262969971e-01,9.900743365287780762e-01,-2.181230038404464722e-01,-1.927962154150009155e-01,-1.268694102764129639e-01
1.393471717834472656e+00,-9.401760101318359375e-01,7.767271399497985840e-01,9.998785257339477539e-01,1.382376905530691147e-02,-1.623089890927076340e-03,7.010941859334707260e-03,-9.821025282144546509e-02,2.236551493406295776e-01,4.587295949459075928e-01,2.695446908473968506e-01,-9.003531187772750854e-02,-1.192889213562011719e-01,-7.942995429039001465e-02,-2.585618197917938232e-01,-5.749274492263793945e-01,3.895046710968017578e-01,-2.526627480983734131e-01,8.212269097566604614e-02,1.084234099835157394e-02,6.407367438077926636e-02,2.328562736511230469e-01,2.208984345197677612e-01,5.056706070899963379e-01,-5.184891819953918457e-01,8.063946366310119629e-01,3.618088364601135254e-01,-1.486741304397583008e-01,1.595692634582519531e-01,-1.127090454101562500e-01,-4.583547413349151611e-01,2.873795926570892334e-01,1.003634691238403320e+00,-2.236754596233367920e-01,-1.929160654544830322e-01,-1.406188160181045532e-01
1.394701361656188965e+00,-9.395402669906616211e-01,7.760498523712158203e-01,9.998894929885864258e-01,1.458963099867105484e-02,2.831207588315010071e-03,3.079115122091025114e-04,-9.634914249181747437e-02,2.227130830287933350e-01,4.718299508094787598e-01,2.606762647628784180e-01,-9.348525851964950562e-02,-1.209973394870758057e-01,-9.587492048740386963e-02,-2.615273296833038330e-01,-5.609220862388610840e-01,4.036243557929992676e-01,-2.593637704849243164e-01,8.531399071216583252e-02,8.686231449246406555e-03,4.861918836832046509e-02,2.391230463981628418e-01,2.005745619535446167e-01,4.930539727210998535e-01,-5.284218192100524902e-01,8.520064949989318848e-01,3.635269999504089355e-01,-1.423327922821044922e-01,1.618721038103103638e-01,-1.154559031128883362e-01,-4.448030292987823486e-01,3.024838268756866455e-01,1.024616003036499023e+00,-2.349681407213211060e-01,-1.892792284488677979e-01,-1.482566297054290771e-01
1.396795868873596191e+00,-9.389288425445556641e-01,7.756371498107910156e-01,9.998270273208618164e-01,1.638986729085445404e-02,5.762656684964895248e-03,-6.635306403040885925e-03,-8.761885762214660645e-02,2.184736728668212891e-01,4.864389896392822266e-01,2.479940354824066162e-01,-9.621520340442657471e-02,-1.241939663887023926e-01,-1.091111302375793457e-01,-2.660565078258514404e-01,-5.449379682540893555e-01,4.178306460380554199e-01,-2.658424675464630127e-01,8.862884342670440674e-02,4.565255250781774521e-03,3.008628636598587036e-02,2.446060031652450562e-01,1.747265011072158813e-01,4.753274023532867432e-01,-5.426954030990600586e-01,9.142228960990905762e-01,3.765694797039031982e-01,-1.268746405839920044e-01,1.552330851554870605e-01,-1.152374669909477234e-01,-4.297853410243988037e-01,3.332554697990417480e-01,1.045407533645629883e+00,-2.559746205806732178e-01,-1.813423335552215576e-01,-1.430527418851852417e-01
1.399327278137207031e+00,-9.384802579879760742e-01,7.754825949668884277e-01,9.997096061706542969e-01,1.838891394436359406e-02,7.503171917051076889e-03,-1.364867761731147766e-02,-7.488320767879486084e-02,2.133412510156631470e-01,5.010080337524414062e-01,2.342062145471572876e-01,-9.816428273916244507e-02,-1.262128204107284546e-01,-1.180692687630653381e-01,-2.693120539188385010e-01,-5.281941294670104980e-01,4.284056425094604492e-01,-2.702504396438598633e-01,9.183532744646072388e-02,-1.330956234596669674e-03,1.044564601033926010e-02,2.473228126764297485e-01,1.510146558284759521e-01,4.565398395061492920e-01,-5.543822646141052246e-01,9.730651378631591797e-01,3.924525678157806396e-01,-1.072144135832786560e-01,1.411560028791427612e-01,-1.087125837802886963e-01,-4.132778644561767578e-01,3.722700774669647217e-01,1.056213855743408203e+00,-2.852433025836944580e-01,-1.722741723060607910e-01,-1.250377744436264038e-01
1.401746988296508789e+00,-9.383235573768615723e-01,7.755163908004760742e-01,9.995486736297607422e-01,1.996551081538200378e-02,8.631956763565540314e-03,-2.072120271623134613e-02,-6.086189672350883484e-02,2.088832110166549683e-01,5.156360268592834473e-01,2.202903479337692261e-01,-1.001790761947631836e-01,-1.271598041057586670e-01,-1.228787824511528015e-01,-2.695650756359100342e-01,-5.119287967681884766e-01,4.331119060516357422e-01,-2.717538475990295410e-01,9.351994842290878296e-02,-8.199760690331459045e-03,-8.323700167238712311e-03,2.463335096836090088e-01,1.366458982229232788e-01,4.414502084255218506e-01,-5.557808279991149902e-01,1.010529041290283203e+00,3.976160287857055664e-01,-9.392696619033813477e-02,1.272547245025634766e-01,-9.272643178701400757e-02,-3.951223790645599365e-01,4.070933163166046143e-01,1.050000905990600586e+00,-3.159681558609008789e-01,-1.670972108840942383e-01,-1.043395251035690308e-01
1.404848217964172363e+00,-9.383382201194763184e-01,7.757985591888427734e-01,9.993522167205810547e-01,2.097559906542301178e-02,9.400480426847934723e-03,-2.768849395215511322e-02,-4.559615254402160645e-02,2.053214907646179199e-01,5.302894115447998047e-01,2.050715386867523193e-01,-1.001562699675559998e-01,-1.271489262580871582e-01,-1.234968528151512146e-01,-2.660208940505981445e-01,-4.960964918136596680e-01,4.296623170375823975e-01,-2.702015936374664307e-01,9.525994956493377686e-02,-1.496678311377763748e-02,-2.549334429204463959e-02,2.411103397607803345e-01,1.325456798076629639e-01,4.319968223571777344e-01,-5.470518469810485840e-01,1.023509025573730469e+00,3.906635046005249023e-01,-9.114819765090942383e-02,1.209410801529884338e-01,-6.807494163513183594e-02,-3.758187294006347656e-01,4.332455098628997803e-01,1.030316114425659180e+00,-3.432544469833374023e-01,-1.688179075717926025e-01,-8.870503306388854980e-02
1.408535003662109375e+00,-9.386717677116394043e-01,7.762102484703063965e-01,9.991379976272583008e-01,2.087815105915069580e-02,9.902874007821083069e-03,-3.448528051376342773e-02,-2.952839620411396027e-02,2.050620764493942261e-01,5.459355115890502930e-01,1.909108012914657593e-01,-1.001673564314842224e-01,-1.285730749368667603e-01,-1.201715394854545593e-01,-2.587006986141204834e-01,-4.825671613216400146e-01,4.191398918628692627e-01,-2.668884992599487305e-01,9.736606478691101074e-02,-2.114835754036903381e-02,-3.927317634224891663e-02,2.330495566129684448e-01,1.362643241882324219e-01,4.278720021247863770e-01,-5.334580540657043457e-01,1.021141290664672852e+00,3.727844357490539551e-01,-9.766931831836700439e-02,1.236644014716148376e-01,-3.809865191578865051e-02,-3.559729456901550293e-01,4.502483606338500977e-01,1.007858514785766602e+00,-3.648088276386260986e-01,-1.755186319351196289e-01,-7.936607301235198975e-02
1.412143111228942871e+00,-9.393565058708190918e-01,7.766706943511962891e-01,9.989077448844909668e-01,2.009527012705802917e-02,1.012662332504987717e-02,-4.095015302300453186e-02,-1.344234682619571686e-02,2.069831192493438721e-01,5.621365904808044434e-01,1.786933839321136475e-01,-1.008090078830718994e-01,-1.306129395961761475e-01,-1.138230040669441223e-01,-2.495982795953750610e-01,-4.708642661571502686e-01,4.045661091804504395e-01,-2.635571956634521484e-01,1.001997590065002441e-01,-2.709366008639335632e-02,-4.970139265060424805e-02,2.238015234470367432e-01,1.427766829729080200e-01,4.275165796279907227e-01,-5.216545462608337402e-01,1.013630867004394531e+00,3.512751460075378418e-01,-1.072742491960525513e-01,1.319840848445892334e-01,-8.044185116887092590e-03,-3.366583883762359619e-01,4.604455530643463135e-01,9.937378168106079102e-01,-3.834452033042907715e-01,-1.833639889955520630e-01,-7.708159089088439941e-02
1.415503740310668945e+00,-9.402422904968261719e-01,7.770948410034179688e-01,9.986835718154907227e-01,1.875089481472969055e-02,1.001734100282192230e-02,-4.668058082461357117e-02,1.975839259102940559e-03,2.103325724601745605e-01,5.765297412872314453e-01,1.691841483116149902e-01,-1.027295663952827454e-01,-1.334616243839263916e-01,-1.039315015077590942e-01,-2.393680363893508911e-01,-4.614307284355163574e-01,3.868558406829833984e-01,-2.603167593479156494e-01,1.033728048205375671e-01,-3.325119987130165100e-02,-5.719273537397384644e-02,2.147550135850906372e-01,1.487048864364624023e-01,4.294864535331726074e-01,-5.139555931091308594e-01,1.008777022361755371e+00,3.357764184474945068e-01,-1.138338670134544373e-01,1.400614976882934570e-01,1.889597624540328979e-02,-3.185956180095672607e-01,4.671678245067596436e-01,9.928556084632873535e-01,-3.988105058670043945e-01,-1.883994787931442261e-01,-7.842957228422164917e-02
1.418380379676818848e+00,-9.408833384513854980e-01,7.774354219436645508e-01,9.984765052795410156e-01,1.722713932394981384e-02,9.655636735260486603e-03,-5.152360722422599792e-02,1.580826565623283386e-02,2.136200070381164551e-01,5.872562527656555176e-01,1.622998416423797607e-01,-1.054211780428886414e-01,-1.365557163953781128e-01,-9.242762625217437744e-02,-2.296933382749557495e-01,-4.540317654609680176e-01,3.687920570373535156e-01,-2.569210231304168701e-01,1.071197986602783203e-01,-3.903238847851753235e-02,-6.172326952219009399e-02,2.071359306573867798e-01,1.525909453630447388e-01,4.317854344844818115e-01,-5.102299451828002930e-01,1.009897470474243164e+00,3.296957910060882568e-01,-1.149621382355690002e-01,1.444541215896606445e-01,3.967557474970817566e-02,-3.035765886306762695e-01,4.704254865646362305e-01,1.005179405212402344e+00,-4.055957496166229248e-01,-1.892043650150299072e-01,-7.923940569162368774e-02
1.420884847640991211e+00,-9.410750865936279297e-01,7.777064442634582520e-01,9.982989430427551270e-01,1.597094908356666565e-02,9.214132092893123627e-03,-5.531051009893417358e-02,2.726660855114459991e-02,2.154695689678192139e-01,5.949661135673522949e-01,1.565105766057968140e-01,-1.075857430696487427e-01,-1.388547420501708984e-01,-8.166889101266860962e-02,-2.220983803272247314e-01,-4.480843842029571533e-01,3.527292609214782715e-01,-2.532892525196075439e-01,1.115578413009643555e-01,-4.376437887549400330e-02,-6.379903852939605713e-02,2.011820375919342041e-01,1.543648988008499146e-01,4.333421587944030762e-01,-5.095368623733520508e-01,1.016126394271850586e+00,3.307723999023437500e-01,-1.120478808879852295e-01,1.449611783027648926e-01,5.245262756943702698e-02,-2.930492758750915527e-01,4.705169796943664551e-01,1.026440382003784180e+00,-4.043911099433898926e-01,-1.860009133815765381e-01,-7.723553478717803955e-02
1.423230409622192383e+00,-9.407732486724853516e-01,7.779514789581298828e-01,9.981507658958435059e-01,1.499113440513610840e-02,8.971363306045532227e-03,-5.822176858782768250e-02,3.594424948096275330e-02,2.160371243953704834e-01,6.007976531982421875e-01,1.513438522815704346e-01,-1.086263880133628845e-01,-1.404759585857391357e-01,-7.291145622730255127e-02,-2.163855433464050293e-01,-4.427358210086822510e-01,3.386387228965759277e-01,-2.486278861761093140e-01,1.159069091081619263e-01,-4.706773161888122559e-02,-6.358636915683746338e-02,1.963017135858535767e-01,1.541952341794967651e-01,4.340657591819763184e-01,-5.102636218070983887e-01,1.024449467658996582e+00,3.360369801521301270e-01,-1.075320616364479065e-01,1.421405524015426636e-01,5.772368982434272766e-02,-2.868354320526123047e-01,4.682322442531585693e-01,1.052702188491821289e+00,-3.963499069213867188e-01,-1.799407303333282471e-01,-7.318686693906784058e-02
1.425481677055358887e+00,-9.399729967117309570e-01,7.782276868820190430e-01,9.980188012123107910e-01,1.424799673259258270e-02,8.797913789749145508e-03,-6.064753606915473938e-02,4.286025837063789368e-02,2.156534194946289062e-01,6.056510210037231445e-01,1.471641361713409424e-01,-1.095307171344757080e-01,-1.411709189414978027e-01,-6.575869023799896240e-02,-2.120989114046096802e-01,-4.376146197319030762e-01,3.256609141826629639e-01,-2.429633289575576782e-01,1.194598227739334106e-01,-4.812138900160789490e-02,-6.166859716176986694e-02,1.925823241472244263e-01,1.533543765544891357e-01,4.348303973674774170e-01,-5.110733509063720703e-01,1.031131505966186523e+00,3.423193395137786865e-01,-1.041423082351684570e-01,1.380442827939987183e-01,5.706591904163360596e-02,-2.851815819740295410e-01,4.663056731224060059e-01,1.077865123748779297e+00,-3.872623443603515625e-01,-1.736529916524887085e-01,-6.786736845970153809e-02
1.427482604980468750e+00,-9.387943148612976074e-01,7.785253524780273438e-01,9.979169368743896484e-01,1.375780906528234482e-02,8.678857237100601196e-03,-6.242807582020759583e-02,4.829346016049385071e-02,2.145217657089233398e-01,6.095920205116271973e-01,1.440465003252029419e-01,-1.102928668260574341e-01,-1.412728428840637207e-01,-5.989049747586250305e-02,-2.095119953155517578e-01,-4.337278902530670166e-01,3.140079677104949951e-01,-2.373328506946563721e-01,1.223684027791023254e-01,-4.727770760655403137e-02,-5.868163704872131348e-02,1.899096518754959106e-01,1.518475413322448730e-01,4.362560510635375977e-01,-5.118646621704101562e-01,1.034639477729797363e+00,3.486791253089904785e-01,-1.026460304856300354e-01,1.335484236478805542e-01,5.205610021948814392e-02,-2.881215214729309082e-01,4.666623771190643311e-01,1.096481084823608398e+00,-3.794490694999694824e-01,-1.691807210445404053e-01,-6.309153139591217041e-02
1.428917050361633301e+00,-9.375069141387939453e-01,7.788323163986206055e-01,9.978556632995605469e-01,1.333254855126142502e-02,8.475088514387607574e-03,-6.351733207702636719e-02,5.251625180244445801e-02,2.131878733634948730e-01,6.123573184013366699e-01,1.426624804735183716e-01,-1.114534139633178711e-01,-1.407156288623809814e-01,-5.479687824845314026e-02,-2.081261724233627319e-01,-4.312548041343688965e-01,3.039714992046356201e-01,-2.324058413505554199e-01,1.248018741607666016e-01,-4.505510255694389343e-02,-5.476129055023193359e-02,1.881383657455444336e-01,1.499430686235427856e-01,4.386606514453887939e-01,-5.129454135894775391e-01,1.035438299179077148e+00,3.550348579883575439e-01,-1.024180427193641663e-01,1.285830885171890259e-01,4.316039383411407471e-02,-2.952215671539306641e-01,4.717853069305419922e-01,1.107955694198608398e+00,-3.735481500625610352e-01,-1.665067076683044434e-01,-5.820385366678237915e-02
1.429521799087524414e+00,-9.361285567283630371e-01,7.791094183921813965e-01,9.978352189064025879e-01,1.296271104365587234e-02,8.258197456598281860e-03,-6.394217163324356079e-02,5.576276779174804688e-02,2.117099165916442871e-01,6.140370965003967285e-01,1.423298120498657227e-01,-1.126536801457405090e-01,-1.398946940898895264e-01,-5.012837797403335571e-02,-2.076723426580429077e-01,-4.302632808685302734e-01,2.953513860702514648e-01,-2.283686399459838867e-01,1.273969262838363647e-01,-4.185847193002700806e-02,-5.028448626399040222e-02,1.870148479938507080e-01,1.476278603076934814e-01,4.421472847461700439e-01,-5.143461823463439941e-01,1.033507585525512695e+00,3.613632023334503174e-01,-1.025722995400428772e-01,1.233298033475875854e-01,2.969047054648399353e-02,-3.062997758388519287e-01,4.821363091468811035e-01,1.112072706222534180e+00,-3.670587539672851562e-01,-1.643758863210678101e-01,-5.254757404327392578e-02
1.429319262504577637e+00,-9.347208738327026367e-01,7.793405055999755859e-01,9.978591799736022949e-01,1.269765570759773254e-02,8.012578822672367096e-03,-6.365284323692321777e-02,5.773521587252616882e-02,2.103905379772186279e-01,6.149579882621765137e-01,1.429372727870941162e-01,-1.138854026794433594e-01,-1.390978842973709106e-01,-4.553860425949096680e-02,-2.079342454671859741e-01,-4.306269884109497070e-01,2.880624234676361084e-01,-2.252676188945770264e-01,1.299852132797241211e-01,-3.786451742053031921e-02,-4.596762359142303467e-02,1.865437775850296021e-01,1.450438350439071655e-01,4.463444948196411133e-01,-5.155181288719177246e-01,1.029320240020751953e+00,3.660904169082641602e-01,-1.024374589323997498e-01,1.182458400726318359e-01,1.246427651494741440e-02,-3.202272951602935791e-01,4.964634478092193604e-01,1.108590483665466309e+00,-3.619132637977600098e-01,-1.625662446022033691e-01,-4.657274484634399414e-02
1.428535461425781250e+00,-9.333496093750000000e-01,7.795650959014892578e-01,9.979346394538879395e-01,1.242254022508859634e-02,7.638990413397550583e-03,-6.255973130464553833e-02,5.828715860843658447e-02,2.094756364822387695e-01,6.144310832023620605e-01,1.446907818317413330e-01,-1.154976263642311096e-01,-1.380462497472763062e-01,-3.977916017174720764e-02,-2.080566585063934326e-01,-4.318745434284210205e-01,2.801795005798339844e-01,-2.220723330974578857e-01,1.324602365493774414e-01,-3.308562189340591431e-02,-4.188865423202514648e-02,1.863329410552978516e-01,1.422655284404754639e-01,4.512830078601837158e-01,-5.157910585403442383e-01,1.022966742515563965e+00,3.692938983440399170e-01,-1.021342650055885315e-01,1.137443482875823975e-01,-7.609606720507144928e-03,-3.359566032886505127e-01,5.143225193023681641e-01,1.098711967468261719e+00,-3.595738708972930908e-01,-1.611505001783370972e-01,-4.038733616471290588e-02
1.427590250968933105e+00,-9.321616888046264648e-01,7.797902226448059082e-01,9.980536103248596191e-01,1.192154455929994583e-02,6.927535869181156158e-03,-6.081854552030563354e-02,5.842570587992668152e-02,2.096771299839019775e-01,6.131486892700195312e-01,1.477960199117660522e-01,-1.180790439248085022e-01,-1.370584368705749512e-01,-3.181726485490798950e-02,-2.070684134960174561e-01,-4.338088333606719971e-01,2.702349424362182617e-01,-2.180071175098419189e-01,1.344400644302368164e-01,-2.752035297453403473e-02,-3.774536773562431335e-02,1.857814490795135498e-01,1.400708407163619995e-01,4.567933380603790283e-01,-5.141890048980712891e-01,1.015080690383911133e+00,3.717560470104217529e-01,-1.026204824447631836e-01,1.095915213227272034e-01,-2.863088436424732208e-02,-3.521090149879455566e-01,5.333725214004516602e-01,1.085106372833251953e+00,-3.592777848243713379e-01,-1.605861485004425049e-01,-3.305599838495254517e-02
1.426891922950744629e+00,-9.313172698020935059e-01,7.799804210662841797e-01,9.982144236564636230e-01,1.122684683650732040e-02,5.633113905787467957e-03,-5.839698016643524170e-02,5.968750268220901489e-02,2.106106579303741455e-01,6.114293336868286133e-01,1.513430923223495483e-01,-1.209616735577583313e-01,-1.364772766828536987e-01,-2.113079279661178589e-02,-2.052171975374221802e-01,-4.370343685150146484e-01,2.582601308822631836e-01,-2.135728895664215088e-01,1.360806822776794434e-01,-2.156104519963264465e-02,-3.350776061415672302e-02,1.850208640098571777e-01,1.385734379291534424e-01,4.620429873466491699e-01,-5.118139982223510742e-01,1.006947755813598633e+00,3.745551705360412598e-01,-1.038671135902404785e-01,1.054572239518165588e-01,-4.901910945773124695e-02,-3.672454655170440674e-01,5.513198375701904297e-01,1.071110367774963379e+00,-3.601332604885101318e-01,-1.612217426300048828e-01,-2.547397091984748840e-02
1.427074909210205078e+00,-9.303753376007080078e-01,7.800784111022949219e-01,9.983847737312316895e-01,1.045440230518579483e-02,3.829126711934804916e-03,-5.571213364601135254e-02,6.261593103408813477e-02,2.118392288684844971e-01,6.098784208297729492e-01,1.553484201431274414e-01,-1.245796456933021545e-01,-1.358436495065689087e-01,-9.368168190121650696e-03,-2.034858614206314087e-01,-4.408839344978332520e-01,2.470200806856155396e-01,-2.099932581186294556e-01,1.377035528421401978e-01,-1.508889254182577133e-02,-2.900423482060432434e-02,1.841677874326705933e-01,1.368868798017501831e-01,4.659338593482971191e-01,-5.096794962882995605e-01,9.986782073974609375e-01,3.743281364440917969e-01,-1.059122085571289062e-01,1.016524881124496460e-01,-6.885463744401931763e-02,-3.803284764289855957e-01,5.690350532531738281e-01,1.058533072471618652e+00,-3.616572320461273193e-01,-1.630615442991256714e-01,-1.845826953649520874e-02
1.427792429924011230e+00,-9.290584921836853027e-01,7.800739407539367676e-01,9.985516071319580078e-01,9.876019321382045746e-03,1.554531627334654331e-03,-5.286500602960586548e-02,6.709977239370346069e-02,2.125814855098724365e-01,6.078963279724121094e-01,1.603623181581497192e-01,-1.294456273317337036e-01,-1.343504786491394043e-01,2.459240378811955452e-03,-2.032850384712219238e-01,-4.452467560768127441e-01,2.399214059114456177e-01,-2.089017182588577271e-01,1.398044973611831665e-01,-8.688664063811302185e-03,-2.470212802290916443e-02,1.836961656808853149e-01,1.346125155687332153e-01,4.681333899497985840e-01,-5.085127949714660645e-01,9.900438785552978516e-01,3.712384104728698730e-01,-1.083871722221374512e-01,9.894327074289321899e-02,-8.858334273099899292e-02,-3.901790678501129150e-01,5.864424705505371094e-01,1.049712181091308594e+00,-3.634219765663146973e-01,-1.653774082660675049e-01,-1.504428405314683914e-02
1.420806527137756348e+00,-9.218099117279052734e-01,7.801482081413269043e-01,9.987025856971740723e-01,9.740115143358707428e-03,-7.216805242933332920e-04,-4.997792094945907593e-02,7.163056731224060059e-02,2.120489776134490967e-01,6.045648455619812012e-01,1.654181182384490967e-01,-1.362065672874450684e-01,-1.310158967971801758e-01,1.258777268230915070e-02,-2.055517882108688354e-01,-4.506554603576660156e-01,2.392739951610565186e-01,-2.115425616502761841e-01,1.416747868061065674e-01,-2.959881676360964775e-03,-2.113030850887298584e-02,1.832891404628753662e-01,1.321266144514083862e-01,4.679652154445648193e-01,-5.061355233192443848e-01,9.807209968566894531e-01,3.664193749427795410e-01,-1.107258573174476624e-01,9.907388687133789062e-02,-1.082565039396286011e-01,-3.964626491069793701e-01,6.008714437484741211e-01,1.045076847076416016e+00,-3.625493347644805908e-01,-1.678356677293777466e-01,-1.601157709956169128e-02
