4.727662308141589165e-04,4.432531539350748062e-03,7.890043258666992188e-01,9.980037212371826172e-01,2.058564685285091400e-02,5.966802686452865601e-02,2.136321272701025009e-03,-8.130049705505371094e-02,2.239854633808135986e-01,4.989379048347473145e-01,1.299847513437271118e-01,-2.280515804886817932e-02,-1.728696823120117188e-01,-1.921679228544235229e-01,-1.830557286739349365e-01,-2.306904941797256470e-01,1.077205985784530640e-01,-3.574706241488456726e-02,9.437450021505355835e-02,-3.611824288964271545e-02,2.729635834693908691e-01,4.283949732780456543e-01,-8.574673533439636230e-02,3.847286999225616455e-01,-6.513606309890747070e-01,9.168617725372314453e-01,1.880182921886444092e-01,-1.200218349695205688e-01,4.853596538305282593e-02,-5.428148508071899414e-01,-5.753377079963684082e-01,8.079589009284973145e-01,1.169500470161437988e+00,-1.702739000320434570e-01,-2.359161823987960815e-01,1.888015307486057281e-02
8.457708172500133514e-04,1.192403025925159454e-03,7.906117439270019531e-01,9.974330663681030273e-01,2.990899235010147095e-02,6.498107314109802246e-02,3.192178206518292427e-03,-1.047395542263984680e-01,2.132540941238403320e-01,5.023428201675415039e-01,1.514290869235992432e-01,2.705367747694253922e-03,-1.730737388134002686e-01,-2.070163786411285400e-01,-2.004886865615844727e-01,-2.317218780517578125e-01,1.126330569386482239e-01,-3.732135519385337830e-02,8.829498291015625000e-02,-3.318145126104354858e-02,3.044231235980987549e-01,4.504565000534057617e-01,-9.400849044322967529e-02,3.761397600173950195e-01,-6.572515964508056641e-01,9.009593129158020020e-01,1.817482709884643555e-01,-1.208672896027565002e-01,4.391858726739883423e-02,-5.743607282638549805e-01,-6.029478311538696289e-01,7.919077873229980469e-01,1.172844529151916504e+00,-1.532914638519287109e-01,-2.438306063413619995e-01,2.618764340877532959e-02
7.164374692365527153e-04,-2.514305990189313889e-03,7.924441099166870117e-01,9.967180490493774414e-01,4.079387709498405457e-02,6.964850425720214844e-02,6.170756183564662933e-03,-1.296989321708679199e-01,2.000276297330856323e-01,4.945374131202697754e-01,1.756492406129837036e-01,3.758303821086883545e-02,-1.768554002046585083e-01,-2.214161008596420288e-01,-2.209120392799377441e-01,-2.292562425136566162e-01,1.199370548129081726e-01,-4.195776954293251038e-02,8.141662925481796265e-02,-3.184049203991889954e-02,3.308215141296386719e-01,4.735760390758514404e-01,-9.957075864076614380e-02,3.694972693920135498e-01,-6.638755798339843750e-01,8.821506500244140625e-01,1.754177063703536987e-01,-1.244771331548690796e-01,3.898863494396209717e-02,-6.043860316276550293e-01,-6.291071772575378418e-01,7.751168012619018555e-01,1.174201011657714844e+00,-1.260547786951065063e-01,-2.510259151458740234e-01,3.831096738576889038e-02
3.965897485613822937e-04,-6.193140987306833267e-03,7.941904664039611816e-01,9.957809448242187500e-01,5.187801644206047058e-02,7.512056827545166016e-02,9.268139488995075226e-03,-1.548640727996826172e-01,1.845453828573226929e-01,4.817364811897277832e-01,1.944987773895263672e-01,7.589519768953323364e-02,-1.825897991657257080e-01,-2.379683554172515869e-01,-2.409380525350570679e-01,-2.232771813869476318e-01,1.270563900470733643e-01,-4.617135226726531982e-02,7.585193216800689697e-02,-2.983020432293415070e-02,3.503886759281158447e-01,4.915012717247009277e-01,-1.036883816123008728e-01,3.654938340187072754e-01,-6.690326333045959473e-01,8.638845086097717285e-01,1.701626777648925781e-01,-1.276286840438842773e-01,3.854480013251304626e-02,-6.308803558349609375e-01,-6.501001119613647461e-01,7.660230994224548340e-01,1.178129434585571289e+00,-1.089505627751350403e-01,-2.562207579612731934e-01,5.061991140246391296e-02
-1.603283453732728958e-05,-9.550058282911777496e-03,7.956601381301879883e-01,9.946401715278625488e-01,6.208251416683197021e-02,8.189453184604644775e-02,1.140116713941097260e-02,-1.791686564683914185e-01,1.678219586610794067e-01,4.695885777473449707e-01,2.036788612604141235e-01,1.116119995713233948e-01,-1.881931722164154053e-01,-2.583952844142913818e-01,-2.586633861064910889e-01,-2.159559279680252075e-01,1.334933489561080933e-01,-4.870443791151046753e-02,7.098425179719924927e-02,-2.523274160921573639e-02,3.663533627986907959e-01,5.038058161735534668e-01,-1.079337745904922485e-01,3.626419007778167725e-01,-6.742498874664306641e-01,8.473187088966369629e-01,1.657257825136184692e-01,-1.303359121084213257e-01,3.880215063691139221e-02,-6.550482511520385742e-01,-6.683588624000549316e-01,7.637690901756286621e-01,1.182293415069580078e+00,-9.959322214126586914e-02,-2.615826725959777832e-01,6.393170356750488281e-02
-5.813690368086099625e-04,-1.244695391505956650e-02,7.966895103454589844e-01,9.933058619499206543e-01,7.155954837799072266e-02,8.979435265064239502e-02,1.263585407286882401e-02,-2.003281414508819580e-01,1.502433717250823975e-01,4.592871665954589844e-01,2.025855630636215210e-01,1.467112749814987183e-01,-1.953462064266204834e-01,-2.822779119014739990e-01,-2.746137976646423340e-01,-2.064963430166244507e-01,1.387096643447875977e-01,-4.900755360722541809e-02,6.667781621217727661e-02,-1.825791224837303162e-02,3.799238801002502441e-01,5.107786059379577637e-01,-1.109182760119438171e-01,3.600078225135803223e-01,-6.769023537635803223e-01,8.349211215972900391e-01,1.554389148950576782e-01,-1.355146169662475586e-01,4.001099988818168640e-02,-6.751196980476379395e-01,-6.865710616111755371e-01,7.650012969970703125e-01,1.182260990142822266e+00,-9.556525945663452148e-02,-2.687969505786895752e-01,7.636661827564239502e-02
-9.229337447322905064e-04,-1.478062756359577179e-02,7.975160479545593262e-01,9.918679594993591309e-01,7.961034774780273438e-02,9.851305931806564331e-02,1.246391981840133667e-02,-2.179000526666641235e-01,1.338127851486206055e-01,4.569080770015716553e-01,1.906638890504837036e-01,1.794766485691070557e-01,-2.005874812602996826e-01,-3.074963688850402832e-01,-2.867891192436218262e-01,-1.954936832189559937e-01,1.412682086229324341e-01,-4.724413529038429260e-02,6.331846117973327637e-02,-1.039073150604963303e-02,3.927847445011138916e-01,5.161553025245666504e-01,-1.168822720646858215e-01,3.566510379314422607e-01,-6.796537637710571289e-01,8.230036497116088867e-01,1.509293466806411743e-01,-1.386700868606567383e-01,4.308186843991279602e-02,-6.938906908035278320e-01,-7.038584351539611816e-01,7.630562186241149902e-01,1.176924943923950195e+00,-8.657331019639968872e-02,-2.778182923793792725e-01,8.934666961431503296e-02
-1.206535613164305687e-03,-1.649455912411212921e-02,7.981876134872436523e-01,9.902759194374084473e-01,8.674115687608718872e-02,1.081739440560340881e-01,1.131184585392475128e-02,-2.356268763542175293e-01,1.184179410338401794e-01,4.628002643585205078e-01,1.725063621997833252e-01,2.127922326326370239e-01,-2.003840357065200806e-01,-3.346490859985351562e-01,-2.962387800216674805e-01,-1.824724972248077393e-01,1.420301645994186401e-01,-4.420966282486915588e-02,6.032462045550346375e-02,-1.903890515677630901e-03,4.045739471912384033e-01,5.212999582290649414e-01,-1.270544975996017456e-01,3.515811562538146973e-01,-6.835666894912719727e-01,8.129335045814514160e-01,1.501585394144058228e-01,-1.399496644735336304e-01,4.525161534547805786e-02,-7.105901837348937988e-01,-7.202762365341186523e-01,7.554671764373779297e-01,1.168040275573730469e+00,-6.691239029169082642e-02,-2.897432446479797363e-01,9.983225166797637939e-02
-2.003136323764920235e-03,-1.761140115559101105e-02,7.984032034873962402e-01,9.884860515594482422e-01,9.372701495885848999e-02,1.183180809020996094e-01,1.055689062923192978e-02,-2.556394934654235840e-01,1.038811579346656799e-01,4.677499532699584961e-01,1.597312837839126587e-01,2.433213144540786743e-01,-1.990221291780471802e-01,-3.635432720184326172e-01,-3.061331808567047119e-01,-1.678155660629272461e-01,1.439169496297836304e-01,-4.054405167698860168e-02,5.799096822738647461e-02,8.486063219606876373e-03,4.171470105648040771e-01,5.240834951400756836e-01,-1.395353525876998901e-01,3.432773351669311523e-01,-6.875823736190795898e-01,8.092452883720397949e-01,1.405184715986251831e-01,-1.428065598011016846e-01,4.637678712606430054e-02,-7.215722203254699707e-01,-7.399348020553588867e-01,7.435238361358642578e-01,1.158482432365417480e+00,-3.696017712354660034e-02,-3.063193857669830322e-01,1.066513359546661377e-01
-2.707968698814511299e-03,-1.862044632434844971e-02,7.984653711318969727e-01,9.866002202033996582e-01,1.000740677118301392e-01,1.284294277429580688e-01,1.053689513355493546e-02,-2.773121297359466553e-01,9.114148467779159546e-02,4.705126285552978516e-01,1.514706164598464966e-01,2.709858715534210205e-01,-1.980591863393783569e-01,-3.926371037960052490e-01,-3.156103193759918213e-01,-1.537274271249771118e-01,1.469850540161132812e-01,-3.824307397007942200e-02,5.592548474669456482e-02,1.969457417726516724e-02,4.320203661918640137e-01,5.252582430839538574e-01,-1.562971919775009155e-01,3.317700922489166260e-01,-6.950603127479553223e-01,8.105165958404541016e-01,1.314168125391006470e-01,-1.450967490673065186e-01,4.908277094364166260e-02,-7.278486490249633789e-01,-7.645570635795593262e-01,7.256261110305786133e-01,1.148712396621704102e+00,4.309926182031631470e-03,-3.271994590759277344e-01,1.094805151224136353e-01
-3.292870242148637772e-03,-1.950328797101974487e-02,7.982429265975952148e-01,9.847433567047119141e-01,1.051669269800186157e-01,1.381964385509490967e-01,1.105328369885683060e-02,-2.968488931655883789e-01,8.030241727828979492e-02,4.703918993473052979e-01,1.404149532318115234e-01,2.957979440689086914e-01,-1.994303464889526367e-01,-4.209674298763275146e-01,-3.226572573184967041e-01,-1.405891031026840210e-01,1.512822508811950684e-01,-3.745046630501747131e-02,5.296758562326431274e-02,3.196787461638450623e-02,4.504750072956085205e-01,5.255207419395446777e-01,-1.752660423517227173e-01,3.176799118518829346e-01,-7.071481347084045410e-01,8.139652609825134277e-01,1.266807913780212402e-01,-1.465834528207778931e-01,5.181788280606269836e-02,-7.294301986694335938e-01,-7.946676015853881836e-01,7.028160691261291504e-01,1.138020038604736328e+00,4.958972707390785217e-02,-3.519145548343658447e-01,1.069162040948867798e-01
-3.755345009267330170e-03,-2.038471959531307220e-02,7.978734970092773438e-01,9.829944372177124023e-01,1.089286208152770996e-01,1.473815888166427612e-01,1.162574905902147293e-02,-3.135051727294921875e-01,7.140648365020751953e-02,4.677207767963409424e-01,1.256234347820281982e-01,3.173522949218750000e-01,-2.030968815088272095e-01,-4.472256600856781006e-01,-3.268450200557708740e-01,-1.292237043380737305e-01,1.556083261966705322e-01,-3.650678694248199463e-02,4.915151000022888184e-02,4.572241008281707764e-02,4.717200994491577148e-01,5.251260399818420410e-01,-1.951443105936050415e-01,3.032887279987335205e-01,-7.257083058357238770e-01,8.177769780158996582e-01,1.267508864402770996e-01,-1.486335247755050659e-01,5.324564874172210693e-02,-7.277498841285705566e-01,-8.291478157043457031e-01,6.772275567054748535e-01,1.124979496002197266e+00,9.012839943170547485e-02,-3.786845505237579346e-01,9.920124709606170654e-02
-4.042922519147396088e-03,-2.133139967918395996e-02,7.973516583442687988e-01,9.813092350959777832e-01,1.120166182518005371e-01,1.559800207614898682e-01,1.243415847420692444e-02,-3.257757127285003662e-01,6.315758824348449707e-02,4.633699059486389160e-01,1.071386784315109253e-01,3.376539647579193115e-01,-2.110704481601715088e-01,-4.706184864044189453e-01,-3.296993672847747803e-01,-1.185922101140022278e-01,1.593233793973922729e-01,-3.436826169490814209e-02,4.410417377948760986e-02,6.142833456397056580e-02,4.935314357280731201e-01,5.232450962066650391e-01,-2.124718725681304932e-01,2.898826003074645996e-01,-7.473198175430297852e-01,8.222787976264953613e-01,1.244544535875320435e-01,-1.524001359939575195e-01,5.515193194150924683e-02,-7.228721380233764648e-01,-8.652786612510681152e-01,6.525874733924865723e-01,1.110101222991943359e+00,1.168124750256538391e-01,-4.049376845359802246e-01,8.613272011280059814e-02
-4.164392594248056412e-03,-2.250418998301029205e-02,7.970939278602600098e-01,9.794852137565612793e-01,1.157002672553062439e-01,1.644954234361648560e-01,1.278163492679595947e-02,-3.420962691307067871e-01,5.588207021355628967e-02,4.625495672225952148e-01,9.681269526481628418e-02,3.544144928455352783e-01,-2.155892997980117798e-01,-4.947618544101715088e-01,-3.333303630352020264e-01,-1.075386106967926025e-01,1.637858152389526367e-01,-3.337860107421875000e-02,3.997500240802764893e-02,7.264740020036697388e-02,5.106435418128967285e-01,5.222605466842651367e-01,-2.284910082817077637e-01,2.803882658481597900e-01,-7.679431438446044922e-01,8.248496055603027344e-01,1.292987912893295288e-01,-1.543572098016738892e-01,5.877838656306266785e-02,-7.206698060035705566e-01,-8.993730545043945312e-01,6.277106404304504395e-01,1.094633817672729492e+00,1.338169574737548828e-01,-4.277220964431762695e-01,7.081368565559387207e-02
-4.102598875761032104e-03,-2.383361011743545532e-02,7.968556880950927734e-01,9.775946736335754395e-01,1.197860836982727051e-01,1.726212352514266968e-01,1.272104866802692413e-02,-3.589806258678436279e-01,4.911137372255325317e-02,4.631320536136627197e-01,9.102307260036468506e-02,3.693442046642303467e-01,-2.184289395809173584e-01,-5.181443691253662109e-01,-3.374263346195220947e-01,-9.651646018028259277e-02,1.680812835693359375e-01,-3.197820112109184265e-02,3.695471212267875671e-02,8.232600241899490356e-02,5.240314006805419922e-01,5.217408537864685059e-01,-2.419169396162033081e-01,2.741574347019195557e-01,-7.856020331382751465e-01,8.287755846977233887e-01,1.333166509866714478e-01,-1.555546969175338745e-01,6.193775683641433716e-02,-7.187398672103881836e-01,-9.301142096519470215e-01,6.049529910087585449e-01,1.080342054367065430e+00,1.464520096778869629e-01,-4.483048915863037109e-01,5.343492701649665833e-02
-3.877020440995693207e-03,-2.528910711407661438e-02,7.965569496154785156e-01,9.757287502288818359e-01,1.238723248243331909e-01,1.801593303680419922e-01,1.231460273265838623e-02,-3.750060200691223145e-01,4.304810985922813416e-02,4.645802080631256104e-01,8.780115097761154175e-02,3.821791112422943115e-01,-2.202581018209457397e-01,-5.396962165832519531e-01,-3.413845598697662354e-01,-8.601358532905578613e-02,1.719441860914230347e-01,-3.073103167116641998e-02,3.466235473752021790e-02,9.066713601350784302e-02,5.343667268753051758e-01,5.218672156333923340e-01,-2.537773847579956055e-01,2.708764076232910156e-01,-8.000761270523071289e-01,8.351709246635437012e-01,1.346384286880493164e-01,-1.562598198652267456e-01,6.436607241630554199e-02,-7.162207961082458496e-01,-9.570528864860534668e-01,5.835068821907043457e-01,1.068328976631164551e+00,1.579561829566955566e-01,-4.664275646209716797e-01,3.611974790692329407e-02
-3.560653654858469963e-03,-2.685274183750152588e-02,7.961847186088562012e-01,9.739095568656921387e-01,1.276746988296508789e-01,1.872392743825912476e-01,1.186515390872955322e-02,-3.904132544994354248e-01,3.760076686739921570e-02,4.652885496616363525e-01,8.564610779285430908e-02,3.928001821041107178e-01,-2.222558856010437012e-01,-5.598478317260742188e-01,-3.448160886764526367e-01,-7.636242359876632690e-02,1.760230362415313721e-01,-2.998853847384452820e-02,3.278537094593048096e-02,9.794954210519790649e-02,5.432173013687133789e-01,5.220840573310852051e-01,-2.646934986114501953e-01,2.695018053054809570e-01,-8.122770786285400391e-01,8.431805968284606934e-01,1.343236863613128662e-01,-1.566848903894424438e-01,6.625436246395111084e-02,-7.125632166862487793e-01,-9.808811545372009277e-01,5.626384019851684570e-01,1.058569550514221191e+00,1.687322258949279785e-01,-4.824667870998382568e-01,1.878423057496547699e-02
-3.254710230976343155e-03,-2.854974381625652313e-02,7.957866191864013672e-01,9.720672369003295898e-01,1.314411014318466187e-01,1.941041797399520874e-01,1.149031892418861389e-02,-4.054729342460632324e-01,3.246996551752090454e-02,4.656609296798706055e-01,8.408988267183303833e-02,4.020176231861114502e-01,-2.238166630268096924e-01,-5.797982215881347656e-01,-3.479639291763305664e-01,-6.694106757640838623e-02,1.807433068752288818e-01,-2.965668588876724243e-02,3.098249249160289764e-02,1.042589172720909119e-01,5.508236885070800781e-01,5.225089788436889648e-01,-2.754240036010742188e-01,2.686850428581237793e-01,-8.232241868972778320e-01,8.532617092132568359e-01,1.335282623767852783e-01,-1.567985266447067261e-01,6.667234748601913452e-02,-7.084427475929260254e-01,-1.002406835556030273e+00,5.417330265045166016e-01,1.050637722015380859e+00,1.791753619909286499e-01,-4.971078634262084961e-01,4.177071677986532450e-04
-2.927767345681786537e-03,-3.046461567282676697e-02,7.953965067863464355e-01,9.701601266860961914e-01,1.352981477975845337e-01,2.008690834045410156e-01,1.162960845977067947e-02,-4.206685721874237061e-01,2.717088162899017334e-02,4.649406075477600098e-01,8.293954282999038696e-02,4.107519686222076416e-01,-2.247533947229385376e-01,-5.999346971511840820e-01,-3.514070808887481689e-01,-5.808001011610031128e-02,1.866147965192794800e-01,-3.028885088860988617e-02,2.915856614708900452e-02,1.099194288253784180e-01,5.578433275222778320e-01,5.227879881858825684e-01,-2.869047522544860840e-01,2.674967348575592041e-01,-8.334930539131164551e-01,8.651526570320129395e-01,1.326768547296524048e-01,-1.562889665365219116e-01,6.624602526426315308e-02,-7.038854956626892090e-01,-1.022406220436096191e+00,5.201363563537597656e-01,1.043857574462890625e+00,1.891279667615890503e-01,-5.112643837928771973e-01,-1.902123726904392242e-02
-2.607288770377635956e-03,-3.255307674407958984e-02,7.949926853179931641e-01,9.682832360267639160e-01,1.390079706907272339e-01,2.072504758834838867e-01,1.230910699814558029e-02,-4.351381361484527588e-01,2.228313311934471130e-02,4.637070298194885254e-01,8.198849856853485107e-02,4.195965826511383057e-01,-2.258884757757186890e-01,-6.194318532943725586e-01,-3.547372817993164062e-01,-4.970918223261833191e-02,1.939301788806915283e-01,-3.206727653741836548e-02,2.691544778645038605e-02,1.151278018951416016e-01,5.642105937004089355e-01,5.229589939117431641e-01,-2.993959486484527588e-01,2.649726569652557373e-01,-8.434658050537109375e-01,8.771672248840332031e-01,1.326441168785095215e-01,-1.555311232805252075e-01,6.481347978115081787e-02,-7.001632452011108398e-01,-1.039826154708862305e+00,4.992552697658538818e-01,1.038891911506652832e+00,1.971062272787094116e-01,-5.251233577728271484e-01,-3.975158184766769409e-02
-2.453606110066175461e-03,-3.469166159629821777e-02,7.946328520774841309e-01,9.664610624313354492e-01,1.426591724157333374e-01,2.131095528602600098e-01,1.362714916467666626e-02,-4.493548274040222168e-01,1.736111752688884735e-02,4.606851041316986084e-01,8.126193284988403320e-02,4.296417832374572754e-01,-2.271428257226943970e-01,-6.377128362655639648e-01,-3.584391772747039795e-01,-4.231537505984306335e-02,2.021556645631790161e-01,-3.434555977582931519e-02,2.455890737473964691e-02,1.197930872440338135e-01,5.696827769279479980e-01,5.228378772735595703e-01,-3.131195306777954102e-01,2.619310319423675537e-01,-8.530569672584533691e-01,8.881574273109436035e-01,1.313408166170120239e-01,-1.546942144632339478e-01,6.416323035955429077e-02,-6.969661712646484375e-01,-1.054484844207763672e+00,4.774262309074401855e-01,1.034688949584960938e+00,2.027889341115951538e-01,-5.388251543045043945e-01,-6.194537132978439331e-02
-2.356478478759527206e-03,-3.688007220625877380e-02,7.943034768104553223e-01,9.647229909896850586e-01,1.462105959653854370e-01,2.183871567249298096e-01,1.546154730021953583e-02,-4.629585444927215576e-01,1.224890537559986115e-02,4.567163586616516113e-01,8.044013381004333496e-02,4.403856992721557617e-01,-2.287096232175827026e-01,-6.546803712844848633e-01,-3.626570403575897217e-01,-3.583885729312896729e-02,2.108415067195892334e-01,-3.724049404263496399e-02,2.216735109686851501e-02,1.236002147197723389e-01,5.741281509399414062e-01,5.227003097534179688e-01,-3.275043964385986328e-01,2.586189508438110352e-01,-8.620891571044921875e-01,8.972606062889099121e-01,1.293362975120544434e-01,-1.545053124427795410e-01,6.457291543483734131e-02,-6.947756409645080566e-01,-1.066334486007690430e+00,4.556548893451690674e-01,1.031156301498413086e+00,2.062473148107528687e-01,-5.528940558433532715e-01,-8.526796847581863403e-02
-1.935122068971395493e-03,-3.960574418306350708e-02,7.940070629119873047e-01,9.630725383758544922e-01,1.495618969202041626e-01,2.231917679309844971e-01,1.754737645387649536e-02,-4.754245579242706299e-01,7.532342337071895599e-03,4.530530869960784912e-01,7.968897372484207153e-02,4.513854980468750000e-01,-2.300639599561691284e-01,-6.701868176460266113e-01,-3.671972453594207764e-01,-3.091348335146903992e-02,2.195202410221099854e-01,-4.022860899567604065e-02,1.951372995972633362e-02,1.268825381994247437e-01,5.777223706245422363e-01,5.229431390762329102e-01,-3.422889113426208496e-01,2.554555535316467285e-01,-8.707765340805053711e-01,9.049966931343078613e-01,1.270334571599960327e-01,-1.553082019090652466e-01,6.636516004800796509e-02,-6.933271884918212891e-01,-1.076020479202270508e+00,4.341299831867218018e-01,1.028398752212524414e+00,2.088598608970642090e-01,-5.673394799232482910e-01,-1.083351597189903259e-01
-1.652022590860724449e-03,-4.191458970308303833e-02,7.937320470809936523e-01,9.614911675453186035e-01,1.524766683578491211e-01,2.278137058019638062e-01,1.966457627713680267e-02,-4.868263900279998779e-01,3.609998617321252823e-03,4.507735967636108398e-01,7.847341895103454590e-02,4.613707363605499268e-01,-2.310727089643478394e-01,-6.844492554664611816e-01,-3.711486756801605225e-01,-2.681390382349491119e-02,2.277418375015258789e-01,-4.294383525848388672e-02,1.680192723870277405e-02,1.293902248144149780e-01,5.810489058494567871e-01,5.237746834754943848e-01,-3.561553061008453369e-01,2.518225908279418945e-01,-8.784834742546081543e-01,9.117327928543090820e-01,1.239875629544258118e-01,-1.564532369375228882e-01,7.058029621839523315e-02,-6.932044625282287598e-01,-1.083614110946655273e+00,4.140977859497070312e-01,1.026273965835571289e+00,2.098221033811569214e-01,-5.816262364387512207e-01,-1.322702169418334961e-01
-1.394448801875114441e-03,-4.417661204934120178e-02,7.935769557952880859e-01,9.600412249565124512e-01,1.549041122198104858e-01,2.320602238178253174e-01,2.176215313374996185e-02,-4.970972239971160889e-01,3.358923131600022316e-04,4.482088387012481689e-01,7.733894884586334229e-02,4.694131016731262207e-01,-2.312516272068023682e-01,-6.963672041893005371e-01,-3.744306564331054688e-01,-2.399039827287197113e-02,2.339991629123687744e-01,-4.517332464456558228e-02,1.453614607453346252e-02,1.306450814008712769e-01,5.840221643447875977e-01,5.249739289283752441e-01,-3.685807585716247559e-01,2.475072145462036133e-01,-8.843798637390136719e-01,9.183304905891418457e-01,1.216547936201095581e-01,-1.572030186653137207e-01,7.746114581823348999e-02,-6.941620707511901855e-01,-1.089269399642944336e+00,3.968501985073089600e-01,1.024442911148071289e+00,2.077726274728775024e-01,-5.937029719352722168e-01,-1.556825786828994751e-01
-1.170222996734082699e-03,-4.631940275430679321e-02,7.936055660247802734e-01,9.587858319282531738e-01,1.567976623773574829e-01,2.357536554336547852e-01,2.375880442559719086e-02,-5.052343606948852539e-01,-1.938475528731942177e-03,4.469726681709289551e-01,7.583484053611755371e-02,4.760143756866455078e-01,-2.314148992300033569e-01,-7.047080397605895996e-01,-3.767334222793579102e-01,-2.293523401021957397e-02,2.360120564699172974e-01,-4.544427618384361267e-02,1.316262409090995789e-02,1.316772699356079102e-01,5.864949226379394531e-01,5.257104039192199707e-01,-3.800724744796752930e-01,2.417334169149398804e-01,-8.882314562797546387e-01,9.262588024139404297e-01,1.181886270642280579e-01,-1.576823443174362183e-01,8.433381468057632446e-02,-6.938269138336181641e-01,-1.093055009841918945e+00,3.828788399696350098e-01,1.022090911865234375e+00,2.035233676433563232e-01,-6.024512648582458496e-01,-1.782920658588409424e-01
-9.193817386403679848e-04,-4.826258495450019836e-02,7.941343188285827637e-01,9.576582908630371094e-01,1.589219123125076294e-01,2.387151420116424561e-01,2.548684179782867432e-02,-5.147011876106262207e-01,-4.148989915847778320e-03,4.462511539459228516e-01,7.803416252136230469e-02,4.820103049278259277e-01,-2.301016598939895630e-01,-7.125915288925170898e-01,-3.786589503288269043e-01,-2.280419692397117615e-02,2.371673583984375000e-01,-4.616823419928550720e-02,1.159370411187410355e-02,1.291243433952331543e-01,5.865678191184997559e-01,5.262327790260314941e-01,-3.907517194747924805e-01,2.361644357442855835e-01,-8.900620341300964355e-01,9.334090948104858398e-01,1.178015694022178650e-01,-1.565169095993041992e-01,8.531852066516876221e-02,-6.947693824768066406e-01,-1.096694946289062500e+00,3.709726035594940186e-01,1.018298983573913574e+00,1.987093836069107056e-01,-6.062342524528503418e-01,-1.971397697925567627e-01
-7.072517182677984238e-04,-4.983546957373619080e-02,7.945079803466796875e-01,9.568446874618530273e-01,1.606039702892303467e-01,2.406585961580276489e-01,2.716747112572193146e-02,-5.195237994194030762e-01,-7.022808305919170380e-03,4.423682391643524170e-01,7.802563160657882690e-02,4.891948699951171875e-01,-2.307606935501098633e-01,-7.149105668067932129e-01,-3.809446394443511963e-01,-2.357251569628715515e-02,2.357716858386993408e-01,-4.466533288359642029e-02,1.028016768395900726e-02,1.285903602838516235e-01,5.863360762596130371e-01,5.267480015754699707e-01,-4.012946486473083496e-01,2.308174073696136475e-01,-8.892244100570678711e-01,9.423106312751770020e-01,1.133787482976913452e-01,-1.555780172348022461e-01,8.307429403066635132e-02,-6.948758363723754883e-01,-1.098732352256774902e+00,3.625077009201049805e-01,1.014554858207702637e+00,1.923938691616058350e-01,-6.082959175109863281e-01,-2.153336703777313232e-01
-4.582353867590427399e-04,-5.127124488353729248e-02,7.949534654617309570e-01,9.561572074890136719e-01,1.623274683952331543e-01,2.420228570699691772e-01,2.895087003707885742e-02,-5.246202349662780762e-01,-1.052523683756589890e-02,4.385913908481597900e-01,7.898410409688949585e-02,4.967068433761596680e-01,-2.299551963806152344e-01,-7.161931991577148438e-01,-3.840196728706359863e-01,-2.481899410486221313e-02,2.344657182693481445e-01,-4.309377074241638184e-02,9.262926876544952393e-03,1.266184598207473755e-01,5.847436189651489258e-01,5.274745821952819824e-01,-4.099303781986236572e-01,2.265736758708953857e-01,-8.853067159652709961e-01,9.496268033981323242e-01,1.088038533926010132e-01,-1.548934280872344971e-01,7.866223156452178955e-02,-6.952641606330871582e-01,-1.101318717002868652e+00,3.534530401229858398e-01,1.008914709091186523e+00,1.860584467649459839e-01,-6.101150512695312500e-01,-2.313069999217987061e-01
-1.410956028848886490e-04,-5.236298590898513794e-02,7.954523563385009766e-01,9.556313753128051758e-01,1.637784689664840698e-01,2.428906261920928955e-01,3.081267327070236206e-02,-5.286167263984680176e-01,-1.392702944576740265e-02,4.359177052974700928e-01,8.022498339414596558e-02,5.023383498191833496e-01,-2.286821454763412476e-01,-7.160933613777160645e-01,-3.870354294776916504e-01,-2.624496631324291229e-02,2.330408692359924316e-01,-4.177350923418998718e-02,8.042195811867713928e-03,1.246725395321846008e-01,5.832410454750061035e-01,5.275807976722717285e-01,-4.175035655498504639e-01,2.231705933809280396e-01,-8.801883459091186523e-01,9.541608691215515137e-01,1.044066250324249268e-01,-1.550417691469192505e-01,7.319808751344680786e-02,-6.938723325729370117e-01,-1.105620145797729492e+00,3.423154950141906738e-01,1.001478195190429688e+00,1.807371079921722412e-01,-6.133570075035095215e-01,-2.425388991832733154e-01
4.520611837506294250e-04,-5.313538387417793274e-02,7.955009341239929199e-01,9.550043940544128418e-01,1.650928705930709839e-01,2.442626059055328369e-01,3.235260769724845886e-02,-5.320330858230590820e-01,-1.500135846436023712e-02,4.297665357589721680e-01,7.943815737962722778e-02,5.059195756912231445e-01,-2.325090765953063965e-01,-7.180612683296203613e-01,-3.933247029781341553e-01,-3.070537932217121124e-02,2.375122755765914917e-01,-4.083474352955818176e-02,5.598904564976692200e-03,1.280575543642044067e-01,5.877658128738403320e-01,5.266388058662414551e-01,-4.212825596332550049e-01,2.258708924055099487e-01,-8.739399909973144531e-01,9.569564461708068848e-01,9.796444326639175415e-02,-1.511004418134689331e-01,7.367841154336929321e-02,-6.910978555679321289e-01,-1.116476774215698242e+00,3.396112024784088135e-01,9.963013529777526855e-01,1.931829154491424561e-01,-6.278797984123229980e-01,-2.380733788013458252e-01
1.341730356216430664e-03,-5.289365723729133606e-02,7.956485748291015625e-01,9.547770619392395020e-01,1.671417057514190674e-01,2.437081336975097656e-01,3.272275999188423157e-02,-5.328238010406494141e-01,-1.892215013504028320e-02,4.335488080978393555e-01,8.298003673553466797e-02,5.161095857620239258e-01,-2.252879738807678223e-01,-7.177345752716064453e-01,-3.933963179588317871e-01,-2.250350266695022583e-02,2.394497841596603394e-01,-4.561636969447135925e-02,9.247270412743091583e-03,1.230172887444496155e-01,5.847560763359069824e-01,5.287942886352539062e-01,-4.183152019977569580e-01,2.183853089809417725e-01,-8.772559762001037598e-01,9.486353993415832520e-01,1.151221469044685364e-01,-1.489204913377761841e-01,7.162567228078842163e-02,-6.854668259620666504e-01,-1.121126413345336914e+00,3.305182754993438721e-01,9.866084456443786621e-01,1.759881079196929932e-01,-6.115099787712097168e-01,-2.460061460733413696e-01
1.534838229417800903e-03,-5.280468985438346863e-02,7.958356142044067383e-01,9.541914463043212891e-01,1.692526042461395264e-01,2.446809709072113037e-01,3.167646750807762146e-02,-5.349788665771484375e-01,-2.092666737735271454e-02,4.344046115875244141e-01,8.467914164066314697e-02,5.202609300613403320e-01,-2.241248786449432373e-01,-7.219918966293334961e-01,-3.949362933635711670e-01,-1.568664982914924622e-02,2.414801865816116333e-01,-4.533490166068077087e-02,1.067909970879554749e-02,1.248656213283538818e-01,5.847866535186767578e-01,5.294138193130493164e-01,-4.183657169342041016e-01,2.161401510238647461e-01,-8.826348781585693359e-01,9.489959478378295898e-01,1.203721016645431519e-01,-1.476573497056961060e-01,7.112094759941101074e-02,-6.851440668106079102e-01,-1.127838611602783203e+00,3.304214775562286377e-01,9.811295270919799805e-01,1.748715192079544067e-01,-6.073225736618041992e-01,-2.449835389852523804e-01
1.557734794914722443e-03,-5.257825925946235657e-02,7.959911823272705078e-01,9.536556005477905273e-01,1.710699200630187988e-01,2.457306683063507080e-01,2.987468615174293518e-02,-5.366765260696411133e-01,-2.248052507638931274e-02,4.356902241706848145e-01,8.567315340042114258e-02,5.216070413589477539e-01,-2.244906425476074219e-01,-7.261701822280883789e-01,-3.958957493305206299e-01,-9.755295701324939728e-03,2.412193566560745239e-01,-4.325259849429130554e-02,1.222088467329740524e-02,1.285917311906814575e-01,5.852237343788146973e-01,5.292034745216369629e-01,-4.195168018341064453e-01,2.142957299947738647e-01,-8.890411257743835449e-01,9.525800943374633789e-01,1.240967512130737305e-01,-1.481372714042663574e-01,7.045277953147888184e-02,-6.860235333442687988e-01,-1.133332610130310059e+00,3.344536423683166504e-01,9.775997400283813477e-01,1.743378490209579468e-01,-6.038834452629089355e-01,-2.415790706872940063e-01
1.567352097481489182e-03,-5.217675492167472839e-02,7.960581779479980469e-01,9.532036781311035156e-01,1.725347042083740234e-01,2.466985583305358887e-01,2.782691270112991333e-02,-5.378002524375915527e-01,-2.401875704526901245e-02,4.372853636741638184e-01,8.576229214668273926e-02,5.224998593330383301e-01,-2.250591814517974854e-01,-7.303839921951293945e-01,-3.968285918235778809e-01,-5.039428826421499252e-03,2.403586357831954956e-01,-4.120473191142082214e-02,1.398116908967494965e-02,1.321100294589996338e-01,5.855957865715026855e-01,5.290021300315856934e-01,-4.198637008666992188e-01,2.137812972068786621e-01,-8.932717442512512207e-01,9.567247629165649414e-01,1.288183182477951050e-01,-1.487441211938858032e-01,6.917677074670791626e-02,-6.876320838928222656e-01,-1.137160778045654297e+00,3.409622013568878174e-01,9.746609330177307129e-01,1.732718646526336670e-01,-5.997481942176818848e-01,-2.351280450820922852e-01
1.522805541753768921e-03,-5.166009441018104553e-02,7.960670590400695801e-01,9.528509974479675293e-01,1.737061589956283569e-01,2.474497556686401367e-01,2.588122338056564331e-02,-5.384719967842102051e-01,-2.555204927921295166e-02,4.388830363750457764e-01,8.579493314027786255e-02,5.222569704055786133e-01,-2.261218577623367310e-01,-7.341272830963134766e-01,-3.978390395641326904e-01,-1.311130356043577194e-03,2.397042810916900635e-01,-3.954861685633659363e-02,1.598152332007884979e-02,1.349166780710220337e-01,5.854644775390625000e-01,5.291730165481567383e-01,-4.196169972419738770e-01,2.144959419965744019e-01,-8.955321907997131348e-01,9.607692360877990723e-01,1.341356337070465088e-01,-1.488799005746841431e-01,6.716804206371307373e-02,-6.900025010108947754e-01,-1.139705061912536621e+00,3.498483300209045410e-01,9.718446135520935059e-01,1.716581583023071289e-01,-5.947630405426025391e-01,-2.269318848848342896e-01
1.371935009956359863e-03,-5.117507278919219971e-02,7.960930466651916504e-01,9.525805115699768066e-01,1.747178286314010620e-01,2.479383945465087891e-01,2.430328540503978729e-02,-5.386826992034912109e-01,-2.728768810629844666e-02,4.399828612804412842e-01,8.571319282054901123e-02,5.229290723800659180e-01,-2.268749922513961792e-01,-7.374581098556518555e-01,-3.988417387008666992e-01,2.083438448607921600e-03,2.400785982608795166e-01,-3.887403756380081177e-02,1.764011196792125702e-02,1.369338035583496094e-01,5.848637819290161133e-01,5.300335288047790527e-01,-4.185649156570434570e-01,2.152891904115676880e-01,-8.960813283920288086e-01,9.639452695846557617e-01,1.402490884065628052e-01,-1.484168767929077148e-01,6.459258496761322021e-02,-6.930289864540100098e-01,-1.141873240470886230e+00,3.603758215904235840e-01,9.692865014076232910e-01,1.693630963563919067e-01,-5.893433690071105957e-01,-2.184207737445831299e-01
1.122480724006891251e-03,-5.066534876823425293e-02,7.961578369140625000e-01,9.523804783821105957e-01,1.756673008203506470e-01,2.481747716665267944e-01,2.284174785017967224e-02,-5.385166406631469727e-01,-2.926808595657348633e-02,4.405543506145477295e-01,8.537162095308303833e-02,5.233268141746520996e-01,-2.274635136127471924e-01,-7.402002215385437012e-01,-3.995741605758666992e-01,5.531898234039545059e-03,2.409911602735519409e-01,-3.856175765395164490e-02,1.916364952921867371e-02,1.386538147926330566e-01,5.836879014968872070e-01,5.310409665107727051e-01,-4.173358380794525146e-01,2.154548615217208862e-01,-8.960577249526977539e-01,9.669222235679626465e-01,1.458706110715866089e-01,-1.476591378450393677e-01,6.226571276783943176e-02,-6.960717439651489258e-01,-1.143673300743103027e+00,3.716348111629486084e-01,9.666614532470703125e-01,1.679194271564483643e-01,-5.835440754890441895e-01,-2.097723186016082764e-01
7.977765053510665894e-04,-5.006896331906318665e-02,7.962291836738586426e-01,9.523332715034484863e-01,1.763877868652343750e-01,2.479553222656250000e-01,2.160589769482612610e-02,-5.377603173255920410e-01,-3.111925348639488220e-02,4.401537179946899414e-01,8.503604680299758911e-02,5.240198373794555664e-01,-2.277878969907760620e-01,-7.419345974922180176e-01,-4.001353681087493896e-01,8.171483874320983887e-03,2.428167611360549927e-01,-3.880830481648445129e-02,2.001287788152694702e-02,1.400210261344909668e-01,5.821328163146972656e-01,5.319760441780090332e-01,-4.158325791358947754e-01,2.160427123308181763e-01,-8.945057392120361328e-01,9.684787988662719727e-01,1.492993831634521484e-01,-1.470173597335815430e-01,6.053437292575836182e-02,-6.984709501266479492e-01,-1.144974708557128906e+00,3.836250305175781250e-01,9.649661183357238770e-01,1.673866957426071167e-01,-5.775865912437438965e-01,-2.009123265743255615e-01
3.373231738805770874e-04,-4.942249879240989685e-02,7.962749004364013672e-01,9.525064826011657715e-01,1.768545657396316528e-01,2.470354884862899780e-01,2.067415975034236908e-02,-5.351074934005737305e-01,-3.266398981213569641e-02,4.398337602615356445e-01,8.411552757024765015e-02,5.252321958541870117e-01,-2.285250276327133179e-01,-7.422617673873901367e-01,-4.006770551204681396e-01,9.896915405988693237e-03,2.462511807680130005e-01,-4.017701745033264160e-02,2.035525254905223846e-02,1.409707069396972656e-01,5.806009769439697266e-01,5.328413844108581543e-01,-4.150738120079040527e-01,2.170730680227279663e-01,-8.924728631973266602e-01,9.681875705718994141e-01,1.525246500968933105e-01,-1.466971188783645630e-01,5.827882513403892517e-02,-6.998836994171142578e-01,-1.145595073699951172e+00,3.952095508575439453e-01,9.643219709396362305e-01,1.680065691471099854e-01,-5.718982815742492676e-01,-1.925485283136367798e-01
-2.773287706077098846e-04,-4.882318153977394104e-02,7.962761521339416504e-01,9.529592394828796387e-01,1.767786294221878052e-01,2.453723251819610596e-01,2.025666460394859314e-02,-5.312114357948303223e-01,-3.343438729643821716e-02,4.394694566726684570e-01,8.339576423168182373e-02,5.245063304901123047e-01,-2.290993630886077881e-01,-7.407629489898681641e-01,-4.010434448719024658e-01,9.556501172482967377e-03,2.508894801139831543e-01,-4.244850948452949524e-02,2.036629803478717804e-02,1.415815651416778564e-01,5.795010924339294434e-01,5.333613753318786621e-01,-4.140467345714569092e-01,2.187272161245346069e-01,-8.894613385200500488e-01,9.660359621047973633e-01,1.544266790151596069e-01,-1.470925956964492798e-01,5.637133494019508362e-02,-7.009314894676208496e-01,-1.144728660583496094e+00,4.074836969375610352e-01,9.650161862373352051e-01,1.685898602008819580e-01,-5.658558607101440430e-01,-1.852684468030929565e-01
-1.062702387571334839e-03,-4.836883768439292908e-02,7.962669134140014648e-01,9.536515474319458008e-01,1.763462722301483154e-01,2.429827451705932617e-01,2.025186643004417419e-02,-5.266855955123901367e-01,-3.372548148036003113e-02,4.381026625633239746e-01,8.305692672729492188e-02,5.233365297317504883e-01,-2.297295480966567993e-01,-7.380158901214599609e-01,-4.013867676258087158e-01,7.594371680170297623e-03,2.567680776119232178e-01,-4.549701139330863953e-02,1.993722468614578247e-02,1.417616754770278931e-01,5.783592462539672852e-01,5.335549116134643555e-01,-4.129855036735534668e-01,2.206301838159561157e-01,-8.854579329490661621e-01,9.630743265151977539e-01,1.547403037548065186e-01,-1.483830213546752930e-01,5.421770364046096802e-02,-7.022284865379333496e-01,-1.142612934112548828e+00,4.204161167144775391e-01,9.675554037094116211e-01,1.668796092271804810e-01,-5.594562888145446777e-01,-1.805648356676101685e-01
-1.992452889680862427e-03,-4.809572175145149231e-02,7.961872220039367676e-01,9.545934796333312988e-01,1.754992753267288208e-01,2.398391216993331909e-01,2.070153504610061646e-02,-5.210914611816406250e-01,-3.348882496356964111e-02,4.361028671264648438e-01,8.298854529857635498e-02,5.202879309654235840e-01,-2.304925322532653809e-01,-7.337699532508850098e-01,-4.015677273273468018e-01,4.015685059130191803e-03,2.634857594966888428e-01,-4.916355013847351074e-02,1.906519010663032532e-02,1.418565213680267334e-01,5.771034359931945801e-01,5.333346724510192871e-01,-4.123526811599731445e-01,2.223975956439971924e-01,-8.809363245964050293e-01,9.600571393966674805e-01,1.538450419902801514e-01,-1.510754078626632690e-01,5.188532173633575439e-02,-7.034632563591003418e-01,-1.138984322547912598e+00,4.326416850090026855e-01,9.723015427589416504e-01,1.642820388078689575e-01,-5.534649491310119629e-01,-1.774473786354064941e-01
-3.003344405442476273e-03,-4.798084869980812073e-02,7.960643768310546875e-01,9.556884169578552246e-01,1.744040250778198242e-01,2.361667752265930176e-01,2.163475006818771362e-02,-5.149106979370117188e-01,-3.281482681632041931e-02,4.345983564853668213e-01,8.340941369533538818e-02,5.181148648262023926e-01,-2.307997941970825195e-01,-7.280223965644836426e-01,-4.020430147647857666e-01,-9.350600303150713444e-04,2.698625326156616211e-01,-5.291057378053665161e-02,1.839418336749076843e-02,1.421613693237304688e-01,5.758258700370788574e-01,5.331411361694335938e-01,-4.125173985958099365e-01,2.241721749305725098e-01,-8.768777251243591309e-01,9.574304223060607910e-01,1.514826565980911255e-01,-1.551031470298767090e-01,4.973682016134262085e-02,-7.045497298240661621e-01,-1.134392380714416504e+00,4.434581100940704346e-01,9.793686866760253906e-01,1.616588383913040161e-01,-5.485156774520874023e-01,-1.749455928802490234e-01
-4.011818207800388336e-03,-4.798054695129394531e-02,7.958562374114990234e-01,9.569683670997619629e-01,1.726909577846527100e-01,2.320684194564819336e-01,2.310103923082351685e-02,-5.083333849906921387e-01,-3.144284337759017944e-02,4.311818480491638184e-01,8.440959453582763672e-02,5.145208835601806641e-01,-2.314061075448989868e-01,-7.211521863937377930e-01,-4.025200307369232178e-01,-7.697571069002151489e-03,2.769636809825897217e-01,-5.764184892177581787e-02,1.774985902011394501e-02,1.428867578506469727e-01,5.753091573715209961e-01,5.332189202308654785e-01,-4.127713739871978760e-01,2.258089184761047363e-01,-8.730973601341247559e-01,9.554551839828491211e-01,1.480454504489898682e-01,-1.594838649034500122e-01,4.880502820014953613e-02,-7.056047916412353516e-01,-1.129632115364074707e+00,4.530456960201263428e-01,9.893702864646911621e-01,1.589876115322113037e-01,-5.449941158294677734e-01,-1.722649335861206055e-01
-5.045583471655845642e-03,-4.793872684240341187e-02,7.956131696701049805e-01,9.583599567413330078e-01,1.704032421112060547e-01,2.277965247631072998e-01,2.485298551619052887e-02,-5.004774928092956543e-01,-2.920302003622055054e-02,4.283969998359680176e-01,8.477362245321273804e-02,5.098361372947692871e-01,-2.318089753389358521e-01,-7.138169407844543457e-01,-4.030188918113708496e-01,-1.535053271800279617e-02,2.849464416503906250e-01,-6.340886652469635010e-02,1.726586744189262390e-02,1.434693038463592529e-01,5.761213898658752441e-01,5.337195992469787598e-01,-4.120730757713317871e-01,2.269528508186340332e-01,-8.700622916221618652e-01,9.524375796318054199e-01,1.438358426094055176e-01,-1.636493951082229614e-01,5.116909369826316833e-02,-7.082560658454895020e-01,-1.124728322029113770e+00,4.633841812610626221e-01,1.002393245697021484e+00,1.552564054727554321e-01,-5.422347784042358398e-01,-1.691420078277587891e-01
-6.295477971434593201e-03,-4.766044393181800842e-02,7.951900362968444824e-01,9.599812626838684082e-01,1.672915816307067871e-01,2.230335772037506104e-01,2.656276524066925049e-02,-4.876798987388610840e-01,-2.642121165990829468e-02,4.226619601249694824e-01,8.169625699520111084e-02,5.022398829460144043e-01,-2.337972223758697510e-01,-7.015810608863830566e-01,-4.034937620162963867e-01,-2.385452017188072205e-02,2.908720672130584717e-01,-6.638296693563461304e-02,1.754573732614517212e-02,1.465375572443008423e-01,5.787150263786315918e-01,5.342555642127990723e-01,-4.096414744853973389e-01,2.256929278373718262e-01,-8.679260015487670898e-01,9.496147632598876953e-01,1.312856525182723999e-01,-1.667791754007339478e-01,5.970168858766555786e-02,-7.125963568687438965e-01,-1.118265390396118164e+00,4.798536002635955811e-01,1.019739627838134766e+00,1.478376388549804688e-01,-5.389280319213867188e-01,-1.665760427713394165e-01
-7.401805371046066284e-03,-4.726242646574974060e-02,7.953575849533081055e-01,9.615622758865356445e-01,1.641750186681747437e-01,2.183957844972610474e-01,2.734704874455928802e-02,-4.813154637813568115e-01,-2.121209539473056793e-02,4.210714995861053467e-01,8.513792604207992554e-02,4.933854341506958008e-01,-2.296827137470245361e-01,-6.949337124824523926e-01,-4.022991657257080078e-01,-3.269898891448974609e-02,2.986240684986114502e-01,-7.347442209720611572e-02,1.788097620010375977e-02,1.450170427560806274e-01,5.801994204521179199e-01,5.342227220535278320e-01,-4.060381650924682617e-01,2.242859303951263428e-01,-8.655861020088195801e-01,9.413238167762756348e-01,1.250509172677993774e-01,-1.696526259183883667e-01,7.048074156045913696e-02,-7.224172949790954590e-01,-1.112517356872558594e+00,4.991356432437896729e-01,1.032906413078308105e+00,1.336154192686080933e-01,-5.285486578941345215e-01,-1.666688323020935059e-01
-8.757553994655609131e-03,-4.648251086473464966e-02,7.952684760093688965e-01,9.634861350059509277e-01,1.600826680660247803e-01,2.128788828849792480e-01,2.739950641989707947e-02,-4.654559493064880371e-01,-1.582513749599456787e-02,4.197939038276672363e-01,8.083236217498779297e-02,4.812350273132324219e-01,-2.271047830581665039e-01,-6.781452298164367676e-01,-3.994330167770385742e-01,-4.180366173386573792e-02,2.970812916755676270e-01,-7.243742793798446655e-02,1.863574050366878510e-02,1.496398150920867920e-01,5.812147259712219238e-01,5.338174104690551758e-01,-3.989659547805786133e-01,2.209992855787277222e-01,-8.638571500778198242e-01,9.360551238059997559e-01,1.064249351620674133e-01,-1.717198342084884644e-01,8.242479711771011353e-02,-7.282852530479431152e-01,-1.100815415382385254e+00,5.251343846321105957e-01,1.047036647796630859e+00,1.129561215639114380e-01,-5.160640478134155273e-01,-1.682197004556655884e-01
-9.887219406664371490e-03,-4.561992362141609192e-02,7.961342930793762207e-01,9.652267694473266602e-01,1.572621315717697144e-01,2.070239037275314331e-01,2.733257226645946503e-02,-4.575350880622863770e-01,-1.162229478359222412e-02,4.228725135326385498e-01,8.436390012502670288e-02,4.749625027179718018e-01,-2.167371213436126709e-01,-6.651020050048828125e-01,-3.980812430381774902e-01,-5.182566121220588684e-02,2.938885688781738281e-01,-7.406400144100189209e-02,1.984281092882156372e-02,1.466745883226394653e-01,5.742925405502319336e-01,5.328229665756225586e-01,-3.891279697418212891e-01,2.229249477386474609e-01,-8.597568273544311523e-01,9.269315600395202637e-01,9.681139141321182251e-02,-1.720694154500961304e-01,8.910646289587020874e-02,-7.354813814163208008e-01,-1.086910724639892578e+00,5.471565723419189453e-01,1.052896738052368164e+00,8.690074086189270020e-02,-4.997844099998474121e-01,-1.699776351451873779e-01
-1.097185164690017700e-02,-4.440575465559959412e-02,7.969785332679748535e-01,9.673389792442321777e-01,1.537663638591766357e-01,1.996051222085952759e-01,2.773133106529712677e-02,-4.428155720233917236e-01,-7.793621160089969635e-03,4.261386990547180176e-01,8.632709085941314697e-02,4.656496644020080566e-01,-2.071267068386077881e-01,-6.433829069137573242e-01,-3.970463275909423828e-01,-6.462580710649490356e-02,2.864593863487243652e-01,-7.246050983667373657e-02,2.223134413361549377e-02,1.441454440355300903e-01,5.639508366584777832e-01,5.314306020736694336e-01,-3.775517046451568604e-01,2.269871979951858521e-01,-8.542526960372924805e-01,9.205150008201599121e-01,8.406139165163040161e-02,-1.725056171417236328e-01,9.033847600221633911e-02,-7.399091124534606934e-01,-1.068261027336120605e+00,5.729694962501525879e-01,1.063831806182861328e+00,6.094914302229881287e-02,-4.842585921287536621e-01,-1.676195710897445679e-01
-1.207154523581266403e-02,-4.295630380511283875e-02,7.977464199066162109e-01,9.695687294006347656e-01,1.497942358255386353e-01,1.914647966623306274e-01,2.897151373326778412e-02,-4.275387823581695557e-01,-4.194266162812709808e-03,4.299470484256744385e-01,9.052668511867523193e-02,4.550488591194152832e-01,-1.959463208913803101e-01,-6.198573708534240723e-01,-3.967101573944091797e-01,-7.912695407867431641e-02,2.812860906124114990e-01,-7.222940772771835327e-02,2.609851397573947906e-02,1.397411972284317017e-01,5.524871945381164551e-01,5.312034487724304199e-01,-3.650718629360198975e-01,2.326748371124267578e-01,-8.482845425605773926e-01,9.140144586563110352e-01,7.838205248117446899e-02,-1.721923947334289551e-01,8.982659131288528442e-02,-7.449452877044677734e-01,-1.049703359603881836e+00,5.996945500373840332e-01,1.079792022705078125e+00,3.849005699157714844e-02,-4.689096510410308838e-01,-1.623719632625579834e-01
-1.320201624184846878e-02,-4.123841971158981323e-02,7.982386350631713867e-01,9.719272851943969727e-01,1.448725461959838867e-01,1.828485727310180664e-01,3.058961592614650726e-02,-4.120077192783355713e-01,1.241240068338811398e-03,4.357768297195434570e-01,9.761786460876464844e-02,4.397631585597991943e-01,-1.828074604272842407e-01,-5.959513187408447266e-01,-3.950072228908538818e-01,-9.493691474199295044e-02,2.790798842906951904e-01,-7.270970940589904785e-02,3.001043200492858887e-02,1.353608965873718262e-01,5.408790111541748047e-01,5.314531326293945312e-01,-3.523403406143188477e-01,2.398835867643356323e-01,-8.422713279724121094e-01,9.071239829063415527e-01,7.867319881916046143e-02,-1.717385649681091309e-01,8.950962871313095093e-02,-7.483221888542175293e-01,-1.031128883361816406e+00,6.243342757225036621e-01,1.099308013916015625e+00,2.154275774955749512e-02,-4.537470638751983643e-01,-1.565704196691513062e-01
-1.437084376811981201e-02,-3.926054388284683228e-02,7.983684539794921875e-01,9.744242429733276367e-01,1.387718617916107178e-01,1.737560182809829712e-01,3.238191083073616028e-02,-3.950484395027160645e-01,8.873270824551582336e-03,4.421197772026062012e-01,1.058362945914268494e-01,4.204427897930145264e-01,-1.694099754095077515e-01,-5.717686414718627930e-01,-3.909717798233032227e-01,-1.114891022443771362e-01,2.798294425010681152e-01,-7.430038601160049438e-02,3.397414088249206543e-02,1.311176568269729614e-01,5.284529328346252441e-01,5.313874483108520508e-01,-3.399399518966674805e-01,2.503752708435058594e-01,-8.353722095489501953e-01,8.997179269790649414e-01,8.197002857923507690e-02,-1.718040257692337036e-01,8.972863852977752686e-02,-7.495418190956115723e-01,-1.011272430419921875e+00,6.448774933815002441e-01,1.120853424072265625e+00,9.871051646769046783e-03,-4.377604722976684570e-01,-1.501765251159667969e-01
-1.556422282010316849e-02,-3.700129687786102295e-02,7.979727387428283691e-01,9.770246744155883789e-01,1.314081847667694092e-01,1.642860919237136841e-01,3.412919491529464722e-02,-3.766113519668579102e-01,1.909764111042022705e-02,4.488494098186492920e-01,1.152229458093643188e-01,3.948023617267608643e-01,-1.566352099180221558e-01,-5.483486056327819824e-01,-3.846864402294158936e-01,-1.283125132322311401e-01,2.843159437179565430e-01,-7.808106392621994019e-02,3.758412227034568787e-02,1.268560141324996948e-01,5.150412321090698242e-01,5.307791829109191895e-01,-3.276982903480529785e-01,2.645868360996246338e-01,-8.263673186302185059e-01,8.916730880737304688e-01,8.661020547151565552e-02,-1.728899031877517700e-01,8.974500000476837158e-02,-7.485632896423339844e-01,-9.893885254859924316e-01,6.604945063591003418e-01,1.142047762870788574e+00,3.634263761341571808e-03,-4.217731058597564697e-01,-1.432751119136810303e-01
-1.678456738591194153e-02,-3.438495472073554993e-02,7.969827055931091309e-01,9.797284603118896484e-01,1.223878264427185059e-01,1.545449048280715942e-01,3.562593832612037659e-02,-3.554711341857910156e-01,3.289565816521644592e-02,4.569115340709686279e-01,1.237230747938156128e-01,3.613814711570739746e-01,-1.455029398202896118e-01,-5.257045626640319824e-01,-3.752588033676147461e-01,-1.459363251924514771e-01,2.919034063816070557e-01,-8.428936451673507690e-02,4.047871753573417664e-02,1.224917918443679810e-01,5.013502836227416992e-01,5.298842787742614746e-01,-3.149027526378631592e-01,2.818247079849243164e-01,-8.139094710350036621e-01,8.831627368927001953e-01,9.214086085557937622e-02,-1.751352697610855103e-01,8.947653323411941528e-02,-7.452253699302673340e-01,-9.652053117752075195e-01,6.705498695373535156e-01,1.161240339279174805e+00,2.364292973652482033e-03,-4.064155817031860352e-01,-1.359052658081054688e-01
-1.808084920048713684e-02,-3.136512264609336853e-02,7.954183816909790039e-01,9.825095534324645996e-01,1.116513684391975403e-01,1.444337218999862671e-01,3.671214357018470764e-02,-3.311448097229003906e-01,4.959052056074142456e-02,4.628860354423522949e-01,1.292840838432312012e-01,3.204685151576995850e-01,-1.394117772579193115e-01,-5.034042000770568848e-01,-3.624491691589355469e-01,-1.642170697450637817e-01,3.018829822540283203e-01,-9.259080141782760620e-02,4.338473081588745117e-02,1.178450733423233032e-01,4.879979789257049561e-01,5.288657546043395996e-01,-3.014436960220336914e-01,3.003766536712646484e-01,-7.987201213836669922e-01,8.750664591789245605e-01,9.800580888986587524e-02,-1.782296597957611084e-01,8.978655189275741577e-02,-7.405956983566284180e-01,-9.390636682510375977e-01,6.755166053771972656e-01,1.176646947860717773e+00,3.912681713700294495e-03,-3.920724987983703613e-01,-1.294463276863098145e-01
-1.950050145387649536e-02,-2.790836617350578308e-02,7.934808135032653809e-01,9.852067232131958008e-01,9.956769645214080811e-02,1.343775242567062378e-01,3.737178072333335876e-02,-3.056639134883880615e-01,6.877751648426055908e-02,4.669519066810607910e-01,1.325705200433731079e-01,2.734387516975402832e-01,-1.363865435123443604e-01,-4.809904396533966064e-01,-3.467754125595092773e-01,-1.836169064044952393e-01,3.109982609748840332e-01,-1.011548489332199097e-01,4.641508683562278748e-02,1.124906986951828003e-01,4.747498035430908203e-01,5.275750756263732910e-01,-2.874110937118530273e-01,3.183220922946929932e-01,-7.824030518531799316e-01,8.685015439987182617e-01,1.012629270553588867e-01,-1.803690791130065918e-01,9.119386225938796997e-02,-7.349264025688171387e-01,-9.113783240318298340e-01,6.756728887557983398e-01,1.187839031219482422e+00,4.987050779163837433e-03,-3.788586556911468506e-01,-1.246066838502883911e-01
-2.107102051377296448e-02,-2.416790090501308441e-02,7.914032936096191406e-01,9.875869154930114746e-01,8.693668991327285767e-02,1.251895278692245483e-01,3.796938434243202209e-02,-2.806859612464904785e-01,8.799776434898376465e-02,4.682366549968719482e-01,1.306560933589935303e-01,2.254104912281036377e-01,-1.372293978929519653e-01,-4.597273170948028564e-01,-3.296642601490020752e-01,-2.033535391092300415e-01,3.174977302551269531e-01,-1.081546619534492493e-01,4.961842298507690430e-02,1.063949689269065857e-01,4.621680974960327148e-01,5.259161591529846191e-01,-2.742443680763244629e-01,3.339368700981140137e-01,-7.665131688117980957e-01,8.633568882942199707e-01,1.029549390077590942e-01,-1.810323745012283325e-01,9.412388503551483154e-02,-7.289896011352539062e-01,-8.843109607696533203e-01,6.695430278778076172e-01,1.194761633872985840e+00,4.469993524253368378e-03,-3.666101992130279541e-01,-1.219703033566474915e-01
-2.274362370371818542e-02,-2.029755897819995880e-02,7.893864512443542480e-01,9.895011186599731445e-01,7.500126212835311890e-02,1.171738132834434509e-01,3.914810344576835632e-02,-2.595549523830413818e-01,1.054765954613685608e-01,4.686417579650878906e-01,1.272579580545425415e-01,1.821322739124298096e-01,-1.373104900121688843e-01,-4.404880702495574951e-01,-3.140137195587158203e-01,-2.221117764711380005e-01,3.214600384235382080e-01,-1.133513227105140686e-01,5.321985483169555664e-02,9.852251410484313965e-02,4.481459259986877441e-01,5.239039659500122070e-01,-2.608672380447387695e-01,3.471014499664306641e-01,-7.508010864257812500e-01,8.588004112243652344e-01,1.049316674470901489e-01,-1.797807067632675171e-01,9.810273349285125732e-02,-7.225570082664489746e-01,-8.581822514533996582e-01,6.565454602241516113e-01,1.198282599449157715e+00,2.078757621347904205e-03,-3.555736541748046875e-01,-1.219287663698196411e-01
-2.446146681904792786e-02,-1.639151573181152344e-02,7.875376939773559570e-01,9.909569025039672852e-01,6.460224837064743042e-02,1.101070716977119446e-01,4.132073372602462769e-02,-2.418290227651596069e-01,1.193691641092300415e-01,4.692801535129547119e-01,1.232409626245498657e-01,1.437070071697235107e-01,-1.346811205148696899e-01,-4.231041669845581055e-01,-3.021515309810638428e-01,-2.393440306186676025e-01,3.244876265525817871e-01,-1.169994324445724487e-01,5.763735249638557434e-02,8.841405063867568970e-02,4.313113987445831299e-01,5.211234688758850098e-01,-2.479936778545379639e-01,3.589203953742980957e-01,-7.364826202392578125e-01,8.542113304138183594e-01,1.083997935056686401e-01,-1.770829111337661743e-01,1.016838401556015015e-01,-7.141966223716735840e-01,-8.325510621070861816e-01,6.372167468070983887e-01,1.198802232742309570e+00,-1.218938967213034630e-03,-3.461328744888305664e-01,-1.245574876666069031e-01
-2.617502957582473755e-02,-1.242301799356937408e-02,7.858402729034423828e-01,9.921156764030456543e-01,5.526675283908843994e-02,1.034982502460479736e-01,4.404781386256217957e-02,-2.272841185331344604e-01,1.314574629068374634e-01,4.681422710418701172e-01,1.219835206866264343e-01,1.063887476921081543e-01,-1.309026777744293213e-01,-4.063374996185302734e-01,-2.927070558071136475e-01,-2.558125257492065430e-01,3.267596065998077393e-01,-1.195525452494621277e-01,6.192359700798988342e-02,7.841756939888000488e-02,4.129395186901092529e-01,5.170004367828369141e-01,-2.354444265365600586e-01,3.703435957431793213e-01,-7.245096564292907715e-01,8.482028245925903320e-01,1.134692206978797913e-01,-1.745724678039550781e-01,1.028182879090309143e-01,-7.034679651260375977e-01,-8.075311779975891113e-01,6.146794557571411133e-01,1.196962952613830566e+00,-7.116378284990787506e-03,-3.387770354747772217e-01,-1.279137432575225830e-01
-2.787499502301216125e-02,-8.238567970693111420e-03,7.842239141464233398e-01,9.930801391601562500e-01,4.633424431085586548e-02,9.726906567811965942e-02,4.673092067241668701e-02,-2.128024995326995850e-01,1.426316499710083008e-01,4.655483365058898926e-01,1.175338253378868103e-01,7.187580317258834839e-02,-1.294721961021423340e-01,-3.907058238983154297e-01,-2.840189635753631592e-01,-2.718967795372009277e-01,3.285877704620361328e-01,-1.215962693095207214e-01,6.379596889019012451e-02,7.198600471019744873e-02,3.942993879318237305e-01,5.097598433494567871e-01,-2.214107960462570190e-01,3.805816471576690674e-01,-7.140215039253234863e-01,8.425869345664978027e-01,1.130559667944908142e-01,-1.731541752815246582e-01,1.035478040575981140e-01,-6.845314502716064453e-01,-7.829147577285766602e-01,5.905718803405761719e-01,1.193326830863952637e+00,-1.474815048277378082e-02,-3.309029936790466309e-01,-1.313393115997314453e-01
-2.934349328279495239e-02,-4.197777248919010162e-03,7.826882600784301758e-01,9.937663078308105469e-01,3.939935937523841858e-02,9.154931455850601196e-02,4.994972795248031616e-02,-2.040879875421524048e-01,1.504990458488464355e-01,4.569609165191650391e-01,1.208561733365058899e-01,4.110388457775115967e-02,-1.261187195777893066e-01,-3.771554827690124512e-01,-2.796834707260131836e-01,-2.852573394775390625e-01,3.324000835418701172e-01,-1.245619207620620728e-01,6.786526739597320557e-02,6.329232454299926758e-02,3.717243075370788574e-01,5.023621916770935059e-01,-2.098933458328247070e-01,3.908973634243011475e-01,-7.044152021408081055e-01,8.375840187072753906e-01,1.177655160427093506e-01,-1.724686622619628906e-01,1.042353063821792603e-01,-6.673135757446289062e-01,-7.582927942276000977e-01,5.677291154861450195e-01,1.187456488609313965e+00,-2.248929440975189209e-02,-3.247153162956237793e-01,-1.341542750597000122e-01
-3.062773868441581726e-02,-3.379613626748323441e-04,7.813494801521301270e-01,9.942752718925476074e-01,3.405960649251937866e-02,8.634240180253982544e-02,5.292988196015357971e-02,-1.981283128261566162e-01,1.557030677795410156e-01,4.476177692413330078e-01,1.266454011201858521e-01,1.450099609792232513e-02,-1.222515404224395752e-01,-3.652160465717315674e-01,-2.782009840011596680e-01,-2.959342300891876221e-01,3.365896940231323242e-01,-1.267427653074264526e-01,7.258020341396331787e-02,5.621873959898948669e-02,3.453355431556701660e-01,4.930287301540374756e-01,-1.993051618337631226e-01,3.998751044273376465e-01,-6.966695785522460938e-01,8.366538286209106445e-01,1.198292896151542664e-01,-1.720475107431411743e-01,1.033488437533378601e-01,-6.464712619781494141e-01,-7.327769398689270020e-01,5.492409467697143555e-01,1.181834697723388672e+00,-2.997070737183094025e-02,-3.189623355865478516e-01,-1.371144354343414307e-01
-3.165167570114135742e-02,3.135358449071645737e-03,7.804315090179443359e-01,9.946349263191223145e-01,3.047696128487586975e-02,8.178967237472534180e-02,5.552454665303230286e-02,-1.944738179445266724e-01,1.581883281469345093e-01,4.389034807682037354e-01,1.351630389690399170e-01,-6.297710351645946503e-03,-1.179726347327232361e-01,-3.547533154487609863e-01,-2.795021831989288330e-01,-3.036478161811828613e-01,3.406777381896972656e-01,-1.276303529739379883e-01,7.814367115497589111e-02,5.024565383791923523e-02,3.146565258502960205e-01,4.812938272953033447e-01,-1.899955272674560547e-01,4.069910347461700439e-01,-6.901732683181762695e-01,8.425862193107604980e-01,1.201795637607574463e-01,-1.706333756446838379e-01,1.001541912555694580e-01,-6.236998438835144043e-01,-7.056950926780700684e-01,5.381458401679992676e-01,1.177219390869140625e+00,-3.739211708307266235e-02,-3.130504190921783447e-01,-1.393435001373291016e-01
-3.227674216032028198e-02,6.255929823964834213e-03,7.798105478286743164e-01,9.949444532394409180e-01,2.776572667062282562e-02,7.752614468336105347e-02,5.748390033841133118e-02,-1.912378519773483276e-01,1.596463471651077271e-01,4.317743778228759766e-01,1.449517160654067993e-01,-2.396244928240776062e-02,-1.142451390624046326e-01,-3.441456854343414307e-01,-2.814257144927978516e-01,-3.096202313899993896e-01,3.435113728046417236e-01,-1.284433007240295410e-01,8.362992107868194580e-02,4.536009952425956726e-02,2.814135253429412842e-01,4.673509597778320312e-01,-1.814331710338592529e-01,4.119157791137695312e-01,-6.842404603958129883e-01,8.566110134124755859e-01,1.200893670320510864e-01,-1.679764240980148315e-01,9.456136077642440796e-02,-5.991485118865966797e-01,-6.769327521324157715e-01,5.354851484298706055e-01,1.172353267669677734e+00,-4.558113589882850647e-02,-3.060315251350402832e-01,-1.384867876768112183e-01
-3.242871165275573730e-02,9.082583710551261902e-03,7.794348001480102539e-01,9.952325224876403809e-01,2.579864859580993652e-02,7.326549291610717773e-02,5.898118019104003906e-02,-1.871389001607894897e-01,1.603597402572631836e-01,4.260844886302947998e-01,1.551914662122726440e-01,-3.913885727524757385e-02,-1.108417809009552002e-01,-3.331774175167083740e-01,-2.837843000888824463e-01,-3.138387203216552734e-01,3.465271592140197754e-01,-1.299006789922714233e-01,8.902097493410110474e-02,4.059702157974243164e-02,2.467353194952011108e-01,4.528871476650238037e-01,-1.732017546892166138e-01,4.141674041748046875e-01,-6.781271100044250488e-01,8.771169781684875488e-01,1.206896305084228516e-01,-1.634174585342407227e-01,8.751009404659271240e-02,-5.738026499748229980e-01,-6.478988528251647949e-01,5.423831343650817871e-01,1.166046380996704102e+00,-5.816430598497390747e-02,-2.980272173881530762e-01,-1.357007771730422974e-01
-3.201121091842651367e-02,1.171086542308330536e-02,7.792247533798217773e-01,9.955301284790039062e-01,2.425266429781913757e-02,6.871801614761352539e-02,6.007783114910125732e-02,-1.801365017890930176e-01,1.604738682508468628e-01,4.215143620967864990e-01,1.636023670434951782e-01,-5.209915339946746826e-02,-1.082813143730163574e-01,-3.208380341529846191e-01,-2.858788669109344482e-01,-3.169917464256286621e-01,3.494541347026824951e-01,-1.320292651653289795e-01,9.410316497087478638e-02,3.609712421894073486e-02,2.110758423805236816e-01,4.375078976154327393e-01,-1.653888076543807983e-01,4.145033359527587891e-01,-6.726974248886108398e-01,9.030091166496276855e-01,1.225791946053504944e-01,-1.573962867259979248e-01,7.963107526302337646e-02,-5.461580157279968262e-01,-6.186459660530090332e-01,5.566627383232116699e-01,1.156788110733032227e+00,-7.568038254976272583e-02,-2.893247306346893311e-01,-1.309912949800491333e-01
-3.102298825979232788e-02,1.407623291015625000e-02,7.791393399238586426e-01,9.958320260047912598e-01,2.313464879989624023e-02,6.400401145219802856e-02,6.071897596120834351e-02,-1.703700870275497437e-01,1.600466519594192505e-01,4.181693494319915771e-01,1.698107868432998657e-01,-6.334512680768966675e-02,-1.063326522707939148e-01,-3.078079819679260254e-01,-2.879538536071777344e-01,-3.193175792694091797e-01,3.526787757873535156e-01,-1.348182708024978638e-01,9.876099973917007446e-02,3.197009488940238953e-02,1.756056398153305054e-01,4.214950501918792725e-01,-1.577316373586654663e-01,4.135273098945617676e-01,-6.680101752281188965e-01,9.310113787651062012e-01,1.251436471939086914e-01,-1.500855237245559692e-01,7.167773693799972534e-02,-5.159134864807128906e-01,-5.897883772850036621e-01,5.740869641304016113e-01,1.143943786621093750e+00,-9.568044543266296387e-02,-2.807234525680541992e-01,-1.247746348381042480e-01
-2.944498136639595032e-02,1.615750044584274292e-02,7.791746854782104492e-01,9.961258172988891602e-01,2.237725071609020233e-02,5.923456698656082153e-02,6.102390959858894348e-02,-1.586342453956604004e-01,1.591751724481582642e-01,4.157448709011077881e-01,1.738732159137725830e-01,-7.297932356595993042e-02,-1.047556027770042419e-01,-2.936887145042419434e-01,-2.896744310855865479e-01,-3.208211362361907959e-01,3.544716536998748779e-01,-1.378389745950698853e-01,1.037039756774902344e-01,2.837989479303359985e-02,1.406738758087158203e-01,4.038177132606506348e-01,-1.502506434917449951e-01,4.120417833328247070e-01,-6.644351482391357422e-01,9.588190317153930664e-01,1.255190223455429077e-01,-1.426566988229751587e-01,6.387259066104888916e-02,-4.826076924800872803e-01,-5.602061152458190918e-01,5.913928151130676270e-01,1.128623962402343750e+00,-1.149535775184631348e-01,-2.723498344421386719e-01,-1.177626401185989380e-01
-2.732953801751136780e-02,1.810274086892604828e-02,7.792469263076782227e-01,9.964177012443542480e-01,2.183797396719455719e-02,5.440868064761161804e-02,6.094755232334136963e-02,-1.451609432697296143e-01,1.579012870788574219e-01,4.144831895828247070e-01,1.756651997566223145e-01,-8.173143863677978516e-02,-1.038081943988800049e-01,-2.782956659793853760e-01,-2.911183238029479980e-01,-3.219570517539978027e-01,3.544462919235229492e-01,-1.405671536922454834e-01,1.082358881831169128e-01,2.496837265789508820e-02,1.064891964197158813e-01,3.847042620182037354e-01,-1.415870636701583862e-01,4.105916321277618408e-01,-6.603326797485351562e-01,9.848591685295104980e-01,1.233476325869560242e-01,-1.357991993427276611e-01,5.684940144419670105e-02,-4.463820159435272217e-01,-5.295643210411071777e-01,6.074047684669494629e-01,1.110958933830261230e+00,-1.337355226278305054e-01,-2.646799981594085693e-01,-1.112911999225616455e-01
-2.475930191576480865e-02,1.998125761747360229e-02,7.793675661087036133e-01,9.967134594917297363e-01,2.152720279991626740e-02,4.936007037758827209e-02,6.051827222108840942e-02,-1.291010081768035889e-01,1.562022417783737183e-01,4.147371947765350342e-01,1.748261153697967529e-01,-8.908379077911376953e-02,-1.032406538724899292e-01,-2.608216106891632080e-01,-2.919697761535644531e-01,-3.219479918479919434e-01,3.520648479461669922e-01,-1.430435180664062500e-01,1.133767068386077881e-01,2.193431183695793152e-02,7.284385710954666138e-02,3.634577393531799316e-01,-1.313979178667068481e-01,4.099760949611663818e-01,-6.564120650291442871e-01,1.007706403732299805e+00,1.185183078050613403e-01,-1.297080963850021362e-01,5.032313242554664612e-02,-4.071921110153198242e-01,-4.969168901443481445e-01,6.212129592895507812e-01,1.092830061912536621e+00,-1.533369123935699463e-01,-2.573552131652832031e-01,-1.055989190936088562e-01
-2.194534242153167725e-02,2.172757312655448914e-02,7.795587182044982910e-01,9.970222115516662598e-01,2.101653628051280975e-02,4.426647722721099854e-02,5.954353511333465576e-02,-1.110014244914054871e-01,1.552438288927078247e-01,4.166918694972991943e-01,1.718831658363342285e-01,-9.565513581037521362e-02,-1.037314832210540771e-01,-2.418253570795059204e-01,-2.912093997001647949e-01,-3.217170238494873047e-01,3.463250696659088135e-01,-1.446772217750549316e-01,1.184519082307815552e-01,1.950367167592048645e-02,4.190412536263465881e-02,3.415604829788208008e-01,-1.197466030716896057e-01,4.106774628162384033e-01,-6.520645022392272949e-01,1.027060627937316895e+00,1.113767921924591064e-01,-1.250422298908233643e-01,4.572435468435287476e-02,-3.670956492424011230e-01,-4.633314013481140137e-01,6.318308711051940918e-01,1.077369689941406250e+00,-1.710484921932220459e-01,-2.503015697002410889e-01,-9.915195405483245850e-02
-1.893845573067665100e-02,2.331855706870555878e-02,7.798555493354797363e-01,9.973277449607849121e-01,2.046935260295867920e-02,3.924140706658363342e-02,5.812434852123260498e-02,-9.148961305618286133e-02,1.545914858579635620e-01,4.201461076736450195e-01,1.671273261308670044e-01,-1.010932698845863342e-01,-1.044272258877754211e-01,-2.219153791666030884e-01,-2.894296646118164062e-01,-3.210859894752502441e-01,3.377849459648132324e-01,-1.453046202659606934e-01,1.239344775676727295e-01,1.740827783942222595e-02,1.392526738345623016e-02,3.193683326244354248e-01,-1.074873730540275574e-01,4.124541580677032471e-01,-6.492111682891845703e-01,1.043841838836669922e+00,1.023699194192886353e-01,-1.211699694395065308e-01,4.284119233489036560e-02,-3.280785679817199707e-01,-4.297794103622436523e-01,6.406627297401428223e-01,1.067526698112487793e+00,-1.870000213384628296e-01,-2.434854507446289062e-01,-9.248647093772888184e-02
-1.574784331023693085e-02,2.480619214475154877e-02,7.801648974418640137e-01,9.976153373718261719e-01,1.978233829140663147e-02,3.427920117974281311e-02,5.654384568333625793e-02,-7.113664597272872925e-02,1.542322784662246704e-01,4.241223931312561035e-01,1.611809730529785156e-01,-1.058509126305580139e-01,-1.053538396954536438e-01,-2.008352279663085938e-01,-2.867981791496276855e-01,-3.207998573780059814e-01,3.264219462871551514e-01,-1.453797817230224609e-01,1.294857710599899292e-01,1.514820102602243423e-02,-1.137034501880407333e-02,2.968288362026214600e-01,-9.555717557668685913e-02,4.150089919567108154e-01,-6.489069461822509766e-01,1.060674905776977539e+00,9.430596977472305298e-02,-1.173952519893646240e-01,4.060164839029312134e-02,-2.911150455474853516e-01,-3.966578841209411621e-01,6.497502923011779785e-01,1.065094828605651855e+00,-2.017824053764343262e-01,-2.366797924041748047e-01,-8.489259332418441772e-02
-1.255312748253345490e-02,2.628855779767036438e-02,7.804158329963684082e-01,9.978768825531005859e-01,1.904109492897987366e-02,2.945487387478351593e-02,5.487743020057678223e-02,-5.066645145416259766e-02,1.538271456956863403e-01,4.279537200927734375e-01,1.547176837921142578e-01,-1.102012097835540771e-01,-1.063612848520278931e-01,-1.792323142290115356e-01,-2.838999927043914795e-01,-3.210274577140808105e-01,3.131042122840881348e-01,-1.448913365602493286e-01,1.355403661727905273e-01,1.275372970849275589e-02,-3.335893526673316956e-02,2.748620808124542236e-01,-8.508469164371490479e-02,4.172904491424560547e-01,-6.522455215454101562e-01,1.079334259033203125e+00,8.896756172180175781e-02,-1.131628677248954773e-01,3.810236603021621704e-02,-2.574993371963500977e-01,-3.651920557022094727e-01,6.593154668807983398e-01,1.070957064628601074e+00,-2.136906087398529053e-01,-2.295949608087539673e-01,-7.566335797309875488e-02
-9.564250707626342773e-03,2.787419594824314117e-02,7.805750370025634766e-01,9.980916976928710938e-01,1.849493384361267090e-02,2.485902421176433563e-02,5.341317504644393921e-02,-3.109923936426639557e-02,1.527713835239410400e-01,4.315869808197021484e-01,1.481495797634124756e-01,-1.140691712498664856e-01,-1.071416959166526794e-01,-1.580273658037185669e-01,-2.816635072231292725e-01,-3.215623795986175537e-01,2.995622456073760986e-01,-1.444640308618545532e-01,1.422444880008697510e-01,1.006161700934171677e-02,-5.215001106262207031e-02,2.543560564517974854e-01,-7.728051394224166870e-02,4.185135364532470703e-01,-6.601721048355102539e-01,1.100424051284790039e+00,8.755785971879959106e-02,-1.076823696494102478e-01,3.441313281655311584e-02,-2.289356142282485962e-01,-3.367613852024078369e-01,6.705689430236816406e-01,1.084242343902587891e+00,-2.235418260097503662e-01,-2.215047031641006470e-01,-6.328345090150833130e-02
-6.917862687259912491e-03,2.966151200234889984e-02,7.806811928749084473e-01,9.982612729072570801e-01,1.811932958662509918e-02,2.059345133602619171e-02,5.217374488711357117e-02,-1.350886840373277664e-02,1.511603742837905884e-01,4.348825216293334961e-01,1.423147171735763550e-01,-1.174027919769287109e-01,-1.079367101192474365e-01,-1.382865309715270996e-01,-2.804281413555145264e-01,-3.223156034946441650e-01,2.868457436561584473e-01,-1.432719677686691284e-01,1.490279436111450195e-01,7.375567220151424408e-03,-6.766000390052795410e-02,2.353724688291549683e-01,-7.218599319458007812e-02,4.178593456745147705e-01,-6.710745692253112793e-01,1.122733473777770996e+00,8.999302238225936890e-02,-1.008486151695251465e-01,2.843705937266349792e-02,-2.058165669441223145e-01,-3.119040727615356445e-01,6.828600168228149414e-01,1.103433966636657715e+00,-2.323851138353347778e-01,-2.124200165271759033e-01,-4.750143364071846008e-02
-4.772939719259738922e-03,3.157433867454528809e-02,7.807658910751342773e-01,9.984155297279357910e-01,1.788827218115329742e-02,1.651855744421482086e-02,5.073058232665061951e-02,2.369954716414213181e-03,1.490643322467803955e-01,4.383487701416015625e-01,1.375892311334609985e-01,-1.208868995308876038e-01,-1.082832813262939453e-01,-1.202881485223770142e-01,-2.798891067504882812e-01,-3.221781253814697266e-01,2.748766839504241943e-01,-1.408125907182693481e-01,1.550869345664978027e-01,5.899276584386825562e-03,-7.983849942684173584e-02,2.185307741165161133e-01,-6.912717968225479126e-02,4.156747460365295410e-01,-6.819231510162353516e-01,1.142298460006713867e+00,9.289481490850448608e-02,-9.436240047216415405e-02,2.181376703083515167e-02,-1.880914568901062012e-01,-2.921897172927856445e-01,6.962540745735168457e-01,1.124776363372802734e+00,-2.438910603523254395e-01,-2.034408450126647949e-01,-3.052732348442077637e-02
-3.225701861083507538e-03,3.343260660767555237e-02,7.808129191398620605e-01,9.985575079917907715e-01,1.788130030035972595e-02,1.267470512539148331e-02,4.901558905839920044e-02,1.664321310818195343e-02,1.464037299156188965e-01,4.422144293785095215e-01,1.337432712316513062e-01,-1.239524185657501221e-01,-1.081718951463699341e-01,-1.050016283988952637e-01,-2.803249657154083252e-01,-3.211652040481567383e-01,2.646283507347106934e-01,-1.376805156469345093e-01,1.602283865213394165e-01,5.703121889382600784e-03,-8.855902403593063354e-02,2.049800753593444824e-01,-6.799061596393585205e-02,4.128439426422119141e-01,-6.906132102012634277e-01,1.155802607536315918e+00,9.439156949520111084e-02,-8.977452665567398071e-02,1.644432544708251953e-02,-1.754744350910186768e-01,-2.795206308364868164e-01,7.085360884666442871e-01,1.142644047737121582e+00,-2.546992003917694092e-01,-1.966749876737594604e-01,-1.768860593438148499e-02
-2.209631726145744324e-03,3.514470905065536499e-02,7.808553576469421387e-01,9.986854195594787598e-01,1.796797476708889008e-02,9.037635289132595062e-03,4.714849591255187988e-02,2.975857816636562347e-02,1.435525268316268921e-01,4.462162256240844727e-01,1.309350579977035522e-01,-1.266891360282897949e-01,-1.076350957155227661e-01,-9.264317154884338379e-02,-2.814668118953704834e-01,-3.195615708827972412e-01,2.572750151157379150e-01,-1.349847614765167236e-01,1.640434265136718750e-01,5.965559743344783783e-03,-9.430786967277526855e-02,1.942069381475448608e-01,-6.793883442878723145e-02,4.099151492118835449e-01,-6.969684362411499023e-01,1.163468599319458008e+00,9.426318109035491943e-02,-8.712822198867797852e-02,1.248049177229404449e-02,-1.674086004495620728e-01,-2.734333574771881104e-01,7.207211256027221680e-01,1.154863238334655762e+00,-2.627897262573242188e-01,-1.924287974834442139e-01,-9.018571116030216217e-03
-1.593364402651786804e-03,3.678730502724647522e-02,7.808613777160644531e-01,9.987907409667968750e-01,1.819556765258312225e-02,5.675456486642360687e-03,4.531809315085411072e-02,4.198348522186279297e-02,1.403846144676208496e-01,4.500067532062530518e-01,1.285165846347808838e-01,-1.286998838186264038e-01,-1.069354340434074402e-01,-8.234788477420806885e-02,-2.833906412124633789e-01,-3.182485699653625488e-01,2.518636286258697510e-01,-1.329232454299926758e-01,1.674589067697525024e-01,5.876812618225812912e-03,-9.814368188381195068e-02,1.850129216909408569e-01,-6.910635530948638916e-02,4.070469439029693604e-01,-7.026995420455932617e-01,1.166617393493652344e+00,9.423962980508804321e-02,-8.543805778026580811e-02,9.775449521839618683e-03,-1.634182780981063843e-01,-2.727837860584259033e-01,7.324771285057067871e-01,1.160900354385375977e+00,-2.647275626659393311e-01,-1.893998831510543823e-01,-3.342490643262863159e-03
-1.243446953594684601e-03,3.835236281156539917e-02,7.808300256729125977e-01,9.988640546798706055e-01,1.858267746865749359e-02,2.711130306124687195e-03,4.379487037658691406e-02,5.243262276053428650e-02,1.371694803237915039e-01,4.535291194915771484e-01,1.267396509647369385e-01,-1.300647854804992676e-01,-1.062063053250312805e-01,-7.362005114555358887e-02,-2.858832478523254395e-01,-3.172632753849029541e-01,2.475906014442443848e-01,-1.313250958919525146e-01,1.705847382545471191e-01,5.348566919565200806e-03,-1.006798967719078064e-01,1.772681027650833130e-01,-7.157646119594573975e-02,4.043450951576232910e-01,-7.078436017036437988e-01,1.166387200355529785e+00,9.366272389888763428e-02,-8.376175910234451294e-02,8.425934240221977234e-03,-1.631476879119873047e-01,-2.767015099525451660e-01,7.422980070114135742e-01,1.160704374313354492e+00,-2.622299194335937500e-01,-1.869721710681915283e-01,-2.637497382238507271e-04
-9.977417066693305969e-04,3.983858972787857056e-02,7.808245420455932617e-01,9.989077448844909668e-01,1.902720145881175995e-02,1.902045369206462055e-05,4.267574474215507507e-02,6.080597639083862305e-02,1.340986341238021851e-01,4.562930166721343994e-01,1.258292347192764282e-01,-1.311554908752441406e-01,-1.050976887345314026e-01,-6.531780958175659180e-02,-2.883076071739196777e-01,-3.163466751575469971e-01,2.430085539817810059e-01,-1.294083148241043091e-01,1.731815040111541748e-01,4.627077840268611908e-03,-1.022642180323600769e-01,1.705476790666580200e-01,-7.537105679512023926e-02,4.021162092685699463e-01,-7.123429179191589355e-01,1.162961959838867188e+00,9.258643537759780884e-02,-8.204749226570129395e-02,8.711292408406734467e-03,-1.661495417356491089e-01,-2.841127514839172363e-01,7.506346702575683594e-01,1.155766248703002930e+00,-2.582868337631225586e-01,-1.847670525312423706e-01,8.215716807171702385e-04
-7.262630388140678406e-04,4.110496863722801208e-02,7.808778285980224609e-01,9.989339709281921387e-01,1.932233013212680817e-02,-2.608253154903650284e-03,4.184154421091079712e-02,6.778776645660400391e-02,1.319558769464492798e-01,4.589564502239227295e-01,1.257960200309753418e-01,-1.324267536401748657e-01,-1.039192676544189453e-01,-5.688330158591270447e-02,-2.899711132049560547e-01,-3.156485259532928467e-01,2.376492172479629517e-01,-1.268438696861267090e-01,1.747238934040069580e-01,4.187003709375858307e-03,-1.027362123131752014e-01,1.649288237094879150e-01,-7.996034622192382812e-02,4.005731940269470215e-01,-7.155892252922058105e-01,1.157244443893432617e+00,9.154114127159118652e-02,-8.124622702598571777e-02,1.062227692455053329e-02,-1.707901209592819214e-01,-2.934221029281616211e-01,7.563961148262023926e-01,1.148092031478881836e+00,-2.548096179962158203e-01,-1.828203797340393066e-01,1.322432770393788815e-03
-3.720922395586967468e-04,4.205810278654098511e-02,7.809415459632873535e-01,9.989394545555114746e-01,1.950801722705364227e-02,-5.437416024506092072e-03,4.135074093937873840e-02,7.458943128585815430e-02,1.306603103876113892e-01,4.617835283279418945e-01,1.260227262973785400e-01,-1.333874315023422241e-01,-1.032776981592178345e-01,-4.777438938617706299e-02,-2.909277975559234619e-01,-3.155166506767272949e-01,2.315248996019363403e-01,-1.241776496171951294e-01,1.757000386714935303e-01,4.030529409646987915e-03,-1.023056060075759888e-01,1.607899516820907593e-01,-8.494051545858383179e-02,3.994323909282684326e-01,-7.190191149711608887e-01,1.151416063308715820e+00,9.152196347713470459e-02,-8.089007437229156494e-02,1.267750747501850128e-02,-1.758116483688354492e-01,-3.028353452682495117e-01,7.603880763053894043e-01,1.139867186546325684e+00,-2.526604235172271729e-01,-1.814098656177520752e-01,1.886840793304145336e-03
-3.451667726039886475e-05,4.268638044595718384e-02,7.809579372406005859e-01,9.989383220672607422e-01,1.962523907423019409e-02,-8.438709191977977753e-03,4.081587493419647217e-02,8.183818310499191284e-02,1.299987584352493286e-01,4.652357399463653564e-01,1.264937222003936768e-01,-1.344372183084487915e-01,-1.029353737831115723e-01,-3.903917595744132996e-02,-2.914367914199829102e-01,-3.147794306278228760e-01,2.263504564762115479e-01,-1.222883611917495728e-01,1.769284158945083618e-01,4.504138138145208359e-03,-1.011259183287620544e-01,1.580490618944168091e-01,-9.002315998077392578e-02,3.982652127742767334e-01,-7.226065397262573242e-01,1.145529031753540039e+00,9.078901261091232300e-02,-8.106802403926849365e-02,1.420020777732133865e-02,-1.812942326068878174e-01,-3.110720515251159668e-01,7.661344408988952637e-01,1.131753087043762207e+00,-2.527609765529632568e-01,-1.805842965841293335e-01,2.822478301823139191e-03
6.366707384586334229e-05,4.303273558616638184e-02,7.808772921562194824e-01,9.989261627197265625e-01,1.981482282280921936e-02,-1.153252366930246353e-02,4.026060923933982849e-02,8.928261697292327881e-02,1.295692771673202515e-01,4.684017002582550049e-01,1.276813149452209473e-01,-1.360371112823486328e-01,-1.022376045584678650e-01,-3.096749074757099152e-02,-2.919433414936065674e-01,-3.132668435573577881e-01,2.236290425062179565e-01,-1.218212470412254333e-01,1.789842098951339722e-01,5.023253150284290314e-03,-9.984803199768066406e-02,1.567091643810272217e-01,-9.422755241394042969e-02,3.970661461353302002e-01,-7.256313562393188477e-01,1.139503359794616699e+00,8.973779529333114624e-02,-8.180341124534606934e-02,1.548882760107517242e-02,-1.875170320272445679e-01,-3.169619441032409668e-01,7.740157842636108398e-01,1.125432014465332031e+00,-2.549825608730316162e-01,-1.804128140211105347e-01,2.688133856281638145e-03
4.511699080467224121e-05,4.322316870093345642e-02,7.808204889297485352e-01,9.989064931869506836e-01,2.015603519976139069e-02,-1.461843773722648621e-02,3.957087546586990356e-02,9.656817466020584106e-02,1.291557550430297852e-01,4.706371128559112549e-01,1.291188150644302368e-01,-1.392577141523361206e-01,-1.003796830773353577e-01,-2.377980574965476990e-02,-2.924453914165496826e-01,-3.107344210147857666e-01,2.234752029180526733e-01,-1.224435642361640930e-01,1.811316907405853271e-01,4.990366753190755844e-03,-9.862427413463592529e-02,1.559507846832275391e-01,-9.695485979318618774e-02,3.954186141490936279e-01,-7.249968647956848145e-01,1.133234739303588867e+00,8.805888891220092773e-02,-8.317100256681442261e-02,1.749513298273086548e-02,-1.939229518175125122e-01,-3.205162882804870605e-01,7.819790840148925781e-01,1.121574044227600098e+00,-2.563140094280242920e-01,-1.811731606721878052e-01,1.774541335180401802e-03
