2.108203619718551636e-02,-3.027656581252813339e-03,7.894304394721984863e-01,9.998970627784729004e-01,9.361763484776020050e-03,-1.085146237164735794e-02,-6.915275589562952518e-04,8.184038102626800537e-03,9.061016142368316650e-02,8.385007083415985107e-02,1.581664234399795532e-01,-1.256419867277145386e-01,-1.125213056802749634e-01,7.953226566314697266e-03,-1.043337434530258179e-01,-1.116266027092933655e-01,1.600875258445739746e-01,-1.513440907001495361e-01,9.555470198392868042e-02,-6.773267872631549835e-03,-3.294715285301208496e-02,7.343643158674240112e-02,-3.564743697643280029e-02,2.535311877727508545e-01,-5.457802414894104004e-01,1.143698453903198242e+00,2.557076215744018555e-01,2.786949835717678070e-02,-5.721861496567726135e-02,-1.339714527130126953e-01,-2.393613159656524658e-01,6.619459390640258789e-01,1.189126968383789062e+00,-2.234847247600555420e-01,-6.236461177468299866e-02,1.631506085395812988e-01
2.110207825899124146e-02,-3.059539245441555977e-03,7.894746065139770508e-01,9.998933076858520508e-01,9.650432504713535309e-03,-1.096676383167505264e-02,1.670430501690134406e-04,7.544915191829204559e-03,8.966379612684249878e-02,8.299914002418518066e-02,1.585670560598373413e-01,-1.270194649696350098e-01,-1.117999032139778137e-01,9.265898726880550385e-03,-1.058061867952346802e-01,-1.142746359109878540e-01,1.606769561767578125e-01,-1.520217955112457275e-01,9.660825878381729126e-02,-5.912516266107559204e-03,-3.332163020968437195e-02,7.207401096820831299e-02,-3.361938893795013428e-02,2.536063194274902344e-01,-5.470145344734191895e-01,1.142049312591552734e+00,2.554445266723632812e-01,2.893879078328609467e-02,-6.223931908607482910e-02,-1.300697326660156250e-01,-2.393971979618072510e-01,6.587630510330200195e-01,1.187571287155151367e+00,-2.205739766359329224e-01,-6.110691651701927185e-02,1.664269268512725830e-01
2.110347896814346313e-02,-3.122106660157442093e-03,7.894352674484252930e-01,9.998897910118103027e-01,9.855878539383411407e-03,-1.100675389170646667e-02,1.460506464354693890e-03,6.265366915613412857e-03,8.857519179582595825e-02,8.057014644145965576e-02,1.595048904418945312e-01,-1.268621087074279785e-01,-1.107711568474769592e-01,1.043323054909706116e-02,-1.070937812328338623e-01,-1.172180026769638062e-01,1.610123664140701294e-01,-1.529833674430847168e-01,9.710609912872314453e-02,-5.897519178688526154e-03,-3.352933004498481750e-02,7.115799188613891602e-02,-3.236733004450798035e-02,2.531853616237640381e-01,-5.467801094055175781e-01,1.140242815017700195e+00,2.573333382606506348e-01,2.895558439195156097e-02,-6.527911871671676636e-02,-1.262236386537551880e-01,-2.389168143272399902e-01,6.557921171188354492e-01,1.185971260070800781e+00,-2.151703983545303345e-01,-6.003570556640625000e-02,1.695351898670196533e-01
2.113903313875198364e-02,-3.109949175268411636e-03,7.893999814987182617e-01,9.998846650123596191e-01,1.005368027836084366e-02,-1.102027576416730881e-02,2.856463426724076271e-03,5.146066192537546158e-03,8.742733299732208252e-02,7.780916243791580200e-02,1.603201478719711304e-01,-1.266745477914810181e-01,-1.096588447690010071e-01,1.157458499073982239e-02,-1.081141829490661621e-01,-1.196941584348678589e-01,1.611944735050201416e-01,-1.543000638484954834e-01,9.752359241247177124e-02,-5.768585484474897385e-03,-3.411285951733589172e-02,7.064850628376007080e-02,-3.062240034341812134e-02,2.528648376464843750e-01,-5.466173291206359863e-01,1.138250470161437988e+00,2.590731978416442871e-01,2.978863194584846497e-02,-6.586623191833496094e-02,-1.223369687795639038e-01,-2.376848906278610229e-01,6.536549329757690430e-01,1.184379935264587402e+00,-2.085250467061996460e-01,-5.937572568655014038e-02,1.724070906639099121e-01
2.122287824749946594e-02,-3.008809871971607208e-03,7.893827557563781738e-01,9.998802542686462402e-01,1.019648276269435883e-02,-1.084276102483272552e-02,4.242457915097475052e-03,3.826786996796727180e-03,8.646497875452041626e-02,7.517939805984497070e-02,1.605806350708007812e-01,-1.263901591300964355e-01,-1.088085323572158813e-01,1.228076778352260590e-02,-1.089577749371528625e-01,-1.215870901942253113e-01,1.609415709972381592e-01,-1.554598510265350342e-01,9.778639674186706543e-02,-5.355935543775558472e-03,-3.487408533692359924e-02,7.036227732896804810e-02,-2.930789813399314880e-02,2.525911033153533936e-01,-5.462990403175354004e-01,1.136656045913696289e+00,2.581357061862945557e-01,3.055276162922382355e-02,-6.467740237712860107e-02,-1.182796135544776917e-01,-2.358880490064620972e-01,6.518559455871582031e-01,1.182547450065612793e+00,-2.030369043350219727e-01,-5.902336537837982178e-02,1.753246039152145386e-01
2.139292098581790924e-02,-2.759461058303713799e-03,7.894074916839599609e-01,9.998772144317626953e-01,1.029768958687782288e-02,-1.038916595280170441e-02,5.621955730020999908e-03,2.137519186362624168e-03,8.542390912771224976e-02,7.216188311576843262e-02,1.602863073348999023e-01,-1.256260573863983154e-01,-1.081726178526878357e-01,1.277859602123498917e-02,-1.097361147403717041e-01,-1.233935803174972534e-01,1.598759591579437256e-01,-1.561516672372817993e-01,9.795319288969039917e-02,-5.016381852328777313e-03,-3.587969392538070679e-02,7.014751434326171875e-02,-2.811910957098007202e-02,2.526519000530242920e-01,-5.457845926284790039e-01,1.135151386260986328e+00,2.565743625164031982e-01,3.077066317200660706e-02,-6.340865045785903931e-02,-1.143098920583724976e-01,-2.336555868387222290e-01,6.507377028465270996e-01,1.180982112884521484e+00,-1.991683691740036011e-01,-5.896553024649620056e-02,1.780172288417816162e-01
2.158384397625923157e-02,-2.428954932838678360e-03,7.894981503486633301e-01,9.998760819435119629e-01,1.036562304943799973e-02,-9.628550149500370026e-03,6.903965491801500320e-03,-3.714129852596670389e-04,8.421811461448669434e-02,6.908932328224182129e-02,1.599449664354324341e-01,-1.244156882166862488e-01,-1.075251325964927673e-01,1.277106627821922302e-02,-1.105291023850440979e-01,-1.254128664731979370e-01,1.581177264451980591e-01,-1.561329513788223267e-01,9.802990406751632690e-02,-4.702146630734205246e-03,-3.693905472755432129e-02,7.030442357063293457e-02,-2.715331502258777618e-02,2.531525790691375732e-01,-5.448006987571716309e-01,1.133714556694030762e+00,2.554908692836761475e-01,3.024552576243877411e-02,-6.207245960831642151e-02,-1.110083982348442078e-01,-2.313716262578964233e-01,6.494268178939819336e-01,1.180552482604980469e+00,-1.967754065990447998e-01,-5.973147228360176086e-02,1.802581250667572021e-01
2.175331860780715942e-02,-2.091566566377878189e-03,7.896012067794799805e-01,9.998755455017089844e-01,1.040152460336685181e-02,-8.560575544834136963e-03,8.207309059798717499e-03,-3.782691434025764465e-03,8.292803168296813965e-02,6.627148389816284180e-02,1.595705151557922363e-01,-1.230072081089019775e-01,-1.067344173789024353e-01,1.230135839432477951e-02,-1.113127619028091431e-01,-1.272840797901153564e-01,1.558943986892700195e-01,-1.554347723722457886e-01,9.818592667579650879e-02,-4.483085125684738159e-03,-3.796292096376419067e-02,7.111926376819610596e-02,-2.655245736241340637e-02,2.539170086383819580e-01,-5.433043241500854492e-01,1.131998777389526367e+00,2.533949613571166992e-01,2.928605861961841583e-02,-6.060784310102462769e-02,-1.080869585275650024e-01,-2.292049080133438110e-01,6.469363570213317871e-01,1.181185722351074219e+00,-1.949872076511383057e-01,-6.092712283134460449e-02,1.824196726083755493e-01
2.177863940596580505e-02,-1.594387344084680080e-03,7.896926403045654297e-01,9.998734593391418457e-01,1.038320083171129227e-02,-7.237043697386980057e-03,9.640764445066452026e-03,-7.807750720530748367e-03,8.156647533178329468e-02,6.355080753564834595e-02,1.589659005403518677e-01,-1.215389519929885864e-01,-1.057424470782279968e-01,1.124635338783264160e-02,-1.122527793049812317e-01,-1.292758882045745850e-01,1.536731421947479248e-01,-1.544037908315658569e-01,9.854289144277572632e-02,-4.179819487035274506e-03,-3.879336267709732056e-02,7.310701161623001099e-02,-2.622971870005130768e-02,2.546874880790710449e-01,-5.413143634796142578e-01,1.129749655723571777e+00,2.507391273975372314e-01,2.817454002797603607e-02,-5.895980075001716614e-02,-1.055989488959312439e-01,-2.272791862487792969e-01,6.436281204223632812e-01,1.182410359382629395e+00,-1.919393539428710938e-01,-6.219489499926567078e-02,1.848629862070083618e-01
2.175585553050041199e-02,-1.083508832380175591e-03,7.897949218750000000e-01,9.998682737350463867e-01,1.032335869967937469e-02,-5.659538786858320236e-03,1.117324642837047577e-02,-1.204840838909149170e-02,8.003697544336318970e-02,6.086239218711853027e-02,1.577023118734359741e-01,-1.197024583816528320e-01,-1.047050356864929199e-01,9.384877979755401611e-03,-1.134538203477859497e-01,-1.319866329431533813e-01,1.515985131263732910e-01,-1.531296819448471069e-01,9.899933636188507080e-02,-3.830878995358943939e-03,-3.930615261197090149e-02,7.660487294197082520e-02,-2.624764665961265564e-02,2.552537620067596436e-01,-5.385269522666931152e-01,1.127074718475341797e+00,2.481742650270462036e-01,2.770952321588993073e-02,-5.695010721683502197e-02,-1.039744690060615540e-01,-2.260326743125915527e-01,6.401449441909790039e-01,1.183609724044799805e+00,-1.851060688495635986e-01,-6.350135803222656250e-02,1.861178427934646606e-01
2.155373431742191315e-02,-4.394811112433671951e-04,7.899057269096374512e-01,9.998596906661987305e-01,1.020535826683044434e-02,-3.775358432903885841e-03,1.273746509104967117e-02,-1.646751537919044495e-02,7.857774198055267334e-02,5.870218947529792786e-02,1.554950028657913208e-01,-1.174463555216789246e-01,-1.037880703806877136e-01,6.438324693590402603e-03,-1.147070750594139099e-01,-1.351178437471389771e-01,1.494846940040588379e-01,-1.514154672622680664e-01,9.934832900762557983e-02,-3.512621857225894928e-03,-3.931915760040283203e-02,8.147539198398590088e-02,-2.716326341032981873e-02,2.557503581047058105e-01,-5.352309346199035645e-01,1.123175144195556641e+00,2.464079260826110840e-01,2.764880284667015076e-02,-5.500103905797004700e-02,-1.035148054361343384e-01,-2.259881049394607544e-01,6.370372772216796875e-01,1.184252977371215820e+00,-1.759061068296432495e-01,-6.518228352069854736e-02,1.857935041189193726e-01
2.117573656141757965e-02,3.653521416708827019e-04,7.900565862655639648e-01,9.998456835746765137e-01,1.007397007197141647e-02,-1.350587815977632999e-03,1.432784087955951691e-02,-2.166149765253067017e-02,7.696995139122009277e-02,5.641068518161773682e-02,1.521592140197753906e-01,-1.138818562030792236e-01,-1.027848944067955017e-01,2.183427801355719566e-03,-1.160116046667098999e-01,-1.383162438869476318e-01,1.468457281589508057e-01,-1.488151699304580688e-01,9.955587983131408691e-02,-2.813479630276560783e-03,-3.901513293385505676e-02,8.781697601079940796e-02,-2.947989292442798615e-02,2.564437687397003174e-01,-5.317217111587524414e-01,1.117758750915527344e+00,2.458280324935913086e-01,2.739973552525043488e-02,-5.326515436172485352e-02,-1.047715544700622559e-01,-2.274617105722427368e-01,6.351838111877441406e-01,1.184107303619384766e+00,-1.667006611824035645e-01,-6.773310899734497070e-02,1.846053600311279297e-01
2.058386243879795074e-02,1.233836519531905651e-03,7.902990579605102539e-01,9.998217225074768066e-01,1.000856049358844757e-02,1.856756745837628841e-03,1.590230315923690796e-02,-2.847305871546268463e-02,7.495576143264770508e-02,5.384964123368263245e-02,1.474440842866897583e-01,-1.082067117094993591e-01,-1.014746278524398804e-01,-3.910128958523273468e-03,-1.173347607254981995e-01,-1.407763510942459106e-01,1.436274945735931396e-01,-1.453198194503784180e-01,9.955389797687530518e-02,-1.595605514012277126e-03,-3.874726593494415283e-02,9.543490409851074219e-02,-3.288224712014198303e-02,2.574031352996826172e-01,-5.279049873352050781e-01,1.110628128051757812e+00,2.446682900190353394e-01,2.635315619409084320e-02,-5.113478377461433411e-02,-1.084611788392066956e-01,-2.307039052248001099e-01,6.357974410057067871e-01,1.182896137237548828e+00,-1.614724397659301758e-01,-7.100402563810348511e-02,1.827444732189178467e-01
1.972900331020355225e-02,2.090881112962961197e-03,7.906495332717895508e-01,9.997808337211608887e-01,9.932612068951129913e-03,5.921680014580488205e-03,1.745227538049221039e-02,-3.768722712993621826e-02,7.276599109172821045e-02,5.105197429656982422e-02,1.424762755632400513e-01,-1.010438650846481323e-01,-9.952400624752044678e-02,-1.191416289657354355e-02,-1.185309141874313354e-01,-1.427282989025115967e-01,1.395306736230850220e-01,-1.405489742755889893e-01,9.947669506072998047e-02,1.804180210456252098e-04,-3.854107111692428589e-02,1.044911965727806091e-01,-3.714595362544059753e-02,2.587684094905853271e-01,-5.222094655036926270e-01,1.102391481399536133e+00,2.422813028097152710e-01,2.415871061384677887e-02,-4.727660492062568665e-02,-1.151099205017089844e-01,-2.354673743247985840e-01,6.384783387184143066e-01,1.180362939834594727e+00,-1.603489965200424194e-01,-7.491711527109146118e-02,1.804651170969009399e-01
1.859170943498611450e-02,2.882298314943909645e-03,7.910840511322021484e-01,9.997144937515258789e-01,9.801768697798252106e-03,1.057413220405578613e-02,1.905314624309539795e-02,-4.939219355583190918e-02,7.050977647304534912e-02,4.762103408575057983e-02,1.384696215391159058e-01,-9.323105216026306152e-02,-9.694789350032806396e-02,-2.136665768921375275e-02,-1.195389628410339355e-01,-1.444678008556365967e-01,1.348929405212402344e-01,-1.349925845861434937e-01,9.949062764644622803e-02,2.587152412161231041e-03,-3.840408846735954285e-02,1.156945079565048218e-01,-4.193637892603874207e-02,2.605456411838531494e-01,-5.133437514305114746e-01,1.094202518463134766e+00,2.386978566646575928e-01,2.100650779902935028e-02,-4.095323011279106140e-02,-1.246385201811790466e-01,-2.411823719739913940e-01,6.421380043029785156e-01,1.176770687103271484e+00,-1.617026329040527344e-01,-8.013729751110076904e-02,1.767688095569610596e-01
1.711394265294075012e-02,3.609868232160806656e-03,7.915450334548950195e-01,9.996158480644226074e-01,9.551680646836757660e-03,1.563622243702411652e-02,2.079218998551368713e-02,-6.333882361650466919e-02,6.845157593488693237e-02,4.357704520225524902e-02,1.352957934141159058e-01,-8.514614403247833252e-02,-9.411843121051788330e-02,-3.218543529510498047e-02,-1.201582700014114380e-01,-1.459505707025527954e-01,1.300799548625946045e-01,-1.290614157915115356e-01,9.904824942350387573e-02,5.827354267239570618e-03,-3.830888494849205017e-02,1.301772445440292358e-01,-4.748549312353134155e-02,2.625436484813690186e-01,-4.996707141399383545e-01,1.087511062622070312e+00,2.329879701137542725e-01,1.722501777112483978e-02,-3.256675228476524353e-02,-1.371079981327056885e-01,-2.471795678138732910e-01,6.447342634201049805e-01,1.172365188598632812e+00,-1.644261479377746582e-01,-8.676775544881820679e-02,1.703983694314956665e-01
1.525986753404140472e-02,4.210764542222023010e-03,7.919877767562866211e-01,9.994825124740600586e-01,9.133332408964633942e-03,2.101445384323596954e-02,2.257638424634933472e-02,-7.919808477163314819e-02,6.687363237142562866e-02,3.907261043787002563e-02,1.324988454580307007e-01,-7.698457688093185425e-02,-9.126263856887817383e-02,-4.490647092461585999e-02,-1.202311068773269653e-01,-1.472604274749755859e-01,1.258087158203125000e-01,-1.227202564477920532e-01,9.806030988693237305e-02,9.935650974512100220e-03,-3.813707083463668823e-02,1.484050452709197998e-01,-5.431314930319786072e-02,2.643193602561950684e-01,-4.817803502082824707e-01,1.083612322807312012e+00,2.257509380578994751e-01,1.364937331527471542e-02,-2.274704910814762115e-02,-1.526797711849212646e-01,-2.525560259819030762e-01,6.452430486679077148e-01,1.168023824691772461e+00,-1.672833859920501709e-01,-9.464235603809356689e-02,1.609183698892593384e-01
1.296613924205303192e-02,4.587681498378515244e-03,7.923710942268371582e-01,9.993064999580383301e-01,8.621172048151493073e-03,2.666838094592094421e-02,2.451472356915473938e-02,-9.666381776332855225e-02,6.577995419502258301e-02,3.481061011552810669e-02,1.297176629304885864e-01,-6.868892163038253784e-02,-8.845050632953643799e-02,-5.985744670033454895e-02,-1.200056299567222595e-01,-1.489532887935638428e-01,1.226451396942138672e-01,-1.161177158355712891e-01,9.653257578611373901e-02,1.487002801150083542e-02,-3.791835531592369080e-02,1.706739813089370728e-01,-6.351075321435928345e-02,2.660909891128540039e-01,-4.638142883777618408e-01,1.082189798355102539e+00,2.203493863344192505e-01,1.106423884630203247e-02,-1.364135555922985077e-02,-1.729264259338378906e-01,-2.564270198345184326e-01,6.434354782104492188e-01,1.164756536483764648e+00,-1.692158579826354980e-01,-1.034981086850166321e-01,1.496930569410324097e-01
1.014893501996994019e-02,4.652582574635744095e-03,7.926762700080871582e-01,9.990689754486083984e-01,8.052727207541465759e-03,3.266187384724617004e-02,2.701121568679809570e-02,-1.159084215760231018e-01,6.492848694324493408e-02,2.998716011643409729e-02,1.266811639070510864e-01,-5.995386093854904175e-02,-8.542975038290023804e-02,-7.698497176170349121e-02,-1.199574768543243408e-01,-1.523570418357849121e-01,1.207957565784454346e-01,-1.094599962234497070e-01,9.458163380622863770e-02,2.035188861191272736e-02,-3.752286359667778015e-02,1.980468779802322388e-01,-7.595426589250564575e-02,2.681841552257537842e-01,-4.503212869167327881e-01,1.081526041030883789e+00,2.186846435070037842e-01,9.871114045381546021e-03,-5.895369220525026321e-03,-1.991548240184783936e-01,-2.584854960441589355e-01,6.385298967361450195e-01,1.162385225296020508e+00,-1.671997606754302979e-01,-1.131274253129959106e-01,1.365509927272796631e-01
6.740283221006393433e-03,4.366168752312660217e-03,7.928453087806701660e-01,9.987584352493286133e-01,7.449138443917036057e-03,3.871297463774681091e-02,3.045366145670413971e-02,-1.364222764968872070e-01,6.396652758121490479e-02,2.368130907416343689e-02,1.237213239073753357e-01,-5.039445310831069946e-02,-8.243440091609954834e-02,-9.563528746366500854e-02,-1.201987043023109436e-01,-1.577564775943756104e-01,1.209260597825050354e-01,-1.034358069300651550e-01,9.178604185581207275e-02,2.601881697773933411e-02,-3.660201653838157654e-02,2.314847558736801147e-01,-9.182401746511459351e-02,2.712507843971252441e-01,-4.428836703300476074e-01,1.078816890716552734e+00,2.219384759664535522e-01,8.362323977053165436e-03,6.509408121928572655e-04,-2.332906275987625122e-01,-2.584311664104461670e-01,6.310220956802368164e-01,1.161621689796447754e+00,-1.592992991209030151e-01,-1.236546784639358521e-01,1.209533587098121643e-01
2.689639572054147720e-03,3.677883651107549667e-03,7.929322719573974609e-01,9.983498454093933105e-01,6.791487801820039749e-03,4.482494294643402100e-02,3.524516522884368896e-02,-1.590685099363327026e-01,6.265824288129806519e-02,1.468175183981657028e-02,1.217708885669708252e-01,-3.955107927322387695e-02,-7.960819453001022339e-02,-1.156950742006301880e-01,-1.208554729819297791e-01,-1.656806617975234985e-01,1.232393831014633179e-01,-9.785805642604827881e-02,8.856745809316635132e-02,3.215807676315307617e-02,-3.487811982631683350e-02,2.720251381397247314e-01,-1.117262169718742371e-01,2.756861746311187744e-01,-4.415596425533294678e-01,1.071680665016174316e+00,2.284894287586212158e-01,5.018792580813169479e-03,8.392162621021270752e-03,-2.763275802135467529e-01,-2.564997971057891846e-01,6.203978657722473145e-01,1.163055539131164551e+00,-1.472173631191253662e-01,-1.347927451133728027e-01,1.013387963175773621e-01
-1.853227615356445312e-03,2.554355422034859657e-03,7.929754853248596191e-01,9.978361725807189941e-01,6.021580193191766739e-03,5.079572275280952454e-02,4.131012409925460815e-02,-1.827423423528671265e-01,6.138564273715019226e-02,3.947670105844736099e-03,1.202449947595596313e-01,-2.729489840567111969e-02,-7.774852961301803589e-02,-1.362263709306716919e-01,-1.217581629753112793e-01,-1.762350052595138550e-01,1.274709552526473999e-01,-9.266040474176406860e-02,8.519869297742843628e-02,3.944553434848785400e-02,-3.180190548300743103e-02,3.189935088157653809e-01,-1.349555999040603638e-01,2.813932001590728760e-01,-4.453363716602325439e-01,1.058375835418701172e+00,2.360859662294387817e-01,-1.367401448078453541e-03,1.878101937472820282e-02,-3.286218047142028809e-01,-2.534501552581787109e-01,6.093825101852416992e-01,1.168412685394287109e+00,-1.333305835723876953e-01,-1.466160565614700317e-01,7.860681414604187012e-02
-6.304023787379264832e-03,8.126581087708473206e-04,7.929658889770507812e-01,9.972088932991027832e-01,5.012380890548229218e-03,5.671245232224464417e-02,4.830133914947509766e-02,-2.058053165674209595e-01,6.056299805641174316e-02,-8.323147892951965332e-03,1.175055205821990967e-01,-1.313185226172208786e-02,-7.717489451169967651e-02,-1.562082916498184204e-01,-1.224644780158996582e-01,-1.892340034246444702e-01,1.318459957838058472e-01,-8.686989545822143555e-02,8.195699751377105713e-02,4.851537570357322693e-02,-2.643469907343387604e-02,3.698224425315856934e-01,-1.601803749799728394e-01,2.873688042163848877e-01,-4.524772167205810547e-01,1.039230585098266602e+00,2.427617460489273071e-01,-1.083277724683284760e-02,3.278733044862747192e-02,-3.893079757690429688e-01,-2.505392134189605713e-01,6.007817983627319336e-01,1.180012822151184082e+00,-1.194633990526199341e-01,-1.581837981939315796e-01,5.592850595712661743e-02
-1.073964871466159821e-02,-1.126521266996860504e-03,7.928330302238464355e-01,9.964382648468017578e-01,3.609870327636599541e-03,6.287230551242828369e-02,5.607835575938224792e-02,-2.279740124940872192e-01,6.028740108013153076e-02,-2.277021668851375580e-02,1.130351647734642029e-01,2.165960380807518959e-03,-7.846301794052124023e-02,-1.757161021232604980e-01,-1.226276606321334839e-01,-2.037136852741241455e-01,1.350099146366119385e-01,-8.020161092281341553e-02,7.888812571763992310e-02,5.928452312946319580e-02,-1.775010488927364349e-02,4.218229353427886963e-01,-1.862432658672332764e-01,2.925055027008056641e-01,-4.605857729911804199e-01,1.016993284225463867e+00,2.476568520069122314e-01,-2.322225272655487061e-02,4.963761195540428162e-02,-4.576203227043151855e-01,-2.494477629661560059e-01,5.972905755043029785e-01,1.198473453521728516e+00,-1.061762943863868713e-01,-1.697296053171157837e-01,3.516555577516555786e-02
-1.483881659805774689e-02,-3.271958790719509125e-03,7.925699949264526367e-01,9.954553246498107910e-01,1.814035116694867611e-03,7.016971707344055176e-02,6.435532122850418091e-02,-2.521660923957824707e-01,5.975300818681716919e-02,-3.972661122679710388e-02,1.091413870453834534e-01,1.573646627366542816e-02,-8.055946975946426392e-02,-1.946893185377120972e-01,-1.219672039151191711e-01,-2.188648283481597900e-01,1.341976225376129150e-01,-7.215540111064910889e-02,7.661677896976470947e-02,7.179576158523559570e-02,-4.512310493737459183e-03,4.731774032115936279e-01,-2.129760384559631348e-01,2.956320047378540039e-01,-4.683433771133422852e-01,9.949456453323364258e-01,2.504098117351531982e-01,-3.688793256878852844e-02,6.476137042045593262e-02,-5.338677763938903809e-01,-2.534525394439697266e-01,5.993331670761108398e-01,1.221879839897155762e+00,-9.709143638610839844e-02,-1.827416718006134033e-01,1.682460680603981018e-02
-1.832697167992591858e-02,-5.367008503526449203e-03,7.922515273094177246e-01,9.939739704132080078e-01,-7.448271499015390873e-04,8.197016268968582153e-02,7.277338951826095581e-02,-2.875293195247650146e-01,5.924436077475547791e-02,-5.621878057718276978e-02,1.054772734642028809e-01,2.902401983737945557e-02,-8.145546168088912964e-02,-2.199510484933853149e-01,-1.195011660456657410e-01,-2.331878244876861572e-01,1.268998533487319946e-01,-6.002706661820411682e-02,7.478053867816925049e-02,8.640412241220474243e-02,1.488320156931877136e-02,5.068185925483703613e-01,-2.389692962169647217e-01,2.923434972763061523e-01,-4.789068102836608887e-01,9.804166555404663086e-01,2.466055005788803101e-01,-4.934768751263618469e-02,7.028938084840774536e-02,-6.121654510498046875e-01,-2.645539641380310059e-01,6.069102287292480469e-01,1.254035234451293945e+00,-9.962973743677139282e-02,-1.968460083007812500e-01,7.060375064611434937e-04
-2.086989209055900574e-02,-7.340189535170793533e-03,7.919613718986511230e-01,9.918475747108459473e-01,-4.073006100952625275e-03,9.812595695257186890e-02,8.119748532772064209e-02,-3.338129222393035889e-01,5.858772248029708862e-02,-7.397543638944625854e-02,1.015929803252220154e-01,4.450529441237449646e-02,-8.074664324522018433e-02,-2.538451254367828369e-01,-1.159245148301124573e-01,-2.461013048887252808e-01,1.179587766528129578e-01,-4.579599946737289429e-02,7.072105258703231812e-02,1.052236109972000122e-01,3.950508683919906616e-02,5.150870084762573242e-01,-2.632054090499877930e-01,2.778993546962738037e-01,-4.913612902164459229e-01,9.807288646697998047e-01,2.391427904367446899e-01,-5.840472877025604248e-02,6.790622323751449585e-02,-6.885981559753417969e-01,-2.810005545616149902e-01,6.152874827384948730e-01,1.299758791923522949e+00,-1.137176081538200378e-01,-2.065477669239044189e-01,-1.703954674303531647e-02
-2.287212014198303223e-02,-9.180710650980472565e-03,7.914878726005554199e-01,9.892576336860656738e-01,-7.249291520565748215e-03,1.152657866477966309e-01,8.961354196071624756e-02,-3.821435272693634033e-01,5.606266111135482788e-02,-9.210085868835449219e-02,9.869426488876342773e-02,6.056185811758041382e-02,-7.920230180025100708e-02,-2.912792861461639404e-01,-1.142777130007743835e-01,-2.577744424343109131e-01,1.131078749895095825e-01,-3.469209000468254089e-02,6.667928397655487061e-02,1.262734681367874146e-01,6.561787426471710205e-02,5.178747177124023438e-01,-2.870033085346221924e-01,2.562865018844604492e-01,-5.026387572288513184e-01,9.875953793525695801e-01,2.301599532365798950e-01,-6.526820361614227295e-02,6.136073917150497437e-02,-7.667450904846191406e-01,-3.045244216918945312e-01,6.116300821304321289e-01,1.348557114601135254e+00,-1.276637315750122070e-01,-2.131694257259368896e-01,-4.287971183657646179e-02
-2.452537417411804199e-02,-1.083369739353656769e-02,7.906839251518249512e-01,9.861687421798706055e-01,-1.037380006164312363e-02,1.330962479114532471e-01,9.822922199964523315e-02,-4.326806962490081787e-01,5.175787955522537231e-02,-1.097636967897415161e-01,9.701002389192581177e-02,7.678081095218658447e-02,-7.640980184078216553e-02,-3.326977193355560303e-01,-1.146400719881057739e-01,-2.695335745811462402e-01,1.136516407132148743e-01,-2.686141617596149445e-02,6.263291835784912109e-02,1.490561515092849731e-01,9.272913634777069092e-02,5.196287631988525391e-01,-3.111176788806915283e-01,2.306310534477233887e-01,-5.152375102043151855e-01,9.945812821388244629e-01,2.236331850290298462e-01,-7.098398357629776001e-02,5.343768000602722168e-02,-8.451695442199707031e-01,-3.377436995506286621e-01,5.904343724250793457e-01,1.390532851219177246e+00,-1.280794590711593628e-01,-2.223896682262420654e-01,-7.698365300893783569e-02
-2.567481808364391327e-02,-1.225491520017385483e-02,7.895570993423461914e-01,9.827654361724853516e-01,-1.351347472518682480e-02,1.506801992654800415e-01,1.062310785055160522e-01,-4.821206331253051758e-01,4.684827104210853577e-02,-1.267725080251693726e-01,9.609841555356979370e-02,9.102029353380203247e-02,-7.337620109319686890e-02,-3.759756982326507568e-01,-1.164572238922119141e-01,-2.814361155033111572e-01,1.193625554442405701e-01,-2.241808734834194183e-02,5.840401723980903625e-02,1.744259595870971680e-01,1.213369816541671753e-01,5.207400918006896973e-01,-3.347803056240081787e-01,2.025053799152374268e-01,-5.320146083831787109e-01,9.993233680725097656e-01,2.198216170072555542e-01,-7.621540129184722900e-02,4.564528912305831909e-02,-9.204751849174499512e-01,-3.817217946052551270e-01,5.535377264022827148e-01,1.422422766685485840e+00,-1.085858270525932312e-01,-2.375616282224655151e-01,-1.206186786293983459e-01
-2.643228322267532349e-02,-1.332208514213562012e-02,7.880076766014099121e-01,9.790671467781066895e-01,-1.629479229450225830e-02,1.684727519750595093e-01,1.130439192056655884e-01,-5.306378602981567383e-01,4.148595407605171204e-02,-1.410778909921646118e-01,9.577909857034683228e-02,1.035357341170310974e-01,-7.105321437120437622e-02,-4.242576062679290771e-01,-1.209273636341094971e-01,-2.920910716056823730e-01,1.346043646335601807e-01,-2.363386936485767365e-02,5.376990884542465210e-02,2.028925567865371704e-01,1.509324759244918823e-01,5.217691659927368164e-01,-3.571692705154418945e-01,1.742214709520339966e-01,-5.546092987060546875e-01,1.001322031021118164e+00,2.195521295070648193e-01,-8.127376437187194824e-02,4.048405960202217102e-02,-9.917425513267517090e-01,-4.364559948444366455e-01,5.134332776069641113e-01,1.443665027618408203e+00,-7.370059937238693237e-02,-2.598833143711090088e-01,-1.691847890615463257e-01
-2.689960598945617676e-02,-1.395941991358995438e-02,7.861582636833190918e-01,9.750789999961853027e-01,-1.810648106038570404e-02,1.867370456457138062e-01,1.184162274003028870e-01,-5.778128504753112793e-01,3.474201261997222900e-02,-1.517466753721237183e-01,9.584929794073104858e-02,1.152460277080535889e-01,-6.963805109262466431e-02,-4.801729917526245117e-01,-1.296375095844268799e-01,-2.983571588993072510e-01,1.655719131231307983e-01,-3.323055803775787354e-02,4.986540973186492920e-02,2.330379337072372437e-01,1.793662756681442261e-01,5.222612619400024414e-01,-3.762355744838714600e-01,1.479957550764083862e-01,-5.816231369972229004e-01,1.001928806304931641e+00,2.229725420475006104e-01,-8.507457375526428223e-02,3.824528306722640991e-02,-1.057060122489929199e+00,-4.987385869026184082e-01,4.854664802551269531e-01,1.454649686813354492e+00,-3.819291293621063232e-02,-2.841283679008483887e-01,-2.097839862108230591e-01
-2.706187590956687927e-02,-1.428714208304882050e-02,7.840989828109741211e-01,9.706555604934692383e-01,-1.930922083556652069e-02,2.059751302003860474e-01,1.225942000746726990e-01,-6.254134178161621094e-01,2.730424143373966217e-02,-1.592426747083663940e-01,9.618610888719558716e-02,1.270168423652648926e-01,-6.952142715454101562e-02,-5.429266691207885742e-01,-1.406758576631546021e-01,-3.001696467399597168e-01,2.069808244705200195e-01,-4.726928099989891052e-02,4.626448079943656921e-02,2.631742060184478760e-01,2.061986625194549561e-01,5.222449302673339844e-01,-3.909348547458648682e-01,1.249195188283920288e-01,-6.099483370780944824e-01,1.002444744110107422e+00,2.278170585632324219e-01,-8.767677843570709229e-02,3.804936632513999939e-02,-1.118684530258178711e+00,-5.663453936576843262e-01,4.754424095153808594e-01,1.457647562026977539e+00,-1.135103683918714523e-02,-3.056828081607818604e-01,-2.382466942071914673e-01
-2.670086733996868134e-02,-1.458548381924629211e-02,7.819961905479431152e-01,9.658100008964538574e-01,-2.044294215738773346e-02,2.257908582687377930e-01,1.257442235946655273e-01,-6.725130677223205566e-01,2.059787884354591370e-02,-1.643551141023635864e-01,9.593954682350158691e-02,1.380419582128524780e-01,-7.013667374849319458e-02,-6.052673459053039551e-01,-1.507015824317932129e-01,-2.994014620780944824e-01,2.445992380380630493e-01,-5.779851600527763367e-02,4.314065724611282349e-02,2.911528348922729492e-01,2.308457791805267334e-01,5.220730304718017578e-01,-4.003523886203765869e-01,1.053521707653999329e-01,-6.359480023384094238e-01,1.004792928695678711e+00,2.316163629293441772e-01,-8.992927521467208862e-02,4.048946872353553772e-02,-1.179908633232116699e+00,-6.361297965049743652e-01,4.834339022636413574e-01,1.454106926918029785e+00,2.656102515175007284e-05,-3.229776918888092041e-01,-2.557097673416137695e-01
-2.568807266652584076e-02,-1.501604914665222168e-02,7.797806262969970703e-01,9.604973196983337402e-01,-2.180007658898830414e-02,2.460232824087142944e-01,1.282270848751068115e-01,-7.193353772163391113e-01,1.520985830575227737e-02,-1.677419096231460571e-01,9.489650279283523560e-02,1.478859037160873413e-01,-7.130536437034606934e-02,-6.654477715492248535e-01,-1.587611585855484009e-01,-2.981616258621215820e-01,2.748457491397857666e-01,-6.419289857149124146e-02,4.026146605610847473e-02,3.144688308238983154e-01,2.515873908996582031e-01,5.221661925315856934e-01,-4.053846895694732666e-01,9.018605202436447144e-02,-6.570888161659240723e-01,1.010098218917846680e+00,2.322316616773605347e-01,-9.200195223093032837e-02,4.558011516928672791e-02,-1.244556188583374023e+00,-7.037699222564697266e-01,5.055595636367797852e-01,1.445626497268676758e+00,-3.294091206043958664e-03,-3.367654979228973389e-01,-2.679159343242645264e-01
-2.405155636370182037e-02,-1.564778760075569153e-02,7.774230241775512695e-01,9.548738002777099609e-01,-2.314278297126293182e-02,2.657548189163208008e-01,1.305941939353942871e-01,-7.647446393966674805e-01,1.038750354200601578e-02,-1.705224514007568359e-01,9.432875365018844604e-02,1.554721444845199585e-01,-7.310457527637481689e-02,-7.221031785011291504e-01,-1.661620736122131348e-01,-2.972420752048492432e-01,3.015443980693817139e-01,-6.986302882432937622e-02,3.730507194995880127e-02,3.327182233333587646e-01,2.676606774330139160e-01,5.224841833114624023e-01,-4.078013896942138672e-01,7.928220927715301514e-02,-6.729351878166198730e-01,1.019127488136291504e+00,2.292617708444595337e-01,-9.398718178272247314e-02,5.181804299354553223e-02,-1.313188672065734863e+00,-7.653930783271789551e-01,5.367927551269531250e-01,1.433861613273620605e+00,-1.522291358560323715e-02,-3.497089743614196777e-01,-2.797847986221313477e-01
-2.186858654022216797e-02,-1.648048497736454010e-02,7.747764587402343750e-01,9.488380551338195801e-01,-2.413231693208217621e-02,2.852227985858917236e-01,1.333113759756088257e-01,-8.092228770256042480e-01,4.748894367367029190e-03,-1.732050925493240356e-01,9.373128414154052734e-02,1.624651551246643066e-01,-7.547557353973388672e-02,-7.785302996635437012e-01,-1.747643500566482544e-01,-2.965300679206848145e-01,3.306884467601776123e-01,-7.841568440198898315e-02,3.354252129793167114e-02,3.468262553215026855e-01,2.798864245414733887e-01,5.231730341911315918e-01,-4.100648462772369385e-01,7.160846889019012451e-02,-6.839156150817871094e-01,1.029954433441162109e+00,2.253780364990234375e-01,-9.595808386802673340e-02,5.751936137676239014e-02,-1.385505437850952148e+00,-8.229643702507019043e-01,5.745937228202819824e-01,1.419587373733520508e+00,-2.865868620574474335e-02,-3.639667928218841553e-01,-2.943472564220428467e-01
-1.920202746987342834e-02,-1.748453453183174133e-02,7.718945741653442383e-01,9.425501823425292969e-01,-2.453920617699623108e-02,3.037675321102142334e-01,1.368291676044464111e-01,-8.514370322227478027e-01,-2.427727216854691505e-03,-1.758953928947448730e-01,9.318454563617706299e-02,1.690627038478851318e-01,-7.814722508192062378e-02,-8.342541456222534180e-01,-1.854725927114486694e-01,-2.954799532890319824e-01,3.649536967277526855e-01,-9.093327820301055908e-02,2.945498190820217133e-02,3.572927415370941162e-01,2.893071472644805908e-01,5.237082839012145996e-01,-4.127372205257415771e-01,6.580473482608795166e-02,-6.909865140914916992e-01,1.041420340538024902e+00,2.202342152595520020e-01,-9.821008145809173584e-02,6.320543587207794189e-02,-1.459024548530578613e+00,-8.762419819831848145e-01,6.164456605911254883e-01,1.404756784439086914e+00,-4.128331318497657776e-02,-3.783794939517974854e-01,-3.106642067432403564e-01
-1.614800468087196350e-02,-1.861630380153656006e-02,7.687997221946716309e-01,9.362398386001586914e-01,-2.432938478887081146e-02,3.207001686096191406e-01,1.414728611707687378e-01,-8.897380232810974121e-01,-1.130619551986455917e-02,-1.788721084594726562e-01,9.250091016292572021e-02,1.750339865684509277e-01,-8.134869486093521118e-02,-8.883886933326721191e-01,-1.987560391426086426e-01,-2.944090366363525391e-01,4.055436253547668457e-01,-1.077615991234779358e-01,2.444323338568210602e-02,3.647237718105316162e-01,2.977270185947418213e-01,5.237183570861816406e-01,-4.161856174468994141e-01,6.143590435385704041e-02,-6.949546337127685547e-01,1.051208972930908203e+00,2.146064192056655884e-01,-1.012360751628875732e-01,6.891957670450210571e-02,-1.529057145118713379e+00,-9.257175326347351074e-01,6.601191163063049316e-01,1.390048742294311523e+00,-5.077248811721801758e-02,-3.922948837280273438e-01,-3.272607028484344482e-01
-1.284399628639221191e-02,-1.995090022683143616e-02,7.655295729637145996e-01,9.301683902740478516e-01,-2.327991649508476257e-02,3.354608118534088135e-01,1.473462879657745361e-01,-9.226335287094116211e-01,-2.205196022987365723e-02,-1.821542978286743164e-01,9.173808246850967407e-02,1.795729398727416992e-01,-8.529297262430191040e-02,-9.397479295730590820e-01,-2.151828259229660034e-01,-2.933970391750335693e-01,4.527241289615631104e-01,-1.292984187602996826e-01,1.891120709478855133e-02,3.698171377182006836e-01,3.057235479354858398e-01,5.233442187309265137e-01,-4.205593764781951904e-01,5.837051942944526672e-02,-6.977006196975708008e-01,1.058618783950805664e+00,2.092769145965576172e-01,-1.047632619738578796e-01,7.361897081136703491e-02,-1.595370650291442871e+00,-9.718393683433532715e-01,7.037356495857238770e-01,1.375786662101745605e+00,-5.613119155168533325e-02,-4.052468836307525635e-01,-3.435078561305999756e-01
-9.350882843136787415e-03,-2.155630290508270264e-02,7.621634602546691895e-01,9.244508147239685059e-01,-2.151912637054920197e-02,3.478899896144866943e-01,1.545970141887664795e-01,-9.502758979797363281e-01,-3.469372168183326721e-02,-1.860627830028533936e-01,9.139131754636764526e-02,1.823374480009078979e-01,-8.973263204097747803e-02,-9.865665435791015625e-01,-2.344810217618942261e-01,-2.933235466480255127e-01,5.037924051284790039e-01,-1.541948616504669189e-01,1.277014706283807755e-02,3.730376362800598145e-01,3.137693703174591064e-01,5.226213335990905762e-01,-4.253554046154022217e-01,5.616241693496704102e-02,-7.000246047973632812e-01,1.064490318298339844e+00,2.022753208875656128e-01,-1.085533425211906433e-01,7.757950574159622192e-02,-1.657054305076599121e+00,-1.014613866806030273e+00,7.470473647117614746e-01,1.361868619918823242e+00,-5.879993736743927002e-02,-4.166477322578430176e-01,-3.596608340740203857e-01
-5.735367070883512497e-03,-2.346263453364372253e-02,7.588081955909729004e-01,9.191526174545288086e-01,-1.902645826339721680e-02,3.580599725246429443e-01,1.630633175373077393e-01,-9.732272624969482422e-01,-4.922569543123245239e-02,-1.908911168575286865e-01,9.157729148864746094e-02,1.843974292278289795e-01,-9.446381777524948120e-02,-1.027967810630798340e+00,-2.563914358615875244e-01,-2.940788567066192627e-01,5.564556121826171875e-01,-1.810746192932128906e-01,5.976013373583555222e-03,3.746117353439331055e-01,3.214448988437652588e-01,5.218299627304077148e-01,-4.305521249771118164e-01,5.423349142074584961e-02,-7.030926346778869629e-01,1.069906711578369141e+00,1.923070251941680908e-01,-1.129320114850997925e-01,8.154162019491195679e-02,-1.713297724723815918e+00,-1.054427385330200195e+00,7.881902456283569336e-01,1.348649024963378906e+00,-5.998727306723594666e-02,-4.271558523178100586e-01,-3.765570819377899170e-01
-2.116027288138866425e-03,-2.562285400927066803e-02,7.555748820304870605e-01,9.144874215126037598e-01,-1.604195684194564819e-02,3.657470047473907471e-01,1.722920835018157959e-01,-9.906694293022155762e-01,-6.444929540157318115e-02,-1.964244097471237183e-01,9.238559752702713013e-02,1.849645525217056274e-01,-9.931690990924835205e-02,-1.061633825302124023e+00,-2.794631123542785645e-01,-2.956158816814422607e-01,6.069042682647705078e-01,-2.084247320890426636e-01,-1.021824660710990429e-03,3.753136992454528809e-01,3.288668394088745117e-01,5.211663246154785156e-01,-4.356208443641662598e-01,5.193694308400154114e-02,-7.073243260383605957e-01,1.074852824211120605e+00,1.805948764085769653e-01,-1.175497546792030334e-01,8.483328670263290405e-02,-1.762584209442138672e+00,-1.090767741203308105e+00,8.253223299980163574e-01,1.337202310562133789e+00,-6.105864048004150391e-02,-4.371475279331207275e-01,-3.934185206890106201e-01
1.443639863282442093e-03,-2.790500968694686890e-02,7.526226043701171875e-01,9.104404449462890625e-01,-1.299732830375432968e-02,3.714478015899658203e-01,1.815374940633773804e-01,-1.003746986389160156e+00,-7.889275997877120972e-02,-2.019579112529754639e-01,9.346315264701843262e-02,1.856978833675384521e-01,-1.045727878808975220e-01,-1.087101578712463379e+00,-3.014687299728393555e-01,-2.979803383350372314e-01,6.509650349617004395e-01,-2.343535423278808594e-01,-7.458548061549663544e-03,3.756991922855377197e-01,3.364719152450561523e-01,5.209117531776428223e-01,-4.409653842449188232e-01,4.858669638633728027e-02,-7.129875421524047852e-01,1.079083085060119629e+00,1.692080944776535034e-01,-1.223524883389472961e-01,8.830224722623825073e-02,-1.803433060646057129e+00,-1.123351454734802246e+00,8.580061197280883789e-01,1.328610420227050781e+00,-6.261791288852691650e-02,-4.469362795352935791e-01,-4.085772633552551270e-01
5.021432880312204361e-03,-3.018267080187797546e-02,7.500489950180053711e-01,9.070444107055664062e-01,-1.030569989234209061e-02,3.754777312278747559e-01,1.902122795581817627e-01,-1.013130664825439453e+00,-9.138815850019454956e-02,-2.078508883714675903e-01,9.473659098148345947e-02,1.861829757690429688e-01,-1.104385107755661011e-01,-1.105123043060302734e+00,-3.208965361118316650e-01,-3.015031516551971436e-01,6.878296136856079102e-01,-2.579281628131866455e-01,-1.364296767860651016e-02,3.763962090015411377e-01,3.446817994117736816e-01,5.209556221961975098e-01,-4.468123614788055420e-01,4.405564814805984497e-02,-7.189692854881286621e-01,1.083529472351074219e+00,1.603359878063201904e-01,-1.264047920703887939e-01,9.233459085226058960e-02,-1.835939526557922363e+00,-1.152156352996826172e+00,8.871853351593017578e-01,1.323530316352844238e+00,-6.469134241342544556e-02,-4.559048116207122803e-01,-4.212805032730102539e-01
8.627373725175857544e-03,-3.235382586717605591e-02,7.479735612869262695e-01,9.042620658874511719e-01,-8.060163818299770355e-03,3.782778382301330566e-01,1.978661566972732544e-01,-1.019309043884277344e+00,-1.014420315623283386e-01,-2.131297290325164795e-01,9.551761299371719360e-02,1.869720220565795898e-01,-1.165199577808380127e-01,-1.117238759994506836e+00,-3.371786773204803467e-01,-3.059158325195312500e-01,7.173609733581542969e-01,-2.782144546508789062e-01,-1.904999278485774994e-02,3.771417140960693359e-01,3.530570864677429199e-01,5.210915803909301758e-01,-4.528389275074005127e-01,3.802778571844100952e-02,-7.247406840324401855e-01,1.087506771087646484e+00,1.546963304281234741e-01,-1.300489455461502075e-01,9.767081588506698608e-02,-1.861024975776672363e+00,-1.176566362380981445e+00,9.133087396621704102e-01,1.322231292724609375e+00,-6.732076406478881836e-02,-4.635730981826782227e-01,-4.316106438636779785e-01
1.219347771257162094e-02,-3.441765159368515015e-02,7.465643286705017090e-01,9.021200537681579590e-01,-6.378149148076772690e-03,3.800617456436157227e-01,2.041859030723571777e-01,-1.023241877555847168e+00,-1.086054593324661255e-01,-2.171203643083572388e-01,9.638479351997375488e-02,1.882144361734390259e-01,-1.224309727549552917e-01,-1.123722076416015625e+00,-3.495901525020599365e-01,-3.111191987991333008e-01,7.392782568931579590e-01,-2.940429747104644775e-01,-2.315546385943889618e-02,3.783988952636718750e-01,3.616012036800384521e-01,5.212775468826293945e-01,-4.593928754329681396e-01,2.950814738869667053e-02,-7.301782965660095215e-01,1.091091632843017578e+00,1.500354409217834473e-01,-1.336152404546737671e-01,1.057076826691627502e-01,-1.878336191177368164e+00,-1.197356462478637695e+00,9.350382089614868164e-01,1.321424007415771484e+00,-6.904482096433639526e-02,-4.687763452529907227e-01,-4.400625228881835938e-01
1.566202752292156219e-02,-3.625102713704109192e-02,7.459392547607421875e-01,9.006577730178833008e-01,-5.303247366100549698e-03,3.811588883399963379e-01,2.085793465375900269e-01,-1.025131702423095703e+00,-1.123058050870895386e-01,-2.190658152103424072e-01,9.690801799297332764e-02,1.910390406847000122e-01,-1.265852749347686768e-01,-1.125205755233764648e+00,-3.570579588413238525e-01,-3.167519569396972656e-01,7.518232464790344238e-01,-3.041387498378753662e-01,-2.562289871275424957e-02,3.800066411495208740e-01,3.693690299987792969e-01,5.217320919036865234e-01,-4.656533896923065186e-01,1.773049123585224152e-02,-7.361258268356323242e-01,1.093086004257202148e+00,1.450632959604263306e-01,-1.376776546239852905e-01,1.146503090858459473e-01,-1.888951301574707031e+00,-1.213353872299194336e+00,9.492008686065673828e-01,1.318448543548583984e+00,-6.882821768522262573e-02,-4.710173010826110840e-01,-4.466176927089691162e-01
1.897051557898521423e-02,-3.767778724431991577e-02,7.462430596351623535e-01,8.999072313308715820e-01,-4.784970544278621674e-03,3.816833496093750000e-01,2.108600288629531860e-01,-1.025071144104003906e+00,-1.129206642508506775e-01,-2.191557586193084717e-01,9.680188447237014771e-02,1.965763717889785767e-01,-1.278142035007476807e-01,-1.122119903564453125e+00,-3.593666553497314453e-01,-3.221606612205505371e-01,7.537339925765991211e-01,-3.076871037483215332e-01,-2.705092728137969971e-02,3.815479874610900879e-01,3.743146061897277832e-01,5.224384665489196777e-01,-4.694831371307373047e-01,4.894179292023181915e-03,-7.420243620872497559e-01,1.092447996139526367e+00,1.365261375904083252e-01,-1.410583555698394775e-01,1.219350397586822510e-01,-1.892952442169189453e+00,-1.221846818923950195e+00,9.510948657989501953e-01,1.309224367141723633e+00,-6.343880295753479004e-02,-4.736266434192657471e-01,-4.532330632209777832e-01
2.220062911510467529e-02,-3.859859704971313477e-02,7.476306557655334473e-01,8.999306559562683105e-01,-4.222445189952850342e-03,3.813069164752960205e-01,2.114523798227310181e-01,-1.021963596343994141e+00,-1.122585311532020569e-01,-2.182359248399734497e-01,9.618424624204635620e-02,2.056780606508255005e-01,-1.257159709930419922e-01,-1.113246083259582520e+00,-3.580671250820159912e-01,-3.255601823329925537e-01,7.462712526321411133e-01,-3.057215511798858643e-01,-2.713023498654365540e-02,3.817316293716430664e-01,3.752105236053466797e-01,5.230603814125061035e-01,-4.701720476150512695e-01,-5.781066603958606720e-03,-7.458148002624511719e-01,1.087308764457702637e+00,1.250201463699340820e-01,-1.435506790876388550e-01,1.270439624786376953e-01,-1.892265558242797852e+00,-1.221262931823730469e+00,9.445356726646423340e-01,1.294790744781494141e+00,-5.498377978801727295e-02,-4.784956276416778564e-01,-4.611112177371978760e-01
2.531982585787773132e-02,-3.899228200316429138e-02,7.499264478683471680e-01,9.006351232528686523e-01,-3.475585952401161194e-03,3.799697756767272949e-01,2.108724862337112427e-01,-1.015257716178894043e+00,-1.110303550958633423e-01,-2.165239900350570679e-01,9.519574791193008423e-02,2.166196554899215698e-01,-1.218249052762985229e-01,-1.099021673202514648e+00,-3.546687960624694824e-01,-3.269076347351074219e-01,7.317751049995422363e-01,-2.995349466800689697e-01,-2.484703809022903442e-02,3.807020485401153564e-01,3.750039041042327881e-01,5.236619710922241211e-01,-4.691233932971954346e-01,-1.323517784476280212e-02,-7.463001608848571777e-01,1.077353596687316895e+00,1.149056032299995422e-01,-1.456579566001892090e-01,1.315742433071136475e-01,-1.889995813369750977e+00,-1.213381052017211914e+00,9.374043345451354980e-01,1.282053470611572266e+00,-4.895955324172973633e-02,-4.843297898769378662e-01,-4.689682722091674805e-01
2.810551784932613373e-02,-3.884986415505409241e-02,7.525926828384399414e-01,9.016209244728088379e-01,-2.555879764258861542e-03,3.782958090305328369e-01,2.096795588731765747e-01,-1.007202148437500000e+00,-1.103034913539886475e-01,-2.134711444377899170e-01,9.401187300682067871e-02,2.276435494422912598e-01,-1.165028512477874756e-01,-1.084019064903259277e+00,-3.509711623191833496e-01,-3.274509906768798828e-01,7.147321701049804688e-01,-2.907187640666961670e-01,-2.114430256187915802e-02,3.788301050662994385e-01,3.765565454959869385e-01,5.246164202690124512e-01,-4.682535827159881592e-01,-1.870472915470600128e-02,-7.439251542091369629e-01,1.064635396003723145e+00,1.121103316545486450e-01,-1.462102979421615601e-01,1.358493715524673462e-01,-1.885805964469909668e+00,-1.202294588088989258e+00,9.350523948669433594e-01,1.276676535606384277e+00,-4.786948114633560181e-02,-4.897067844867706299e-01,-4.744561910629272461e-01
3.041775338351726532e-02,-3.821403905749320984e-02,7.552916407585144043e-01,9.027647972106933594e-01,-1.539890770800411701e-03,3.765199482440948486e-01,2.079567909240722656e-01,-9.985740780830383301e-01,-1.094868779182434082e-01,-2.078876495361328125e-01,9.287920594215393066e-02,2.372158318758010864e-01,-1.103587746620178223e-01,-1.070181131362915039e+00,-3.471820056438446045e-01,-3.269068002700805664e-01,6.978499889373779297e-01,-2.797444462776184082e-01,-1.752886548638343811e-02,3.778407275676727295e-01,3.802950680255889893e-01,5.256263017654418945e-01,-4.668567776679992676e-01,-2.211570367217063904e-02,-7.402331829071044922e-01,1.049668788909912109e+00,1.156935021281242371e-01,-1.453448235988616943e-01,1.397221088409423828e-01,-1.880239844322204590e+00,-1.191541790962219238e+00,9.364792108535766602e-01,1.277547597885131836e+00,-4.985143989324569702e-02,-4.935424327850341797e-01,-4.770670831203460693e-01
3.222879022359848022e-02,-3.722386062145233154e-02,7.577785849571228027e-01,9.039925932884216309e-01,-3.877547860611230135e-04,3.747178614139556885e-01,2.058727890253067017e-01,-9.898540973663330078e-01,-1.086549460887908936e-01,-2.005627900362014771e-01,9.181708842515945435e-02,2.454395741224288940e-01,-1.047412753105163574e-01,-1.058149337768554688e+00,-3.437470197677612305e-01,-3.246500194072723389e-01,6.829589009284973145e-01,-2.685281336307525635e-01,-1.411960739642381668e-02,3.780063390731811523e-01,3.856543600559234619e-01,5.262731909751892090e-01,-4.639232456684112549e-01,-2.221088483929634094e-02,-7.361826896667480469e-01,1.032333850860595703e+00,1.225551888346672058e-01,-1.434032022953033447e-01,1.438442170619964600e-01,-1.876565337181091309e+00,-1.183048486709594727e+00,9.397800564765930176e-01,1.281706929206848145e+00,-5.212679132819175720e-02,-4.954674839973449707e-01,-4.761279523372650146e-01
3.350397944450378418e-02,-3.601850941777229309e-02,7.596504688262939453e-01,9.051362872123718262e-01,7.816087454557418823e-04,3.732221424579620361e-01,2.035505622625350952e-01,-9.823095202445983887e-01,-1.079402640461921692e-01,-1.926252841949462891e-01,9.147077053785324097e-02,2.499573081731796265e-01,-1.006764695048332214e-01,-1.049675464630126953e+00,-3.412603735923767090e-01,-3.207932412624359131e-01,6.720957756042480469e-01,-2.592684626579284668e-01,-1.168942730873823166e-02,3.794494271278381348e-01,3.920821845531463623e-01,5.263361334800720215e-01,-4.598311483860015869e-01,-1.823119446635246277e-02,-7.320938110351562500e-01,1.013050079345703125e+00,1.319951117038726807e-01,-1.407506763935089111e-01,1.475907415151596069e-01,-1.875035285949707031e+00,-1.177958488464355469e+00,9.439945816993713379e-01,1.286329269409179688e+00,-5.368501693010330200e-02,-4.960995614528656006e-01,-4.725313484668731689e-01
3.423280268907546997e-02,-3.463911265134811401e-02,7.607597112655639648e-01,9.061067104339599609e-01,1.595399924553930759e-03,3.722553253173828125e-01,2.009828537702560425e-01,-9.765681028366088867e-01,-1.064547449350357056e-01,-1.844011545181274414e-01,9.144644439220428467e-02,2.499808520078659058e-01,-9.805168956518173218e-02,-1.045279264450073242e+00,-3.387764096260070801e-01,-3.155202567577362061e-01,6.654444336891174316e-01,-2.527996897697448730e-01,-1.069319993257522583e-02,3.818866908550262451e-01,3.989830017089843750e-01,5.260145068168640137e-01,-4.550180733203887939e-01,-1.018195319920778275e-02,-7.273995280265808105e-01,9.922186136245727539e-01,1.439777463674545288e-01,-1.380829513072967529e-01,1.510024368762969971e-01,-1.876267433166503906e+00,-1.175669312477111816e+00,9.483730792999267578e-01,1.289500951766967773e+00,-5.360245704650878906e-02,-4.962638616561889648e-01,-4.673761129379272461e-01
3.436184301972389221e-02,-3.314156830310821533e-02,7.610160708427429199e-01,9.067745804786682129e-01,1.896147034130990505e-03,3.720588386058807373e-01,1.983141452074050903e-01,-9.734576344490051270e-01,-1.039850786328315735e-01,-1.760595887899398804e-01,9.159491211175918579e-02,2.451141625642776489e-01,-9.704507887363433838e-02,-1.045596361160278320e+00,-3.361667394638061523e-01,-3.091123998165130615e-01,6.629616618156433105e-01,-2.495413571596145630e-01,-1.042028609663248062e-02,3.847573101520538330e-01,4.060953557491302490e-01,5.255314707756042480e-01,-4.492709934711456299e-01,1.115730381570756435e-03,-7.224005460739135742e-01,9.704475402832031250e-01,1.586668640375137329e-01,-1.356131434440612793e-01,1.548836231231689453e-01,-1.881071090698242188e+00,-1.175408363342285156e+00,9.527781605720520020e-01,1.290010809898376465e+00,-5.375528708100318909e-02,-4.962948858737945557e-01,-4.631549119949340820e-01
3.390888497233390808e-02,-3.164887800812721252e-02,7.604975700378417969e-01,9.069554209709167480e-01,1.648881356231868267e-03,3.730937242507934570e-01,1.955252587795257568e-01,-9.742229580879211426e-01,-1.004812568426132202e-01,-1.673338562250137329e-01,9.202377498149871826e-02,2.361448109149932861e-01,-9.705291688442230225e-02,-1.050950407981872559e+00,-3.330412209033966064e-01,-3.019059300422668457e-01,6.638578176498413086e-01,-2.490948885679244995e-01,-1.056942716240882874e-02,3.875254988670349121e-01,4.125414490699768066e-01,5.249820351600646973e-01,-4.431819021701812744e-01,1.418593619018793106e-02,-7.174425721168518066e-01,9.498161077499389648e-01,1.741625815629959106e-01,-1.323749572038650513e-01,1.604562550783157349e-01,-1.889339089393615723e+00,-1.176261663436889648e+00,9.560860395431518555e-01,1.287367105484008789e+00,-5.742278322577476501e-02,-4.956777989864349365e-01,-4.616780281066894531e-01
3.291825950145721436e-02,-3.030920587480068207e-02,7.593111991882324219e-01,9.064440727233886719e-01,1.039960538037121296e-03,3.757157921791076660e-01,1.928617209196090698e-01,-9.793798923492431641e-01,-9.680985659360885620e-02,-1.589240282773971558e-01,9.224718064069747925e-02,2.250828593969345093e-01,-9.768313914537429810e-02,-1.062397003173828125e+00,-3.302169144153594971e-01,-2.945162057876586914e-01,6.681934595108032227e-01,-2.506708204746246338e-01,-1.086264103651046753e-02,3.894747197628021240e-01,4.182997047901153564e-01,5.247380733489990234e-01,-4.370933473110198975e-01,2.743808925151824951e-02,-7.128157019615173340e-01,9.314706921577453613e-01,1.905453354120254517e-01,-1.281987726688385010e-01,1.679115593433380127e-01,-1.902169227600097656e+00,-1.177897214889526367e+00,9.593043923377990723e-01,1.283054590225219727e+00,-6.260321289300918579e-02,-4.937872290611267090e-01,-4.619634747505187988e-01
3.163663297891616821e-02,-2.926817722618579865e-02,7.576609253883361816e-01,9.051734209060668945e-01,6.937384023331105709e-04,3.799337744712829590e-01,1.905544698238372803e-01,-9.888538122177124023e-01,-9.463857114315032959e-02,-1.502967774868011475e-01,9.228552132844924927e-02,2.157182246446609497e-01,-9.809389710426330566e-02,-1.079911351203918457e+00,-3.289719820022583008e-01,-2.865492403507232666e-01,6.760545969009399414e-01,-2.537088990211486816e-01,-1.093817315995693207e-02,3.903935253620147705e-01,4.230909943580627441e-01,5.247467756271362305e-01,-4.312590658664703369e-01,3.944504261016845703e-02,-7.092823386192321777e-01,9.160332083702087402e-01,2.062909007072448730e-01,-1.228835433721542358e-01,1.760306805372238159e-01,-1.919473886489868164e+00,-1.181196570396423340e+00,9.637750387191772461e-01,1.277926325798034668e+00,-6.753766536712646484e-02,-4.909303784370422363e-01,-4.631568789482116699e-01
3.037905320525169373e-02,-2.861919999122619629e-02,7.557700872421264648e-01,9.033123254776000977e-01,9.631803841330111027e-04,3.851422965526580811e-01,1.889215856790542603e-01,-1.000878334045410156e+00,-9.473142027854919434e-02,-1.419585943222045898e-01,9.207350015640258789e-02,2.086729258298873901e-01,-9.815311431884765625e-02,-1.101388573646545410e+00,-3.302597999572753906e-01,-2.779826223850250244e-01,6.870935559272766113e-01,-2.575024366378784180e-01,-1.047769933938980103e-02,3.905198872089385986e-01,4.269102811813354492e-01,5.247523188591003418e-01,-4.264715611934661865e-01,4.989887028932571411e-02,-7.083635926246643066e-01,9.041971564292907715e-01,2.182053327560424805e-01,-1.176389306783676147e-01,1.840915828943252563e-01,-1.938318371772766113e+00,-1.186326026916503906e+00,9.689286351203918457e-01,1.271608829498291016e+00,-6.936309486627578735e-02,-4.882749617099761963e-01,-4.646669328212738037e-01
2.927146479487419128e-02,-2.833596058189868927e-02,7.536899447441101074e-01,9.011957645416259766e-01,1.666959491558372974e-03,3.906072974205017090e-01,1.878014802932739258e-01,-1.013916015625000000e+00,-9.621106088161468506e-02,-1.344720721244812012e-01,9.223660826683044434e-02,2.034224569797515869e-01,-9.840960800647735596e-02,-1.124405026435852051e+00,-3.329413235187530518e-01,-2.694196403026580811e-01,6.999484300613403320e-01,-2.619933187961578369e-01,-1.032944768667221069e-02,3.910427987575531006e-01,4.299134016036987305e-01,5.245761275291442871e-01,-4.225245714187622070e-01,5.903269350528717041e-02,-7.099409103393554688e-01,8.949024677276611328e-01,2.251860946416854858e-01,-1.139211282134056091e-01,1.900682598352432251e-01,-1.957815408706665039e+00,-1.192726969718933105e+00,9.754046201705932617e-01,1.264234423637390137e+00,-7.035543769598007202e-02,-4.873933792114257812e-01,-4.668510854244232178e-01
2.818593196570873260e-02,-2.825024724006652832e-02,7.514519691467285156e-01,8.990581631660461426e-01,2.607248490676283836e-03,3.959426283836364746e-01,1.868610233068466187e-01,-1.027121067047119141e+00,-9.792904555797576904e-02,-1.273221522569656372e-01,9.282900393009185791e-02,1.981234550476074219e-01,-9.867736697196960449e-02,-1.147498011589050293e+00,-3.360862135887145996e-01,-2.611739039421081543e-01,7.137245535850524902e-01,-2.671619057655334473e-01,-1.020316220819950104e-02,3.923715949058532715e-01,4.323115050792694092e-01,5.243356823921203613e-01,-4.190341234207153320e-01,6.641013920307159424e-02,-7.125761508941650391e-01,8.873328566551208496e-01,2.286878675222396851e-01,-1.119193434715270996e-01,1.936540454626083374e-01,-1.977580428123474121e+00,-1.199540257453918457e+00,9.836904406547546387e-01,1.256691455841064453e+00,-7.081194221973419189e-02,-4.884642064571380615e-01,-4.690386652946472168e-01
2.713283896446228027e-02,-2.828988060355186462e-02,7.490645647048950195e-01,8.968845605850219727e-01,3.681754227727651596e-03,4.012151360511779785e-01,1.860401779413223267e-01,-1.040235519409179688e+00,-9.978852421045303345e-02,-1.204227283596992493e-01,9.376884251832962036e-02,1.925082057714462280e-01,-9.867597371339797974e-02,-1.171005964279174805e+00,-3.394599854946136475e-01,-2.532263696193695068e-01,7.281572222709655762e-01,-2.724766135215759277e-01,-1.051011960953474045e-02,3.940095305442810059e-01,4.338624477386474609e-01,5.244002938270568848e-01,-4.152179360389709473e-01,7.244323939085006714e-02,-7.153572440147399902e-01,8.805153369903564453e-01,2.316426187753677368e-01,-1.113475188612937927e-01,1.947945505380630493e-01,-2.000159263610839844e+00,-1.206262230873107910e+00,9.939560890197753906e-01,1.249510049819946289e+00,-7.250390201807022095e-02,-4.909049570560455322e-01,-4.716111719608306885e-01
2.612152695655822754e-02,-2.845855057239532471e-02,7.465698719024658203e-01,8.946512341499328613e-01,4.994784481823444366e-03,4.065370857715606689e-01,1.852076053619384766e-01,-1.053505778312683105e+00,-1.019352376461029053e-01,-1.134233176708221436e-01,9.487312287092208862e-02,1.870532482862472534e-01,-9.830899536609649658e-02,-1.194971084594726562e+00,-3.430055081844329834e-01,-2.449698895215988159e-01,7.430672645568847656e-01,-2.780674695968627930e-01,-1.106084976345300674e-02,3.958719372749328613e-01,4.343479871749877930e-01,5.247222185134887695e-01,-4.118362367153167725e-01,7.745423167943954468e-02,-7.177054882049560547e-01,8.752036690711975098e-01,2.336781322956085205e-01,-1.111118718981742859e-01,1.944910883903503418e-01,-2.023216962814331055e+00,-1.213008880615234375e+00,1.006874084472656250e+00,1.243107914924621582e+00,-7.411804050207138062e-02,-4.943571686744689941e-01,-4.750304222106933594e-01
2.518980577588081360e-02,-2.871770225465297699e-02,7.440460324287414551e-01,8.923041820526123047e-01,6.518108304589986801e-03,4.119575619697570801e-01,1.845037639141082764e-01,-1.066800951957702637e+00,-1.044270247220993042e-01,-1.066110283136367798e-01,9.602971374988555908e-02,1.820634752511978149e-01,-9.809765219688415527e-02,-1.218987464904785156e+00,-3.469535112380981445e-01,-2.364640682935714722e-01,7.582194209098815918e-01,-2.834706902503967285e-01,-1.163399685174226761e-02,3.971013724803924561e-01,4.336568713188171387e-01,5.252096652984619141e-01,-4.089533090591430664e-01,8.151809126138687134e-02,-7.198403477668762207e-01,8.721714019775390625e-01,2.348474711179733276e-01,-1.107854694128036499e-01,1.922993361949920654e-01,-2.046672821044921875e+00,-1.219034075736999512e+00,1.021580457687377930e+00,1.237287878990173340e+00,-7.642669230699539185e-02,-4.985385239124298096e-01,-4.803283512592315674e-01
2.441452816128730774e-02,-2.904441207647323608e-02,7.415507435798645020e-01,8.899585604667663574e-01,7.868180051445960999e-03,4.173600077629089355e-01,1.836370080709457397e-01,-1.079670310020446777e+00,-1.060861423611640930e-01,-1.000420451164245605e-01,9.712991863489151001e-02,1.764673441648483276e-01,-9.840130060911178589e-02,-1.242390275001525879e+00,-3.499221503734588623e-01,-2.284225970506668091e-01,7.728326320648193359e-01,-2.887988388538360596e-01,-1.240767911076545715e-02,3.981662392616271973e-01,4.319758117198944092e-01,5.256134271621704102e-01,-4.071468412876129150e-01,8.483551442623138428e-02,-7.210265994071960449e-01,8.719610571861267090e-01,2.365747094154357910e-01,-1.103658154606819153e-01,1.888335794210433960e-01,-2.068654537200927734e+00,-1.224183440208435059e+00,1.036067724227905273e+00,1.231527090072631836e+00,-7.962656021118164062e-02,-5.019051432609558105e-01,-4.866791665554046631e-01
2.387425303459167480e-02,-2.941546589136123657e-02,7.391785979270935059e-01,8.875051736831665039e-01,8.956952020525932312e-03,4.229800999164581299e-01,1.825984567403793335e-01,-1.093148112297058105e+00,-1.067368090152740479e-01,-9.372625499963760376e-02,9.806072711944580078e-02,1.709096580743789673e-01,-9.859214723110198975e-02,-1.266066193580627441e+00,-3.516865968704223633e-01,-2.206412702798843384e-01,7.871492505073547363e-01,-2.929330170154571533e-01,-1.313649583607912064e-02,3.987643122673034668e-01,4.296699464321136475e-01,5.261517763137817383e-01,-4.063304960727691650e-01,8.615199476480484009e-02,-7.213921546936035156e-01,8.743478655815124512e-01,2.384939342737197876e-01,-1.099947467446327209e-01,1.842502951622009277e-01,-2.088887691497802734e+00,-1.228615760803222656e+00,1.051406383514404297e+00,1.225893259048461914e+00,-8.362869918346405029e-02,-5.042412281036376953e-01,-4.946221113204956055e-01
2.365824207663536072e-02,-2.983278408646583557e-02,7.370246052742004395e-01,8.850370645523071289e-01,9.717709384858608246e-03,4.286655783653259277e-01,1.812754422426223755e-01,-1.106572628021240234e+00,-1.060853973031044006e-01,-8.765103667974472046e-02,9.882529079914093018e-02,1.653423607349395752e-01,-9.884972870349884033e-02,-1.289098620414733887e+00,-3.518032729625701904e-01,-2.132757455110549927e-01,8.004014492034912109e-01,-2.955901026725769043e-01,-1.392810698598623276e-02,3.990509510040283203e-01,4.269958436489105225e-01,5.264043807983398438e-01,-4.069852232933044434e-01,8.526100218296051025e-02,-7.218643426895141602e-01,8.794727325439453125e-01,2.394179105758666992e-01,-1.103792786598205566e-01,1.792284995317459106e-01,-2.105909585952758789e+00,-1.233179211616516113e+00,1.065082430839538574e+00,1.219466805458068848e+00,-8.907981961965560913e-02,-5.056187510490417480e-01,-5.040878653526306152e-01
2.380767650902271271e-02,-3.028086945414543152e-02,7.352049946784973145e-01,8.826486468315124512e-01,1.005526073276996613e-02,4.342069327831268311e-01,1.797071248292922974e-01,-1.119714736938476562e+00,-1.041350960731506348e-01,-8.203468471765518188e-02,9.965786337852478027e-02,1.602873355150222778e-01,-9.888687729835510254e-02,-1.310586452484130859e+00,-3.503975272178649902e-01,-2.073589861392974854e-01,8.113646507263183594e-01,-2.956610918045043945e-01,-1.451918855309486389e-02,3.991990983486175537e-01,4.243145287036895752e-01,5.264670848846435547e-01,-4.097659289836883545e-01,8.172773569822311401e-02,-7.227804064750671387e-01,8.861302137374877930e-01,2.408854067325592041e-01,-1.118051633238792419e-01,1.739874929189682007e-01,-2.118452548980712891e+00,-1.237851142883300781e+00,1.075338363647460938e+00,1.212443470954895020e+00,-9.377399832010269165e-02,-5.072504878044128418e-01,-5.137920975685119629e-01
2.440453320741653442e-02,-3.074850328266620636e-02,7.339398860931396484e-01,8.806226253509521484e-01,1.006371900439262390e-02,4.390741586685180664e-01,1.778100132942199707e-01,-1.131389498710632324e+00,-1.008106842637062073e-01,-7.688204944133758545e-02,1.009446457028388977e-01,1.561991125345230103e-01,-9.900999069213867188e-02,-1.327740192413330078e+00,-3.472288548946380615e-01,-2.026399523019790649e-01,8.184199929237365723e-01,-2.941848635673522949e-01,-1.462701987475156784e-02,3.996724486351013184e-01,4.220699369907379150e-01,5.261276364326477051e-01,-4.161373376846313477e-01,7.661391049623489380e-02,-7.245079278945922852e-01,8.939904570579528809e-01,2.392642349004745483e-01,-1.138781383633613586e-01,1.700246483087539673e-01,-2.124859571456909180e+00,-1.242427706718444824e+00,1.079723119735717773e+00,1.203899621963500977e+00,-9.425552934408187866e-02,-5.094627737998962402e-01,-5.216875672340393066e-01
2.526995167136192322e-02,-3.111051023006439209e-02,7.332157492637634277e-01,8.790270090103149414e-01,9.611372835934162140e-03,4.432524740695953369e-01,1.753466427326202393e-01,-1.141242027282714844e+00,-9.592897444963455200e-02,-7.232322543859481812e-02,1.020955145359039307e-01,1.532766371965408325e-01,-9.886788576841354370e-02,-1.340329408645629883e+00,-3.422690033912658691e-01,-1.997320055961608887e-01,8.202407956123352051e-01,-2.896791100502014160e-01,-1.464554481208324432e-02,4.010351896286010742e-01,4.207025170326232910e-01,5.258260369300842285e-01,-4.260542094707489014e-01,7.014167308807373047e-02,-7.263408303260803223e-01,9.020813107490539551e-01,2.381536364555358887e-01,-1.168849244713783264e-01,1.669562011957168579e-01,-2.124600887298583984e+00,-1.245937705039978027e+00,1.077813148498535156e+00,1.194825291633605957e+00,-8.820153027772903442e-02,-5.140926241874694824e-01,-5.272865891456604004e-01
2.597162127494812012e-02,-3.130117431282997131e-02,7.331799268722534180e-01,8.781430721282958984e-01,8.871356025338172913e-03,4.462239146232604980e-01,1.722506135702133179e-01,-1.147463560104370117e+00,-8.933247625827789307e-02,-6.755887717008590698e-02,1.029850095510482788e-01,1.516841948032379150e-01,-9.791123121976852417e-02,-1.345842719078063965e+00,-3.354898989200592041e-01,-1.974818706512451172e-01,8.163275718688964844e-01,-2.830460667610168457e-01,-1.381746493279933929e-02,4.028528332710266113e-01,4.201560616493225098e-01,5.257009267807006836e-01,-4.385501742362976074e-01,6.386560201644897461e-02,-7.288978099822998047e-01,9.096220135688781738e-01,2.341228872537612915e-01,-1.206284388899803162e-01,1.651604920625686646e-01,-2.116787910461425781e+00,-1.247699260711669922e+00,1.068355560302734375e+00,1.184712886810302734e+00,-7.729633897542953491e-02,-5.197585225105285645e-01,-5.322837829589843750e-01
2.684533968567848206e-02,-3.117755986750125885e-02,7.338662743568420410e-01,8.780449628829956055e-01,7.577077485620975494e-03,4.480033218860626221e-01,1.681448668241500854e-01,-1.149963378906250000e+00,-8.047699183225631714e-02,-6.255336850881576538e-02,1.030532494187355042e-01,1.513123661279678345e-01,-9.621427208185195923e-02,-1.344669580459594727e+00,-3.259738683700561523e-01,-1.969064623117446899e-01,8.057183027267456055e-01,-2.734561264514923096e-01,-1.239177584648132324e-02,4.059976041316986084e-01,4.214378297328948975e-01,5.260239839553833008e-01,-4.533782005310058594e-01,5.776120722293853760e-02,-7.310177683830261230e-01,9.167973399162292480e-01,2.301806211471557617e-01,-1.255473345518112183e-01,1.653676927089691162e-01,-2.100574493408203125e+00,-1.247316598892211914e+00,1.051402568817138672e+00,1.174192070960998535e+00,-5.911531299352645874e-02,-5.268836021423339844e-01,-5.342097878456115723e-01
2.802490629255771637e-02,-3.064746037125587463e-02,7.354447245597839355e-01,8.788655996322631836e-01,6.027750670909881592e-03,4.483997225761413574e-01,1.627776771783828735e-01,-1.148080945014953613e+00,-6.959830224514007568e-02,-5.675150454044342041e-02,1.023398563265800476e-01,1.527386009693145752e-01,-9.271540492773056030e-02,-1.336043596267700195e+00,-3.137135505676269531e-01,-1.972614228725433350e-01,7.873400449752807617e-01,-2.608104348182678223e-01,-9.575820527970790863e-03,4.105969965457916260e-01,4.245432019233703613e-01,5.268077254295349121e-01,-4.691993892192840576e-01,5.110104382038116455e-02,-7.336102128028869629e-01,9.247912764549255371e-01,2.244593203067779541e-01,-1.314667016267776489e-01,1.668537557125091553e-01,-2.075564384460449219e+00,-1.244374394416809082e+00,1.027779340744018555e+00,1.164090156555175781e+00,-3.544664382934570312e-02,-5.349777340888977051e-01,-5.354912877082824707e-01
2.928279712796211243e-02,-2.967414446175098419e-02,7.379567623138427734e-01,8.806543946266174316e-01,4.192097112536430359e-03,4.473281800746917725e-01,1.559736430644989014e-01,-1.141391396522521973e+00,-5.698667839169502258e-02,-5.000546574592590332e-02,1.007504761219024658e-01,1.557975560426712036e-01,-8.734137564897537231e-02,-1.319525241851806641e+00,-2.983427643775939941e-01,-1.981410533189773560e-01,7.595543265342712402e-01,-2.443760186433792114e-01,-5.496302153915166855e-03,4.166498482227325439e-01,4.292123615741729736e-01,5.279386639595031738e-01,-4.848710596561431885e-01,4.372798651456832886e-02,-7.358631491661071777e-01,9.352815151214599609e-01,2.172033935785293579e-01,-1.374814212322235107e-01,1.687753945589065552e-01,-2.041948080062866211e+00,-1.238814115524291992e+00,9.989747405052185059e-01,1.155403375625610352e+00,-9.574428200721740723e-03,-5.434480905532836914e-01,-5.368161201477050781e-01
3.051108494400978088e-02,-2.819156460464000702e-02,7.414176464080810547e-01,8.833795189857482910e-01,2.393518574535846710e-03,4.447707235813140869e-01,1.476952135562896729e-01,-1.129761934280395508e+00,-4.326812922954559326e-02,-4.184262454509735107e-02,9.827695786952972412e-02,1.605200171470642090e-01,-7.989037781953811646e-02,-1.295218944549560547e+00,-2.804482877254486084e-01,-1.984261125326156616e-01,7.218282222747802734e-01,-2.231020480394363403e-01,3.620982461143285036e-04,4.240758419036865234e-01,4.351840317249298096e-01,5.294008255004882812e-01,-4.985373318195343018e-01,3.476415947079658508e-02,-7.373523116111755371e-01,9.489900469779968262e-01,2.084171921014785767e-01,-1.431891322135925293e-01,1.699767261743545532e-01,-2.000061035156250000e+00,-1.230172395706176758e+00,9.659041762351989746e-01,1.149023652076721191e+00,1.671080850064754486e-02,-5.520956516265869141e-01,-5.380982160568237305e-01
3.175435215234756470e-02,-2.612200938165187836e-02,7.458271384239196777e-01,8.869591355323791504e-01,1.021671225316822529e-03,4.406592249870300293e-01,1.382820308208465576e-01,-1.113305807113647461e+00,-2.974010258913040161e-02,-3.205792233347892761e-02,9.535324573516845703e-02,1.675476431846618652e-01,-7.034230977296829224e-02,-1.263320922851562500e+00,-2.611825764179229736e-01,-1.968458145856857300e-01,6.748386621475219727e-01,-1.969320625066757202e-01,8.019092492759227753e-03,4.317942261695861816e-01,4.423219263553619385e-01,5.309158563613891602e-01,-5.097614526748657227e-01,2.454917132854461670e-02,-7.377806305885314941e-01,9.651716947555541992e-01,1.997665911912918091e-01,-1.480872780084609985e-01,1.706396043300628662e-01,-1.948708534240722656e+00,-1.217729091644287109e+00,9.303410649299621582e-01,1.146649479866027832e+00,4.164030775427818298e-02,-5.596839189529418945e-01,-5.380865931510925293e-01
3.294870629906654358e-02,-2.343484573066234589e-02,7.510091066360473633e-01,8.910701274871826172e-01,4.403293423820286989e-04,4.354214370250701904e-01,1.280701607465744019e-01,-1.093807578086853027e+00,-1.761441305279731750e-02,-2.002083323895931244e-02,9.236066043376922607e-02,1.780939549207687378e-01,-5.907599255442619324e-02,-1.226045966148376465e+00,-2.419489622116088867e-01,-1.927042007446289062e-01,6.189959645271301270e-01,-1.646508425474166870e-01,1.724712364375591278e-02,4.392281770706176758e-01,4.503855407238006592e-01,5.326842665672302246e-01,-5.180052518844604492e-01,1.260858681052923203e-02,-7.355923056602478027e-01,9.825377464294433594e-01,1.944275200366973877e-01,-1.517267823219299316e-01,1.696351319551467896e-01,-1.892394542694091797e+00,-1.201860427856445312e+00,8.935261964797973633e-01,1.149617314338684082e+00,6.756266206502914429e-02,-5.681350231170654297e-01,-5.344689488410949707e-01
3.355680033564567566e-02,-2.024774625897407532e-02,7.566636800765991211e-01,8.954880237579345703e-01,1.042429590597748756e-03,4.292294681072235107e-01,1.177380234003067017e-01,-1.072312951087951660e+00,-8.205508813261985779e-03,-5.546828266233205795e-03,9.023163467645645142e-02,1.918555796146392822e-01,-4.624870046973228455e-02,-1.184463739395141602e+00,-2.250110656023025513e-01,-1.853512972593307495e-01,5.560833811759948730e-01,-1.268290430307388306e-01,2.763075567781925201e-02,4.459463655948638916e-01,4.585918486118316650e-01,5.343465805053710938e-01,-5.222731828689575195e-01,1.142823020927608013e-03,-7.312785387039184570e-01,9.979172348976135254e-01,1.891694366931915283e-01,-1.547334492206573486e-01,1.677036881446838379e-01,-1.834965109825134277e+00,-1.184567928314208984e+00,8.598531484603881836e-01,1.156341433525085449e+00,9.035275131464004517e-02,-5.770299434661865234e-01,-5.278893709182739258e-01
3.322078660130500793e-02,-1.661941781640052795e-02,7.624144554138183594e-01,9.000585675239562988e-01,2.836990170180797577e-03,4.222181439399719238e-01,1.077875047922134399e-01,-1.049771904945373535e+00,-1.791150658391416073e-03,1.097312010824680328e-02,8.911723643541336060e-02,2.084032446146011353e-01,-3.369197994470596313e-02,-1.139685630798339844e+00,-2.115582227706909180e-01,-1.754225641489028931e-01,4.882847666740417480e-01,-8.581076562404632568e-02,3.840523585677146912e-02,4.523892402648925781e-01,4.675509333610534668e-01,5.356499552726745605e-01,-5.248689651489257812e-01,-8.746447041630744934e-03,-7.268776297569274902e-01,1.010012745857238770e+00,1.827937066555023193e-01,-1.568682193756103516e-01,1.653887927532196045e-01,-1.780541419982910156e+00,-1.169915556907653809e+00,8.316348791122436523e-01,1.165749192237854004e+00,1.101452782750129700e-01,-5.867133140563964844e-01,-5.171623826026916504e-01
3.214256092905998230e-02,-1.254877634346485138e-02,7.677573561668395996e-01,9.046095013618469238e-01,5.357818212360143661e-03,4.146997332572937012e-01,9.837188571691513062e-02,-1.027565956115722656e+00,2.381443744525313377e-03,2.886269055306911469e-02,8.906626701354980469e-02,2.252639979124069214e-01,-2.225770428776741028e-02,-1.093976497650146484e+00,-2.016411870718002319e-01,-1.641115546226501465e-01,4.191319346427917480e-01,-4.363917559385299683e-02,4.853508248925209045e-02,4.586959481239318848e-01,4.771293997764587402e-01,5.365129113197326660e-01,-5.264763236045837402e-01,-1.651807129383087158e-02,-7.238436937332153320e-01,1.018528103828430176e+00,1.744911074638366699e-01,-1.592428535223007202e-01,1.619549691677093506e-01,-1.731752872467041016e+00,-1.160107254981994629e+00,8.098887205123901367e-01,1.176636576652526855e+00,1.277980804443359375e-01,-5.965630412101745605e-01,-5.028338432312011719e-01
3.053576312959194183e-02,-8.102825842797756195e-03,7.723227739334106445e-01,9.089474678039550781e-01,8.117540739476680756e-03,4.071269929409027100e-01,8.942174166440963745e-02,-1.006523609161376953e+00,5.143858958035707474e-03,4.744513332843780518e-02,8.940700441598892212e-02,2.399952709674835205e-01,-1.239244639873504639e-02,-1.050183296203613281e+00,-1.944350302219390869e-01,-1.524279415607452393e-01,3.516353666782379150e-01,-3.179050981998443604e-03,5.760390684008598328e-02,4.647602140903472900e-01,4.863134324550628662e-01,5.370963811874389648e-01,-5.272912383079528809e-01,-2.115572430193424225e-02,-7.217198610305786133e-01,1.023986577987670898e+00,1.671187877655029297e-01,-1.619911491870880127e-01,1.587720811367034912e-01,-1.691261887550354004e+00,-1.155598998069763184e+00,7.946455478668212891e-01,1.187423229217529297e+00,1.463554352521896362e-01,-6.049791574478149414e-01,-4.865618050098419189e-01
2.855611778795719147e-02,-3.418063512071967125e-03,7.759537100791931152e-01,9.128410220146179199e-01,1.064209640026092529e-02,4.000996947288513184e-01,8.079758286476135254e-02,-9.880534410476684570e-01,7.238245569169521332e-03,6.525725871324539185e-02,8.945418894290924072e-02,2.505187392234802246e-01,-4.429329186677932739e-03,-1.012662887573242188e+00,-1.889475136995315552e-01,-1.405260860919952393e-01,2.910057008266448975e-01,3.333057090640068054e-02,6.526981294155120850e-02,4.699391424655914307e-01,4.936400651931762695e-01,5.373654365539550781e-01,-5.258427262306213379e-01,-2.185509353876113892e-02,-7.190873622894287109e-01,1.026640415191650391e+00,1.619385331869125366e-01,-1.645668745040893555e-01,1.573970615863800049e-01,-1.660562515258789062e+00,-1.153783440589904785e+00,7.848470211029052734e-01,1.195446491241455078e+00,1.649455130100250244e-01,-6.109876036643981934e-01,-4.716186523437500000e-01
2.631566673517227173e-02,1.333415508270263672e-03,7.787378430366516113e-01,9.162678122520446777e-01,1.256089005619287491e-02,3.937543928623199463e-01,7.247761636972427368e-02,-9.724701046943664551e-01,9.213497862219810486e-03,8.102275431156158447e-02,8.906826376914978027e-02,2.565756738185882568e-01,1.712784753181040287e-03,-9.826996326446533203e-01,-1.842472851276397705e-01,-1.289829611778259277e-01,2.397488057613372803e-01,6.502937525510787964e-02,7.144261896610260010e-02,4.739154577255249023e-01,4.988232553005218506e-01,5.375285744667053223e-01,-5.211946964263916016e-01,-1.871816627681255341e-02,-7.152238488197326660e-01,1.027837991714477539e+00,1.569209992885589600e-01,-1.663445830345153809e-01,1.579147875308990479e-01,-1.638040542602539062e+00,-1.151264309883117676e+00,7.783939838409423828e-01,1.198656439781188965e+00,1.815038621425628662e-01,-6.136051416397094727e-01,-4.590331017971038818e-01
2.396270632743835449e-02,5.786045454442501068e-03,7.806341648101806641e-01,9.191668629646301270e-01,1.378002297133207321e-02,3.882769346237182617e-01,6.467875093221664429e-02,-9.604864716529846191e-01,1.130355242639780045e-02,9.418895095586776733e-02,8.892180770635604858e-02,2.579101026058197021e-01,6.584963761270046234e-03,-9.615989327430725098e-01,-1.801100224256515503e-01,-1.192367896437644958e-01,2.009740173816680908e-01,9.050722420215606689e-02,7.625962793827056885e-02,4.767606854438781738e-01,5.019136071205139160e-01,5.375885367393493652e-01,-5.143485665321350098e-01,-1.333083678036928177e-02,-7.100488543510437012e-01,1.030044555664062500e+00,1.491447687149047852e-01,-1.674970835447311401e-01,1.596809327602386475e-01,-1.620562076568603516e+00,-1.146705150604248047e+00,7.708019018173217773e-01,1.196062922477722168e+00,1.964694708585739136e-01,-6.144022345542907715e-01,-4.493499100208282471e-01
2.148904465138912201e-02,9.707075543701648712e-03,7.818640470504760742e-01,9.216933846473693848e-01,1.454702671617269516e-02,3.833589255809783936e-01,5.749446526169776917e-02,-9.505318999290466309e-01,1.370085868984460831e-02,1.049165204167366028e-01,8.926101773977279663e-02,2.556758821010589600e-01,1.023481879383325577e-02,-9.464688897132873535e-01,-1.764559745788574219e-01,-1.106777116656303406e-01,1.729044616222381592e-01,1.105015128850936890e-01,8.051373809576034546e-02,4.783419966697692871e-01,5.028825998306274414e-01,5.374311208724975586e-01,-5.075777769088745117e-01,-7.058155257254838943e-03,-7.050561904907226562e-01,1.036060929298400879e+00,1.372350454330444336e-01,-1.683273166418075562e-01,1.610532999038696289e-01,-1.604479074478149414e+00,-1.138560295104980469e+00,7.604708075523376465e-01,1.190096855163574219e+00,2.102722972631454468e-01,-6.153494119644165039e-01,-4.433356225490570068e-01
1.852838881313800812e-02,1.309366896748542786e-02,7.825909852981567383e-01,9.239791631698608398e-01,1.499048061668872833e-02,3.788214623928070068e-01,5.031947791576385498e-02,-9.414504766464233398e-01,1.666106469929218292e-02,1.147224903106689453e-01,9.017299115657806396e-02,2.505609393119812012e-01,1.360381860285997391e-02,-9.361606836318969727e-01,-1.729302108287811279e-01,-1.021989062428474426e-01,1.530926078557968140e-01,1.270254701375961304e-01,8.503566682338714600e-02,4.787688255310058594e-01,5.018373727798461914e-01,5.376048684120178223e-01,-4.996635019779205322e-01,-4.555913328658789396e-04,-6.994371414184570312e-01,1.043609857559204102e+00,1.223230510950088501e-01,-1.699444204568862915e-01,1.604648232460021973e-01,-1.588816881179809570e+00,-1.126776814460754395e+00,7.477083206176757812e-01,1.182788491249084473e+00,2.247425764799118042e-01,-6.178569197654724121e-01,-4.404748082160949707e-01
1.508012600243091583e-02,1.600929163396358490e-02,7.828764915466308594e-01,9.259567856788635254e-01,1.507603283971548080e-02,3.747792840003967285e-01,4.378731921315193176e-02,-9.335650801658630371e-01,1.951775141060352325e-02,1.233845651149749756e-01,9.130301326513290405e-02,2.442589253187179565e-01,1.687560044229030609e-02,-9.302197098731994629e-01,-1.700593531131744385e-01,-9.496447443962097168e-02,1.411251276731491089e-01,1.393179595470428467e-01,8.952701091766357422e-02,4.770483672618865967e-01,4.996995031833648682e-01,5.379684567451477051e-01,-4.892835915088653564e-01,5.915313027799129486e-03,-6.941953897476196289e-01,1.051085472106933594e+00,1.056408956646919250e-01,-1.726180762052536011e-01,1.585370004177093506e-01,-1.572705507278442383e+00,-1.112483501434326172e+00,7.329925894737243652e-01,1.175967454910278320e+00,2.388472110033035278e-01,-6.211174726486206055e-01,-4.399286508560180664e-01
1.244529336690902710e-02,1.976954564452171326e-02,7.819479107856750488e-01,9.271997213363647461e-01,1.571522653102874756e-02,3.725861012935638428e-01,3.511897474527359009e-02,-9.338227510452270508e-01,2.414453215897083282e-02,1.350740492343902588e-01,9.302648901939392090e-02,2.358690202236175537e-01,1.712851971387863159e-02,-9.342702627182006836e-01,-1.665847301483154297e-01,-8.301459997892379761e-02,1.381037235260009766e-01,1.495023220777511597e-01,9.694645553827285767e-02,4.798372685909271240e-01,4.988525509834289551e-01,5.392913222312927246e-01,-4.802741706371307373e-01,2.142043970525264740e-02,-6.880913376808166504e-01,1.057349920272827148e+00,7.275857031345367432e-02,-1.788046956062316895e-01,1.592294275760650635e-01,-1.559870004653930664e+00,-1.102015256881713867e+00,7.164145708084106445e-01,1.172854185104370117e+00,2.644827067852020264e-01,-6.324527859687805176e-01,-4.317405819892883301e-01
