5.864552222192287445e-04,2.925693243741989136e-02,7.779107093811035156e-01,9.996822476387023926e-01,1.459131948649883270e-02,1.971267350018024445e-02,5.814477335661649704e-03,3.166757896542549133e-02,1.746235489845275879e-01,4.620705544948577881e-01,1.239373236894607544e-01,-1.197604015469551086e-01,-1.710596084594726562e-01,-1.286235302686691284e-01,-2.656408250331878662e-01,-1.895128339529037476e-01,2.016535699367523193e-01,-9.969063103199005127e-02,2.083622068166732788e-01,-1.013094559311866760e-01,-5.364770814776420593e-02,1.585459411144256592e-01,-1.538090556859970093e-01,2.763703763484954834e-01,-7.514757513999938965e-01,1.094652533531188965e+00,-1.962124183773994446e-02,1.272746473550796509e-01,-7.880942523479461670e-02,-1.861872673034667969e-01,-2.349277883768081665e-01,7.399563789367675781e-01,1.073268175125122070e+00,-1.167977303266525269e-01,1.035225316882133484e-01,7.902963459491729736e-02
5.345313111320137978e-04,2.886432036757469177e-02,7.780880331993103027e-01,9.996639490127563477e-01,1.487605459988117218e-02,2.033103629946708679e-02,6.108589470386505127e-03,3.101661428809165955e-02,1.736669391393661499e-01,4.608901739120483398e-01,1.219542995095252991e-01,-1.196461394429206848e-01,-1.714563369750976562e-01,-1.287770718336105347e-01,-2.660298943519592285e-01,-1.902747601270675659e-01,2.025180757045745850e-01,-1.001828089356422424e-01,2.098545730113983154e-01,-1.059757322072982788e-01,-5.209700390696525574e-02,1.594981700181961060e-01,-1.625650823116302490e-01,2.764846980571746826e-01,-7.648093104362487793e-01,1.087235569953918457e+00,-1.505893655121326447e-02,1.318587809801101685e-01,-8.507732301950454712e-02,-1.841326206922531128e-01,-2.359085530042648315e-01,7.334479689598083496e-01,1.071235179901123047e+00,-1.158534660935401917e-01,1.065076664090156555e-01,8.017760515213012695e-02
4.265331663191318512e-04,2.829913049936294556e-02,7.781699895858764648e-01,9.996327161788940430e-01,1.488341484218835831e-02,2.155559509992599487e-02,6.950229872018098831e-03,2.883778512477874756e-02,1.735229045152664185e-01,4.584660232067108154e-01,1.198280826210975647e-01,-1.174150779843330383e-01,-1.718269586563110352e-01,-1.298942267894744873e-01,-2.658476829528808594e-01,-1.917958408594131470e-01,2.015329003334045410e-01,-9.982656687498092651e-02,2.099942862987518311e-01,-1.138114631175994873e-01,-5.002031847834587097e-02,1.616153270006179810e-01,-1.760391592979431152e-01,2.772029936313629150e-01,-7.812922000885009766e-01,1.075352668762207031e+00,-6.151114124804735184e-03,1.347660571336746216e-01,-9.173654019832611084e-02,-1.821386665105819702e-01,-2.366532087326049805e-01,7.271788716316223145e-01,1.068638086318969727e+00,-1.102680265903472900e-01,1.086580231785774231e-01,8.000209182500839233e-02
2.296473830938339233e-04,2.752802148461341858e-02,7.783412337303161621e-01,9.995824694633483887e-01,1.467379461973905563e-02,2.369119040668010712e-02,7.632330525666475296e-03,2.439885213971138000e-02,1.742866486310958862e-01,4.559712111949920654e-01,1.181599497795104980e-01,-1.142365112900733948e-01,-1.724779307842254639e-01,-1.320442855358123779e-01,-2.638845145702362061e-01,-1.923503428697586060e-01,1.965019255876541138e-01,-9.745647758245468140e-02,2.088529169559478760e-01,-1.239052936434745789e-01,-4.829994216561317444e-02,1.649464517831802368e-01,-1.940512657165527344e-01,2.779860198497772217e-01,-7.984769344329833984e-01,1.059604287147521973e+00,2.068223198875784874e-03,1.392889022827148438e-01,-9.524630755186080933e-02,-1.803732216358184814e-01,-2.367853820323944092e-01,7.228069305419921875e-01,1.065676450729370117e+00,-1.035176590085029602e-01,1.103629842400550842e-01,7.966578751802444458e-02
-2.233520499430596828e-04,2.657178044319152832e-02,7.786459922790527344e-01,9.995025396347045898e-01,1.420057844370603561e-02,2.708237804472446442e-02,7.712344173341989517e-03,1.671267859637737274e-02,1.760939806699752808e-01,4.543924927711486816e-01,1.168104261159896851e-01,-1.102989166975021362e-01,-1.736618429422378540e-01,-1.368300318717956543e-01,-2.599072754383087158e-01,-1.915500462055206299e-01,1.875091642141342163e-01,-9.232992678880691528e-02,2.063623070716857910e-01,-1.356542557477951050e-01,-4.681419953703880310e-02,1.703699827194213867e-01,-2.182696461677551270e-01,2.777427136898040771e-01,-8.119175434112548828e-01,1.039884805679321289e+00,5.052723456174135208e-03,1.440415382385253906e-01,-9.374231100082397461e-02,-1.794622838497161865e-01,-2.369284182786941528e-01,7.209887504577636719e-01,1.060746192932128906e+00,-9.861338138580322266e-02,1.117683574557304382e-01,7.921066880226135254e-02
-1.001999713480472565e-03,2.550464123487472534e-02,7.790582776069641113e-01,9.993639588356018066e-01,1.364710461348295212e-02,3.224784135818481445e-02,6.748889572918415070e-03,4.688357468694448471e-03,1.785492449998855591e-01,4.547302722930908203e-01,1.154939085245132446e-01,-1.053609549999237061e-01,-1.754685938358306885e-01,-1.460788249969482422e-01,-2.543599605560302734e-01,-1.888820528984069824e-01,1.752338260412216187e-01,-8.432761579751968384e-02,2.030148059129714966e-01,-1.502224653959274292e-01,-4.555876925587654114e-02,1.785483509302139282e-01,-2.501457333564758301e-01,2.763348519802093506e-01,-8.207554817199707031e-01,1.015238761901855469e+00,4.921058658510446548e-03,1.477090269327163696e-01,-8.734127134084701538e-02,-1.805614084005355835e-01,-2.378295511007308960e-01,7.231057882308959961e-01,1.052582263946533203e+00,-9.707381576299667358e-02,1.127075180411338806e-01,7.788572460412979126e-02
-2.111817942932248116e-03,2.442096360027790070e-02,7.794793844223022461e-01,9.991278648376464844e-01,1.343061402440071106e-02,3.930486366152763367e-02,4.274084698408842087e-03,-1.202694606035947800e-02,1.807657927274703979e-01,4.581704437732696533e-01,1.143674477934837341e-01,-9.969121217727661133e-02,-1.769763380289077759e-01,-1.614417135715484619e-01,-2.487168461084365845e-01,-1.836980581283569336e-01,1.621104627847671509e-01,-7.436171919107437134e-02,1.992969363927841187e-01,-1.674736291170120239e-01,-4.479879885911941528e-02,1.896707117557525635e-01,-2.893382310867309570e-01,2.738217413425445557e-01,-8.257141113281250000e-01,9.875677824020385742e-01,5.407697055488824844e-03,1.500029712915420532e-01,-7.612458616495132446e-02,-1.844072341918945312e-01,-2.396341860294342041e-01,7.276124358177185059e-01,1.042487859725952148e+00,-9.771782904863357544e-02,1.130271181464195251e-01,7.478269934654235840e-02
-3.698429092764854431e-03,2.339036203920841217e-02,7.797942757606506348e-01,9.987490773200988770e-01,1.389694586396217346e-02,4.803272709250450134e-02,5.113093720865435898e-05,-3.260920196771621704e-02,1.819040477275848389e-01,4.654338657855987549e-01,1.135027781128883362e-01,-9.354771673679351807e-02,-1.772304773330688477e-01,-1.838007718324661255e-01,-2.439415454864501953e-01,-1.746237725019454956e-01,1.503815054893493652e-01,-6.300690025091171265e-02,1.954165995121002197e-01,-1.873333454132080078e-01,-4.498951137065887451e-02,2.048341482877731323e-01,-3.375685811042785645e-01,2.701307237148284912e-01,-8.287029266357421875e-01,9.585632681846618652e-01,9.503715671598911285e-03,1.510268300771713257e-01,-6.209909915924072266e-02,-1.909411549568176270e-01,-2.422628700733184814e-01,7.314277887344360352e-01,1.032246112823486328e+00,-9.731193631887435913e-02,1.133476346731185913e-01,6.935063749551773071e-02
-5.978954955935478210e-03,2.264870703220367432e-02,7.799479961395263672e-01,9.981932640075683594e-01,1.518573053181171417e-02,5.788129940629005432e-02,-5.422715097665786743e-03,-5.579502508044242859e-02,1.816783398389816284e-01,4.756112694740295410e-01,1.132886335253715515e-01,-8.725281804800033569e-02,-1.760063171386718750e-01,-2.124934941530227661e-01,-2.408245503902435303e-01,-1.622052192687988281e-01,1.419931650161743164e-01,-5.178237706422805786e-02,1.916366517543792725e-01,-2.095218002796173096e-01,-4.633150622248649597e-02,2.255175709724426270e-01,-3.962805867195129395e-01,2.654091119766235352e-01,-8.306513428688049316e-01,9.322152137756347656e-01,2.179873920977115631e-02,1.501689106225967407e-01,-4.739156737923622131e-02,-2.000633627176284790e-01,-2.456203848123550415e-01,7.335047721862792969e-01,1.023034214973449707e+00,-9.058979898691177368e-02,1.140355393290519714e-01,6.278681755065917969e-02
-8.531965315341949463e-03,2.182361669838428497e-02,7.799179553985595703e-01,9.974579215049743652e-01,1.717780157923698425e-02,6.822954863309860229e-02,-1.128616090863943100e-02,-8.034263551235198975e-02,1.801760643720626831e-01,4.860900342464447021e-01,1.138649582862854004e-01,-8.083546906709671021e-02,-1.740413606166839600e-01,-2.448889464139938354e-01,-2.394864857196807861e-01,-1.488624513149261475e-01,1.373700797557830811e-01,-4.165165126323699951e-02,1.879386007785797119e-01,-2.338833063840866089e-01,-4.828456789255142212e-02,2.519542574882507324e-01,-4.659332931041717529e-01,2.593025267124176025e-01,-8.312729597091674805e-01,9.146035313606262207e-01,4.236908629536628723e-02,1.485244780778884888e-01,-3.459256142377853394e-02,-2.106272429227828979e-01,-2.501705586910247803e-01,7.333702445030212402e-01,1.014197945594787598e+00,-7.469566911458969116e-02,1.147009506821632385e-01,5.659891292452812195e-02
-1.131002698093652725e-02,2.091302163898944855e-02,7.797715663909912109e-01,9.965552687644958496e-01,1.948415860533714294e-02,7.879970967769622803e-02,-1.698777265846729279e-02,-1.051011979579925537e-01,1.785359680652618408e-01,4.961268603801727295e-01,1.144424900412559509e-01,-7.413762807846069336e-02,-1.721717715263366699e-01,-2.789070904254913330e-01,-2.385131567716598511e-01,-1.352936625480651855e-01,1.353785097599029541e-01,-3.274812549352645874e-02,1.829665750265121460e-01,-2.596782743930816650e-01,-4.969764500856399536e-02,2.835341393947601318e-01,-5.470830798149108887e-01,2.516350448131561279e-01,-8.295806646347045898e-01,9.071813821792602539e-01,6.640610843896865845e-02,1.467598378658294678e-01,-2.703814767301082611e-02,-2.210377752780914307e-01,-2.566077113151550293e-01,7.316061854362487793e-01,1.003669500350952148e+00,-5.287875607609748840e-02,1.146751791238784790e-01,5.238915607333183289e-02
-1.413199957460165024e-02,1.976530440151691437e-02,7.795956134796142578e-01,9.954769015312194824e-01,2.190593443810939789e-02,8.969322592020034790e-02,-2.238246053457260132e-02,-1.296389997005462646e-01,1.773281842470169067e-01,5.059209465980529785e-01,1.140770092606544495e-01,-6.690524518489837646e-02,-1.708585172891616821e-01,-3.131081163883209229e-01,-2.368009835481643677e-01,-1.219244375824928284e-01,1.332920640707015991e-01,-2.350853197276592255e-02,1.765697896480560303e-01,-2.859066128730773926e-01,-5.042001232504844666e-02,3.186604976654052734e-01,-6.396896839141845703e-01,2.424395233392715454e-01,-8.240389823913574219e-01,9.110588431358337402e-01,8.873230963945388794e-02,1.435573250055313110e-01,-2.573299594223499298e-02,-2.301592826843261719e-01,-2.650427222251892090e-01,7.309406399726867676e-01,9.909058809280395508e-01,-3.026749938726425171e-02,1.134968549013137817e-01,5.099679902195930481e-02
-1.682156138122081757e-02,1.822860538959503174e-02,7.794378399848937988e-01,9.941668510437011719e-01,2.458442002534866333e-02,1.013168096542358398e-01,-2.761976234614849091e-02,-1.548512130975723267e-01,1.763499081134796143e-01,5.159225463867187500e-01,1.121173277497291565e-01,-5.870043113827705383e-02,-1.703182160854339600e-01,-3.479243516921997070e-01,-2.344278246164321899e-01,-1.084950119256973267e-01,1.301925331354141235e-01,-1.362441200762987137e-02,1.694615781307220459e-01,-3.122709393501281738e-01,-5.161165446043014526e-02,3.550149202346801758e-01,-7.427027821540832520e-01,2.316050976514816284e-01,-8.131523132324218750e-01,9.276202917098999023e-01,1.056916862726211548e-01,1.374478787183761597e-01,-2.733499370515346527e-02,-2.383675873279571533e-01,-2.746864557266235352e-01,7.337828874588012695e-01,9.778369069099426270e-01,-1.098226197063922882e-02,1.111521720886230469e-01,5.117006972432136536e-02
-1.921254955232143402e-02,1.620010286569595337e-02,7.792585492134094238e-01,9.925670623779296875e-01,2.751846797764301300e-02,1.138419806957244873e-01,-3.306703642010688782e-02,-1.812276989221572876e-01,1.760081499814987183e-01,5.266672968864440918e-01,1.094049587845802307e-01,-4.954933747649192810e-02,-1.705656945705413818e-01,-3.841136693954467773e-01,-2.313360422849655151e-01,-9.455519914627075195e-02,1.267634481191635132e-01,-2.412428380921483040e-03,1.619439423084259033e-01,-3.389641344547271729e-01,-5.435664206743240356e-02,3.913261890411376953e-01,-8.549160361289978027e-01,2.197157442569732666e-01,-7.968231439590454102e-01,9.576407670974731445e-01,1.139826774597167969e-01,1.269546747207641602e-01,-2.797471545636653900e-02,-2.473198473453521729e-01,-2.845266461372375488e-01,7.399933934211730957e-01,9.655511975288391113e-01,4.766200669109821320e-03,1.083564534783363342e-01,5.104596540331840515e-02
-2.111173048615455627e-02,1.366532966494560242e-02,7.790049314498901367e-01,9.906764030456542969e-01,3.071914613246917725e-02,1.269018352031707764e-01,-3.889112919569015503e-02,-2.081199884414672852e-01,1.766323596239089966e-01,5.386206507682800293e-01,1.072898656129837036e-01,-3.980820253491401672e-02,-1.714894622564315796e-01,-4.210479855537414551e-01,-2.274338901042938232e-01,-7.977730035781860352e-02,1.240839958190917969e-01,9.522208943963050842e-03,1.549030393362045288e-01,-3.659487366676330566e-01,-5.952500924468040466e-02,4.270634949207305908e-01,-9.723816514015197754e-01,2.088669240474700928e-01,-7.771694064140319824e-01,1.001050472259521484e+00,1.130115762352943420e-01,1.125237643718719482e-01,-2.634066715836524963e-02,-2.572104334831237793e-01,-2.936955988407135010e-01,7.481064796447753906e-01,9.542163610458374023e-01,2.067729644477367401e-02,1.047154590487480164e-01,4.800892248749732971e-02
-2.238699421286582947e-02,1.061580888926982880e-02,7.785521149635314941e-01,9.885195493698120117e-01,3.415443003177642822e-02,1.399490833282470703e-01,-4.557148739695549011e-02,-2.338567823171615601e-01,1.784093528985977173e-01,5.520768165588378906e-01,1.057869046926498413e-01,-3.028962016105651855e-02,-1.731731295585632324e-01,-4.578901827335357666e-01,-2.221291661262512207e-01,-6.359406560659408569e-02,1.224336624145507812e-01,2.125981263816356659e-02,1.480476111173629761e-01,-3.932430148124694824e-01,-6.785894185304641724e-02,4.619100987911224365e-01,-1.092317342758178711e+00,2.018839865922927856e-01,-7.579801678657531738e-01,1.057412385940551758e+00,1.011102274060249329e-01,9.506681561470031738e-02,-2.275768667459487915e-02,-2.678143382072448730e-01,-3.011867403984069824e-01,7.565607428550720215e-01,9.446220397949218750e-01,3.859546408057212830e-02,9.966728836297988892e-02,3.982451185584068298e-02
-2.303320728242397308e-02,7.171380333602428436e-03,7.778596878051757812e-01,9.860678911209106445e-01,3.778942301869392395e-02,1.530440449714660645e-01,-5.310040339827537537e-02,-2.587235867977142334e-01,1.810400187969207764e-01,5.664628148078918457e-01,1.044783443212509155e-01,-2.146453782916069031e-02,-1.755799651145935059e-01,-4.952011108398437500e-01,-2.153435498476028442e-01,-4.635829478502273560e-02,1.219819858670234680e-01,3.267344087362289429e-02,1.414331942796707153e-01,-4.202824831008911133e-01,-7.851785421371459961e-02,4.916257560253143311e-01,-1.209083557128906250e+00,2.004880011081695557e-01,-7.436602115631103516e-01,1.122605800628662109e+00,8.083696663379669189e-02,7.663708925247192383e-02,-1.859970018267631531e-02,-2.783078849315643311e-01,-3.052988648414611816e-01,7.654887437820434570e-01,9.398567676544189453e-01,5.781181156635284424e-02,9.278292953968048096e-02,2.712679840624332428e-02
-2.318853139877319336e-02,3.361575305461883545e-03,7.768967151641845703e-01,9.831551313400268555e-01,4.179402813315391541e-02,1.670961081981658936e-01,-6.114031001925468445e-02,-2.847939133644104004e-01,1.842673420906066895e-01,5.818193554878234863e-01,1.033663973212242126e-01,-1.334148924797773361e-02,-1.783665120601654053e-01,-5.352452993392944336e-01,-2.075649052858352661e-01,-2.910530567169189453e-02,1.227616593241691589e-01,4.342079535126686096e-02,1.346531361341476440e-01,-4.462115764617919922e-01,-9.007337689399719238e-02,5.098711252212524414e-01,-1.316419243812561035e+00,2.038933485746383667e-01,-7.395092248916625977e-01,1.192402601242065430e+00,5.738068372011184692e-02,5.757318064570426941e-02,-1.536723412573337555e-02,-2.881289124488830566e-01,-3.040057122707366943e-01,7.782003879547119141e-01,9.431460499763488770e-01,7.569344341754913330e-02,8.599659055471420288e-02,1.300452649593353271e-02
-2.292399108409881592e-02,-9.110383689403533936e-04,7.757675647735595703e-01,9.797924757003784180e-01,4.619495570659637451e-02,1.820004731416702271e-01,-6.891003996133804321e-02,-3.121659755706787109e-01,1.875860244035720825e-01,5.964899659156799316e-01,1.021385937929153442e-01,-4.496817477047443390e-03,-1.813798397779464722e-01,-5.773218274116516113e-01,-1.994620412588119507e-01,-1.286348327994346619e-02,1.251129806041717529e-01,5.273871496319770813e-02,1.276999711990356445e-01,-4.724116623401641846e-01,-1.026535779237747192e-01,5.200368165969848633e-01,-1.413929462432861328e+00,2.123173624277114868e-01,-7.496660947799682617e-01,1.262434244155883789e+00,3.572911396622657776e-02,3.898560255765914917e-02,-1.441602036356925964e-02,-2.982248663902282715e-01,-2.974715232849121094e-01,7.950327992439270020e-01,9.526572227478027344e-01,9.062964469194412231e-02,7.925447076559066772e-02,-3.293922054581344128e-04
-2.233615890145301819e-02,-5.573704373091459274e-03,7.745828032493591309e-01,9.761599898338317871e-01,5.086003616452217102e-02,1.968546211719512939e-01,-7.598158717155456543e-02,-3.389583826065063477e-01,1.909593939781188965e-01,6.095505952835083008e-01,1.007452830672264099e-01,5.731533747166395187e-03,-1.847097724676132202e-01,-6.192466020584106445e-01,-1.910461336374282837e-01,2.997192787006497383e-03,1.298809051513671875e-01,5.938119068741798401e-02,1.203172132372856140e-01,-4.986658394336700439e-01,-1.158836930990219116e-01,5.257291197776794434e-01,-1.502107381820678711e+00,2.243601530790328979e-01,-7.736417055130004883e-01,1.329410314559936523e+00,1.942549459636211395e-02,2.081332355737686157e-02,-1.702451705932617188e-02,-3.092863857746124268e-01,-2.864560186862945557e-01,8.152042627334594727e-01,9.672647118568420410e-01,1.003146991133689880e-01,7.285137474536895752e-02,-1.243508793413639069e-02
-2.153197862207889557e-02,-1.049465127289295197e-02,7.734954953193664551e-01,9.724344015121459961e-01,5.571665614843368530e-02,2.111578583717346191e-01,-8.172725141048431396e-02,-3.653983473777770996e-01,1.940362453460693359e-01,6.196224093437194824e-01,9.941488504409790039e-02,1.822968944907188416e-02,-1.878544241189956665e-01,-6.594828367233276367e-01,-1.831713318824768066e-01,1.755126006901264191e-02,1.360409110784530640e-01,6.438516080379486084e-02,1.128735393285751343e-01,-5.246316790580749512e-01,-1.289194375276565552e-01,5.287575721740722656e-01,-1.580482482910156250e+00,2.380687743425369263e-01,-8.067958354949951172e-01,1.390852332115173340e+00,8.014650084078311920e-03,4.465457517653703690e-03,-2.143590338528156281e-02,-3.207566440105438232e-01,-2.710158228874206543e-01,8.374258875846862793e-01,9.879996180534362793e-01,1.040826365351676941e-01,6.689645349979400635e-02,-2.404200099408626556e-02
-2.054623328149318695e-02,-1.557659730315208435e-02,7.725746035575866699e-01,9.686825871467590332e-01,6.084249541163444519e-02,2.247581779956817627e-01,-8.623266220092773438e-02,-3.911968469619750977e-01,1.963690370321273804e-01,6.273022294044494629e-01,9.783542901277542114e-02,3.264319896697998047e-02,-1.916486471891403198e-01,-6.979782581329345703e-01,-1.763721108436584473e-01,3.017208166420459747e-02,1.436003595590591431e-01,6.743654608726501465e-02,1.050536334514617920e-01,-5.505514144897460938e-01,-1.422968506813049316e-01,5.303186178207397461e-01,-1.652699470520019531e+00,2.518313229084014893e-01,-8.462331891059875488e-01,1.446739673614501953e+00,-2.372666029259562492e-03,-1.000138837844133377e-02,-2.674713730812072754e-02,-3.325607776641845703e-01,-2.507418096065521240e-01,8.631095886230468750e-01,1.016582489013671875e+00,1.017268747091293335e-01,6.086309626698493958e-02,-3.425503894686698914e-02
-1.899276487529277802e-02,-2.137102931737899780e-02,7.717967629432678223e-01,9.648898839950561523e-01,6.618372350931167603e-02,2.378310114145278931e-01,-8.968649059534072876e-02,-4.158556759357452393e-01,1.978568285703659058e-01,6.324509978294372559e-01,9.594167023897171021e-02,4.919749870896339417e-02,-1.961121112108230591e-01,-7.343761920928955078e-01,-1.711531728506088257e-01,4.003363847732543945e-02,1.519160866737365723e-01,6.917933374643325806e-02,9.674064069986343384e-02,-5.762076377868652344e-01,-1.558180749416351318e-01,5.309685468673706055e-01,-1.719645023345947266e+00,2.642556428909301758e-01,-8.900297284126281738e-01,1.497284770011901855e+00,-1.298757642507553101e-02,-2.345727570354938507e-02,-3.247011825442314148e-02,-3.450427353382110596e-01,-2.262496352195739746e-01,8.933869004249572754e-01,1.054372072219848633e+00,9.438594430685043335e-02,5.553567409515380859e-02,-4.159162193536758423e-02
-1.711929962038993835e-02,-2.659133635461330414e-02,7.711066603660583496e-01,9.608828425407409668e-01,7.185968756675720215e-02,2.508815228939056396e-01,-9.273024648427963257e-02,-4.401209950447082520e-01,1.979250907897949219e-01,6.359964609146118164e-01,9.321073442697525024e-02,6.712794303894042969e-02,-2.006895393133163452e-01,-7.693929672241210938e-01,-1.670501977205276489e-01,4.912012815475463867e-02,1.598164141178131104e-01,7.046497613191604614e-02,8.818627893924713135e-02,-6.013405919075012207e-01,-1.694208532571792603e-01,5.313829779624938965e-01,-1.780547380447387695e+00,2.756479680538177490e-01,-9.370443820953369141e-01,1.543792486190795898e+00,-2.837747521698474884e-02,-3.675939142704010010e-02,-3.943595662713050842e-02,-3.593015670776367188e-01,-1.972335875034332275e-01,9.275400638580322266e-01,1.102593898773193359e+00,8.293589204549789429e-02,5.241116136312484741e-02,-4.492646083235740662e-02
-1.467247027903795242e-02,-3.173166513442993164e-02,7.706936597824096680e-01,9.566971063613891602e-01,7.802936434745788574e-02,2.636424899101257324e-01,-9.557531028985977173e-02,-4.640555083751678467e-01,1.963420659303665161e-01,6.375737786293029785e-01,9.040696918964385986e-02,8.632976561784744263e-02,-2.040111273527145386e-01,-8.013188242912292480e-01,-1.643073558807373047e-01,5.772336199879646301e-02,1.642785966396331787e-01,7.248841971158981323e-02,7.969971746206283569e-02,-6.259872913360595703e-01,-1.830729991197586060e-01,5.320603251457214355e-01,-1.835488080978393555e+00,2.869314253330230713e-01,-9.826201796531677246e-01,1.582543969154357910e+00,-5.462243407964706421e-02,-4.914924502372741699e-02,-4.815056174993515015e-02,-3.754543662071228027e-01,-1.654692888259887695e-01,9.610878229141235352e-01,1.156681537628173828e+00,6.926953792572021484e-02,5.055572837591171265e-02,-4.391017928719520569e-02
-1.168163400143384933e-02,-3.663278371095657349e-02,7.707161903381347656e-01,9.524915814399719238e-01,8.458358794450759888e-02,2.754791676998138428e-01,-9.857288002967834473e-02,-4.853830635547637939e-01,1.936834901571273804e-01,6.388667821884155273e-01,8.719918131828308105e-02,1.078780293464660645e-01,-2.070941925048828125e-01,-8.277514576911926270e-01,-1.628571748733520508e-01,6.545221060514450073e-02,1.617260426282882690e-01,7.754485309123992920e-02,7.205069065093994141e-02,-6.488084197044372559e-01,-1.957467645406723022e-01,5.325347185134887695e-01,-1.887287855148315430e+00,2.968125641345977783e-01,-1.018519997596740723e+00,1.609203100204467773e+00,-9.375210851430892944e-02,-6.037917733192443848e-02,-5.764464288949966431e-02,-3.916596174240112305e-01,-1.357316970825195312e-01,9.883943200111389160e-01,1.208868503570556641e+00,5.600400641560554504e-02,4.835170134902000427e-02,-4.053485393524169922e-02
-8.400741964578628540e-03,-4.099592193961143494e-02,7.712386250495910645e-01,9.486188888549804688e-01,9.131594002246856689e-02,2.854465246200561523e-01,-1.015079468488693237e-01,-5.021123290061950684e-01,1.899331063032150269e-01,6.379244923591613770e-01,8.406224846839904785e-02,1.330282539129257202e-01,-2.115302532911300659e-01,-8.479538559913635254e-01,-1.637265086174011230e-01,7.120092213153839111e-02,1.555138975381851196e-01,8.444961905479431152e-02,6.570392847061157227e-02,-6.696344614028930664e-01,-2.087758332490921021e-01,5.329439640045166016e-01,-1.938830018043518066e+00,3.049812614917755127e-01,-1.044179797172546387e+00,1.623685956001281738e+00,-1.424084305763244629e-01,-7.191087305545806885e-02,-6.332466751337051392e-02,-4.065312445163726807e-01,-1.108107194304466248e-01,1.007228970527648926e+00,1.251021623611450195e+00,4.662205651402473450e-02,4.425057768821716309e-02,-3.911837935447692871e-02
-4.991239402443170547e-03,-4.466603696346282959e-02,7.718664407730102539e-01,9.449242353439331055e-01,9.828156232833862305e-02,2.942101061344146729e-01,-1.044000983238220215e-01,-5.157902836799621582e-01,1.848638355731964111e-01,6.364302039146423340e-01,8.121082186698913574e-02,1.588464975357055664e-01,-2.164586633443832397e-01,-8.651494979858398438e-01,-1.663493067026138306e-01,7.721783220767974854e-02,1.491892188787460327e-01,9.100006520748138428e-02,6.064879894256591797e-02,-6.893836259841918945e-01,-2.223638892173767090e-01,5.332218408584594727e-01,-1.989260554313659668e+00,3.117209076881408691e-01,-1.066244602203369141e+00,1.634017109870910645e+00,-1.963193416595458984e-01,-8.410358428955078125e-02,-6.688978523015975952e-02,-4.221677184104919434e-01,-8.957908302545547485e-02,1.020606994628906250e+00,1.283176541328430176e+00,4.211805388331413269e-02,3.928337991237640381e-02,-3.880967572331428528e-02
-1.363331219181418419e-03,-4.789456725120544434e-02,7.725141644477844238e-01,9.413148760795593262e-01,1.054218709468841553e-01,3.021708130836486816e-01,-1.072629019618034363e-01,-5.283414125442504883e-01,1.788932830095291138e-01,6.360813379287719727e-01,7.908587902784347534e-02,1.836841106414794922e-01,-2.201691269874572754e-01,-8.811237812042236328e-01,-1.697585731744766235e-01,8.459133654832839966e-02,1.443673074245452881e-01,9.684590995311737061e-02,5.657536536455154419e-02,-7.081941962242126465e-01,-2.354717254638671875e-01,5.335421562194824219e-01,-2.039538621902465820e+00,3.168819546699523926e-01,-1.088190793991088867e+00,1.643168449401855469e+00,-2.527999579906463623e-01,-9.699457883834838867e-02,-6.867342442274093628e-02,-4.391578137874603271e-01,-7.165069133043289185e-02,1.030627369880676270e+00,1.307077646255493164e+00,4.166699573397636414e-02,3.371719643473625183e-02,-3.800550848245620728e-02
2.624836284667253494e-03,-5.101482942700386047e-02,7.732907533645629883e-01,9.378005862236022949e-01,1.126638129353523254e-01,3.093748986721038818e-01,-1.101095750927925110e-01,-5.399589538574218750e-01,1.721210032701492310e-01,6.362882256507873535e-01,7.739315927028656006e-02,2.079416811466217041e-01,-2.239179015159606934e-01,-8.959258794784545898e-01,-1.737870424985885620e-01,9.252575784921646118e-02,1.409722119569778442e-01,1.020022630691528320e-01,5.295776575803756714e-02,-7.265337109565734863e-01,-2.479551583528518677e-01,5.340983271598815918e-01,-2.089983224868774414e+00,3.206816017627716064e-01,-1.109054803848266602e+00,1.651656031608581543e+00,-3.131794631481170654e-01,-1.096811369061470032e-01,-6.699658930301666260e-02,-4.562598466873168945e-01,-5.637281388044357300e-02,1.039624333381652832e+00,1.326973080635070801e+00,4.344044625759124756e-02,2.665867842733860016e-02,-3.809257224202156067e-02
6.896265316754579544e-03,-5.394538491964340210e-02,7.741523981094360352e-01,9.343300461769104004e-01,1.199699863791465759e-01,3.160262703895568848e-01,-1.129687950015068054e-01,-5.511174201965332031e-01,1.648240685462951660e-01,6.380010247230529785e-01,7.643935084342956543e-02,2.309254705905914307e-01,-2.270399779081344604e-01,-9.112014770507812500e-01,-1.780377179384231567e-01,1.010482609272003174e-01,1.405777037143707275e-01,1.060721576213836670e-01,4.970775544643402100e-02,-7.442464828491210938e-01,-2.594357728958129883e-01,5.350980162620544434e-01,-2.140953302383422852e+00,3.237783610820770264e-01,-1.130533933639526367e+00,1.659046173095703125e+00,-3.735508620738983154e-01,-1.226962581276893616e-01,-6.182160228490829468e-02,-4.742270112037658691e-01,-4.281491786241531372e-02,1.048022031784057617e+00,1.345881581306457520e+00,4.572595655918121338e-02,1.908284611999988556e-02,-3.739481046795845032e-02
1.126637868583202362e-02,-5.650566518306732178e-02,7.750207185745239258e-01,9.310076236724853516e-01,1.271528899669647217e-01,3.219709098339080811e-01,-1.157225519418716431e-01,-5.603337287902832031e-01,1.567273586988449097e-01,6.399723887443542480e-01,7.580503821372985840e-02,2.525885403156280518e-01,-2.294037193059921265e-01,-9.260307550430297852e-01,-1.829993128776550293e-01,1.098705083131790161e-01,1.418427526950836182e-01,1.095298379659652710e-01,4.755830764770507812e-02,-7.601248025894165039e-01,-2.682709097862243652e-01,5.361750721931457520e-01,-2.191834926605224609e+00,3.247576653957366943e-01,-1.150835156440734863e+00,1.665443181991577148e+00,-4.267940819263458252e-01,-1.363131403923034668e-01,-5.227007344365119934e-02,-4.923036694526672363e-01,-3.219686821103096008e-02,1.056133270263671875e+00,1.363036990165710449e+00,4.760273173451423645e-02,1.130607258528470993e-02,-3.662686422467231750e-02
1.549642905592918396e-02,-5.849692597985267639e-02,7.759392261505126953e-01,9.277299642562866211e-01,1.342521458864212036e-01,3.275197744369506836e-01,-1.184242516756057739e-01,-5.689615607261657715e-01,1.480536460876464844e-01,6.417950391769409180e-01,7.582811266183853149e-02,2.729244828224182129e-01,-2.304963320493698120e-01,-9.411343932151794434e-01,-1.883258670568466187e-01,1.188727840781211853e-01,1.449662595987319946e-01,1.126504391431808472e-01,4.628053680062294006e-02,-7.745791673660278320e-01,-2.749991416931152344e-01,5.373231768608093262e-01,-2.242323637008666992e+00,3.243184387683868408e-01,-1.172527790069580078e+00,1.670157670974731445e+00,-4.725703597068786621e-01,-1.498951762914657593e-01,-3.949385508894920349e-02,-5.108292102813720703e-01,-2.405537664890289307e-02,1.063007712364196777e+00,1.379042506217956543e+00,5.046067759394645691e-02,3.417036496102809906e-03,-3.543821722269058228e-02
1.940695382654666901e-02,-5.980505049228668213e-02,7.768750786781311035e-01,9.246594309806823730e-01,1.409042924642562866e-01,3.324443399906158447e-01,-1.209616065025329590e-01,-5.760043859481811523e-01,1.392056643962860107e-01,6.434495449066162109e-01,7.569869607686996460e-02,2.912730872631072998e-01,-2.315278053283691406e-01,-9.552336335182189941e-01,-1.939683705568313599e-01,1.276608556509017944e-01,1.489414572715759277e-01,1.160329282283782959e-01,4.531328380107879639e-02,-7.876338958740234375e-01,-2.796619534492492676e-01,5.381697416305541992e-01,-2.290004253387451172e+00,3.226925730705261230e-01,-1.194090485572814941e+00,1.674961447715759277e+00,-5.119720101356506348e-01,-1.636235117912292480e-01,-2.328364178538322449e-02,-5.280792117118835449e-01,-1.778943277895450592e-02,1.070285677909851074e+00,1.393133759498596191e+00,5.303251743316650391e-02,-4.823916126042604446e-03,-3.418442234396934509e-02
2.297898754477500916e-02,-6.057637184858322144e-02,7.779047489166259766e-01,9.219006299972534180e-01,1.470625996589660645e-01,3.365448415279388428e-01,-1.233263313770294189e-01,-5.816230773925781250e-01,1.304507851600646973e-01,6.455282568931579590e-01,7.518877834081649780e-02,3.069882988929748535e-01,-2.319292873144149780e-01,-9.681494832038879395e-01,-1.995522677898406982e-01,1.361340284347534180e-01,1.533694416284561157e-01,1.192635446786880493e-01,4.466947913169860840e-02,-8.001679778099060059e-01,-2.843331098556518555e-01,5.388818979263305664e-01,-2.332024812698364258e+00,3.214463889598846436e-01,-1.216308593750000000e+00,1.679576873779296875e+00,-5.456356406211853027e-01,-1.761151999235153198e-01,-4.357652738690376282e-03,-5.437868237495422363e-01,-1.252004131674766541e-02,1.076565027236938477e+00,1.404572248458862305e+00,5.640415847301483154e-02,-1.277417037636041641e-02,-3.247115015983581543e-02
2.621318027377128601e-02,-6.101496517658233643e-02,7.790153026580810547e-01,9.195443987846374512e-01,1.526062339544296265e-01,3.397967815399169922e-01,-1.252503395080566406e-01,-5.862609744071960449e-01,1.219672784209251404e-01,6.468318104743957520e-01,7.421313971281051636e-02,3.200647532939910889e-01,-2.330725938081741333e-01,-9.799559712409973145e-01,-2.051220536231994629e-01,1.438313424587249756e-01,1.592101156711578369e-01,1.227174326777458191e-01,4.434138908982276917e-02,-8.117333650588989258e-01,-2.883379757404327393e-01,5.397120118141174316e-01,-2.367868423461914062e+00,3.216556012630462646e-01,-1.236827135086059570e+00,1.682154297828674316e+00,-5.732782483100891113e-01,-1.888203471899032593e-01,1.867276802659034729e-02,-5.573844909667968750e-01,-8.035659790039062500e-03,1.081739306449890137e+00,1.414649248123168945e+00,5.881100520491600037e-02,-2.075058408081531525e-02,-3.162366151809692383e-02
2.910622023046016693e-02,-6.138535588979721069e-02,7.801828980445861816e-01,9.176483154296875000e-01,1.575607955455780029e-01,3.422485589981079102e-01,-1.263407617807388306e-01,-5.899116396903991699e-01,1.136857643723487854e-01,6.466714143753051758e-01,7.316860556602478027e-02,3.327887654304504395e-01,-2.337100207805633545e-01,-9.908106923103332520e-01,-2.106984406709671021e-01,1.507084220647811890e-01,1.669141054153442383e-01,1.261054575443267822e-01,4.435107111930847168e-02,-8.226327300071716309e-01,-2.914330065250396729e-01,5.402675271034240723e-01,-2.398849248886108398e+00,3.224563002586364746e-01,-1.253591775894165039e+00,1.681713581085205078e+00,-5.945528745651245117e-01,-2.015234827995300293e-01,4.732610285282135010e-02,-5.700141191482543945e-01,-4.684516694396734238e-03,1.084783792495727539e+00,1.423293948173522949e+00,5.887486040592193604e-02,-2.849962748587131500e-02,-3.227102383971214294e-02
3.169488161802291870e-02,-6.175544112920761108e-02,7.813906669616699219e-01,9.163096547126770020e-01,1.617688685655593872e-01,3.439172506332397461e-01,-1.262077987194061279e-01,-5.936716794967651367e-01,1.054755970835685730e-01,6.439704895019531250e-01,7.238586246967315674e-02,3.446377515792846680e-01,-2.341749519109725952e-01,-1.000003337860107422e+00,-2.164600342512130737e-01,1.558065265417098999e-01,1.765544265508651733e-01,1.285611242055892944e-01,4.440064728260040283e-02,-8.326787948608398438e-01,-2.930228710174560547e-01,5.408486127853393555e-01,-2.424596786499023438e+00,3.229071199893951416e-01,-1.266665697097778320e+00,1.679025769233703613e+00,-6.116647124290466309e-01,-2.133150100708007812e-01,8.041965216398239136e-02,-5.811094045639038086e-01,-2.162163844332098961e-03,1.085946917533874512e+00,1.431534647941589355e+00,5.843976512551307678e-02,-3.592673316597938538e-02,-3.402810171246528625e-02
3.388817608356475830e-02,-6.210972368717193604e-02,7.824885845184326172e-01,9.157141447067260742e-01,1.650059223175048828e-01,3.446510434150695801e-01,-1.243233457207679749e-01,-5.974753499031066895e-01,9.750982373952865601e-02,6.377639770507812500e-01,7.258342206478118896e-02,3.561030924320220947e-01,-2.339607924222946167e-01,-1.007201671600341797e+00,-2.231674939393997192e-01,1.577636003494262695e-01,1.892782300710678101e-01,1.282655000686645508e-01,4.424056783318519592e-02,-8.424259424209594727e-01,-2.930306494235992432e-01,5.412709712982177734e-01,-2.445307731628417969e+00,3.221537470817565918e-01,-1.275277733802795410e+00,1.675254225730895996e+00,-6.223190426826477051e-01,-2.233853489160537720e-01,1.154836341738700867e-01,-5.912740826606750488e-01,1.459117047488689423e-04,1.086821556091308594e+00,1.439258694648742676e+00,5.874639376997947693e-02,-4.260137677192687988e-02,-3.742646425962448120e-02
3.563714027404785156e-02,-6.235515698790550232e-02,7.833557724952697754e-01,9.158049821853637695e-01,1.676581948995590210e-01,3.440577089786529541e-01,-1.217218562960624695e-01,-5.977692604064941406e-01,8.940497040748596191e-02,6.307831406593322754e-01,7.272544503211975098e-02,3.655879497528076172e-01,-2.338201254606246948e-01,-1.011806249618530273e+00,-2.306928783655166626e-01,1.585837155580520630e-01,2.049140781164169312e-01,1.230624765157699585e-01,4.379934817552566528e-02,-8.518376946449279785e-01,-2.933294177055358887e-01,5.414778590202331543e-01,-2.460715293884277344e+00,3.193978965282440186e-01,-1.278160810470581055e+00,1.674006581306457520e+00,-6.261872053146362305e-01,-2.306304126977920532e-01,1.478405147790908813e-01,-6.007252931594848633e-01,2.598973689600825310e-03,1.091095447540283203e+00,1.446182489395141602e+00,6.181837618350982666e-02,-4.766375944018363953e-02,-4.214940592646598816e-02
3.685903176665306091e-02,-6.239258497953414917e-02,7.841132879257202148e-01,9.165773987770080566e-01,1.701318025588989258e-01,3.416010439395904541e-01,-1.193725317716598511e-01,-5.926244854927062988e-01,8.114799112081527710e-02,6.257566213607788086e-01,7.248444110155105591e-02,3.701094686985015869e-01,-2.332750111818313599e-01,-1.014579772949218750e+00,-2.383584976196289062e-01,1.595520526170730591e-01,2.251593917608261108e-01,1.131367161870002747e-01,4.246792942285537720e-02,-8.594829440116882324e-01,-2.948956787586212158e-01,5.418444871902465820e-01,-2.467444658279418945e+00,3.148612082004547119e-01,-1.275428056716918945e+00,1.675008058547973633e+00,-6.278171539306640625e-01,-2.355620712041854858e-01,1.748718023300170898e-01,-6.103114485740661621e-01,5.346654448658227921e-03,1.100049495697021484e+00,1.452402710914611816e+00,6.636995077133178711e-02,-5.105853453278541565e-02,-4.916741698980331421e-02
3.724664822220802307e-02,-6.235762685537338257e-02,7.849696278572082520e-01,9.181184768676757812e-01,1.724644601345062256e-01,3.372850716114044189e-01,-1.164181753993034363e-01,-5.832936763763427734e-01,7.268866151571273804e-02,6.197715997695922852e-01,7.195344567298889160e-02,3.725454211235046387e-01,-2.329274415969848633e-01,-1.016213059425354004e+00,-2.466681450605392456e-01,1.593347191810607910e-01,2.517526149749755859e-01,1.008589416742324829e-01,3.935230150818824768e-02,-8.645933270454406738e-01,-2.952634394168853760e-01,5.426430702209472656e-01,-2.463603973388671875e+00,3.070686161518096924e-01,-1.261615633964538574e+00,1.669684529304504395e+00,-6.303415298461914062e-01,-2.424515485763549805e-01,2.081272453069686890e-01,-6.183260083198547363e-01,7.109239231795072556e-03,1.108419299125671387e+00,1.457757830619812012e+00,6.853116303682327271e-02,-5.380728095769882202e-02,-5.741043388843536377e-02
3.649332001805305481e-02,-6.289659440517425537e-02,7.859769463539123535e-01,9.207311272621154785e-01,1.740837097167968750e-01,3.317466974258422852e-01,-1.090558543801307678e-01,-5.743568539619445801e-01,6.376355141401290894e-02,6.040015220642089844e-01,7.277114689350128174e-02,3.781839311122894287e-01,-2.338737100362777710e-01,-1.015141844749450684e+00,-2.588909566402435303e-01,1.524041444063186646e-01,2.839527130126953125e-01,8.705601841211318970e-02,3.462649136781692505e-02,-8.690814375877380371e-01,-2.880108654499053955e-01,5.446761250495910645e-01,-2.447658538818359375e+00,2.941465973854064941e-01,-1.230147719383239746e+00,1.645337939262390137e+00,-6.318650841712951660e-01,-2.544035613536834717e-01,2.678374648094177246e-01,-6.195504069328308105e-01,4.525162745267152786e-03,1.111256122589111328e+00,1.463831424713134766e+00,6.628271937370300293e-02,-5.574205145239830017e-02,-6.124148145318031311e-02
3.426266089081764221e-02,-6.485874950885772705e-02,7.872967123985290527e-01,9.250788092613220215e-01,1.730606704950332642e-01,3.264373242855072021e-01,-8.785045892000198364e-02,-5.798435211181640625e-01,5.244764313101768494e-02,5.581628680229187012e-01,8.055062592029571533e-02,4.019437432289123535e-01,-2.360467165708541870e-01,-1.009788751602172852e+00,-2.853806912899017334e-01,1.225197166204452515e-01,3.190317451953887939e-01,7.106591761112213135e-02,2.902197279036045074e-02,-8.838224411010742188e-01,-2.659871280193328857e-01,5.480672121047973633e-01,-2.426057815551757812e+00,2.774977684020996094e-01,-1.184849023818969727e+00,1.599221944808959961e+00,-6.330574750900268555e-01,-2.689518034458160400e-01,3.672039806842803955e-01,-6.126893162727355957e-01,8.363952510990202427e-04,1.108055114746093750e+00,1.472167611122131348e+00,6.180332973599433899e-02,-5.582041293382644653e-02,-6.280561536550521851e-02
3.052763640880584717e-02,-6.728212535381317139e-02,7.885556221008300781e-01,9.309767484664916992e-01,1.670943796634674072e-01,3.212094008922576904e-01,-4.675808176398277283e-02,-6.082251667976379395e-01,3.936588019132614136e-02,4.728617668151855469e-01,1.079009398818016052e-01,4.435792863368988037e-01,-2.366648316383361816e-01,-9.917380809783935547e-01,-3.284837603569030762e-01,7.155411690473556519e-02,3.545489907264709473e-01,5.057614669203758240e-02,2.102915383875370026e-02,-9.207742810249328613e-01,-2.315363138914108276e-01,5.510787367820739746e-01,-2.398567199707031250e+00,2.574394643306732178e-01,-1.158298492431640625e+00,1.560554623603820801e+00,-6.324971318244934082e-01,-2.745155990123748779e-01,4.815366566181182861e-01,-5.997821092605590820e-01,1.000340469181537628e-02,1.103063106536865234e+00,1.480823874473571777e+00,5.017020925879478455e-02,-4.443915560841560364e-02,-5.762970820069313049e-02
2.713936753571033478e-02,-6.854232400655746460e-02,7.879953384399414062e-01,9.354764223098754883e-01,1.588919311761856079e-01,3.155657351016998291e-01,-7.448538206517696381e-03,-6.464122533798217773e-01,2.656748518347740173e-02,3.718044161796569824e-01,1.418865323066711426e-01,4.860298931598663330e-01,-2.360560446977615356e-01,-9.731681942939758301e-01,-3.731068372726440430e-01,4.836314823478460312e-03,3.875163197517395020e-01,3.107983618974685669e-02,3.375453129410743713e-02,-9.645938277244567871e-01,-1.979427784681320190e-01,5.519126057624816895e-01,-2.395700454711914062e+00,2.705089449882507324e-01,-1.168698549270629883e+00,1.532742738723754883e+00,-6.389929056167602539e-01,-2.652937173843383789e-01,5.298475623130798340e-01,-5.969566702842712402e-01,3.535538539290428162e-02,1.100600719451904297e+00,1.497514963150024414e+00,6.430725008249282837e-02,-5.953874066472053528e-02,-7.961497455835342407e-02
2.760388143360614777e-02,-6.929242610931396484e-02,7.879080772399902344e-01,9.364958405494689941e-01,1.590518057346343994e-01,3.119966089725494385e-01,-1.833499036729335785e-02,-6.270185708999633789e-01,3.577583655714988708e-02,4.201179444789886475e-01,1.229668706655502319e-01,4.809442460536956787e-01,-2.409026920795440674e-01,-9.547795653343200684e-01,-3.624051809310913086e-01,2.138909138739109039e-02,3.595608174800872803e-01,2.537312172353267670e-02,4.147788882255554199e-02,-9.486525058746337891e-01,-2.085060924291610718e-01,5.526261925697326660e-01,-2.407503843307495117e+00,2.592041790485382080e-01,-1.198791742324829102e+00,1.591099381446838379e+00,-5.629351139068603516e-01,-2.647939622402191162e-01,4.848688244819641113e-01,-6.128807067871093750e-01,5.429388582706451416e-02,1.110509514808654785e+00,1.523887395858764648e+00,5.364521220326423645e-02,-5.800473690032958984e-02,-1.012737751007080078e-01
2.820840477943420410e-02,-6.689272820949554443e-02,7.876207828521728516e-01,9.362851977348327637e-01,1.628215163946151733e-01,3.076794445514678955e-01,-4.682663828134536743e-02,-5.827380418777465820e-01,4.447853192687034607e-02,4.843989312648773193e-01,9.950476139783859253e-02,4.449300169944763184e-01,-2.438753247261047363e-01,-9.431468844413757324e-01,-3.341152966022491455e-01,6.436374783515930176e-02,3.292917013168334961e-01,2.983576804399490356e-02,4.897511005401611328e-02,-9.171839356422424316e-01,-2.281654328107833862e-01,5.472206473350524902e-01,-2.401663780212402344e+00,2.604646086692810059e-01,-1.225427031517028809e+00,1.673237323760986328e+00,-5.189085006713867188e-01,-2.432149499654769897e-01,3.605514466762542725e-01,-6.397284865379333496e-01,6.725227832794189453e-02,1.133417844772338867e+00,1.525663137435913086e+00,5.109188705682754517e-02,-5.047548562288284302e-02,-1.541287899017333984e-01
2.866535633802413940e-02,-6.430441141128540039e-02,7.881206870079040527e-01,9.363682270050048828e-01,1.644727289676666260e-01,3.016932606697082520e-01,-7.172466814517974854e-02,-5.369604825973510742e-01,5.210763588547706604e-02,5.345205068588256836e-01,8.240650594234466553e-02,4.007813632488250732e-01,-2.445667535066604614e-01,-9.273485541343688965e-01,-3.065373301506042480e-01,9.480036050081253052e-02,3.023620843887329102e-01,3.333650529384613037e-02,4.774252325296401978e-02,-8.884043097496032715e-01,-2.451885789632797241e-01,5.430291891098022461e-01,-2.371635913848876953e+00,2.643971145153045654e-01,-1.235468387603759766e+00,1.735079288482666016e+00,-5.102845430374145508e-01,-2.148049026727676392e-01,2.415889203548431396e-01,-6.614035367965698242e-01,7.856816798448562622e-02,1.147019982337951660e+00,1.502787113189697266e+00,4.711449891328811646e-02,-4.258150607347488403e-02,-1.905661225318908691e-01
2.906925603747367859e-02,-6.273227930068969727e-02,7.895895242691040039e-01,9.378202557563781738e-01,1.661266833543777466e-01,2.921606898307800293e-01,-8.681696653366088867e-02,-4.997555911540985107e-01,5.469166114926338196e-02,5.684306025505065918e-01,7.336603105068206787e-02,3.829425573348999023e-01,-2.396536618471145630e-01,-9.036359190940856934e-01,-2.942960262298583984e-01,1.126713827252388000e-01,2.825204432010650635e-01,3.805600851774215698e-02,4.407164081931114197e-02,-8.753724694252014160e-01,-2.690015733242034912e-01,5.386388301849365234e-01,-2.333886384963989258e+00,2.700670063495635986e-01,-1.219456911087036133e+00,1.746361970901489258e+00,-4.855064749717712402e-01,-1.998173147439956665e-01,1.995654404163360596e-01,-6.704444885253906250e-01,8.096235245466232300e-02,1.143208861351013184e+00,1.457926750183105469e+00,4.611621052026748657e-02,-5.164561420679092407e-02,-1.925004422664642334e-01
2.843103371560573578e-02,-6.129294633865356445e-02,7.916886210441589355e-01,9.411300420761108398e-01,1.664604395627975464e-01,2.804140746593475342e-01,-8.906805515289306641e-02,-4.727971851825714111e-01,4.784655943512916565e-02,5.704894065856933594e-01,6.889596581459045410e-02,3.907193541526794434e-01,-2.366340160369873047e-01,-8.714987635612487793e-01,-3.029483258724212646e-01,1.101749837398529053e-01,2.700223922729492188e-01,4.152761027216911316e-02,4.128161072731018066e-02,-8.693842887878417969e-01,-2.867400050163269043e-01,5.365496873855590820e-01,-2.295763492584228516e+00,2.744573056697845459e-01,-1.188086748123168945e+00,1.731890916824340820e+00,-4.485940635204315186e-01,-1.891992241144180298e-01,1.942951530218124390e-01,-6.733152270317077637e-01,7.401125133037567139e-02,1.124825239181518555e+00,1.410016536712646484e+00,4.822685569524765015e-02,-6.337685883045196533e-02,-1.895019263029098511e-01
2.671808004379272461e-02,-5.976491421461105347e-02,7.935184836387634277e-01,9.445472359657287598e-01,1.650997400283813477e-01,2.712785005569458008e-01,-8.354930579662322998e-02,-4.587989449501037598e-01,4.088981449604034424e-02,5.589172840118408203e-01,6.938169896602630615e-02,3.988627493381500244e-01,-2.325868010520935059e-01,-8.476831316947937012e-01,-3.164502084255218506e-01,9.731768071651458740e-02,2.703140377998352051e-01,3.953559696674346924e-02,4.025346040725708008e-02,-8.553187847137451172e-01,-2.835342884063720703e-01,5.369471907615661621e-01,-2.246712207794189453e+00,2.669968307018280029e-01,-1.154398798942565918e+00,1.720654726028442383e+00,-4.014597237110137939e-01,-1.747612655162811279e-01,1.788481622934341431e-01,-6.788120865821838379e-01,6.524575501680374146e-02,1.102241754531860352e+00,1.382111191749572754e+00,4.443434253334999084e-02,-6.230168417096138000e-02,-1.886679530143737793e-01
2.445289678871631622e-02,-5.812498554587364197e-02,7.953395843505859375e-01,9.481164813041687012e-01,1.628079712390899658e-01,2.625460922718048096e-01,-7.508805394172668457e-02,-4.483151137828826904e-01,3.529371693730354309e-02,5.464366674423217773e-01,7.232511788606643677e-02,4.037983715534210205e-01,-2.246908098459243774e-01,-8.263521790504455566e-01,-3.303551673889160156e-01,8.127528429031372070e-02,2.766790986061096191e-01,3.675597906112670898e-02,3.985367715358734131e-02,-8.322475552558898926e-01,-2.687120139598846436e-01,5.385001301765441895e-01,-2.184527397155761719e+00,2.499027699232101440e-01,-1.112073659896850586e+00,1.705041885375976562e+00,-3.428263664245605469e-01,-1.566173285245895386e-01,1.603523492813110352e-01,-6.805698275566101074e-01,4.870266839861869812e-02,1.075679779052734375e+00,1.361225128173828125e+00,3.722364082932472229e-02,-5.450855195522308350e-02,-1.880315989255905151e-01
2.147017791867256165e-02,-5.621518194675445557e-02,7.969644069671630859e-01,9.520838260650634766e-01,1.591449379920959473e-01,2.534661293029785156e-01,-6.296225637197494507e-02,-4.403060972690582275e-01,3.034109249711036682e-02,5.286374092102050781e-01,7.601856440305709839e-02,4.096016585826873779e-01,-2.160078138113021851e-01,-8.040581941604614258e-01,-3.450875282287597656e-01,5.941539257764816284e-02,2.887976467609405518e-01,3.174499794840812683e-02,3.964679315686225891e-02,-8.028646707534790039e-01,-2.429179698228836060e-01,5.401412844657897949e-01,-2.106232404708862305e+00,2.260951995849609375e-01,-1.055021047592163086e+00,1.675079584121704102e+00,-2.726068496704101562e-01,-1.382512450218200684e-01,1.465809047222137451e-01,-6.728461384773254395e-01,2.221507951617240906e-02,1.039977788925170898e+00,1.340854644775390625e+00,2.699754200875759125e-02,-4.511096701025962830e-02,-1.852077841758728027e-01
1.788913458585739136e-02,-5.376917123794555664e-02,7.980341315269470215e-01,9.563244581222534180e-01,1.536341458559036255e-01,2.438647449016571045e-01,-4.868438839912414551e-02,-4.326001107692718506e-01,2.712018601596355438e-02,5.065323710441589355e-01,7.908148318529129028e-02,4.129135012626647949e-01,-2.102241963148117065e-01,-7.791703343391418457e-01,-3.590578734874725342e-01,3.261063992977142334e-02,3.036438226699829102e-01,2.234440855681896210e-02,3.987454250454902649e-02,-7.695818543434143066e-01,-2.118186801671981812e-01,5.410432219505310059e-01,-2.017997264862060547e+00,1.997362375259399414e-01,-9.939610958099365234e-01,1.629520058631896973e+00,-1.944237649440765381e-01,-1.204826906323432922e-01,1.379018574953079224e-01,-6.556997299194335938e-01,-1.125707756727933884e-02,9.948885440826416016e-01,1.320150971412658691e+00,1.896025426685810089e-02,-3.646048530936241150e-02,-1.786373257637023926e-01
1.396374590694904327e-02,-5.055515095591545105e-02,7.983101606369018555e-01,9.608181715011596680e-01,1.451651155948638916e-01,2.336558401584625244e-01,-3.406536951661109924e-02,-4.221925139427185059e-01,2.935218811035156250e-02,4.849237203598022461e-01,8.068756759166717529e-02,4.091430604457855225e-01,-2.087354511022567749e-01,-7.505953907966613770e-01,-3.688347339630126953e-01,2.597176702693104744e-03,3.173723816871643066e-01,9.960924275219440460e-03,4.275407269597053528e-02,-7.309497594833374023e-01,-1.772764772176742554e-01,5.411481261253356934e-01,-1.918623328208923340e+00,1.718895137310028076e-01,-9.336656928062438965e-01,1.565909862518310547e+00,-1.157331168651580811e-01,-1.005158424377441406e-01,1.299040168523788452e-01,-6.306627392768859863e-01,-5.102006345987319946e-02,9.399895071983337402e-01,1.295303583145141602e+00,1.937265694141387939e-02,-2.852867171168327332e-02,-1.685049533843994141e-01
1.007797755300998688e-02,-4.646840691566467285e-02,7.975269556045532227e-01,9.653809666633605957e-01,1.339989304542541504e-01,2.227068841457366943e-01,-2.203517965972423553e-02,-4.087079465389251709e-01,3.970705345273017883e-02,4.725968241691589355e-01,8.338949829339981079e-02,3.960939049720764160e-01,-2.105147093534469604e-01,-7.214310765266418457e-01,-3.695804178714752197e-01,-2.606839500367641449e-02,3.285452723503112793e-01,-8.089441806077957153e-03,5.089996755123138428e-02,-6.837911009788513184e-01,-1.399898082017898560e-01,5.403354763984680176e-01,-1.808778047561645508e+00,1.474951803684234619e-01,-8.785560727119445801e-01,1.484784722328186035e+00,-3.825971484184265137e-02,-7.857466489076614380e-02,1.269564330577850342e-01,-5.959547162055969238e-01,-9.920707345008850098e-02,8.804005384445190430e-01,1.260016679763793945e+00,2.583652734756469727e-02,-2.469531074166297913e-02,-1.550935655832290649e-01
5.855177994817495346e-03,-4.153779894113540649e-02,7.956028580665588379e-01,9.699327349662780762e-01,1.207366958260536194e-01,2.108766585588455200e-01,-1.357073709368705750e-02,-3.838383257389068604e-01,5.430897697806358337e-02,4.732595682144165039e-01,8.382684737443923950e-02,3.541425764560699463e-01,-2.079920172691345215e-01,-6.847220063209533691e-01,-3.636056482791900635e-01,-5.242580547928810120e-02,3.311937451362609863e-01,-2.695109508931636810e-02,6.327310204505920410e-02,-6.271802783012390137e-01,-1.036384999752044678e-01,5.390683412551879883e-01,-1.688665628433227539e+00,1.290872842073440552e-01,-8.297369480133056641e-01,1.376946568489074707e+00,2.895225025713443756e-02,-5.287381261587142944e-02,1.179676055908203125e-01,-5.590877532958984375e-01,-1.553599238395690918e-01,8.163051605224609375e-01,1.211705446243286133e+00,3.413492813706398010e-02,-1.396051608026027679e-02,-1.429082006216049194e-01
1.599611248821020126e-03,-3.640848398208618164e-02,7.933619618415832520e-01,9.739613533020019531e-01,1.065562441945075989e-01,1.999475806951522827e-01,-8.124014362692832947e-03,-3.594509661197662354e-01,7.294776290655136108e-02,4.780880510807037354e-01,8.556269109249114990e-02,2.998209893703460693e-01,-2.047886401414871216e-01,-6.516069769859313965e-01,-3.510576188564300537e-01,-7.693555206060409546e-02,3.284118175506591797e-01,-4.365145787596702576e-02,7.687706500291824341e-02,-5.650357007980346680e-01,-6.705509126186370850e-02,5.366942286491394043e-01,-1.564079999923706055e+00,1.207086965441703796e-01,-7.936379909515380859e-01,1.249990224838256836e+00,8.667054027318954468e-02,-2.734713442623615265e-02,1.110312268137931824e-01,-5.201074481010437012e-01,-2.153715193271636963e-01,7.459699511528015137e-01,1.150332331657409668e+00,4.347930848598480225e-02,-3.496674980851821601e-05,-1.316289454698562622e-01
-2.461957745254039764e-03,-3.154768794775009155e-02,7.912207841873168945e-01,9.774366617202758789e-01,9.311225265264511108e-02,1.895696818828582764e-01,-3.308397484943270683e-03,-3.384968936443328857e-01,9.124918282032012939e-02,4.842937290668487549e-01,8.769135922193527222e-02,2.503233253955841064e-01,-1.988284140825271606e-01,-6.221127510070800781e-01,-3.373608887195587158e-01,-9.748726338148117065e-02,3.256962895393371582e-01,-5.629417300224304199e-02,9.110144525766372681e-02,-5.043413639068603516e-01,-3.315475210547447205e-02,5.328274369239807129e-01,-1.437270760536193848e+00,1.221127212047576904e-01,-7.702311277389526367e-01,1.111342310905456543e+00,1.342859119176864624e-01,-1.480907085351645947e-03,1.096234545111656189e-01,-4.784761071205139160e-01,-2.730460166931152344e-01,6.675351858139038086e-01,1.081910252571105957e+00,5.499719828367233276e-02,1.358014252036809921e-02,-1.263232529163360596e-01
-6.240779999643564224e-03,-2.694265171885490417e-02,7.893849015235900879e-01,9.807101488113403320e-01,8.093838393688201904e-02,1.778974533081054688e-01,3.014053218066692352e-03,-3.169984817504882812e-01,1.061309501528739929e-01,4.906477928161621094e-01,8.874768763780593872e-02,2.079788148403167725e-01,-1.912520825862884521e-01,-5.916153788566589355e-01,-3.269248306751251221e-01,-1.158388555049896240e-01,3.267621397972106934e-01,-6.757432222366333008e-02,1.050795689225196838e-01,-4.508404135704040527e-01,-4.810983780771493912e-03,5.274226069450378418e-01,-1.308573246002197266e+00,1.307452619075775146e-01,-7.562630772590637207e-01,9.691354036331176758e-01,1.721698939800262451e-01,2.478653937578201294e-02,1.125283315777778625e-01,-4.353913366794586182e-01,-3.211508691310882568e-01,5.836332440376281738e-01,1.016642570495605469e+00,6.739840656518936157e-02,2.163853310048580170e-02,-1.265327781438827515e-01
-9.849629364907741547e-03,-2.204781025648117065e-02,7.872976660728454590e-01,9.838481545448303223e-01,6.898429244756698608e-02,1.648400872945785522e-01,1.057352405041456223e-02,-2.942808568477630615e-01,1.202889904379844666e-01,4.931416213512420654e-01,9.133171290159225464e-02,1.632220149040222168e-01,-1.850775033235549927e-01,-5.588713288307189941e-01,-3.182341456413269043e-01,-1.353569924831390381e-01,3.317894637584686279e-01,-8.031989634037017822e-02,1.173453629016876221e-01,-4.037244915962219238e-01,1.971998251974582672e-02,5.189275741577148438e-01,-1.181506872177124023e+00,1.458757519721984863e-01,-7.502901554107666016e-01,8.353395462036132812e-01,2.014034688472747803e-01,4.692219942808151245e-02,1.139278188347816467e-01,-3.924839496612548828e-01,-3.560142815113067627e-01,5.028082728385925293e-01,9.630076289176940918e-01,7.265252619981765747e-02,2.416263706982135773e-02,-1.292436867952346802e-01
-1.309911254793405533e-02,-1.717680692672729492e-02,7.847727537155151367e-01,9.865470528602600098e-01,5.705815181136131287e-02,1.521368771791458130e-01,1.799075677990913391e-02,-2.687301933765411377e-01,1.345128417015075684e-01,4.913327693939208984e-01,9.033501148223876953e-02,1.143896803259849548e-01,-1.804262250661849976e-01,-5.257434248924255371e-01,-3.095650672912597656e-01,-1.553657501935958862e-01,3.370208442211151123e-01,-9.295845776796340942e-02,1.264988631010055542e-01,-3.616502881050109863e-01,4.141534864902496338e-02,5.040721297264099121e-01,-1.057308316230773926e+00,1.699788570404052734e-01,-7.533276677131652832e-01,7.201243638992309570e-01,2.199114561080932617e-01,6.499463319778442383e-02,1.047262772917747498e-01,-3.517757952213287354e-01,-3.774980306625366211e-01,4.351259469985961914e-01,9.252105355262756348e-01,7.493904978036880493e-02,2.854036912322044373e-02,-1.339959353208541870e-01
-1.573730446398258209e-02,-1.262300927191972733e-02,7.821690440177917480e-01,9.885138273239135742e-01,4.700901359319686890e-02,1.413166821002960205e-01,2.569501101970672607e-02,-2.527290880680084229e-01,1.460953950881958008e-01,4.793345928192138672e-01,9.447684884071350098e-02,7.138095051050186157e-02,-1.780332326889038086e-01,-5.010930299758911133e-01,-3.034667074680328369e-01,-1.733833402395248413e-01,3.462111651897430420e-01,-1.060366630554199219e-01,1.352688670158386230e-01,-3.241445720195770264e-01,5.899984389543533325e-02,4.805787205696105957e-01,-9.405689239501953125e-01,2.010360211133956909e-01,-7.653132081031799316e-01,6.283261179924011230e-01,2.346072793006896973e-01,7.359895110130310059e-02,9.796410053968429565e-02,-3.164598047733306885e-01,-3.890095949172973633e-01,3.797650933265686035e-01,8.980160951614379883e-01,6.921485066413879395e-02,2.918078191578388214e-02,-1.356853246688842773e-01
-1.791108585894107819e-02,-8.346607908606529236e-03,7.797579765319824219e-01,9.900199174880981445e-01,3.874338418245315552e-02,1.315376460552215576e-01,3.251585364341735840e-02,-2.390856295824050903e-01,1.547228097915649414e-01,4.661769866943359375e-01,9.878095984458923340e-02,3.293681889772415161e-02,-1.755744516849517822e-01,-4.797616302967071533e-01,-2.993682622909545898e-01,-1.876853108406066895e-01,3.555102646350860596e-01,-1.174412295222282410e-01,1.438615918159484863e-01,-2.899765074253082275e-01,7.009644061326980591e-02,4.530349671840667725e-01,-8.294149041175842285e-01,2.381975203752517700e-01,-7.809168696403503418e-01,5.625323653221130371e-01,2.430654168128967285e-01,7.716269791126251221e-02,9.063003212213516235e-02,-2.878448963165283203e-01,-3.919091820716857910e-01,3.374643921852111816e-01,8.818446993827819824e-01,6.351281702518463135e-02,2.910710312426090240e-02,-1.371779590845108032e-01
-1.968079060316085815e-02,-4.523384384810924530e-03,7.780766487121582031e-01,9.912045001983642578e-01,3.288939967751502991e-02,1.222514733672142029e-01,3.855556622147560120e-02,-2.260206788778305054e-01,1.590670943260192871e-01,4.527429640293121338e-01,1.025133430957794189e-01,4.720615223050117493e-03,-1.730556637048721313e-01,-4.589672088623046875e-01,-2.984891235828399658e-01,-1.981321424245834351e-01,3.628734052181243896e-01,-1.261425465345382690e-01,1.527232974767684937e-01,-2.607881426811218262e-01,7.289739698171615601e-02,4.263053536415100098e-01,-7.262617349624633789e-01,2.779573500156402588e-01,-7.952659130096435547e-01,5.247791409492492676e-01,2.445972412824630737e-01,7.594389468431472778e-02,8.433789759874343872e-02,-2.685881853103637695e-01,-3.885144889354705811e-01,3.082699775695800781e-01,8.758680224418640137e-01,5.703691020607948303e-02,2.852299436926841736e-02,-1.371893286705017090e-01
-2.110693231225013733e-02,-1.045539975166320801e-03,7.770600318908691406e-01,9.922012686729431152e-01,2.871492691338062286e-02,1.132282391190528870e-01,4.349093139171600342e-02,-2.126009911298751831e-01,1.606482863426208496e-01,4.404356181621551514e-01,1.056097820401191711e-01,-1.598100364208221436e-02,-1.707811802625656128e-01,-4.370925724506378174e-01,-2.993693351745605469e-01,-2.069073468446731567e-01,3.663648366928100586e-01,-1.323940753936767578e-01,1.609473824501037598e-01,-2.353901714086532593e-01,6.901516765356063843e-02,4.017654657363891602e-01,-6.307689547538757324e-01,3.162010610103607178e-01,-8.042219877243041992e-01,5.171338319778442383e-01,2.366344481706619263e-01,7.211746275424957275e-02,7.920721173286437988e-02,-2.572911381721496582e-01,-3.811316192150115967e-01,2.920229136943817139e-01,8.786975145339965820e-01,4.894236847758293152e-02,2.820641919970512390e-02,-1.341848820447921753e-01
-2.226389572024345398e-02,2.195479813963174820e-03,7.765957117080688477e-01,9.930399656295776367e-01,2.598033659160137177e-02,1.046121343970298767e-01,4.746631532907485962e-02,-1.989065110683441162e-01,1.601176559925079346e-01,4.298814237117767334e-01,1.084530726075172424e-01,-3.061799705028533936e-02,-1.682118922472000122e-01,-4.152693450450897217e-01,-3.016678392887115479e-01,-2.138377428054809570e-01,3.676505982875823975e-01,-1.366726309061050415e-01,1.684834659099578857e-01,-2.128909081220626831e-01,5.993673577904701233e-02,3.795239031314849854e-01,-5.451240539550781250e-01,3.478077054023742676e-01,-8.052617311477661133e-01,5.412830710411071777e-01,2.191574573516845703e-01,6.786577403545379639e-02,7.656543701887130737e-02,-2.521155178546905518e-01,-3.719592392444610596e-01,2.898374199867248535e-01,8.890269994735717773e-01,3.848734870553016663e-02,2.890630811452865601e-02,-1.278318166732788086e-01
-2.307653427124023438e-02,5.278959870338439941e-03,7.764344215393066406e-01,9.937916398048400879e-01,2.408855594694614410e-02,9.612829238176345825e-02,5.057008191943168640e-02,-1.834379434585571289e-01,1.584302186965942383e-01,4.210565686225891113e-01,1.108567789196968079e-01,-4.221695289015769958e-02,-1.656610220670700073e-01,-3.931559622287750244e-01,-3.043034672737121582e-01,-2.195279598236083984e-01,3.678487241268157959e-01,-1.398873478174209595e-01,1.752377748489379883e-01,-1.919210702180862427e-01,4.740871116518974304e-02,3.588013052940368652e-01,-4.691871106624603271e-01,3.695633113384246826e-01,-7.982123494148254395e-01,5.969401001930236816e-01,1.944060772657394409e-01,6.535810977220535278e-02,7.512196153402328491e-02,-2.503005862236022949e-01,-3.617865741252899170e-01,3.014253675937652588e-01,9.056037068367004395e-01,2.572286501526832581e-02,3.080726042389869690e-02,-1.170935407280921936e-01
-2.346769534051418304e-02,8.095944300293922424e-03,7.764182090759277344e-01,9.944559931755065918e-01,2.301795221865177155e-02,8.792626112699508667e-02,5.288148298859596252e-02,-1.665951460599899292e-01,1.557393819093704224e-01,4.141236841678619385e-01,1.128895357251167297e-01,-5.197728797793388367e-02,-1.627103239297866821e-01,-3.721240758895874023e-01,-3.075357973575592041e-01,-2.236179113388061523e-01,3.687129020690917969e-01,-1.429909467697143555e-01,1.813602000474929810e-01,-1.730016022920608521e-01,3.260605037212371826e-02,3.396777212619781494e-01,-4.047212004661560059e-01,3.796460628509521484e-01,-7.820462584495544434e-01,6.776468753814697266e-01,1.673167198896408081e-01,6.766784936189651489e-02,7.261690497398376465e-02,-2.491666376590728760e-01,-3.510219454765319824e-01,3.234581947326660156e-01,9.237150549888610840e-01,1.302258204668760300e-02,3.397259116172790527e-02,-1.018910109996795654e-01
-2.334082499146461487e-02,1.050193235278129578e-02,7.764953970909118652e-01,9.950339198112487793e-01,2.256136387586593628e-02,8.005938678979873657e-02,5.467200279235839844e-02,-1.495326012372970581e-01,1.525215357542037964e-01,4.089004695415496826e-01,1.145384758710861206e-01,-5.983234569430351257e-02,-1.594355255365371704e-01,-3.517160117626190186e-01,-3.107895851135253906e-01,-2.264260798692703247e-01,3.688898086547851562e-01,-1.458605080842971802e-01,1.873806416988372803e-01,-1.565941721200942993e-01,1.653065718710422516e-02,3.211785256862640381e-01,-3.505883216857910156e-01,3.799294829368591309e-01,-7.583495974540710449e-01,7.696520686149597168e-01,1.407729238271713257e-01,7.318925857543945312e-02,6.752279400825500488e-02,-2.462901771068572998e-01,-3.387837707996368408e-01,3.511928319931030273e-01,9.387710094451904297e-01,6.183773512020707130e-04,3.754938766360282898e-02,-8.397305011749267578e-02
-2.269039303064346313e-02,1.262034289538860321e-02,7.765926718711853027e-01,9.955421686172485352e-01,2.238358557224273682e-02,7.256770879030227661e-02,5.593446269631385803e-02,-1.327427029609680176e-01,1.492921859025955200e-01,4.055293798446655273e-01,1.155164614319801331e-01,-6.699364632368087769e-02,-1.564875841140747070e-01,-3.316261172294616699e-01,-3.134329319000244141e-01,-2.280825078487396240e-01,3.674913942813873291e-01,-1.475126594305038452e-01,1.923958659172058105e-01,-1.426035165786743164e-01,-8.474074275000020862e-05,3.021360039710998535e-01,-3.008666932582855225e-01,3.748224973678588867e-01,-7.256757616996765137e-01,8.580492138862609863e-01,1.145374625921249390e-01,7.986525446176528931e-02,5.849820747971534729e-02,-2.394566088914871216e-01,-3.246607780456542969e-01,3.810768425464630127e-01,9.473477005958557129e-01,-1.357988081872463226e-02,4.006614908576011658e-02,-6.559979915618896484e-02
-2.166269719600677490e-02,1.447376701980829239e-02,7.766970396041870117e-01,9.960222244262695312e-01,2.216981910169124603e-02,6.526534259319305420e-02,5.646832659840583801e-02,-1.153973266482353210e-01,1.473411470651626587e-01,4.043928086757659912e-01,1.162488609552383423e-01,-7.400643080472946167e-02,-1.543594449758529663e-01,-3.102412819862365723e-01,-3.140963613986968994e-01,-2.282274067401885986e-01,3.625534474849700928e-01,-1.479992866516113281e-01,1.966019123792648315e-01,-1.292113512754440308e-01,-1.633640006184577942e-02,2.821734547615051270e-01,-2.522943913936614990e-01,3.695016205310821533e-01,-6.874731183052062988e-01,9.271735548973083496e-01,8.587948232889175415e-02,8.357252925634384155e-02,4.901378601789474487e-02,-2.277325540781021118e-01,-3.087193965911865234e-01,4.110113084316253662e-01,9.496213197708129883e-01,-3.390716761350631714e-02,3.991863876581192017e-02,-4.823421314358711243e-02
-2.048106864094734192e-02,1.604134961962699890e-02,7.767856121063232422e-01,9.964838027954101562e-01,2.144969627261161804e-02,5.851756408810615540e-02,5.599667131900787354e-02,-9.823321551084518433e-02,1.479579210281372070e-01,4.057500958442687988e-01,1.168920844793319702e-01,-8.133782446384429932e-02,-1.537791341543197632e-01,-2.883358299732208252e-01,-3.121286332607269287e-01,-2.285229265689849854e-01,3.532521724700927734e-01,-1.477134674787521362e-01,1.996884346008300781e-01,-1.162553653120994568e-01,-3.054850734770298004e-02,2.623651325702667236e-01,-2.050997465848922729e-01,3.662376701831817627e-01,-6.485515832901000977e-01,9.751044511795043945e-01,5.129170790314674377e-02,8.249758183956146240e-02,4.320497438311576843e-02,-2.120634168386459351e-01,-2.916136384010314941e-01,4.387312531471252441e-01,9.494684338569641113e-01,-5.737794935703277588e-02,3.733108937740325928e-02,-3.238127380609512329e-02
-1.914274692535400391e-02,1.719154044985771179e-02,7.769147157669067383e-01,9.969137310981750488e-01,2.047175541520118713e-02,5.231194198131561279e-02,5.483914166688919067e-02,-8.150867372751235962e-02,1.502852588891983032e-01,4.089114069938659668e-01,1.176296398043632507e-01,-8.838278800249099731e-02,-1.533013582229614258e-01,-2.662617862224578857e-01,-3.085061311721801758e-01,-2.289664000272750854e-01,3.406963944435119629e-01,-1.470474451780319214e-01,2.025624066591262817e-01,-1.043780520558357239e-01,-4.260964691638946533e-02,2.436173558235168457e-01,-1.615748852491378784e-01,3.648349344730377197e-01,-6.155342459678649902e-01,1.008726119995117188e+00,1.539742015302181244e-02,7.825764268636703491e-02,4.063525795936584473e-02,-1.949852257966995239e-01,-2.743543684482574463e-01,4.633250832557678223e-01,9.521650075912475586e-01,-7.980541139841079712e-02,3.385709971189498901e-02,-1.973608136177062988e-02
-1.773795858025550842e-02,1.802349276840686798e-02,7.770605087280273438e-01,9.972816109657287598e-01,1.929283328354358673e-02,4.664576798677444458e-02,5.367823690176010132e-02,-6.574843078851699829e-02,1.534868329763412476e-01,4.120280444622039795e-01,1.184805780649185181e-01,-9.481776505708694458e-02,-1.527143269777297974e-01,-2.438561618328094482e-01,-3.040625751018524170e-01,-2.305836677551269531e-01,3.256806135177612305e-01,-1.462513208389282227e-01,2.049941718578338623e-01,-9.461694955825805664e-02,-5.292191728949546814e-02,2.259621769189834595e-01,-1.231156364083290100e-01,3.644551932811737061e-01,-5.920124650001525879e-01,1.037498235702514648e+00,-1.332134194672107697e-02,7.456383109092712402e-02,3.662553429603576660e-02,-1.786653399467468262e-01,-2.567778825759887695e-01,4.845251441001892090e-01,9.612369537353515625e-01,-9.876328706741333008e-02,3.120330534875392914e-02,-9.498286992311477661e-03
-1.643982343375682831e-02,1.870256848633289337e-02,7.772177457809448242e-01,9.975770711898803711e-01,1.813642308115959167e-02,4.160624369978904724e-02,5.272578075528144836e-02,-5.140376091003417969e-02,1.564359366893768311e-01,4.137005209922790527e-01,1.191930100321769714e-01,-1.003699079155921936e-01,-1.520208120346069336e-01,-2.224427759647369385e-01,-2.997643351554870605e-01,-2.331669926643371582e-01,3.100347816944122314e-01,-1.449045240879058838e-01,2.076897174119949341e-01,-8.750759810209274292e-02,-6.161150708794593811e-02,2.101683020591735840e-01,-9.211633354425430298e-02,3.635332584381103516e-01,-5.795956254005432129e-01,1.067725539207458496e+00,-3.098434023559093475e-02,7.418651133775711060e-02,2.848163060843944550e-02,-1.644062101840972900e-01,-2.391466945409774780e-01,5.009942650794982910e-01,9.781715273857116699e-01,-1.094081401824951172e-01,2.986755780875682831e-02,-4.526358097791671753e-04
-1.540683023631572723e-02,1.941574364900588989e-02,7.773649096488952637e-01,9.977962970733642578e-01,1.727055758237838745e-02,3.727213293313980103e-02,5.210547894239425659e-02,-3.904665261507034302e-02,1.582521945238113403e-01,4.143861234188079834e-01,1.193749234080314636e-01,-1.047116741538047791e-01,-1.510297060012817383e-01,-2.030878365039825439e-01,-2.964864969253540039e-01,-2.362298220396041870e-01,2.953214943408966064e-01,-1.432991474866867065e-01,2.111757844686508179e-01,-8.301483094692230225e-02,-6.897775083780288696e-02,1.966876387596130371e-01,-7.015752047300338745e-02,3.604346513748168945e-01,-5.782794952392578125e-01,1.102327227592468262e+00,-3.781693056225776672e-02,7.894710451364517212e-02,1.506556663662195206e-02,-1.537096351385116577e-01,-2.221810966730117798e-01,5.132526755332946777e-01,1.002695322036743164e+00,-1.130559071898460388e-01,3.083951026201248169e-02,9.838454425334930420e-03
-1.476371102035045624e-02,2.031493559479713440e-02,7.775246500968933105e-01,9.979522824287414551e-01,1.666429638862609863e-02,3.372167795896530151e-02,5.173359438776969910e-02,-2.939494699239730835e-02,1.588821560144424438e-01,4.145637154579162598e-01,1.191647872328758240e-01,-1.072579696774482727e-01,-1.498949080705642700e-01,-1.864723563194274902e-01,-2.943444848060607910e-01,-2.392175048589706421e-01,2.817348837852478027e-01,-1.403989046812057495e-01,2.150909602642059326e-01,-7.997021824121475220e-02,-7.463529706001281738e-02,1.850281059741973877e-01,-5.625231936573982239e-02,3.538354039192199707e-01,-5.841157436370849609e-01,1.138808369636535645e+00,-3.434654325246810913e-02,8.952568471431732178e-02,-4.879923537373542786e-03,-1.470855474472045898e-01,-2.067368924617767334e-01,5.204896926879882812e-01,1.033327221870422363e+00,-1.114077642560005188e-01,3.547501191496849060e-02,2.309163473546504974e-02
-1.457899622619152069e-02,2.138973586261272430e-02,7.777240276336669922e-01,9.980869293212890625e-01,1.633918471634387970e-02,3.070057556033134460e-02,5.111785233020782471e-02,-2.157107181847095490e-02,1.583686172962188721e-01,4.155332744121551514e-01,1.186259761452674866e-01,-1.088043451309204102e-01,-1.481625735759735107e-01,-1.724432706832885742e-01,-2.929123342037200928e-01,-2.404769510030746460e-01,2.685073316097259521e-01,-1.355881989002227783e-01,2.186568230390548706e-01,-7.627856731414794922e-02,-7.864499092102050781e-02,1.753152161836624146e-01,-4.741226509213447571e-02,3.444392383098602295e-01,-5.900058746337890625e-01,1.168499231338500977e+00,-2.864593826234340668e-02,1.006352379918098450e-01,-2.569451741874217987e-02,-1.434839069843292236e-01,-1.949012428522109985e-01,5.250785350799560547e-01,1.064629316329956055e+00,-1.109150797128677368e-01,4.313418269157409668e-02,3.846888989210128784e-02
-1.486724056303501129e-02,2.252443879842758179e-02,7.779005765914916992e-01,9.981998205184936523e-01,1.635352335870265961e-02,2.818358317017555237e-02,5.035138502717018127e-02,-1.539216563105583191e-02,1.568541973829269409e-01,4.174494147300720215e-01,1.178127303719520569e-01,-1.095946431159973145e-01,-1.461489498615264893e-01,-1.615974307060241699e-01,-2.926667332649230957e-01,-2.404072433710098267e-01,2.569043338298797607e-01,-1.300077140331268311e-01,2.217125594615936279e-01,-7.192109525203704834e-02,-8.107678592205047607e-02,1.680728942155838013e-01,-4.207148402929306030e-02,3.345564305782318115e-01,-5.929054617881774902e-01,1.184242248535156250e+00,-2.701785601675510406e-02,1.061781346797943115e-01,-3.945943340659141541e-02,-1.413266956806182861e-01,-1.895104795694351196e-01,5.294550061225891113e-01,1.088960528373718262e+00,-1.117274537682533264e-01,4.941149801015853882e-02,4.954924806952476501e-02
-1.555315125733613968e-02,2.357924543321132660e-02,7.780653238296508789e-01,9.982931017875671387e-01,1.647474616765975952e-02,2.600227482616901398e-02,4.963194951415061951e-02,-1.033704821020364761e-02,1.550754457712173462e-01,4.193025529384613037e-01,1.172510385513305664e-01,-1.098726689815521240e-01,-1.440578401088714600e-01,-1.536809056997299194e-01,-2.932173013687133789e-01,-2.400059700012207031e-01,2.482116371393203735e-01,-1.249248385429382324e-01,2.236798256635665894e-01,-6.785050779581069946e-02,-8.206504583358764648e-02,1.630086004734039307e-01,-3.992519527673721313e-02,3.261053264141082764e-01,-5.936093926429748535e-01,1.188523888587951660e+00,-2.897976897656917572e-02,1.054357737302780151e-01,-4.560876265168190002e-02,-1.408615261316299438e-01,-1.902881264686584473e-01,5.366379618644714355e-01,1.104078650474548340e+00,-1.141163408756256104e-01,5.234368890523910522e-02,5.531616136431694031e-02
-1.650220528244972229e-02,2.454095147550106049e-02,7.782109379768371582e-01,9.983680248260498047e-01,1.667621172964572906e-02,2.405602671205997467e-02,4.903584718704223633e-02,-5.760555155575275421e-03,1.531524211168289185e-01,4.206076264381408691e-01,1.167128533124923706e-01,-1.094992831349372864e-01,-1.421125233173370361e-01,-1.473066359758377075e-01,-2.942698895931243896e-01,-2.401827722787857056e-01,2.412152588367462158e-01,-1.204781606793403625e-01,2.252809703350067139e-01,-6.480073183774948120e-02,-8.229995518922805786e-02,1.591419130563735962e-01,-4.143114760518074036e-02,3.194345533847808838e-01,-5.950863361358642578e-01,1.186355113983154297e+00,-3.072469867765903473e-02,1.016472727060317993e-01,-4.674654081463813782e-02,-1.428593546152114868e-01,-1.951957643032073975e-01,5.466309189796447754e-01,1.111534357070922852e+00,-1.146710366010665894e-01,5.343576520681381226e-02,5.730181932449340820e-02
-1.750553399324417114e-02,2.541255578398704529e-02,7.783395051956176758e-01,9.984256625175476074e-01,1.696556061506271362e-02,2.234501019120216370e-02,4.856999963521957397e-02,-1.856253016740083694e-03,1.513141691684722900e-01,4.217679202556610107e-01,1.163314059376716614e-01,-1.087094992399215698e-01,-1.404575109481811523e-01,-1.419905126094818115e-01,-2.956299483776092529e-01,-2.407510727643966675e-01,2.355279922485351562e-01,-1.168208643794059753e-01,2.266031801700592041e-01,-6.276405602693557739e-02,-8.233223855495452881e-02,1.561632454395294189e-01,-4.630951210856437683e-02,3.144326210021972656e-01,-5.974043607711791992e-01,1.180804729461669922e+00,-3.251532837748527527e-02,9.741742908954620361e-02,-4.418782889842987061e-02,-1.470329761505126953e-01,-2.023929357528686523e-01,5.577245950698852539e-01,1.112904191017150879e+00,-1.142131909728050232e-01,5.344031378626823425e-02,5.727041512727737427e-02
-1.845459081232547760e-02,2.621692791581153870e-02,7.784974575042724609e-01,9.984675645828247070e-01,1.727614551782608032e-02,2.083723805844783783e-02,4.826866090297698975e-02,8.235218119807541370e-04,1.496876031160354614e-01,4.227367341518402100e-01,1.163903027772903442e-01,-1.077142432332038879e-01,-1.386174261569976807e-01,-1.370905041694641113e-01,-2.968895733356475830e-01,-2.413327395915985107e-01,2.298764288425445557e-01,-1.133686676621437073e-01,2.275075614452362061e-01,-6.126809865236282349e-02,-8.233302831649780273e-02,1.536327153444290161e-01,-5.395829677581787109e-02,3.111321032047271729e-01,-6.004481315612792969e-01,1.172543883323669434e+00,-3.464302793145179749e-02,9.316001832485198975e-02,-3.837504237890243530e-02,-1.532544493675231934e-01,-2.108839750289916992e-01,5.707257986068725586e-01,1.110389709472656250e+00,-1.153495758771896362e-01,5.305359885096549988e-02,5.633715912699699402e-02
-1.923613250255584717e-02,2.688177488744258881e-02,7.786884307861328125e-01,9.985070228576660156e-01,1.745284907519817352e-02,1.934996992349624634e-02,4.800691455602645874e-02,2.799570793285965919e-03,1.488490700721740723e-01,4.241951704025268555e-01,1.168796569108963013e-01,-1.069271862506866455e-01,-1.368817985057830811e-01,-1.321577578783035278e-01,-2.975342273712158203e-01,-2.417872846126556396e-01,2.237055450677871704e-01,-1.096168085932731628e-01,2.278239578008651733e-01,-5.974686145782470703e-02,-8.213472366333007812e-02,1.515000313520431519e-01,-6.342054158449172974e-02,3.095196783542633057e-01,-6.034827232360839844e-01,1.162837028503417969e+00,-3.646847605705261230e-02,8.888177573680877686e-02,-3.047388978302478790e-02,-1.602782011032104492e-01,-2.193609476089477539e-01,5.842682719230651855e-01,1.105741858482360840e+00,-1.184281632304191589e-01,5.239831283688545227e-02,5.571427568793296814e-02
-1.983840391039848328e-02,2.734598889946937561e-02,7.788623571395874023e-01,9.985443353652954102e-01,1.752866990864276886e-02,1.767056062817573547e-02,4.785120859742164612e-02,5.106674507260322571e-03,1.486310064792633057e-01,4.263205826282501221e-01,1.172783747315406799e-01,-1.058050319552421570e-01,-1.358303427696228027e-01,-1.265225857496261597e-01,-2.975848615169525146e-01,-2.422382682561874390e-01,2.167873233556747437e-01,-1.056757196784019470e-01,2.280350029468536377e-01,-5.832377076148986816e-02,-8.180449903011322021e-02,1.500045359134674072e-01,-7.396867871284484863e-02,3.089722394943237305e-01,-6.074290871620178223e-01,1.153959751129150391e+00,-3.660007193684577942e-02,8.586449176073074341e-02,-2.313583903014659882e-02,-1.673636436462402344e-01,-2.266548573970794678e-01,5.978816151618957520e-01,1.100622296333312988e+00,-1.231679990887641907e-01,5.170858278870582581e-02,5.578403919935226440e-02
-2.033222652971744537e-02,2.763388492166996002e-02,7.790001630783081055e-01,9.985973834991455078e-01,1.753635145723819733e-02,1.581598445773124695e-02,4.738794639706611633e-02,8.397990837693214417e-03,1.488171666860580444e-01,4.294292032718658447e-01,1.175100654363632202e-01,-1.046850159764289856e-01,-1.352405995130538940e-01,-1.211631223559379578e-01,-2.971782982349395752e-01,-2.419761568307876587e-01,2.106171250343322754e-01,-1.019750460982322693e-01,2.285389006137847900e-01,-5.655941739678382874e-02,-8.122366666793823242e-02,1.491985321044921875e-01,-8.516407012939453125e-02,3.089809119701385498e-01,-6.124402880668640137e-01,1.145048618316650391e+00,-3.631555289030075073e-02,8.360442519187927246e-02,-1.716138049960136414e-02,-1.746729016304016113e-01,-2.323689907789230347e-01,6.144295334815979004e-01,1.094936370849609375e+00,-1.294081658124923706e-01,5.086452513933181763e-02,5.711792409420013428e-02
-2.095470950007438660e-02,2.780887298285961151e-02,7.790706753730773926e-01,9.986641407012939453e-01,1.761294156312942505e-02,1.381467934697866440e-02,4.657171666622161865e-02,1.270166411995887756e-02,1.489752829074859619e-01,4.327707588672637939e-01,1.178923621773719788e-01,-1.040406301617622375e-01,-1.346444487571716309e-01,-1.164328604936599731e-01,-2.967024445533752441e-01,-2.407625913619995117e-01,2.069516479969024658e-01,-9.924824535846710205e-02,2.295285612344741821e-01,-5.484926700592041016e-02,-8.069354295730590820e-02,1.490866839885711670e-01,-9.579147398471832275e-02,3.094168305397033691e-01,-6.183866262435913086e-01,1.135494470596313477e+00,-3.532743081450462341e-02,8.142467588186264038e-02,-1.207125280052423477e-02,-1.827114224433898926e-01,-2.361707687377929688e-01,6.341233849525451660e-01,1.089373111724853516e+00,-1.369925439357757568e-01,5.002393573522567749e-02,5.798703059554100037e-02
-2.160194516181945801e-02,2.788585796952247620e-02,7.791661024093627930e-01,9.987382292747497559e-01,1.791352592408657074e-02,1.181236654520034790e-02,4.540450498461723328e-02,1.745264045894145966e-02,1.487732231616973877e-01,4.354021251201629639e-01,1.180531308054924011e-01,-1.047076880931854248e-01,-1.334493458271026611e-01,-1.129775419831275940e-01,-2.963117957115173340e-01,-2.381716221570968628e-01,2.065448462963104248e-01,-9.750742465257644653e-02,2.300852686166763306e-01,-5.383642017841339111e-02,-8.067656308412551880e-02,1.490644961595535278e-01,-1.054443418979644775e-01,3.099310100078582764e-01,-6.229662895202636719e-01,1.125012278556823730e+00,-3.453529998660087585e-02,7.945206016302108765e-02,-6.364451721310615540e-03,-1.909617036581039429e-01,-2.384224683046340942e-01,6.545609235763549805e-01,1.083339452743530273e+00,-1.433322578668594360e-01,4.955261573195457458e-02,5.764622613787651062e-02
