5.051736254245042801e-03,2.505784621462225914e-03,7.818170189857482910e-01,9.999423027038574219e-01,8.946033194661140442e-03,5.349911283701658249e-03,2.598323859274387360e-03,3.784047067165374756e-02,1.608059406280517578e-01,5.271664857864379883e-01,1.292701065540313721e-01,-1.222345381975173950e-01,-1.131423860788345337e-01,-3.447674587368965149e-02,-1.851416826248168945e-01,-3.034500479698181152e-01,1.664313971996307373e-01,-1.341164261102676392e-01,1.136473491787910461e-01,4.228315502405166626e-02,5.763401277363300323e-03,1.911756843328475952e-01,-1.286069899797439575e-01,3.086955547332763672e-01,-7.222805619239807129e-01,1.058131217956542969e+00,1.316207498311996460e-01,8.461035788059234619e-02,-6.448619067668914795e-02,-2.879208624362945557e-01,-2.545987665653228760e-01,8.555626273155212402e-01,1.129622578620910645e+00,-1.482181996107101440e-01,8.471769839525222778e-02,1.977268457412719727e-01
4.585992544889450073e-03,2.004353562369942665e-03,7.818257808685302734e-01,9.999409914016723633e-01,9.113989770412445068e-03,5.018967669457197189e-03,3.118155058473348618e-03,3.659538179636001587e-02,1.607796102762222290e-01,5.236243605613708496e-01,1.302005350589752197e-01,-1.221249327063560486e-01,-1.128691062331199646e-01,-3.347475454211235046e-02,-1.848275810480117798e-01,-3.045094311237335205e-01,1.661080271005630493e-01,-1.337313055992126465e-01,1.139241680502891541e-01,4.914884269237518311e-02,6.230227649211883545e-03,1.932475268840789795e-01,-1.297263652086257935e-01,3.078654706478118896e-01,-7.217056155204772949e-01,1.058468818664550781e+00,1.335912644863128662e-01,8.750808984041213989e-02,-6.977033615112304688e-02,-3.116617500782012939e-01,-2.507959902286529541e-01,8.790940642356872559e-01,1.124875783920288086e+00,-1.494695693254470825e-01,9.004018455743789673e-02,2.109849303960800171e-01
3.991773352026939392e-03,1.362619688734412193e-03,7.817674875259399414e-01,9.999400377273559570e-01,9.150902740657329559e-03,4.656977951526641846e-03,3.815968288108706474e-03,3.511966392397880554e-02,1.616872400045394897e-01,5.215054750442504883e-01,1.316900104284286499e-01,-1.215223148465156555e-01,-1.122691407799720764e-01,-3.238423168659210205e-02,-1.845194995403289795e-01,-3.064344525337219238e-01,1.654237806797027588e-01,-1.337466835975646973e-01,1.134996116161346436e-01,5.591366067528724670e-02,6.652615498751401901e-03,1.959259361028671265e-01,-1.301041543483734131e-01,3.073636889457702637e-01,-7.211850881576538086e-01,1.057500243186950684e+00,1.378164440393447876e-01,8.860079944133758545e-02,-7.369089126586914062e-02,-3.390586078166961670e-01,-2.448470443487167358e-01,9.090101718902587891e-01,1.116639614105224609e+00,-1.472005397081375122e-01,9.450899064540863037e-02,2.249777168035507202e-01
3.389013232663273811e-03,7.437306339852511883e-04,7.817111015319824219e-01,9.999387860298156738e-01,9.108887054026126862e-03,4.285525064915418625e-03,4.590781871229410172e-03,3.352493792772293091e-02,1.630539149045944214e-01,5.197251439094543457e-01,1.337153017520904541e-01,-1.213171482086181641e-01,-1.117760166525840759e-01,-3.124864213168621063e-02,-1.836293935775756836e-01,-3.080662488937377930e-01,1.638823896646499634e-01,-1.334137916564941406e-01,1.128177717328071594e-01,6.362623721361160278e-02,6.321751512587070465e-03,1.988309323787689209e-01,-1.306011527776718140e-01,3.069133460521697998e-01,-7.208670377731323242e-01,1.057598590850830078e+00,1.419499963521957397e-01,9.042637050151824951e-02,-7.530744373798370361e-02,-3.687630593776702881e-01,-2.356335967779159546e-01,9.438042044639587402e-01,1.106596708297729492e+00,-1.425321102142333984e-01,9.727429598569869995e-02,2.405770868062973022e-01
2.811565529555082321e-03,1.875652233138680458e-04,7.816767692565917969e-01,9.999378919601440430e-01,8.961884304881095886e-03,4.079606384038925171e-03,5.214354954659938812e-03,3.173746913671493530e-02,1.647970229387283325e-01,5.186615586280822754e-01,1.358009874820709229e-01,-1.213506087660789490e-01,-1.115978881716728210e-01,-3.071175888180732727e-02,-1.821726411581039429e-01,-3.086544275283813477e-01,1.618991345167160034e-01,-1.324993520975112915e-01,1.117947399616241455e-01,7.243463397026062012e-02,5.259850062429904938e-03,2.016894221305847168e-01,-1.324038356542587280e-01,3.065624535083770752e-01,-7.202266454696655273e-01,1.058912038803100586e+00,1.441321074962615967e-01,9.260979294776916504e-02,-7.522443681955337524e-02,-3.988680541515350342e-01,-2.233217358589172363e-01,9.785885810852050781e-01,1.096068024635314941e+00,-1.369749605655670166e-01,9.793104231357574463e-02,2.566239535808563232e-01
2.248565899208188057e-03,-2.819237415678799152e-04,7.816791534423828125e-01,9.999369978904724121e-01,8.712860755622386932e-03,4.069569986313581467e-03,5.787888076156377792e-03,2.957358211278915405e-02,1.667268574237823486e-01,5.177578330039978027e-01,1.376212835311889648e-01,-1.210053041577339172e-01,-1.117348000407218933e-01,-3.041302412748336792e-02,-1.802504062652587891e-01,-3.088712990283966064e-01,1.592181026935577393e-01,-1.308697760105133057e-01,1.104452684521675110e-01,8.240737766027450562e-02,3.545072162523865700e-03,2.048125118017196655e-01,-1.351532489061355591e-01,3.066086471080780029e-01,-7.195883989334106445e-01,1.060429334640502930e+00,1.458146870136260986e-01,9.452746808528900146e-02,-7.457786053419113159e-02,-4.300734996795654297e-01,-2.078701257705688477e-01,1.013404369354248047e+00,1.085310220718383789e+00,-1.308310776948928833e-01,9.705120325088500977e-02,2.724020183086395264e-01
1.742752268910408020e-03,-7.128056022338569164e-04,7.817434668540954590e-01,9.999335408210754395e-01,8.429466746747493744e-03,4.362757783383131027e-03,6.537932436913251877e-03,2.656687796115875244e-02,1.684726178646087646e-01,5.164476633071899414e-01,1.391452103853225708e-01,-1.202579066157341003e-01,-1.119893044233322144e-01,-3.046465478837490082e-02,-1.784007996320724487e-01,-3.097294270992279053e-01,1.560837775468826294e-01,-1.287807226181030273e-01,1.090036407113075256e-01,9.257596731185913086e-02,1.473008771426975727e-03,2.081719040870666504e-01,-1.384059935808181763e-01,3.070260584354400635e-01,-7.191570997238159180e-01,1.061707615852355957e+00,1.478193551301956177e-01,9.573865681886672974e-02,-7.336828857660293579e-02,-4.602769017219543457e-01,-1.908563226461410522e-01,1.044640779495239258e+00,1.076175212860107422e+00,-1.229847222566604614e-01,9.439999610185623169e-02,2.861013114452362061e-01
1.238433527760207653e-03,-1.169966417364776134e-03,7.818163037300109863e-01,9.999259710311889648e-01,8.169398643076419830e-03,4.947108216583728790e-03,7.537644356489181519e-03,2.283374033868312836e-02,1.699010729789733887e-01,5.145396590232849121e-01,1.403045356273651123e-01,-1.192609146237373352e-01,-1.120536103844642639e-01,-3.092744573950767517e-02,-1.767915189266204834e-01,-3.110516071319580078e-01,1.528957635164260864e-01,-1.265355348587036133e-01,1.078736484050750732e-01,1.027727872133255005e-01,-8.454902563244104385e-04,2.118075191974639893e-01,-1.422398090362548828e-01,3.075758814811706543e-01,-7.191330194473266602e-01,1.062726259231567383e+00,1.488031297922134399e-01,9.613081812858581543e-02,-7.184311747550964355e-02,-4.895456135272979736e-01,-1.726761907339096069e-01,1.072646975517272949e+00,1.069727659225463867e+00,-1.122758165001869202e-01,8.996027708053588867e-02,2.983467578887939453e-01
7.041711942292749882e-04,-1.476389472372829914e-03,7.818679213523864746e-01,9.999124407768249512e-01,7.956756278872489929e-03,5.730012897402048111e-03,8.883637376129627228e-03,1.871165446937084198e-02,1.709238588809967041e-01,5.119614005088806152e-01,1.409846693277359009e-01,-1.180518269538879395e-01,-1.117793917655944824e-01,-3.166552633047103882e-02,-1.756829172372817993e-01,-3.131042122840881348e-01,1.502102762460708618e-01,-1.246190518140792847e-01,1.072641462087631226e-01,1.130474284291267395e-01,-3.171894699335098267e-03,2.157624661922454834e-01,-1.461889296770095825e-01,3.078930974006652832e-01,-7.196965217590332031e-01,1.063643813133239746e+00,1.490480452775955200e-01,9.568751603364944458e-02,-7.031657546758651733e-02,-5.174401998519897461e-01,-1.537467986345291138e-01,1.098085165023803711e+00,1.066460967063903809e+00,-9.938383847475051880e-02,8.427953720092773438e-02,3.094445765018463135e-01
1.737647689878940582e-04,-1.842151978053152561e-03,7.819131612777709961e-01,9.998915791511535645e-01,7.804893888533115387e-03,6.621293723583221436e-03,1.058721821755170822e-02,1.472093816846609116e-02,1.713548153638839722e-01,5.087408423423767090e-01,1.409910768270492554e-01,-1.164190322160720825e-01,-1.112845167517662048e-01,-3.254464268684387207e-02,-1.751679629087448120e-01,-3.161601424217224121e-01,1.481775939464569092e-01,-1.232099980115890503e-01,1.070330813527107239e-01,1.232342422008514404e-01,-5.288144107908010483e-03,2.200221568346023560e-01,-1.500462144613265991e-01,3.078148961067199707e-01,-7.202905416488647461e-01,1.064972162246704102e+00,1.486669480800628662e-01,9.504253417253494263e-02,-6.873842328786849976e-02,-5.430381894111633301e-01,-1.350752562284469604e-01,1.120392560958862305e+00,1.066505670547485352e+00,-8.452544361352920532e-02,7.802293449640274048e-02,3.181538581848144531e-01
-3.769447794184088707e-04,-2.122301375493407249e-03,7.819554805755615234e-01,9.998629093170166016e-01,7.680681068450212479e-03,7.587640546262264252e-03,1.255234330892562866e-02,1.082811225205659866e-02,1.713600456714630127e-01,5.049545168876647949e-01,1.404886096715927124e-01,-1.145797744393348694e-01,-1.107187643647193909e-01,-3.361445665359497070e-02,-1.750346571207046509e-01,-3.198011219501495361e-01,1.467996388673782349e-01,-1.222383528947830200e-01,1.067928969860076904e-01,1.329457461833953857e-01,-7.013670634478330612e-03,2.243995368480682373e-01,-1.542266905307769775e-01,3.076506257057189941e-01,-7.205706238746643066e-01,1.066180229187011719e+00,1.482819914817810059e-01,9.440264850854873657e-02,-6.726501882076263428e-02,-5.659570097923278809e-01,-1.176623180508613586e-01,1.139360308647155762e+00,1.069388389587402344e+00,-7.044484466314315796e-02,7.171852886676788330e-02,3.242814540863037109e-01
-9.488707873970270157e-04,-2.350844442844390869e-03,7.820082902908325195e-01,9.998250603675842285e-01,7.547409739345312119e-03,8.588891476392745972e-03,1.479981839656829834e-02,6.917752791196107864e-03,1.711622476577758789e-01,5.005193948745727539e-01,1.397159099578857422e-01,-1.124624907970428467e-01,-1.099718660116195679e-01,-3.460558876395225525e-02,-1.749885380268096924e-01,-3.240201771259307861e-01,1.456073224544525146e-01,-1.214380636811256409e-01,1.063654869794845581e-01,1.428200155496597290e-01,-8.410251699388027191e-03,2.290435582399368286e-01,-1.592294573783874512e-01,3.076963424682617188e-01,-7.209257483482360840e-01,1.067362070083618164e+00,1.483319848775863647e-01,9.367465227842330933e-02,-6.628802418708801270e-02,-5.873426198959350586e-01,-1.009247675538063049e-01,1.156680703163146973e+00,1.074563741683959961e+00,-5.925669893622398376e-02,6.595572829246520996e-02,3.292232751846313477e-01
-1.479694619774818420e-03,-2.595950150862336159e-03,7.820826172828674316e-01,9.997779726982116699e-01,7.415009196847677231e-03,9.587772190570831299e-03,1.724006794393062592e-02,2.843409776687622070e-03,1.707822382450103760e-01,4.954546988010406494e-01,1.386467963457107544e-01,-1.098404452204704285e-01,-1.091284528374671936e-01,-3.546016663312911987e-02,-1.748994588851928711e-01,-3.283446729183197021e-01,1.443814486265182495e-01,-1.208029538393020630e-01,1.058396920561790466e-01,1.522811502218246460e-01,-9.586784988641738892e-03,2.334883511066436768e-01,-1.644984036684036255e-01,3.079873323440551758e-01,-7.214222550392150879e-01,1.068662405014038086e+00,1.481476426124572754e-01,9.285651892423629761e-02,-6.539552658796310425e-02,-6.069763302803039551e-01,-8.534748852252960205e-02,1.173490166664123535e+00,1.081740975379943848e+00,-5.392460525035858154e-02,6.095539033412933350e-02,3.328446745872497559e-01
-1.959409331902861595e-03,-2.885346300899982452e-03,7.821772694587707520e-01,9.997253417968750000e-01,7.263667881488800049e-03,1.052073668688535690e-02,1.964279450476169586e-02,-1.019305782392621040e-03,1.704561710357666016e-01,4.903867840766906738e-01,1.374578475952148438e-01,-1.069956421852111816e-01,-1.082131192088127136e-01,-3.615016117691993713e-02,-1.746912449598312378e-01,-3.324428200721740723e-01,1.432924270629882812e-01,-1.201712340116500854e-01,1.053353548049926758e-01,1.612584590911865234e-01,-1.054318714886903763e-02,2.375070303678512573e-01,-1.696618795394897461e-01,3.083548545837402344e-01,-7.220733761787414551e-01,1.070558547973632812e+00,1.475052982568740845e-01,9.215416759252548218e-02,-6.407944858074188232e-02,-6.247077584266662598e-01,-7.078750431537628174e-02,1.190033078193664551e+00,1.090207576751708984e+00,-5.529868602752685547e-02,5.691646412014961243e-02,3.353319764137268066e-01
-2.396062714979052544e-03,-3.210910130292177200e-03,7.822850942611694336e-01,9.996663928031921387e-01,7.129252888262271881e-03,1.140620931982994080e-02,2.204932086169719696e-02,-4.817560780793428421e-03,1.701711267232894897e-01,4.857178926467895508e-01,1.364283859729766846e-01,-1.042178720235824585e-01,-1.072230413556098938e-01,-3.659401834011077881e-02,-1.745886802673339844e-01,-3.365517556667327881e-01,1.423338353633880615e-01,-1.198045089840888977e-01,1.050464212894439697e-01,1.697559505701065063e-01,-1.137566752731800079e-02,2.411745190620422363e-01,-1.744163036346435547e-01,3.087818026542663574e-01,-7.233102321624755859e-01,1.072925925254821777e+00,1.469297111034393311e-01,9.159743785858154297e-02,-6.230454519391059875e-02,-6.404709815979003906e-01,-5.664364248514175415e-02,1.206711530685424805e+00,1.099596619606018066e+00,-6.282910704612731934e-02,5.288263410329818726e-02,3.363419473171234131e-01
-2.818239619955420494e-03,-3.543014172464609146e-03,7.823883295059204102e-01,9.996002912521362305e-01,7.027084939181804657e-03,1.221000030636787415e-02,2.451063320040702820e-02,-8.487977087497711182e-03,1.698255389928817749e-01,4.812901914119720459e-01,1.354080140590667725e-01,-1.016234531998634338e-01,-1.063865199685096741e-01,-3.667698055505752563e-02,-1.746394187211990356e-01,-3.407154083251953125e-01,1.414312869310379028e-01,-1.198182255029678345e-01,1.047887206077575684e-01,1.779265701770782471e-01,-1.221864856779575348e-02,2.448359131813049316e-01,-1.789254248142242432e-01,3.092089295387268066e-01,-7.246597409248352051e-01,1.076144814491271973e+00,1.458846181631088257e-01,9.089232236146926880e-02,-6.061368808150291443e-02,-6.546067595481872559e-01,-4.225879535079002380e-02,1.223643541336059570e+00,1.110267519950866699e+00,-7.536291331052780151e-02,4.878579080104827881e-02,3.355249464511871338e-01
-3.221836406737565994e-03,-3.856120398268103600e-03,7.824747562408447266e-01,9.995332360267639160e-01,6.961446255445480347e-03,1.294567342847585678e-02,2.678227983415126801e-02,-1.179506536573171616e-02,1.694492548704147339e-01,4.771588146686553955e-01,1.343520730733871460e-01,-9.940969198942184448e-02,-1.058192774653434753e-01,-3.681566938757896423e-02,-1.746763885021209717e-01,-3.444619774818420410e-01,1.406627148389816284e-01,-1.198755875229835510e-01,1.045986711978912354e-01,1.856913566589355469e-01,-1.307134702801704407e-02,2.483546733856201172e-01,-1.832716614007949829e-01,3.094323873519897461e-01,-7.260343432426452637e-01,1.080400824546813965e+00,1.443674564361572266e-01,9.006180614233016968e-02,-5.915699899196624756e-02,-6.667199134826660156e-01,-2.786856703460216522e-02,1.240934848785400391e+00,1.122770190238952637e+00,-9.067209810018539429e-02,4.467679932713508606e-02,3.326936662197113037e-01
-3.610468003898859024e-03,-4.188925027847290039e-03,7.825435400009155273e-01,9.994662404060363770e-01,6.907520350068807602e-03,1.359313540160655975e-02,2.889291569590568542e-02,-1.462369970977306366e-02,1.690432876348495483e-01,4.731872677803039551e-01,1.333526521921157837e-01,-9.759743511676788330e-02,-1.054051667451858521e-01,-3.710762411355972290e-02,-1.745965927839279175e-01,-3.478924036026000977e-01,1.401191502809524536e-01,-1.198461726307868958e-01,1.044647321105003357e-01,1.931437104940414429e-01,-1.394443958997726440e-02,2.517631649971008301e-01,-1.876885890960693359e-01,3.095279932022094727e-01,-7.278563976287841797e-01,1.085415720939636230e+00,1.428561359643936157e-01,8.912917971611022949e-02,-5.827505141496658325e-02,-6.768134236335754395e-01,-1.348155643790960312e-02,1.258585214614868164e+00,1.136484384536743164e+00,-1.085052266716957092e-01,4.063570871949195862e-02,3.293556869029998779e-01
-3.964759409427642822e-03,-4.554105922579765320e-03,7.826029062271118164e-01,9.993926286697387695e-01,6.855866871774196625e-03,1.419563218951225281e-02,3.107731230556964874e-02,-1.720256544649600983e-02,1.685980111360549927e-01,4.692118465900421143e-01,1.322906315326690674e-01,-9.592117369174957275e-02,-1.048917695879936218e-01,-3.727051615715026855e-02,-1.745629459619522095e-01,-3.518050014972686768e-01,1.394422799348831177e-01,-1.196452900767326355e-01,1.044957935810089111e-01,1.999699771404266357e-01,-1.468710880726575851e-02,2.550167143344879150e-01,-1.918203681707382202e-01,3.094528019428253174e-01,-7.305769324302673340e-01,1.091114282608032227e+00,1.411604136228561401e-01,8.834111690521240234e-02,-5.791626870632171631e-02,-6.846847534179687500e-01,5.179378786124289036e-04,1.274410963058471680e+00,1.150701761245727539e+00,-1.240273118019104004e-01,3.713762760162353516e-02,3.257466852664947510e-01
-4.277091473340988159e-03,-4.931039642542600632e-03,7.826628088951110840e-01,9.993147253990173340e-01,6.816644687205553055e-03,1.474149245768785477e-02,3.326118364930152893e-02,-1.960653811693191528e-02,1.680142283439636230e-01,4.651177525520324707e-01,1.311337053775787354e-01,-9.417612105607986450e-02,-1.044761836528778076e-01,-3.723330050706863403e-02,-1.746362596750259399e-01,-3.556068241596221924e-01,1.388719379901885986e-01,-1.194870322942733765e-01,1.044918969273567200e-01,2.059178799390792847e-01,-1.516535319387912750e-02,2.578789591789245605e-01,-1.955839395523071289e-01,3.091904222965240479e-01,-7.334435582160949707e-01,1.096838593482971191e+00,1.400154531002044678e-01,8.757036179304122925e-02,-5.823301896452903748e-02,-6.905945539474487305e-01,1.375489775091409683e-02,1.288367748260498047e+00,1.164846420288085938e+00,-1.374622136354446411e-01,3.404177352786064148e-02,3.223590850830078125e-01
-4.579289816319942474e-03,-5.308593157678842545e-03,7.827067971229553223e-01,9.992240071296691895e-01,6.799916271120309830e-03,1.529729738831520081e-02,3.565241023898124695e-02,-2.241951227188110352e-02,1.672856509685516357e-01,4.605048894882202148e-01,1.300511062145233154e-01,-9.239856898784637451e-02,-1.040701270103454590e-01,-3.705096989870071411e-02,-1.748157292604446411e-01,-3.595979809761047363e-01,1.382790058851242065e-01,-1.193200275301933289e-01,1.045265421271324158e-01,2.110863327980041504e-01,-1.546413544565439224e-02,2.604685127735137939e-01,-1.992188096046447754e-01,3.089276850223541260e-01,-7.366030812263488770e-01,1.102353215217590332e+00,1.391830891370773315e-01,8.674996346235275269e-02,-5.837231501936912537e-02,-6.949868202209472656e-01,2.682054229080677032e-02,1.300102710723876953e+00,1.179149389266967773e+00,-1.497679203748703003e-01,3.157152980566024780e-02,3.192131519317626953e-01
-4.865058232098817825e-03,-5.706835538148880005e-03,7.827630043029785156e-01,9.991232156753540039e-01,6.799412891268730164e-03,1.580062508583068848e-02,3.816954791545867920e-02,-2.546654455363750458e-02,1.664922237396240234e-01,4.557156562805175781e-01,1.289675533771514893e-01,-9.061608463525772095e-02,-1.038883551955223083e-01,-3.684899955987930298e-02,-1.750330477952957153e-01,-3.637766242027282715e-01,1.380336880683898926e-01,-1.194823011755943298e-01,1.043459698557853699e-01,2.153893411159515381e-01,-1.565570570528507233e-02,2.629420161247253418e-01,-2.029452472925186157e-01,3.085992038249969482e-01,-7.401534318923950195e-01,1.107031106948852539e+00,1.382429599761962891e-01,8.584638684988021851e-02,-5.808768048882484436e-02,-6.982509493827819824e-01,3.958230093121528625e-02,1.311244130134582520e+00,1.193433046340942383e+00,-1.626797467470169067e-01,2.931706234812736511e-02,3.165367245674133301e-01
-4.981053061783313751e-03,-6.224932149052619934e-03,7.828210592269897461e-01,9.990221858024597168e-01,6.809244398027658463e-03,1.622227579355239868e-02,4.056012630462646484e-02,-2.808739617466926575e-02,1.656682193279266357e-01,4.512246847152709961e-01,1.279216706752777100e-01,-8.890555799007415771e-02,-1.036834195256233215e-01,-3.654792159795761108e-02,-1.752639710903167725e-01,-3.678933680057525635e-01,1.378864794969558716e-01,-1.196832507848739624e-01,1.041046679019927979e-01,2.191719263792037964e-01,-1.561561040580272675e-02,2.652203738689422607e-01,-2.067599445581436157e-01,3.082781434059143066e-01,-7.437456846237182617e-01,1.110756754875183105e+00,1.375473737716674805e-01,8.493305742740631104e-02,-5.734178796410560608e-02,-7.003435492515563965e-01,5.142354220151901245e-02,1.321089625358581543e+00,1.207208871841430664e+00,-1.758708655834197998e-01,2.715222537517547607e-02,3.149185776710510254e-01
-5.170979071408510208e-03,-6.541523616760969162e-03,7.828430533409118652e-01,9.989207386970520020e-01,6.813942454755306244e-03,1.657298393547534943e-02,4.285123571753501892e-02,-3.027202561497688293e-02,1.648340523242950439e-01,4.470859467983245850e-01,1.268105357885360718e-01,-8.726233243942260742e-02,-1.034126579761505127e-01,-3.619720041751861572e-02,-1.755919754505157471e-01,-3.716739714145660400e-01,1.378538906574249268e-01,-1.199746355414390564e-01,1.038397401571273804e-01,2.223587632179260254e-01,-1.535056903958320618e-02,2.672376930713653564e-01,-2.105054557323455811e-01,3.079374432563781738e-01,-7.471932172775268555e-01,1.113352775573730469e+00,1.372756063938140869e-01,8.400714397430419922e-02,-5.656558275222778320e-02,-7.015525102615356445e-01,6.193791702389717102e-02,1.329361319541931152e+00,1.220007181167602539e+00,-1.875062435865402222e-01,2.520527131855487823e-02,3.142112791538238525e-01
-5.321165546774864197e-03,-6.787945050746202469e-03,7.828508019447326660e-01,9.988248348236083984e-01,6.821798160672187805e-03,1.688107103109359741e-02,4.491522535681724548e-02,-3.225259482860565186e-02,1.640350967645645142e-01,4.432311654090881348e-01,1.259953379631042480e-01,-8.610104769468307495e-02,-1.030234470963478088e-01,-3.584400564432144165e-02,-1.759751737117767334e-01,-3.749604523181915283e-01,1.378460526466369629e-01,-1.203868165612220764e-01,1.035269349813461304e-01,2.248084545135498047e-01,-1.500555779784917831e-02,2.688678503036499023e-01,-2.134780585765838623e-01,3.074939846992492676e-01,-7.499095797538757324e-01,1.115292191505432129e+00,1.377822458744049072e-01,8.333151042461395264e-02,-5.601459369063377380e-02,-7.024310827255249023e-01,7.056261599063873291e-02,1.335427045822143555e+00,1.231039524078369141e+00,-1.964270472526550293e-01,2.350708097219467163e-02,3.143799602985382080e-01
-5.421093665063381195e-03,-6.979802157729864120e-03,7.828614711761474609e-01,9.987409114837646484e-01,6.847825832664966583e-03,1.716108620166778564e-02,4.663871601223945618e-02,-3.392278030514717102e-02,1.632614135742187500e-01,4.398314356803894043e-01,1.254573613405227661e-01,-8.524496108293533325e-02,-1.026243194937705994e-01,-3.569398447871208191e-02,-1.763820350170135498e-01,-3.777200579643249512e-01,1.378210037946701050e-01,-1.207379028201103210e-01,1.033535301685333252e-01,2.266745418310165405e-01,-1.460937038064002991e-02,2.700761258602142334e-01,-2.159037441015243530e-01,3.068761229515075684e-01,-7.518227696418762207e-01,1.116923570632934570e+00,1.383474469184875488e-01,8.269038796424865723e-02,-5.571492388844490051e-02,-7.030341625213623047e-01,7.668031752109527588e-02,1.338856458663940430e+00,1.239773511886596680e+00,-2.024787515401840210e-01,2.220001071691513062e-02,3.146192431449890137e-01
-5.452943034470081329e-03,-7.108530960977077484e-03,7.828798294067382812e-01,9.986734986305236816e-01,6.855725776404142380e-03,1.735097356140613556e-02,4.799057543277740479e-02,-3.533187508583068848e-02,1.626512557268142700e-01,4.368992745876312256e-01,1.253240704536437988e-01,-8.453116565942764282e-02,-1.022068932652473450e-01,-3.559152036905288696e-02,-1.767933964729309082e-01,-3.800937533378601074e-01,1.378842592239379883e-01,-1.209844350814819336e-01,1.031998917460441589e-01,2.278203368186950684e-01,-1.407480984926223755e-02,2.711215913295745850e-01,-2.178440988063812256e-01,3.061552643775939941e-01,-7.531657814979553223e-01,1.118457555770874023e+00,1.392527073621749878e-01,8.200405538082122803e-02,-5.557754635810852051e-02,-7.037107944488525391e-01,8.063296973705291748e-02,1.340280294418334961e+00,1.246216893196105957e+00,-2.079963088035583496e-01,2.160713635385036469e-02,3.143343329429626465e-01
-5.438575986772775650e-03,-7.135119754821062088e-03,7.828752398490905762e-01,9.986262917518615723e-01,6.873831152915954590e-03,1.743084751069545746e-02,4.893381148576736450e-02,-3.617171943187713623e-02,1.621203869581222534e-01,4.347062408924102783e-01,1.252395212650299072e-01,-8.394291251897811890e-02,-1.019226387143135071e-01,-3.539014980196952820e-02,-1.772001832723617554e-01,-3.816383779048919678e-01,1.380942016839981079e-01,-1.212880238890647888e-01,1.032209247350692749e-01,2.283070236444473267e-01,-1.350514777004718781e-02,2.720764577388763428e-01,-2.190063595771789551e-01,3.054451048374176025e-01,-7.538207769393920898e-01,1.119401097297668457e+00,1.396873742341995239e-01,8.150039613246917725e-02,-5.545556917786598206e-02,-7.042613625526428223e-01,8.307752758264541626e-02,1.340049147605895996e+00,1.250814914703369141e+00,-2.128679007291793823e-01,2.153496630489826202e-02,3.133888542652130127e-01
-5.429866723716259003e-03,-7.037302479147911072e-03,7.828738689422607422e-01,9.985926747322082520e-01,6.922341417521238327e-03,1.746669970452785492e-02,4.959439858794212341e-02,-3.668540343642234802e-02,1.615677028894424438e-01,4.334138929843902588e-01,1.252265870571136475e-01,-8.350577950477600098e-02,-1.015886217355728149e-01,-3.523142263293266296e-02,-1.777670830488204956e-01,-3.826740682125091553e-01,1.384801715612411499e-01,-1.213512346148490906e-01,1.032794117927551270e-01,2.283523827791213989e-01,-1.297642011195421219e-02,2.726384997367858887e-01,-2.191665470600128174e-01,3.045549988746643066e-01,-7.538796663284301758e-01,1.120021820068359375e+00,1.397975534200668335e-01,8.118302375078201294e-02,-5.491228029131889343e-02,-7.046036720275878906e-01,8.468943834304809570e-02,1.338667154312133789e+00,1.253977417945861816e+00,-2.156245261430740356e-01,2.106343768537044525e-02,3.122229576110839844e-01
-5.437807179987430573e-03,-6.869939155876636505e-03,7.828840017318725586e-01,9.985724687576293945e-01,7.000347599387168884e-03,1.744825392961502075e-02,4.999499022960662842e-02,-3.699206560850143433e-02,1.609283685684204102e-01,4.327827692031860352e-01,1.250718384981155396e-01,-8.333492279052734375e-02,-1.014427393674850464e-01,-3.518385067582130432e-02,-1.783546954393386841e-01,-3.832013309001922607e-01,1.388501673936843872e-01,-1.213313117623329163e-01,1.032195836305618286e-01,2.281327247619628906e-01,-1.259816996753215790e-02,2.728244960308074951e-01,-2.187552303075790405e-01,3.034301102161407471e-01,-7.539111375808715820e-01,1.120527625083923340e+00,1.397534757852554321e-01,8.065268397331237793e-02,-5.416621267795562744e-02,-7.043991088867187500e-01,8.565242588520050049e-02,1.336023211479187012e+00,1.255769014358520508e+00,-2.149156928062438965e-01,2.026383392512798309e-02,3.110090196132659912e-01
-5.447181873023509979e-03,-6.685405038297176361e-03,7.828873395919799805e-01,9.985644221305847168e-01,7.067777216434478760e-03,1.739919558167457581e-02,5.016379430890083313e-02,-3.715439140796661377e-02,1.604336649179458618e-01,4.328460693359375000e-01,1.249121204018592834e-01,-8.342628180980682373e-02,-1.014422699809074402e-01,-3.524887561798095703e-02,-1.788095533847808838e-01,-3.833898305892944336e-01,1.394141018390655518e-01,-1.214711293578147888e-01,1.028863117098808289e-01,2.278418391942977905e-01,-1.231245417147874832e-02,2.730294167995452881e-01,-2.182528227567672729e-01,3.024814426898956299e-01,-7.539680600166320801e-01,1.120267510414123535e+00,1.400299519300460815e-01,8.033288270235061646e-02,-5.351790785789489746e-02,-7.041357755661010742e-01,8.605961501598358154e-02,1.333555817604064941e+00,1.255990266799926758e+00,-2.122976481914520264e-01,1.964251138269901276e-02,3.108076751232147217e-01
-5.425189621746540070e-03,-6.450587417930364609e-03,7.828848958015441895e-01,9.985628128051757812e-01,7.149036973714828491e-03,1.740743033587932587e-02,5.018164962530136108e-02,-3.721883520483970642e-02,1.599797159433364868e-01,4.331938624382019043e-01,1.250335723161697388e-01,-8.378761261701583862e-02,-1.012628376483917236e-01,-3.544750809669494629e-02,-1.793332546949386597e-01,-3.834523558616638184e-01,1.400843709707260132e-01,-1.216333210468292236e-01,1.025733873248100281e-01,2.273271381855010986e-01,-1.209690235555171967e-02,2.731746137142181396e-01,-2.178070992231369019e-01,3.018324077129364014e-01,-7.544587254524230957e-01,1.119661331176757812e+00,1.399796903133392334e-01,8.018470555543899536e-02,-5.328847467899322510e-02,-7.039700150489807129e-01,8.592371642589569092e-02,1.331594347953796387e+00,1.255115389823913574e+00,-2.082676738500595093e-01,1.929812878370285034e-02,3.105562627315521240e-01
-5.337747745215892792e-03,-6.154819391667842865e-03,7.828656435012817383e-01,9.985684752464294434e-01,7.236708421260118484e-03,1.738243177533149719e-02,5.006499215960502625e-02,-3.703579679131507874e-02,1.596437394618988037e-01,4.338850080966949463e-01,1.253231018781661987e-01,-8.428559452295303345e-02,-1.009213402867317200e-01,-3.544712439179420471e-02,-1.798772662878036499e-01,-3.833118081092834473e-01,1.407927572727203369e-01,-1.219421848654747009e-01,1.024435013532638550e-01,2.267734408378601074e-01,-1.187728065997362137e-02,2.734802663326263428e-01,-2.174997180700302124e-01,3.013716042041778564e-01,-7.554768323898315430e-01,1.119011402130126953e+00,1.393739581108093262e-01,8.004423230886459351e-02,-5.324056372046470642e-02,-7.037996649742126465e-01,8.564266562461853027e-02,1.330506324768066406e+00,1.254149079322814941e+00,-2.043107002973556519e-01,1.874905638396739960e-02,3.096489012241363525e-01
-5.188829265534877777e-03,-5.874237045645713806e-03,7.828317284584045410e-01,9.985795021057128906e-01,7.330539636313915253e-03,1.736924424767494202e-02,4.983454942703247070e-02,-3.674174845218658447e-02,1.593436300754547119e-01,4.346698522567749023e-01,1.256316751241683960e-01,-8.480405062437057495e-02,-1.004512682557106018e-01,-3.553949669003486633e-02,-1.804065555334091187e-01,-3.827507495880126953e-01,1.413491666316986084e-01,-1.220829263329505920e-01,1.024279147386550903e-01,2.262906134128570557e-01,-1.171779911965131760e-02,2.738292217254638672e-01,-2.175076752901077271e-01,3.010424673557281494e-01,-7.564527988433837891e-01,1.118947863578796387e+00,1.390438973903656006e-01,7.981831580400466919e-02,-5.279440060257911682e-02,-7.034360170364379883e-01,8.523812890052795410e-02,1.330415606498718262e+00,1.253774285316467285e+00,-2.024573087692260742e-01,1.771167293190956116e-02,3.085012137889862061e-01
-4.995568655431270599e-03,-5.659953691065311432e-03,7.828291654586791992e-01,9.985918998718261719e-01,7.430014666169881821e-03,1.735795661807060242e-02,4.957484081387519836e-02,-3.630452603101730347e-02,1.589895188808441162e-01,4.352158606052398682e-01,1.258763670921325684e-01,-8.526650071144104004e-02,-1.000548526644706726e-01,-3.565334528684616089e-02,-1.809403449296951294e-01,-3.821103572845458984e-01,1.417356729507446289e-01,-1.221228539943695068e-01,1.027229204773902893e-01,2.258208245038986206e-01,-1.168196927756071091e-02,2.741434574127197266e-01,-2.175121754407882690e-01,3.008098006248474121e-01,-7.569568753242492676e-01,1.119419574737548828e+00,1.395115554332733154e-01,7.966034859418869019e-02,-5.245759710669517517e-02,-7.032970786094665527e-01,8.490613102912902832e-02,1.330632090568542480e+00,1.253784179687500000e+00,-2.035112529993057251e-01,1.677772775292396545e-02,3.073752522468566895e-01
-4.821900278329849243e-03,-5.495518911629915237e-03,7.828584313392639160e-01,9.986037015914916992e-01,7.508305832743644714e-03,1.733552291989326477e-02,4.933325946331024170e-02,-3.577387705445289612e-02,1.586200147867202759e-01,4.356827735900878906e-01,1.259396374225616455e-01,-8.574254065752029419e-02,-9.991039335727691650e-02,-3.567390888929367065e-02,-1.813518702983856201e-01,-3.814598321914672852e-01,1.418217122554779053e-01,-1.220239326357841492e-01,1.031558513641357422e-01,2.256046086549758911e-01,-1.170841418206691742e-02,2.744284570217132568e-01,-2.176759243011474609e-01,3.006408512592315674e-01,-7.573249340057373047e-01,1.120132327079772949e+00,1.406815648078918457e-01,7.930222898721694946e-02,-5.272897332906723022e-02,-7.029135823249816895e-01,8.440423756837844849e-02,1.331378459930419922e+00,1.253576755523681641e+00,-2.060882747173309326e-01,1.602356694638729095e-02,3.068050444126129150e-01
-4.688207060098648071e-03,-5.375770851969718933e-03,7.828817963600158691e-01,9.986155033111572266e-01,7.568853907287120819e-03,1.733361557126045227e-02,4.908490180969238281e-02,-3.516269102692604065e-02,1.583378612995147705e-01,4.363294839859008789e-01,1.257611960172653198e-01,-8.600861579179763794e-02,-9.985907375812530518e-02,-3.569808602333068848e-02,-1.817294955253601074e-01,-3.807947337627410889e-01,1.418729871511459351e-01,-1.219597235321998596e-01,1.034556999802589417e-01,2.257342636585235596e-01,-1.176913641393184662e-02,2.747143805027008057e-01,-2.180455029010772705e-01,3.005880415439605713e-01,-7.572179436683654785e-01,1.121007442474365234e+00,1.420812606811523438e-01,7.911116629838943481e-02,-5.327545106410980225e-02,-7.026138901710510254e-01,8.369519561529159546e-02,1.332468748092651367e+00,1.253757357597351074e+00,-2.078532725572586060e-01,1.492164749652147293e-02,3.059621453285217285e-01
-4.555176943540573120e-03,-5.238546989858150482e-03,7.828937768936157227e-01,9.986295700073242188e-01,7.603542413562536240e-03,1.730399951338768005e-02,4.880358278751373291e-02,-3.448307514190673828e-02,1.582135260105133057e-01,4.374803304672241211e-01,1.256440430879592896e-01,-8.617126941680908203e-02,-9.974407404661178589e-02,-3.573491424322128296e-02,-1.819595843553543091e-01,-3.799765408039093018e-01,1.419991701841354370e-01,-1.221342235803604126e-01,1.037158966064453125e-01,2.263765186071395874e-01,-1.185190770775079727e-02,2.749745845794677734e-01,-2.185606658458709717e-01,3.006453812122344971e-01,-7.573488354682922363e-01,1.121861815452575684e+00,1.429205089807510376e-01,7.897229492664337158e-02,-5.331492796540260315e-02,-7.027422189712524414e-01,8.339806646108627319e-02,1.333854794502258301e+00,1.254274368286132812e+00,-2.099998891353607178e-01,1.350946165621280670e-02,3.049411773681640625e-01
-4.379522055387496948e-03,-5.058311857283115387e-03,7.828854322433471680e-01,9.986402392387390137e-01,7.625741418451070786e-03,1.716106571257114410e-02,4.863105714321136475e-02,-3.368715569376945496e-02,1.581795662641525269e-01,4.386232495307922363e-01,1.256994903087615967e-01,-8.655529469251632690e-02,-9.962782263755798340e-02,-3.543019667267799377e-02,-1.821179986000061035e-01,-3.792337775230407715e-01,1.422518044710159302e-01,-1.226194426417350769e-01,1.038223952054977417e-01,2.271633595228195190e-01,-1.186848152428865433e-02,2.752100229263305664e-01,-2.190220803022384644e-01,3.008539080619812012e-01,-7.570127248764038086e-01,1.122274637222290039e+00,1.426331698894500732e-01,7.877631485462188721e-02,-5.263689905405044556e-02,-7.032204270362854004e-01,8.342332392930984497e-02,1.335053443908691406e+00,1.255076169967651367e+00,-2.110780328512191772e-01,1.214410271495580673e-02,3.041962683200836182e-01
-4.143580328673124313e-03,-4.878610838204622269e-03,7.828384637832641602e-01,9.986472129821777344e-01,7.680104579776525497e-03,1.690712384879589081e-02,4.856838285923004150e-02,-3.280729427933692932e-02,1.580264121294021606e-01,4.392371177673339844e-01,1.258334368467330933e-01,-8.709325641393661499e-02,-9.964813292026519775e-02,-3.485978022217750549e-02,-1.823649704456329346e-01,-3.787209093570709229e-01,1.426768898963928223e-01,-1.232288554310798645e-01,1.038216352462768555e-01,2.280235141515731812e-01,-1.181607693433761597e-02,2.754763066768646240e-01,-2.195306569337844849e-01,3.010818660259246826e-01,-7.566362619400024414e-01,1.122479200363159180e+00,1.423092484474182129e-01,7.848722487688064575e-02,-5.193116143345832825e-02,-7.039579153060913086e-01,8.341998606920242310e-02,1.335407614707946777e+00,1.256130576133728027e+00,-2.114883363246917725e-01,1.127722300589084625e-02,3.037717938423156738e-01
-3.898628288879990578e-03,-4.725711420178413391e-03,7.827600836753845215e-01,9.986508488655090332e-01,7.747102528810501099e-03,1.667717844247817993e-02,4.856372624635696411e-02,-3.208975121378898621e-02,1.578444242477416992e-01,4.395396411418914795e-01,1.261154115200042725e-01,-8.776994794607162476e-02,-9.960450977087020874e-02,-3.443167358636856079e-02,-1.826407760381698608e-01,-3.783534765243530273e-01,1.431997865438461304e-01,-1.238779574632644653e-01,1.038576364517211914e-01,2.290428280830383301e-01,-1.173283625394105911e-02,2.756887972354888916e-01,-2.201396375894546509e-01,3.011879324913024902e-01,-7.562059164047241211e-01,1.123188972473144531e+00,1.418188065290451050e-01,7.842286676168441772e-02,-5.132691934704780579e-02,-7.049473524093627930e-01,8.357746899127960205e-02,1.335011720657348633e+00,1.257315158843994141e+00,-2.116090059280395508e-01,1.109605748206377029e-02,3.028997480869293213e-01
-3.709366545081138611e-03,-4.591031000018119812e-03,7.826970219612121582e-01,9.986500144004821777e-01,7.808196358382701874e-03,1.646462641656398773e-02,4.864250123500823975e-02,-3.157123178243637085e-02,1.577289998531341553e-01,4.395897686481475830e-01,1.264959275722503662e-01,-8.846144378185272217e-02,-9.945401549339294434e-02,-3.414927795529365540e-02,-1.829984188079833984e-01,-3.782833218574523926e-01,1.439853310585021973e-01,-1.247193813323974609e-01,1.039754152297973633e-01,2.300171703100204468e-01,-1.152382511645555496e-02,2.757895290851593018e-01,-2.210684716701507568e-01,3.011785745620727539e-01,-7.557809948921203613e-01,1.124419212341308594e+00,1.413619518280029297e-01,7.844948768615722656e-02,-5.119083449244499207e-02,-7.054482102394104004e-01,8.359669893980026245e-02,1.334027051925659180e+00,1.258425712585449219e+00,-2.103564739227294922e-01,1.126758288592100143e-02,3.014693856239318848e-01
-3.588686930015683174e-03,-4.491363186389207840e-03,7.826849818229675293e-01,9.986447691917419434e-01,7.848225533962249756e-03,1.627359166741371155e-02,4.880848526954650879e-02,-3.125113621354103088e-02,1.576817929744720459e-01,4.397771656513214111e-01,1.268235594034194946e-01,-8.897533267736434937e-02,-9.910818189382553101e-02,-3.386442363262176514e-02,-1.833825558423995972e-01,-3.787144720554351807e-01,1.449076533317565918e-01,-1.255380958318710327e-01,1.042451336979866028e-01,2.309215068817138672e-01,-1.117554213851690292e-02,2.756741046905517578e-01,-2.220876514911651611e-01,3.010642826557159424e-01,-7.557329535484313965e-01,1.125945687294006348e+00,1.416032761335372925e-01,7.820225507020950317e-02,-5.139300972223281860e-02,-7.056981921195983887e-01,8.390285074710845947e-02,1.334176659584045410e+00,1.259533405303955078e+00,-2.093075811862945557e-01,1.109117735177278519e-02,3.005743622779846191e-01
-3.471539588645100594e-03,-4.432532005012035370e-03,7.827016711235046387e-01,9.986367225646972656e-01,7.895903661847114563e-03,1.606430485844612122e-02,4.903351515531539917e-02,-3.080780617892742157e-02,1.575870960950851440e-01,4.397652745246887207e-01,1.270446181297302246e-01,-8.913863450288772583e-02,-9.887416660785675049e-02,-3.327849879860877991e-02,-1.838347911834716797e-01,-3.794966638088226318e-01,1.456971466541290283e-01,-1.263228952884674072e-01,1.046494990587234497e-01,2.317658513784408569e-01,-1.081530004739761353e-02,2.755852043628692627e-01,-2.230386137962341309e-01,3.008249700069427490e-01,-7.560288310050964355e-01,1.127370715141296387e+00,1.422556042671203613e-01,7.809782773256301880e-02,-5.144909396767616272e-02,-7.062220573425292969e-01,8.447548747062683105e-02,1.335196495056152344e+00,1.260273933410644531e+00,-2.094248980283737183e-01,1.041229907423257828e-02,2.997254431247711182e-01
-3.321770578622817993e-03,-4.426068160682916641e-03,7.826961874961853027e-01,9.986242055892944336e-01,7.959416136145591736e-03,1.581543870270252228e-02,4.935811832547187805e-02,-3.013368323445320129e-02,1.573394834995269775e-01,4.393701255321502686e-01,1.269809752702713013e-01,-8.922587335109710693e-02,-9.875738620758056641e-02,-3.254316747188568115e-02,-1.843499243259429932e-01,-3.802858591079711914e-01,1.466089338064193726e-01,-1.273512691259384155e-01,1.048901528120040894e-01,2.326398640871047974e-01,-1.046596560627222061e-02,2.756279408931732178e-01,-2.237900793552398682e-01,3.003973066806793213e-01,-7.564604282379150391e-01,1.128687143325805664e+00,1.428870111703872681e-01,7.816231995820999146e-02,-5.155434459447860718e-02,-7.072108387947082520e-01,8.516801148653030396e-02,1.336754560470581055e+00,1.261125445365905762e+00,-2.102780193090438843e-01,9.597121737897396088e-03,2.992665767669677734e-01
-3.137810388579964638e-03,-4.448463208973407745e-03,7.826792597770690918e-01,9.986113309860229492e-01,8.037344552576541901e-03,1.556768640875816345e-02,4.968360438942909241e-02,-2.913973480463027954e-02,1.570021957159042358e-01,4.389111399650573730e-01,1.266574859619140625e-01,-8.927482366561889648e-02,-9.864268451929092407e-02,-3.169502690434455872e-02,-1.848396807909011841e-01,-3.808112144470214844e-01,1.473775357007980347e-01,-1.283120065927505493e-01,1.049501597881317139e-01,2.335259020328521729e-01,-1.008946355432271957e-02,2.756729423999786377e-01,-2.241053879261016846e-01,2.996722757816314697e-01,-7.569887042045593262e-01,1.129575014114379883e+00,1.437893360853195190e-01,7.838036119937896729e-02,-5.143010616302490234e-02,-7.084269523620605469e-01,8.607130497694015503e-02,1.338785648345947266e+00,1.262548208236694336e+00,-2.127856016159057617e-01,8.662034757435321808e-03,2.992691993713378906e-01
-2.972175134345889091e-03,-4.478656221181154251e-03,7.826721668243408203e-01,9.985978007316589355e-01,8.106278255581855774e-03,1.531146280467510223e-02,5.002323910593986511e-02,-2.808886952698230743e-02,1.567203402519226074e-01,4.387207329273223877e-01,1.263134032487869263e-01,-8.953442424535751343e-02,-9.858821332454681396e-02,-3.057659976184368134e-02,-1.851687431335449219e-01,-3.811578452587127686e-01,1.477678716182708740e-01,-1.290766149759292603e-01,1.049755364656448364e-01,2.344012558460235596e-01,-9.651019237935543060e-03,2.758232951164245605e-01,-2.241819947957992554e-01,2.988186776638031006e-01,-7.575021386146545410e-01,1.130099177360534668e+00,1.448261290788650513e-01,7.860892266035079956e-02,-5.086527392268180847e-02,-7.097692489624023438e-01,8.724050223827362061e-02,1.340982913970947266e+00,1.263858199119567871e+00,-2.156808078289031982e-01,7.714726962149143219e-03,2.991822361946105957e-01
-2.841325011104345322e-03,-4.538148175925016403e-03,7.826746106147766113e-01,9.985827803611755371e-01,8.160934783518314362e-03,1.510682515799999237e-02,5.037551373243331909e-02,-2.733959071338176727e-02,1.565125435590744019e-01,4.386876821517944336e-01,1.260398924350738525e-01,-8.982733637094497681e-02,-9.852273017168045044e-02,-2.944238670170307159e-02,-1.853274106979370117e-01,-3.812824189662933350e-01,1.478916555643081665e-01,-1.294428706169128418e-01,1.050742790102958679e-01,2.352060675621032715e-01,-9.241959080100059509e-03,2.759842574596405029e-01,-2.242747694253921509e-01,2.979552149772644043e-01,-7.578603625297546387e-01,1.130171298980712891e+00,1.451689749956130981e-01,7.879886776208877563e-02,-4.942246899008750916e-02,-7.112139463424682617e-01,8.834388852119445801e-02,1.341947317123413086e+00,1.264885067939758301e+00,-2.183103859424591064e-01,7.243711035698652267e-03,2.990320622920989990e-01
-2.719288691878318787e-03,-4.617991391569375992e-03,7.826815247535705566e-01,9.985669255256652832e-01,8.206064812839031219e-03,1.492215227335691452e-02,5.073571577668190002e-02,-2.694001980125904083e-02,1.563173681497573853e-01,4.382811784744262695e-01,1.260135769844055176e-01,-9.003408998250961304e-02,-9.844832122325897217e-02,-2.856543101370334625e-02,-1.854130923748016357e-01,-3.813907802104949951e-01,1.479870975017547607e-01,-1.296643316745758057e-01,1.051459312438964844e-01,2.357823103666305542e-01,-8.888442069292068481e-03,2.759588956832885742e-01,-2.242044955492019653e-01,2.970000505447387695e-01,-7.582622170448303223e-01,1.129596590995788574e+00,1.445789039134979248e-01,7.893765717744827271e-02,-4.833813756704330444e-02,-7.119992971420288086e-01,8.901119232177734375e-02,1.341231584548950195e+00,1.265078902244567871e+00,-2.189278453588485718e-01,7.411489728838205338e-03,2.992405891418457031e-01
-2.584033412858843803e-03,-4.677258431911468506e-03,7.826722860336303711e-01,9.985531568527221680e-01,8.266290649771690369e-03,1.473465282469987869e-02,5.105039849877357483e-02,-2.672709152102470398e-02,1.560670435428619385e-01,4.377036988735198975e-01,1.261726319789886475e-01,-9.005687385797500610e-02,-9.827806800603866577e-02,-2.781369350850582123e-02,-1.856868267059326172e-01,-3.818143308162689209e-01,1.480776369571685791e-01,-1.298225373029708862e-01,1.050911024212837219e-01,2.360985875129699707e-01,-8.553818799555301666e-03,2.757736146450042725e-01,-2.242362201213836670e-01,2.961224019527435303e-01,-7.590948343276977539e-01,1.128977775573730469e+00,1.433661878108978271e-01,7.875141501426696777e-02,-4.827470704913139343e-02,-7.120661139488220215e-01,8.926013857126235962e-02,1.339808940887451172e+00,1.264894127845764160e+00,-2.185573428869247437e-01,7.934254594147205353e-03,2.993045449256896973e-01
-2.455363515764474869e-03,-4.706531297415494919e-03,7.826588749885559082e-01,9.985457658767700195e-01,8.309337310492992401e-03,1.448020152747631073e-02,5.126019567251205444e-02,-2.640091627836227417e-02,1.558661907911300659e-01,4.371980726718902588e-01,1.262805312871932983e-01,-9.004139900207519531e-02,-9.808394312858581543e-02,-2.722507901489734650e-02,-1.859251409769058228e-01,-3.820887207984924316e-01,1.482709944248199463e-01,-1.301028579473495483e-01,1.051127389073371887e-01,2.361663728952407837e-01,-8.160869590938091278e-03,2.754777371883392334e-01,-2.242418378591537476e-01,2.953364849090576172e-01,-7.605060338973999023e-01,1.128464579582214355e+00,1.417484283447265625e-01,7.831639051437377930e-02,-4.888996109366416931e-02,-7.113837003707885742e-01,8.908015489578247070e-02,1.338096618652343750e+00,1.264679908752441406e+00,-2.176524847745895386e-01,8.255059830844402313e-03,2.997458279132843018e-01
-2.352691721171140671e-03,-4.704877734184265137e-03,7.826365232467651367e-01,9.985458254814147949e-01,8.348274976015090942e-03,1.421877834945917130e-02,5.132551118731498718e-02,-2.579993195831775665e-02,1.557332277297973633e-01,4.373523592948913574e-01,1.262879967689514160e-01,-9.001199901103973389e-02,-9.804078936576843262e-02,-2.673132903873920441e-02,-1.861458122730255127e-01,-3.821605443954467773e-01,1.486302763223648071e-01,-1.304202228784561157e-01,1.053485795855522156e-01,2.359242886304855347e-01,-7.675747852772474289e-03,2.752545177936553955e-01,-2.239849716424942017e-01,2.946217358112335205e-01,-7.621513009071350098e-01,1.128180861473083496e+00,1.413688212633132935e-01,7.827696204185485840e-02,-4.861233383417129517e-02,-7.110545635223388672e-01,8.892896026372909546e-02,1.336581468582153320e+00,1.264719963073730469e+00,-2.180625796318054199e-01,7.576829753816127777e-03,2.999281883239746094e-01
-2.283099573105573654e-03,-4.667693283408880234e-03,7.825792431831359863e-01,9.985505342483520508e-01,8.395991288125514984e-03,1.398947462439537048e-02,5.128987133502960205e-02,-2.531517669558525085e-02,1.556877195835113525e-01,4.381584823131561279e-01,1.264206171035766602e-01,-9.019461274147033691e-02,-9.795170277357101440e-02,-2.642137557268142700e-02,-1.863481998443603516e-01,-3.818535506725311279e-01,1.490617245435714722e-01,-1.307514756917953491e-01,1.055080145597457886e-01,2.358147203922271729e-01,-7.096249610185623169e-03,2.751910090446472168e-01,-2.237107157707214355e-01,2.941428422927856445e-01,-7.637499570846557617e-01,1.127745628356933594e+00,1.415533870458602905e-01,7.834564149379730225e-02,-4.742862284183502197e-02,-7.112643718719482422e-01,8.879090100526809692e-02,1.335357189178466797e+00,1.264863848686218262e+00,-2.198318690061569214e-01,6.441072095185518265e-03,2.995077073574066162e-01
-2.238089451566338539e-03,-4.606257192790508270e-03,7.825120687484741211e-01,9.985587000846862793e-01,8.456644602119922638e-03,1.380231417715549469e-02,5.117169767618179321e-02,-2.503984235227108002e-02,1.555987000465393066e-01,4.390265643596649170e-01,1.268144696950912476e-01,-9.058376401662826538e-02,-9.754700958728790283e-02,-2.617476321756839752e-02,-1.866151392459869385e-01,-3.815668821334838867e-01,1.494451016187667847e-01,-1.311532407999038696e-01,1.056977137923240662e-01,2.357014864683151245e-01,-6.494425702840089798e-03,2.751663029193878174e-01,-2.234639376401901245e-01,2.938480973243713379e-01,-7.647401094436645508e-01,1.127179861068725586e+00,1.421227604150772095e-01,7.812638580799102783e-02,-4.614917933940887451e-02,-7.115134596824645996e-01,8.830932527780532837e-02,1.334403276443481445e+00,1.265223145484924316e+00,-2.209896892309188843e-01,5.748424679040908813e-03,2.988977730274200439e-01
-2.238909015432000160e-03,-4.542225506156682968e-03,7.824748158454895020e-01,9.985750913619995117e-01,8.521451614797115326e-03,1.361378934234380722e-02,5.089057609438896179e-02,-2.475768141448497772e-02,1.555019319057464600e-01,4.399087131023406982e-01,1.273585259914398193e-01,-9.134585410356521606e-02,-9.724128246307373047e-02,-2.604970149695873260e-02,-1.868960112333297729e-01,-3.810988962650299072e-01,1.496916115283966064e-01,-1.313938051462173462e-01,1.057215854525566101e-01,2.355942875146865845e-01,-5.932668223977088928e-03,2.752144038677215576e-01,-2.233648747205734253e-01,2.935368418693542480e-01,-7.654587626457214355e-01,1.126688718795776367e+00,1.428939253091812134e-01,7.760555297136306763e-02,-4.543168097734451294e-02,-7.113205790519714355e-01,8.753340691328048706e-02,1.333485841751098633e+00,1.265548467636108398e+00,-2.216909080743789673e-01,5.837678443640470505e-03,2.984848916530609131e-01
-2.285235794261097908e-03,-4.433479625731706619e-03,7.824554443359375000e-01,9.985978007316589355e-01,8.576951920986175537e-03,1.347179803997278214e-02,5.047187581658363342e-02,-2.440119348466396332e-02,1.553340554237365723e-01,4.404986500740051270e-01,1.276661008596420288e-01,-9.204338490962982178e-02,-9.704454988241195679e-02,-2.603655681014060974e-02,-1.871136575937271118e-01,-3.805111050605773926e-01,1.497227549552917480e-01,-1.315276175737380981e-01,1.056777611374855042e-01,2.354528456926345825e-01,-5.465393885970115662e-03,2.752177715301513672e-01,-2.233971953392028809e-01,2.933312058448791504e-01,-7.654175758361816406e-01,1.126446962356567383e+00,1.435407102108001709e-01,7.703768461942672729e-02,-4.513997212052345276e-02,-7.106458544731140137e-01,8.661549538373947144e-02,1.332725167274475098e+00,1.265728235244750977e+00,-2.216179370880126953e-01,6.122110877186059952e-03,2.984279990196228027e-01
-2.371965674683451653e-03,-4.260579124093055725e-03,7.824468612670898438e-01,9.986200332641601562e-01,8.635410107672214508e-03,1.339754089713096619e-02,5.004014074802398682e-02,-2.397553436458110809e-02,1.551035046577453613e-01,4.408964514732360840e-01,1.276748478412628174e-01,-9.228195250034332275e-02,-9.693233668804168701e-02,-2.615955844521522522e-02,-1.873639076948165894e-01,-3.800365626811981201e-01,1.497216671705245972e-01,-1.315086930990219116e-01,1.057862341403961182e-01,2.351814955472946167e-01,-5.124110262840986252e-03,2.750492095947265625e-01,-2.230703681707382202e-01,2.933275699615478516e-01,-7.653418779373168945e-01,1.126044154167175293e+00,1.441734284162521362e-01,7.664035260677337646e-02,-4.512214288115501404e-02,-7.098290324211120605e-01,8.600075542926788330e-02,1.332168817520141602e+00,1.265672206878662109e+00,-2.214609086513519287e-01,6.227737758308649063e-03,2.983949780464172363e-01
-2.499865600839257240e-03,-4.072849638760089874e-03,7.824627161026000977e-01,9.986371994018554688e-01,8.698351681232452393e-03,1.339750457555055618e-02,4.968532174825668335e-02,-2.363090030848979950e-02,1.548079401254653931e-01,4.413413703441619873e-01,1.273803710937500000e-01,-9.188257902860641479e-02,-9.688958525657653809e-02,-2.632288634777069092e-02,-1.875598877668380737e-01,-3.796646893024444580e-01,1.496309489011764526e-01,-1.313225328922271729e-01,1.057887449860572815e-01,2.348947227001190186e-01,-4.882413893938064575e-03,2.749129235744476318e-01,-2.228722721338272095e-01,2.936088144779205322e-01,-7.650841474533081055e-01,1.125646829605102539e+00,1.448772549629211426e-01,7.636854052543640137e-02,-4.510114714503288269e-02,-7.090132832527160645e-01,8.563771843910217285e-02,1.332229971885681152e+00,1.265113353729248047e+00,-2.220891863107681274e-01,6.165826693177223206e-03,2.980891764163970947e-01
-2.697834977880120277e-03,-3.895133966580033302e-03,7.825077176094055176e-01,9.986466169357299805e-01,8.735362440347671509e-03,1.348915696144104004e-02,4.946448653936386108e-02,-2.363636717200279236e-02,1.545452624559402466e-01,4.416076242923736572e-01,1.269384622573852539e-01,-9.146212786436080933e-02,-9.692820161581039429e-02,-2.675350755453109741e-02,-1.877179294824600220e-01,-3.796221911907196045e-01,1.496640294790267944e-01,-1.309691518545150757e-01,1.058021485805511475e-01,2.344165742397308350e-01,-4.762219730764627457e-03,2.746691405773162842e-01,-2.227427959442138672e-01,2.940230965614318848e-01,-7.646837830543518066e-01,1.125087857246398926e+00,1.457700729370117188e-01,7.651313394308090210e-02,-4.462229087948799133e-02,-7.086582779884338379e-01,8.545372635126113892e-02,1.332327842712402344e+00,1.264110922813415527e+00,-2.226037532091140747e-01,6.019006483256816864e-03,2.977008223533630371e-01
-2.947550499811768532e-03,-3.767092479392886162e-03,7.825499176979064941e-01,9.986549615859985352e-01,8.768007159233093262e-03,1.363584399223327637e-02,4.924885928630828857e-02,-2.380593493580818176e-02,1.543565988540649414e-01,4.422902166843414307e-01,1.263975650072097778e-01,-9.096332639455795288e-02,-9.697517007589340210e-02,-2.739272825419902802e-02,-1.879182755947113037e-01,-3.796124458312988281e-01,1.498193591833114624e-01,-1.305466443300247192e-01,1.057819798588752747e-01,2.339510768651962280e-01,-4.721130244433879852e-03,2.746099233627319336e-01,-2.225741595029830933e-01,2.945341765880584717e-01,-7.640773653984069824e-01,1.124212622642517090e+00,1.467397063970565796e-01,7.710584253072738647e-02,-4.382031783461570740e-02,-7.090839147567749023e-01,8.544459939002990723e-02,1.332695484161376953e+00,1.263079285621643066e+00,-2.248863577842712402e-01,5.909133236855268478e-03,2.971931099891662598e-01
-3.182022599503397942e-03,-3.671149723231792450e-03,7.825773358345031738e-01,9.986603260040283203e-01,8.789271116256713867e-03,1.384090352803468704e-02,4.907872900366783142e-02,-2.442027442157268524e-02,1.542745679616928101e-01,4.429968893527984619e-01,1.259668767452239990e-01,-9.048785269260406494e-02,-9.677773714065551758e-02,-2.810973860323429108e-02,-1.881269812583923340e-01,-3.798006772994995117e-01,1.499328613281250000e-01,-1.300198733806610107e-01,1.059547290205955505e-01,2.336633652448654175e-01,-4.751238040626049042e-03,2.747278809547424316e-01,-2.223523855209350586e-01,2.950564622879028320e-01,-7.636260986328125000e-01,1.123263239860534668e+00,1.471531689167022705e-01,7.769582420587539673e-02,-4.306083172559738159e-02,-7.098661661148071289e-01,8.555509895086288452e-02,1.333242893218994141e+00,1.262224197387695312e+00,-2.268476486206054688e-01,5.807060282677412033e-03,2.963300943374633789e-01
-3.425610950216650963e-03,-3.614473855122923851e-03,7.826005220413208008e-01,9.986644387245178223e-01,8.803402073681354523e-03,1.404377352446317673e-02,4.893543571233749390e-02,-2.523062005639076233e-02,1.542466878890991211e-01,4.435875415802001953e-01,1.257167160511016846e-01,-9.002918750047683716e-02,-9.644993394613265991e-02,-2.894713170826435089e-02,-1.882597357034683228e-01,-3.798223733901977539e-01,1.500710397958755493e-01,-1.293858587741851807e-01,1.059140786528587341e-01,2.337150275707244873e-01,-4.783970303833484650e-03,2.749952077865600586e-01,-2.221654206514358521e-01,2.954097986221313477e-01,-7.632926702499389648e-01,1.122318744659423828e+00,1.467302292585372925e-01,7.815884053707122803e-02,-4.260905832052230835e-02,-7.105095386505126953e-01,8.576969802379608154e-02,1.333543181419372559e+00,1.261508822441101074e+00,-2.293550968170166016e-01,6.210655439645051956e-03,2.962639629840850830e-01
-3.692021593451499939e-03,-3.592733060941100121e-03,7.826290726661682129e-01,9.986641407012939453e-01,8.797141723334789276e-03,1.427413802593946457e-02,4.887513816356658936e-02,-2.632254362106323242e-02,1.542268395423889160e-01,4.439595043659210205e-01,1.256665289402008057e-01,-8.971200883388519287e-02,-9.594932943582534790e-02,-2.984825149178504944e-02,-1.883187443017959595e-01,-3.798543810844421387e-01,1.499972194433212280e-01,-1.285795420408248901e-01,1.055295243859291077e-01,2.340254485607147217e-01,-4.736967384815216064e-03,2.751757502555847168e-01,-2.222009748220443726e-01,2.955423295497894287e-01,-7.625159025192260742e-01,1.121636390686035156e+00,1.463872343301773071e-01,7.823193073272705078e-02,-4.230936244130134583e-02,-7.108225226402282715e-01,8.609506487846374512e-02,1.334090590476989746e+00,1.261232256889343262e+00,-2.321215867996215820e-01,6.593386176973581314e-03,2.973977327346801758e-01
-3.952307626605033875e-03,-3.602512180805206299e-03,7.826515436172485352e-01,9.986571669578552246e-01,8.774703368544578552e-03,1.455071382224559784e-02,4.893993958830833435e-02,-2.740747295320034027e-02,1.541850566864013672e-01,4.440230429172515869e-01,1.255718320608139038e-01,-8.951052278280258179e-02,-9.558288007974624634e-02,-3.092165291309356689e-02,-1.883229017257690430e-01,-3.799096345901489258e-01,1.498387902975082397e-01,-1.276230812072753906e-01,1.049651354551315308e-01,2.343840301036834717e-01,-4.662966355681419373e-03,2.752875387668609619e-01,-2.222824692726135254e-01,2.955817282199859619e-01,-7.616212964057922363e-01,1.121040225028991699e+00,1.461605429649353027e-01,7.805971801280975342e-02,-4.161156341433525085e-02,-7.110416293144226074e-01,8.653128892183303833e-02,1.334555983543395996e+00,1.261163353919982910e+00,-2.352611869573593140e-01,7.118657231330871582e-03,2.987838387489318848e-01
-4.180966876447200775e-03,-3.621251787990331650e-03,7.826521992683410645e-01,9.986473321914672852e-01,8.739559911191463470e-03,1.489974837750196457e-02,4.904244840145111084e-02,-2.840753085911273956e-02,1.541192978620529175e-01,4.440543651580810547e-01,1.253675520420074463e-01,-8.916713297367095947e-02,-9.535904228687286377e-02,-3.214722499251365662e-02,-1.882683634757995605e-01,-3.798767030239105225e-01,1.497160494327545166e-01,-1.267410665750503540e-01,1.045105829834938049e-01,2.348280400037765503e-01,-4.645166452974081039e-03,2.753206193447113037e-01,-2.226572930812835693e-01,2.955026626586914062e-01,-7.608428001403808594e-01,1.120842695236206055e+00,1.460691690444946289e-01,7.796192169189453125e-02,-4.077735915780067444e-02,-7.115094661712646484e-01,8.695266395807266235e-02,1.335633873939514160e+00,1.261460781097412109e+00,-2.375540882349014282e-01,7.146385032683610916e-03,2.999243438243865967e-01
-4.364911466836929321e-03,-3.648610552772879601e-03,7.826524376869201660e-01,9.986426234245300293e-01,8.701892569661140442e-03,1.522851083427667618e-02,4.904336854815483093e-02,-2.918721549212932587e-02,1.540823429822921753e-01,4.442595243453979492e-01,1.251719146966934204e-01,-8.865468204021453857e-02,-9.527427703142166138e-02,-3.319776803255081177e-02,-1.881558895111083984e-01,-3.798688948154449463e-01,1.496529281139373779e-01,-1.259479224681854248e-01,1.043780893087387085e-01,2.352653741836547852e-01,-4.651814233511686325e-03,2.754630446434020996e-01,-2.232018262147903442e-01,2.951523661613464355e-01,-7.602295875549316406e-01,1.121071338653564453e+00,1.465724855661392212e-01,7.828706502914428711e-02,-4.052059352397918701e-02,-7.120505571365356445e-01,8.720424771308898926e-02,1.337256193161010742e+00,1.261867523193359375e+00,-2.389367520809173584e-01,6.629323586821556091e-03,3.002965152263641357e-01
-4.523445852100849152e-03,-3.707018680870532990e-03,7.826529145240783691e-01,9.986414909362792969e-01,8.643922396004199982e-03,1.550758164376020432e-02,4.898975789546966553e-02,-2.991988323628902435e-02,1.541643738746643066e-01,4.443748593330383301e-01,1.250388473272323608e-01,-8.826773613691329956e-02,-9.529773145914077759e-02,-3.395147249102592468e-02,-1.879287511110305786e-01,-3.800870478153228760e-01,1.495257765054702759e-01,-1.254954189062118530e-01,1.042985618114471436e-01,2.355321943759918213e-01,-4.706467036157846451e-03,2.756139636039733887e-01,-2.237953543663024902e-01,2.947574555873870850e-01,-7.597076296806335449e-01,1.121794104576110840e+00,1.478264331817626953e-01,7.852590084075927734e-02,-4.116009548306465149e-02,-7.124795317649841309e-01,8.722996711730957031e-02,1.338397383689880371e+00,1.262324333190917969e+00,-2.397451698780059814e-01,6.015439517796039581e-03,3.001563847064971924e-01
-4.651599563658237457e-03,-3.794913413003087044e-03,7.826580405235290527e-01,9.986401200294494629e-01,8.591826073825359344e-03,1.573708839714527130e-02,4.895309358835220337e-02,-3.068750351667404175e-02,1.543397456407546997e-01,4.442972838878631592e-01,1.250487267971038818e-01,-8.801925182342529297e-02,-9.541250020265579224e-02,-3.458534926176071167e-02,-1.877554357051849365e-01,-3.803843259811401367e-01,1.494642049074172974e-01,-1.252390295267105103e-01,1.042363494634628296e-01,2.356343120336532593e-01,-4.813382402062416077e-03,2.758501470088958740e-01,-2.242565602064132690e-01,2.943566441535949707e-01,-7.592660188674926758e-01,1.122795581817626953e+00,1.491960436105728149e-01,7.872705161571502686e-02,-4.211966693401336670e-02,-7.127898335456848145e-01,8.712332695722579956e-02,1.338934659957885742e+00,1.262695431709289551e+00,-2.410385310649871826e-01,4.964005202054977417e-03,2.993036210536956787e-01
-4.745856858789920807e-03,-3.879285883158445358e-03,7.826719880104064941e-01,9.986412525177001953e-01,8.536678738892078400e-03,1.592093706130981445e-02,4.888047277927398682e-02,-3.126104176044464111e-02,1.545275747776031494e-01,4.442312717437744141e-01,1.249555274844169617e-01,-8.768641203641891479e-02,-9.554620087146759033e-02,-3.511361405253410339e-02,-1.875182390213012695e-01,-3.805984258651733398e-01,1.494655907154083252e-01,-1.251796334981918335e-01,1.040697619318962097e-01,2.358022034168243408e-01,-4.954526666551828384e-03,2.761446535587310791e-01,-2.246888875961303711e-01,2.939155697822570801e-01,-7.587541341781616211e-01,1.124051928520202637e+00,1.503698229789733887e-01,7.879187166690826416e-02,-4.285071790218353271e-02,-7.129068970680236816e-01,8.691339194774627686e-02,1.338816046714782715e+00,1.262786149978637695e+00,-2.425734847784042358e-01,3.874110057950019836e-03,2.981914281845092773e-01
-4.777980037033557892e-03,-3.948979079723358154e-03,7.826832532882690430e-01,9.986442327499389648e-01,8.493301458656787872e-03,1.610669866204261780e-02,4.876700043678283691e-02,-3.170059621334075928e-02,1.547339707612991333e-01,4.443379640579223633e-01,1.249376609921455383e-01,-8.748441934585571289e-02,-9.565988928079605103e-02,-3.572964668273925781e-02,-1.873188316822052002e-01,-3.806748092174530029e-01,1.497266888618469238e-01,-1.252163648605346680e-01,1.038306131958961487e-01,2.359668463468551636e-01,-5.210656207054853439e-03,2.763618230819702148e-01,-2.248716801404953003e-01,2.935655415058135986e-01,-7.578886151313781738e-01,1.125004053115844727e+00,1.513863354921340942e-01,7.907399535179138184e-02,-4.340304061770439148e-02,-7.129976749420166016e-01,8.668352663516998291e-02,1.338818311691284180e+00,1.262592554092407227e+00,-2.436895966529846191e-01,2.907182788476347923e-03,2.972632944583892822e-01
-4.754987545311450958e-03,-4.015135113149881363e-03,7.826910614967346191e-01,9.986437559127807617e-01,8.467966690659523010e-03,1.623355969786643982e-02,4.873792454600334167e-02,-3.193942829966545105e-02,1.548547893762588501e-01,4.443328082561492920e-01,1.248475760221481323e-01,-8.729453384876251221e-02,-9.579453617334365845e-02,-3.623164445161819458e-02,-1.871715337038040161e-01,-3.807507157325744629e-01,1.499850451946258545e-01,-1.255356520414352417e-01,1.035600602626800537e-01,2.359533905982971191e-01,-5.611235741525888443e-03,2.764536440372467041e-01,-2.248700708150863647e-01,2.933561205863952637e-01,-7.572535872459411621e-01,1.125959396362304688e+00,1.515646129846572876e-01,7.910343259572982788e-02,-4.389081895351409912e-02,-7.129163146018981934e-01,8.672122657299041748e-02,1.338653445243835449e+00,1.262278676033020020e+00,-2.441019862890243530e-01,2.615764969959855080e-03,2.966779172420501709e-01
-4.691367037594318390e-03,-4.047651775181293488e-03,7.826764583587646484e-01,9.986414313316345215e-01,8.458824828267097473e-03,1.638064533472061157e-02,4.873912781476974487e-02,-3.217441588640213013e-02,1.548326313495635986e-01,4.442703127861022949e-01,1.246979981660842896e-01,-8.723690360784530640e-02,-9.592528641223907471e-02,-3.656400367617607117e-02,-1.871253550052642822e-01,-3.809009790420532227e-01,1.502555459737777710e-01,-1.259893476963043213e-01,1.032826006412506104e-01,2.359056025743484497e-01,-6.144739687442779541e-03,2.763195633888244629e-01,-2.247097045183181763e-01,2.932436764240264893e-01,-7.566585540771484375e-01,1.126654148101806641e+00,1.512637883424758911e-01,7.894244790077209473e-02,-4.431667551398277283e-02,-7.126665711402893066e-01,8.703076839447021484e-02,1.339142441749572754e+00,1.261654734611511230e+00,-2.434143126010894775e-01,1.913845189847052097e-03,2.962024211883544922e-01
-4.621037282049655914e-03,-4.078054800629615784e-03,7.826405167579650879e-01,9.986403584480285645e-01,8.455861359834671021e-03,1.645257696509361267e-02,4.873634874820709229e-02,-3.223801031708717346e-02,1.548020690679550171e-01,4.440732896327972412e-01,1.244957372546195984e-01,-8.710839599370956421e-02,-9.597627818584442139e-02,-3.644560649991035461e-02,-1.871278733015060425e-01,-3.810704648494720459e-01,1.504299193620681763e-01,-1.265424937009811401e-01,1.031978502869606018e-01,2.357411533594131470e-01,-6.748569663614034653e-03,2.761482596397399902e-01,-2.244657874107360840e-01,2.931782007217407227e-01,-7.560938000679016113e-01,1.127052426338195801e+00,1.514946073293685913e-01,7.874430716037750244e-02,-4.485127329826354980e-02,-7.122889161109924316e-01,8.752412348985671997e-02,1.339712619781494141e+00,1.260679841041564941e+00,-2.425804883241653442e-01,1.068966812454164028e-03,2.958513796329498291e-01
-4.556525498628616333e-03,-4.119117278605699539e-03,7.826220393180847168e-01,9.986448287963867188e-01,8.423370309174060822e-03,1.640420965850353241e-02,4.866746813058853149e-02,-3.179711475968360901e-02,1.549232602119445801e-01,4.441886544227600098e-01,1.241919249296188354e-01,-8.709320425987243652e-02,-9.614511579275131226e-02,-3.598168119788169861e-02,-1.868987679481506348e-01,-3.811749815940856934e-01,1.503832042217254639e-01,-1.269259899854660034e-01,1.031511127948760986e-01,2.355697602033615112e-01,-7.315312512218952179e-03,2.760610580444335938e-01,-2.242006659507751465e-01,2.931174039840698242e-01,-7.552512288093566895e-01,1.127581000328063965e+00,1.526869833469390869e-01,7.852955907583236694e-02,-4.496965557336807251e-02,-7.119733095169067383e-01,8.830616623163223267e-02,1.340311288833618164e+00,1.259424209594726562e+00,-2.410917729139328003e-01,2.340171049581840634e-04,2.959692180156707764e-01
-4.504133947193622589e-03,-4.171690903604030609e-03,7.826458215713500977e-01,9.986532330513000488e-01,8.391039445996284485e-03,1.630481705069541931e-02,4.853349179029464722e-02,-3.107620961964130402e-02,1.551325470209121704e-01,4.447650015354156494e-01,1.239112243056297302e-01,-8.709066361188888550e-02,-9.614136815071105957e-02,-3.566004708409309387e-02,-1.866306215524673462e-01,-3.810568153858184814e-01,1.503598839044570923e-01,-1.270305812358856201e-01,1.031882762908935547e-01,2.353614866733551025e-01,-7.863091304898262024e-03,2.758457660675048828e-01,-2.240328788757324219e-01,2.931376397609710693e-01,-7.546137571334838867e-01,1.128131628036499023e+00,1.539428979158401489e-01,7.843387126922607422e-02,-4.461830854415893555e-02,-7.116774320602416992e-01,8.909045904874801636e-02,1.340794563293457031e+00,1.257919549942016602e+00,-2.398272305727005005e-01,-4.512312880251556635e-04,2.960959672927856445e-01
-4.444908350706100464e-03,-4.217181354761123657e-03,7.826626896858215332e-01,9.986628293991088867e-01,8.359332568943500519e-03,1.618371531367301941e-02,4.838170856237411499e-02,-3.027512505650520325e-02,1.554033011198043823e-01,4.456281363964080811e-01,1.236980408430099487e-01,-8.710786700248718262e-02,-9.599974006414413452e-02,-3.550146520137786865e-02,-1.864608973264694214e-01,-3.808836638927459717e-01,1.505387872457504272e-01,-1.271924227476119995e-01,1.031343117356300354e-01,2.350032627582550049e-01,-8.391631767153739929e-03,2.755976021289825439e-01,-2.240781038999557495e-01,2.934105098247528076e-01,-7.543540000915527344e-01,1.128717899322509766e+00,1.546914726495742798e-01,7.837674766778945923e-02,-4.416240006685256958e-02,-7.115491032600402832e-01,8.963992446660995483e-02,1.340946674346923828e+00,1.256349086761474609e+00,-2.392762005329132080e-01,-8.815324981696903706e-04,2.956865727901458740e-01
-4.388044588267803192e-03,-4.221265669912099838e-03,7.826499342918395996e-01,9.986746311187744141e-01,8.346001617610454559e-03,1.604634523391723633e-02,4.818562790751457214e-02,-2.944453433156013489e-02,1.556437909603118896e-01,4.464982450008392334e-01,1.235762238502502441e-01,-8.734256774187088013e-02,-9.579099714756011963e-02,-3.530089929699897766e-02,-1.864203363656997681e-01,-3.806925415992736816e-01,1.507532596588134766e-01,-1.273702532052993774e-01,1.031521484255790710e-01,2.345680147409439087e-01,-8.783916942775249481e-03,2.752043008804321289e-01,-2.241510599851608276e-01,2.938138544559478760e-01,-7.548419237136840820e-01,1.129278302192687988e+00,1.540187299251556396e-01,7.810682058334350586e-02,-4.367186874151229858e-02,-7.112162709236145020e-01,9.002285450696945190e-02,1.340521574020385742e+00,1.255071043968200684e+00,-2.395909577608108521e-01,-1.628920668736100197e-03,2.948811054229736328e-01
-4.354722797870635986e-03,-4.157281015068292618e-03,7.825993299484252930e-01,9.986864924430847168e-01,8.389387279748916626e-03,1.586496084928512573e-02,4.799237102270126343e-02,-2.866598777472972870e-02,1.557863354682922363e-01,4.475761950016021729e-01,1.235016733407974243e-01,-8.782105147838592529e-02,-9.546884894371032715e-02,-3.501250222325325012e-02,-1.865215152502059937e-01,-3.804667890071868896e-01,1.510318517684936523e-01,-1.277629584074020386e-01,1.033034622669219971e-01,2.340064495801925659e-01,-9.134185500442981720e-03,2.748470008373260498e-01,-2.242739647626876831e-01,2.942674458026885986e-01,-7.561818361282348633e-01,1.129853248596191406e+00,1.524747610092163086e-01,7.762655615806579590e-02,-4.308655112981796265e-02,-7.108060717582702637e-01,9.037517011165618896e-02,1.339981555938720703e+00,1.254095673561096191e+00,-2.396187335252761841e-01,-2.307686721906065941e-03,2.941800355911254883e-01
-4.360232967883348465e-03,-4.037049598991870880e-03,7.825311422348022461e-01,9.986970424652099609e-01,8.443068712949752808e-03,1.572010852396488190e-02,4.780995100736618042e-02,-2.820918895304203033e-02,1.558429747819900513e-01,4.487576186656951904e-01,1.235178560018539429e-01,-8.835966140031814575e-02,-9.530453383922576904e-02,-3.490157425403594971e-02,-1.866919845342636108e-01,-3.799788355827331543e-01,1.511889994144439697e-01,-1.279702335596084595e-01,1.035649403929710388e-01,2.334676682949066162e-01,-9.383232332766056061e-03,2.744756937026977539e-01,-2.245780974626541138e-01,2.945208549499511719e-01,-7.571048140525817871e-01,1.130395770072937012e+00,1.511409133672714233e-01,7.722739130258560181e-02,-4.311191290616989136e-02,-7.103237509727478027e-01,9.062982350587844849e-02,1.339200854301452637e+00,1.253277659416198730e+00,-2.389998137950897217e-01,-3.064788645133376122e-03,2.938085198402404785e-01
-4.446288570761680603e-03,-3.892906242981553078e-03,7.824751734733581543e-01,9.987196922302246094e-01,8.519028313457965851e-03,1.552966982126235962e-02,4.738371446728706360e-02,-2.778087928891181946e-02,1.557791382074356079e-01,4.503357410430908203e-01,1.235784515738487244e-01,-8.909240365028381348e-02,-9.525693207979202271e-02,-3.491767495870590210e-02,-1.868179589509963989e-01,-3.786127269268035889e-01,1.512109786272048950e-01,-1.278300136327743530e-01,1.038575693964958191e-01,2.330889701843261719e-01,-9.441068395972251892e-03,2.742982804775238037e-01,-2.251633852720260620e-01,2.945657372474670410e-01,-7.573446035385131836e-01,1.130736351013183594e+00,1.495890766382217407e-01,7.693572342395782471e-02,-4.367728531360626221e-02,-7.098459601402282715e-01,9.068997204303741455e-02,1.338854432106018066e+00,1.252241253852844238e+00,-2.387501150369644165e-01,-3.692235797643661499e-03,2.940401434898376465e-01
-4.594489932060241699e-03,-3.745246678590774536e-03,7.824245691299438477e-01,9.987590312957763672e-01,8.614929392933845520e-03,1.526528690010309219e-02,4.661652445793151855e-02,-2.714294381439685822e-02,1.555964648723602295e-01,4.524096548557281494e-01,1.236392185091972351e-01,-8.974134922027587891e-02,-9.521114826202392578e-02,-3.507027402520179749e-02,-1.870356053113937378e-01,-3.766579031944274902e-01,1.511564701795578003e-01,-1.273430138826370239e-01,1.043073832988739014e-01,2.326766103506088257e-01,-9.322962723672389984e-03,2.741892635822296143e-01,-2.257296144962310791e-01,2.943606972694396973e-01,-7.571491599082946777e-01,1.131032228469848633e+00,1.485948860645294189e-01,7.642500847578048706e-02,-4.448964819312095642e-02,-7.093300223350524902e-01,9.020785242319107056e-02,1.338378429412841797e+00,1.250633239746093750e+00,-2.383389919996261597e-01,-4.142737481743097305e-03,2.944310307502746582e-01
-4.760967567563056946e-03,-3.614930668845772743e-03,7.823857069015502930e-01,9.988101124763488770e-01,8.711818605661392212e-03,1.491850800812244415e-02,4.560553655028343201e-02,-2.596028707921504974e-02,1.554235965013504028e-01,4.550406932830810547e-01,1.235690340399742126e-01,-9.013712406158447266e-02,-9.504872560501098633e-02,-3.530020639300346375e-02,-1.873535662889480591e-01,-3.745329976081848145e-01,1.514174044132232666e-01,-1.267653554677963257e-01,1.048681810498237610e-01,2.319590896368026733e-01,-9.045597165822982788e-03,2.737900614738464355e-01,-2.256258279085159302e-01,2.939250767230987549e-01,-7.563607096672058105e-01,1.131444573402404785e+00,1.477442532777786255e-01,7.578617334365844727e-02,-4.512869939208030701e-02,-7.090919613838195801e-01,8.923222869634628296e-02,1.337359786033630371e+00,1.248326301574707031e+00,-2.371627092361450195e-01,-4.843535833060741425e-03,2.948130667209625244e-01
-4.926101770251989365e-03,-3.487897105515003204e-03,7.823455333709716797e-01,9.988739490509033203e-01,8.802844211459159851e-03,1.454543136060237885e-02,4.429165646433830261e-02,-2.407803572714328766e-02,1.554474979639053345e-01,4.582235217094421387e-01,1.232927143573760986e-01,-9.032908827066421509e-02,-9.487095475196838379e-02,-3.569263219833374023e-02,-1.876262277364730835e-01,-3.723168969154357910e-01,1.517883539199829102e-01,-1.261692941188812256e-01,1.055065318942070007e-01,2.308698296546936035e-01,-8.726874366402626038e-03,2.729114294052124023e-01,-2.245626598596572876e-01,2.934640347957611084e-01,-7.553960680961608887e-01,1.131750106811523438e+00,1.475821435451507568e-01,7.511893659830093384e-02,-4.545373097062110901e-02,-7.093823552131652832e-01,8.766102045774459839e-02,1.335071086883544922e+00,1.245277404785156250e+00,-2.334177941083908081e-01,-6.005989853292703629e-03,2.952210903167724609e-01
-5.082047544419765472e-03,-3.327832557260990143e-03,7.822965979576110840e-01,9.989400506019592285e-01,8.924650959670543671e-03,1.417052000761032104e-02,4.287676140666007996e-02,-2.182036638259887695e-02,1.556052416563034058e-01,4.619605541229248047e-01,1.229740679264068604e-01,-9.054444730281829834e-02,-9.474682062864303589e-02,-3.618097305297851562e-02,-1.879269629716873169e-01,-3.702417612075805664e-01,1.520123928785324097e-01,-1.257359236478805542e-01,1.061157807707786560e-01,2.291873991489410400e-01,-8.488240651786327362e-03,2.715035974979400635e-01,-2.225415557622909546e-01,2.930445075035095215e-01,-7.539620399475097656e-01,1.131801962852478027e+00,1.467739194631576538e-01,7.462843507528305054e-02,-4.535299167037010193e-02,-7.103698253631591797e-01,8.519593626260757446e-02,1.330915570259094238e+00,1.241202116012573242e+00,-2.258693128824234009e-01,-7.716782391071319580e-03,2.952043116092681885e-01
-5.203458480536937714e-03,-3.095149993896484375e-03,7.822494506835937500e-01,9.990052580833435059e-01,9.076521731913089752e-03,1.379117742180824280e-02,4.142494872212409973e-02,-1.968982815742492676e-02,1.557960361242294312e-01,4.658435881137847900e-01,1.229171529412269592e-01,-9.110598266124725342e-02,-9.448063373565673828e-02,-3.660146147012710571e-02,-1.882766783237457275e-01,-3.679999411106109619e-01,1.520433127880096436e-01,-1.254853755235671997e-01,1.066550016403198242e-01,2.264855355024337769e-01,-8.387466892600059509e-03,2.695101201534271240e-01,-2.194886952638626099e-01,2.926523983478546143e-01,-7.515380382537841797e-01,1.131285071372985840e+00,1.445882767438888550e-01,7.431028038263320923e-02,-4.496886581182479858e-02,-7.119471430778503418e-01,8.119007945060729980e-02,1.323678255081176758e+00,1.235521316528320312e+00,-2.135284245014190674e-01,-9.390048682689666748e-03,2.946256995201110840e-01
-5.295219831168651581e-03,-2.781108953058719635e-03,7.822126746177673340e-01,9.990755915641784668e-01,9.217671118676662445e-03,1.343176234513521194e-02,3.978212177753448486e-02,-1.780376210808753967e-02,1.561088263988494873e-01,4.702114462852478027e-01,1.232315376400947571e-01,-9.213674813508987427e-02,-9.407804161310195923e-02,-3.711651265621185303e-02,-1.886088401079177856e-01,-3.651758432388305664e-01,1.519725471735000610e-01,-1.251216977834701538e-01,1.068876311182975769e-01,2.227078080177307129e-01,-8.348848670721054077e-03,2.668684124946594238e-01,-2.155311405658721924e-01,2.922139167785644531e-01,-7.475765347480773926e-01,1.130296945571899414e+00,1.413977444171905518e-01,7.352894544601440430e-02,-4.489417746663093567e-02,-7.135102748870849609e-01,7.505004853010177612e-02,1.311841487884521484e+00,1.227521896362304688e+00,-1.950790882110595703e-01,-1.069725397974252701e-02,2.930706441402435303e-01
-5.353162996470928192e-03,-2.430101856589317322e-03,7.821906805038452148e-01,9.991529583930969238e-01,9.375919587910175323e-03,1.297182217240333557e-02,3.790927678346633911e-02,-1.564135774970054626e-02,1.563839763402938843e-01,4.753098189830780029e-01,1.236037909984588623e-01,-9.289380908012390137e-02,-9.388481080532073975e-02,-3.738623484969139099e-02,-1.891174465417861938e-01,-3.621940910816192627e-01,1.518660783767700195e-01,-1.246204152703285217e-01,1.066974177956581116e-01,2.178359776735305786e-01,-8.510340936481952667e-03,2.636996209621429443e-01,-2.103004455566406250e-01,2.916146218776702881e-01,-7.424285411834716797e-01,1.129281997680664062e+00,1.389161050319671631e-01,7.210361957550048828e-02,-4.534930363297462463e-02,-7.143988013267517090e-01,6.646139174699783325e-02,1.296447038650512695e+00,1.216767787933349609e+00,-1.697026491165161133e-01,-1.187972445040941238e-02,2.895211577415466309e-01
-5.379258655011653900e-03,-2.078460995107889175e-03,7.821956276893615723e-01,9.992418289184570312e-01,9.580811485648155212e-03,1.240372657775878906e-02,3.563876822590827942e-02,-1.267463248223066330e-02,1.566323935985565186e-01,4.817139208316802979e-01,1.237425431609153748e-01,-9.326920658349990845e-02,-9.380065649747848511e-02,-3.749031946063041687e-02,-1.898247152566909790e-01,-3.587915003299713135e-01,1.521963924169540405e-01,-1.239980533719062805e-01,1.062210723757743835e-01,2.125670909881591797e-01,-8.952701464295387268e-03,2.602428495883941650e-01,-2.046533375978469849e-01,2.908613383769989014e-01,-7.370489239692687988e-01,1.127596020698547363e+00,1.367932260036468506e-01,7.026744633913040161e-02,-4.568502306938171387e-02,-7.132641673088073730e-01,5.655045807361602783e-02,1.283068418502807617e+00,1.204755306243896484e+00,-1.487358957529067993e-01,-1.310717500746250153e-02,2.841223776340484619e-01
-5.357191897928714752e-03,-1.783037674613296986e-03,7.822042107582092285e-01,9.993284344673156738e-01,9.872940368950366974e-03,1.172147039324045181e-02,3.328461572527885437e-02,-9.034192189574241638e-03,1.567090153694152832e-01,4.882326424121856689e-01,1.236707419157028198e-01,-9.360811859369277954e-02,-9.358470886945724487e-02,-3.738535568118095398e-02,-1.908497810363769531e-01,-3.553180098533630371e-01,1.531161069869995117e-01,-1.234509497880935669e-01,1.057656407356262207e-01,2.070208638906478882e-01,-9.810522198677062988e-03,2.568546533584594727e-01,-1.992939561605453491e-01,2.903765439987182617e-01,-7.323157787322998047e-01,1.124882102012634277e+00,1.340147554874420166e-01,6.801751255989074707e-02,-4.544982686638832092e-02,-7.094477415084838867e-01,4.672681540250778198e-02,1.273866891860961914e+00,1.192932128906250000e+00,-1.394380033016204834e-01,-1.348192058503627777e-02,2.771934866905212402e-01
-5.260624922811985016e-03,-1.504109590314328671e-03,7.822600007057189941e-01,9.994074106216430664e-01,1.030111778527498245e-02,1.106933224946260452e-02,3.092244639992713928e-02,-4.959670361131429672e-03,1.565243899822235107e-01,4.946946203708648682e-01,1.232456266880035400e-01,-9.459531307220458984e-02,-9.286079555749893188e-02,-3.772463276982307434e-02,-1.919942200183868408e-01,-3.512726128101348877e-01,1.544089019298553467e-01,-1.227203235030174255e-01,1.053564026951789856e-01,2.011199295520782471e-01,-1.139688864350318909e-02,2.528620660305023193e-01,-1.943828612565994263e-01,2.906012237071990967e-01,-7.282755970954895020e-01,1.121672153472900391e+00,1.288102716207504272e-01,6.552635878324508667e-02,-4.467293992638587952e-02,-7.030243873596191406e-01,3.683323040604591370e-02,1.267484903335571289e+00,1.180975675582885742e+00,-1.392586231231689453e-01,-1.100949291139841080e-02,2.694631814956665039e-01
