-6.722333282232284546e-02,1.745060668326914310e-03,7.430274486541748047e-01,9.996789693832397461e-01,-8.476257324218750000e-03,2.372560091316699982e-02,-2.674103481695055962e-03,-5.115846991539001465e-01,1.417974978685379028e-01,2.425173819065093994e-01,1.093268617987632751e-01,2.589294873178005219e-02,-1.430536061525344849e-01,2.592449784278869629e-01,-6.587607320398092270e-03,-1.560443937778472900e-01,2.969273924827575684e-01,-4.425848722457885742e-01,1.084080487489700317e-01,1.803021728992462158e-01,2.185440622270107269e-02,2.597644925117492676e-01,3.012051880359649658e-01,4.612746238708496094e-01,-4.560502767562866211e-01,1.163723826408386230e+00,4.795496761798858643e-01,-5.134899541735649109e-02,1.003512665629386902e-01,-3.302117288112640381e-01,-5.189370512962341309e-01,5.818541646003723145e-01,8.919955492019653320e-01,-3.930630087852478027e-01,-5.732045322656631470e-02,-6.361005455255508423e-02
-3.688930347561836243e-02,4.533870611339807510e-03,7.409029603004455566e-01,9.996089935302734375e-01,6.452703382819890976e-04,2.543106116354465485e-02,-1.160664204508066177e-02,-4.937710165977478027e-01,1.079018190503120422e-01,2.507221400737762451e-01,1.540845632553100586e-01,2.318210713565349579e-02,-1.172316521406173706e-01,2.677157819271087646e-01,-3.873259201645851135e-02,-1.323575973510742188e-01,3.655160069465637207e-01,-4.353111386299133301e-01,1.159378886222839355e-01,1.930848509073257446e-01,3.318738192319869995e-03,2.423673719167709351e-01,3.346810936927795410e-01,4.479025006294250488e-01,-4.416036307811737061e-01,1.170835375785827637e+00,4.803879559040069580e-01,-4.589371010661125183e-02,8.738490939140319824e-02,-3.178596496582031250e-01,-5.194237232208251953e-01,5.673914551734924316e-01,8.775033354759216309e-01,-3.956664502620697021e-01,-5.804697796702384949e-02,-6.391315907239913940e-02
-1.323170959949493408e-03,7.791085634380578995e-03,7.399302721023559570e-01,9.991943240165710449e-01,2.144038863480091095e-02,3.069977276027202606e-02,-1.444280240684747696e-02,-5.177174806594848633e-01,6.163677945733070374e-02,2.612781524658203125e-01,2.738939821720123291e-01,6.397594511508941650e-02,-4.750853404402732849e-02,2.454710304737091064e-01,-1.018568873405456543e-01,-1.153481006622314453e-01,4.957300126552581787e-01,-4.136056900024414062e-01,1.295338869094848633e-01,1.898016929626464844e-01,-4.463230445981025696e-02,2.168886512517929077e-01,3.622604310512542725e-01,4.322993755340576172e-01,-4.203158915042877197e-01,1.182037711143493652e+00,4.894718229770660400e-01,-4.700791090726852417e-02,6.294602155685424805e-02,-2.902701497077941895e-01,-5.063703060150146484e-01,5.453784465789794922e-01,8.762350678443908691e-01,-3.907332420349121094e-01,-5.584866553544998169e-02,-7.468271255493164062e-02
3.431495279073715210e-02,1.133581623435020447e-02,7.424204945564270020e-01,9.987688660621643066e-01,3.965251147747039795e-02,2.734506130218505859e-02,-1.186144538223743439e-02,-5.053732991218566895e-01,2.886495366692543030e-02,2.814677059650421143e-01,3.762719631195068359e-01,3.341320157051086426e-02,-8.004295523278415203e-05,2.152351140975952148e-01,-1.679264456033706665e-01,-1.176246926188468933e-01,6.777577400207519531e-01,-3.328520953655242920e-01,1.420351862907409668e-01,1.774511039257049561e-01,-9.087280929088592529e-02,2.017846703529357910e-01,3.707635700702667236e-01,4.244725406169891357e-01,-4.111321270465850830e-01,1.192749500274658203e+00,4.862690567970275879e-01,-4.681236296892166138e-02,3.930852934718132019e-02,-2.488072812557220459e-01,-4.752840101718902588e-01,5.293540358543395996e-01,8.854800462722778320e-01,-3.747175335884094238e-01,-5.154208466410636902e-02,-8.432252705097198486e-02
6.863898038864135742e-02,1.514336839318275452e-02,7.464716434478759766e-01,9.984909892082214355e-01,5.069382488727569580e-02,1.935169100761413574e-02,-8.455124683678150177e-03,-4.598892629146575928e-01,2.160217845812439919e-03,2.884434163570404053e-01,4.338712394237518311e-01,-2.689885720610618591e-02,2.040079049766063690e-02,1.509194821119308472e-01,-2.228276580572128296e-01,-1.166164427995681763e-01,9.085893034934997559e-01,-2.078253328800201416e-01,1.334612220525741577e-01,1.621731519699096680e-01,-1.222685799002647400e-01,1.952213197946548462e-01,3.568933308124542236e-01,4.197553694248199463e-01,-4.091687202453613281e-01,1.198632717132568359e+00,4.772278368473052979e-01,-4.027492552995681763e-02,3.158419579267501831e-02,-2.012416869401931763e-01,-4.399358034133911133e-01,5.275756716728210449e-01,9.032377004623413086e-01,-3.737981021404266357e-01,-4.702996835112571716e-02,-8.148296177387237549e-02
1.028966680169105530e-01,1.905904151499271393e-02,7.513187527656555176e-01,9.981616735458374023e-01,5.897676944732666016e-02,1.112713478505611420e-02,-8.443478494882583618e-03,-3.904122412204742432e-01,-2.241718582808971405e-02,2.963176369667053223e-01,4.432659745216369629e-01,-7.851201295852661133e-02,2.502085641026496887e-02,5.668444186449050903e-02,-2.740218937397003174e-01,-1.033504158258438110e-01,1.143523335456848145e+00,-9.332716464996337891e-02,1.145338788628578186e-01,1.466997116804122925e-01,-1.478674709796905518e-01,1.918102204799652100e-01,3.340325951576232910e-01,4.139884710311889648e-01,-4.111182987689971924e-01,1.191290378570556641e+00,4.798114895820617676e-01,-3.445971012115478516e-02,3.155665844678878784e-02,-1.638055741786956787e-01,-4.075334072113037109e-01,5.502879023551940918e-01,9.248791337013244629e-01,-3.881364464759826660e-01,-4.169403016567230225e-02,-6.368687003850936890e-02
1.358689963817596436e-01,2.278729341924190521e-02,7.561646699905395508e-01,9.978649020195007324e-01,6.434742361307144165e-02,5.820030346512794495e-03,-9.549174457788467407e-03,-3.158997595310211182e-01,-4.544263333082199097e-02,3.033389449119567871e-01,4.178375601768493652e-01,-1.157391816377639771e-01,2.368388883769512177e-02,-3.569227084517478943e-02,-3.139471709728240967e-01,-1.001614034175872803e-01,1.314086198806762695e+00,-1.140906959772109985e-01,9.843035787343978882e-02,1.247004866600036621e-01,-1.668859869241714478e-01,1.885256171226501465e-01,3.042670786380767822e-01,4.088325202465057373e-01,-4.198073744773864746e-01,1.172026753425598145e+00,4.956149458885192871e-01,-3.415163233876228333e-02,4.081078618764877319e-02,-1.342252641916275024e-01,-3.818671405315399170e-01,5.887966156005859375e-01,9.431032538414001465e-01,-4.117526412010192871e-01,-4.199437052011489868e-02,-4.189366102218627930e-02
1.666313409805297852e-01,2.627097815275192261e-02,7.618526816368103027e-01,9.978957176208496094e-01,6.397203356027603149e-02,7.717811968177556992e-04,-1.054140739142894745e-02,-2.340219616889953613e-01,-5.921642482280731201e-02,3.035332560539245605e-01,3.730864524841308594e-01,-1.435002535581588745e-01,2.054147794842720032e-02,-1.251827180385589600e-01,-3.240975439548492432e-01,-9.940140694379806519e-02,1.405261754989624023e+00,-1.844817399978637695e-01,8.870767802000045776e-02,9.745897352695465088e-02,-1.717975586652755737e-01,1.871901899576187134e-01,2.659639716148376465e-01,4.045615494251251221e-01,-4.248504042625427246e-01,1.144442200660705566e+00,5.085889697074890137e-01,-3.973258659243583679e-02,6.259334832429885864e-02,-1.038989350199699402e-01,-3.595585227012634277e-01,6.210229396820068359e-01,9.621086120605468750e-01,-4.238058924674987793e-01,-4.894967004656791687e-02,-2.611898817121982574e-02
1.957776248455047607e-01,2.948760613799095154e-02,7.671079039573669434e-01,9.981454610824584961e-01,5.990780889987945557e-02,-5.052665248513221741e-03,-9.547880850732326508e-03,-1.491677612066268921e-01,-6.572718173265457153e-02,2.975592017173767090e-01,3.226703703403472900e-01,-1.651257425546646118e-01,1.584708504378795624e-02,-2.092363834381103516e-01,-3.179986476898193359e-01,-1.100564450025558472e-01,1.422121524810791016e+00,-2.416121959686279297e-01,8.730801939964294434e-02,6.512965261936187744e-02,-1.664820909500122070e-01,1.903264224529266357e-01,2.197357565164566040e-01,4.004335701465606689e-01,-4.218018949031829834e-01,1.112771630287170410e+00,5.060950517654418945e-01,-4.702153429388999939e-02,8.956776559352874756e-02,-7.369744032621383667e-02,-3.392835259437561035e-01,6.342637538909912109e-01,9.871225953102111816e-01,-4.182735383510589600e-01,-5.835689231753349304e-02,-1.781221106648445129e-02
2.234290242195129395e-01,3.216379135847091675e-02,7.708418369293212891e-01,9.984194636344909668e-01,5.502799898386001587e-02,-9.755187667906284332e-03,-5.941258743405342102e-03,-6.921429932117462158e-02,-6.954428553581237793e-02,2.875275015830993652e-01,2.737602591514587402e-01,-1.823800653219223022e-01,1.100884657353162766e-02,-2.883391082286834717e-01,-3.160400688648223877e-01,-1.376526951789855957e-01,1.372622489929199219e+00,-2.762739360332489014e-01,8.706250786781311035e-02,2.897734940052032471e-02,-1.573297530412673950e-01,1.965068876743316650e-01,1.635186672210693359e-01,3.978501856327056885e-01,-4.150871634483337402e-01,1.077576398849487305e+00,4.913547635078430176e-01,-5.442579463124275208e-02,1.117282584309577942e-01,-4.458494484424591064e-02,-3.224008679389953613e-01,6.259341239929199219e-01,1.012464046478271484e+00,-3.985323011875152588e-01,-6.790927052497863770e-02,-1.577805355191230774e-02
2.511920928955078125e-01,3.432638570666313171e-02,7.722439169883728027e-01,9.986180663108825684e-01,5.119172483682632446e-02,-1.183511409908533096e-02,-1.116631086915731430e-03,-3.105676150880753994e-04,-7.257685065269470215e-02,2.778372466564178467e-01,2.327349036931991577e-01,-2.000558674335479736e-01,5.823976360261440277e-03,-3.604252040386199951e-01,-3.226151168346405029e-01,-1.757152825593948364e-01,1.265389442443847656e+00,-2.918145060539245605e-01,7.956013828516006470e-02,-7.229824550449848175e-03,-1.480976492166519165e-01,2.034557312726974487e-01,9.840958565473556519e-02,4.003899395465850830e-01,-4.123404324054718018e-01,1.038641214370727539e+00,4.740278422832489014e-01,-5.985858291387557983e-02,1.264770478010177612e-01,-1.716831699013710022e-02,-3.106640279293060303e-01,6.032881736755371094e-01,1.034845829010009766e+00,-3.704431354999542236e-01,-7.629144191741943359e-02,-2.126101963222026825e-02
2.798355519771575928e-01,3.593806177377700806e-02,7.714319825172424316e-01,9.987405538558959961e-01,4.872986674308776855e-02,-1.144145056605339050e-02,3.434038255363702774e-03,5.739150941371917725e-02,-7.455484569072723389e-02,2.727246582508087158e-01,2.009861022233963013e-01,-2.212843596935272217e-01,-4.658678662963211536e-04,-4.206297099590301514e-01,-3.277116715908050537e-01,-2.156682312488555908e-01,1.107093334197998047e+00,-2.886487543582916260e-01,6.862089037895202637e-02,-4.009063914418220520e-02,-1.400525718927383423e-01,2.093713581562042236e-01,2.992185764014720917e-02,4.102966785430908203e-01,-4.154552817344665527e-01,9.976521730422973633e-01,4.623815715312957764e-01,-6.264505535364151001e-02,1.355994939804077148e-01,7.352014537900686264e-03,-3.048608899116516113e-01,5.805462002754211426e-01,1.055729866027832031e+00,-3.427301347255706787e-01,-8.176357299089431763e-02,-3.230019658803939819e-02
3.092656731605529785e-01,3.681358695030212402e-02,7.689143419265747070e-01,9.987916350364685059e-01,4.784125089645385742e-02,-8.596437051892280579e-03,7.252430077642202377e-03,1.065944880247116089e-01,-7.678193598985671997e-02,2.711595296859741211e-01,1.748444139957427979e-01,-2.452927082777023315e-01,-8.013539016246795654e-03,-4.637717604637145996e-01,-3.243334889411926270e-01,-2.531962096691131592e-01,8.964223265647888184e-01,-2.507233619689941406e-01,6.009639799594879150e-02,-6.891529262065887451e-02,-1.341863870620727539e-01,2.115682661533355713e-01,-3.556884452700614929e-02,4.257732629776000977e-01,-4.185676872730255127e-01,9.542630314826965332e-01,4.569238722324371338e-01,-6.472938507795333862e-02,1.423464566469192505e-01,2.855658903717994690e-02,-3.038557171821594238e-01,5.664786100387573242e-01,1.078306794166564941e+00,-3.241601884365081787e-01,-8.285733312368392944e-02,-4.630683362483978271e-02
3.389868140220642090e-01,3.681173920631408691e-02,7.651559710502624512e-01,9.987753629684448242e-01,4.810336604714393616e-02,-3.820829559117555618e-03,1.092193834483623505e-02,1.501917541027069092e-01,-7.971452921628952026e-02,2.666740119457244873e-01,1.546755433082580566e-01,-2.696499228477478027e-01,-1.760734431445598602e-02,-4.842484891414642334e-01,-3.054172992706298828e-01,-2.757991850376129150e-01,6.346491575241088867e-01,-1.720135062932968140e-01,5.577517300844192505e-02,-9.479948878288269043e-02,-1.297518908977508545e-01,2.079967856407165527e-01,-9.514603763818740845e-02,4.435851275920867920e-01,-4.178236126899719238e-01,9.094152450561523438e-01,4.505758285522460938e-01,-7.270704209804534912e-02,1.515451222658157349e-01,4.871003702282905579e-02,-3.049797415733337402e-01,5.599485039710998535e-01,1.098866939544677734e+00,-3.178654313087463379e-01,-8.158960193395614624e-02,-5.909300968050956726e-02
3.693815767765045166e-01,3.583428263664245605e-02,7.602956891059875488e-01,9.986171722412109375e-01,4.973145574331283569e-02,4.098538774996995926e-04,1.703957654535770416e-02,1.925763636827468872e-01,-8.223637193441390991e-02,2.531847655773162842e-01,1.456148475408554077e-01,-2.950394749641418457e-01,-2.870498411357402802e-02,-4.786781966686248779e-01,-2.656896710395812988e-01,-2.496954053640365601e-01,3.499450981616973877e-01,-9.131146967411041260e-02,8.037431538105010986e-02,-1.200121492147445679e-01,-1.277188956737518311e-01,2.008340507745742798e-01,-1.463116258382797241e-01,4.628450274467468262e-01,-4.149053692817687988e-01,8.664987087249755859e-01,4.363009333610534668e-01,-8.646431565284729004e-02,1.620804518461227417e-01,7.212483882904052734e-02,-3.082922101020812988e-01,5.570423007011413574e-01,1.112057566642761230e+00,-3.197928667068481445e-01,-8.091134577989578247e-02,-6.613006442785263062e-02
4.018706083297729492e-01,3.396528959274291992e-02,7.533205747604370117e-01,9.980714917182922363e-01,5.496308580040931702e-02,9.465503535466268659e-05,2.885091118514537811e-02,2.412878125905990601e-01,-8.582826703786849976e-02,2.338342219591140747e-01,1.472591012716293335e-01,-3.185070157051086426e-01,-4.395303875207901001e-02,-4.634968936443328857e-01,-2.399748712778091431e-01,-2.009137123823165894e-01,1.251209229230880737e-01,-4.550993815064430237e-02,1.286358386278152466e-01,-1.522458046674728394e-01,-1.342457234859466553e-01,1.954800933599472046e-01,-1.860805302858352661e-01,4.830088019371032715e-01,-4.091219007968902588e-01,8.292768597602844238e-01,4.143459796905517578e-01,-9.741996973752975464e-02,1.716320961713790894e-01,1.002778634428977966e-01,-3.108747601509094238e-01,5.531021952629089355e-01,1.117650866508483887e+00,-3.226866126060485840e-01,-8.068241924047470093e-02,-7.192605733871459961e-02
4.359972774982452393e-01,3.177390620112419128e-02,7.460656166076660156e-01,9.974539279937744141e-01,5.962371826171875000e-02,-2.397892065346240997e-03,3.904961422085762024e-02,2.930855154991149902e-01,-8.233442902565002441e-02,2.246180772781372070e-01,1.522254198789596558e-01,-3.347407877445220947e-01,-6.827534735202789307e-02,-4.871700704097747803e-01,-2.406856864690780640e-01,-1.592615693807601929e-01,1.082056015729904175e-01,-7.700713723897933960e-02,1.627341657876968384e-01,-1.819115430116653442e-01,-1.398428231477737427e-01,1.924124062061309814e-01,-2.146347761154174805e-01,5.008376240730285645e-01,-4.008903205394744873e-01,7.996928095817565918e-01,4.045679271221160889e-01,-1.111572608351707458e-01,1.896426826715469360e-01,1.300999671220779419e-01,-3.122775852680206299e-01,5.448566079139709473e-01,1.118422508239746094e+00,-3.281187117099761963e-01,-8.472845703363418579e-02,-8.574108779430389404e-02
4.702180624008178711e-01,2.899818308651447296e-02,7.411497831344604492e-01,9.978914856910705566e-01,5.393530800938606262e-02,1.738379942253232002e-04,3.610316663980484009e-02,3.313292264938354492e-01,-5.816924199461936951e-02,2.381440699100494385e-01,1.697929799556732178e-01,-3.469538986682891846e-01,-9.783426672220230103e-02,-4.835803210735321045e-01,-2.097252309322357178e-01,-1.618392914533615112e-01,1.238841190934181213e-01,-4.686935618519783020e-02,1.693378239870071411e-01,-1.902045607566833496e-01,-1.222571060061454773e-01,1.842806786298751831e-01,-2.239483296871185303e-01,5.152053833007812500e-01,-3.929601609706878662e-01,7.762375473976135254e-01,3.900392949581146240e-01,-1.172764524817466736e-01,2.091097086668014526e-01,1.543104201555252075e-01,-3.141278028488159180e-01,5.361660718917846680e-01,1.124306917190551758e+00,-3.316998183727264404e-01,-8.855978399515151978e-02,-1.016808599233627319e-01
5.049370527267456055e-01,2.510412037372589111e-02,7.401456832885742188e-01,9.989230036735534668e-01,3.626886382699012756e-02,8.188431151211261749e-03,2.775578759610652924e-02,3.355613350868225098e-01,-4.862550646066665649e-03,2.486526966094970703e-01,2.395310699939727783e-01,-3.501193821430206299e-01,-1.309898346662521362e-01,-5.269175767898559570e-01,-1.588688790798187256e-01,-1.544107347726821899e-01,2.593194842338562012e-01,2.490791864693164825e-02,1.171186715364456177e-01,-1.894519925117492676e-01,-7.780380547046661377e-02,1.664416193962097168e-01,-2.149391770362854004e-01,5.203546881675720215e-01,-3.758766949176788330e-01,7.608679533004760742e-01,3.742148280143737793e-01,-1.223779693245887756e-01,2.187454700469970703e-01,1.699814200401306152e-01,-3.127526938915252686e-01,5.304564237594604492e-01,1.135184049606323242e+00,-3.329216837882995605e-01,-8.612737804651260376e-02,-1.024473682045936584e-01
5.408629179000854492e-01,2.048113942146301270e-02,7.386671900749206543e-01,9.993976950645446777e-01,2.349940128624439240e-02,7.514893077313899994e-03,2.440334670245647430e-02,3.334217965602874756e-01,4.620140790939331055e-02,2.473249137401580811e-01,3.689000308513641357e-01,-3.299951553344726562e-01,-1.474051177501678467e-01,-5.665783286094665527e-01,-1.297993659973144531e-01,-1.382640004158020020e-01,4.387860298156738281e-01,6.447372026741504669e-03,6.996182352304458618e-02,-2.015415579080581665e-01,-4.661449417471885681e-02,1.582230925559997559e-01,-1.840974241495132446e-01,5.179145336151123047e-01,-3.602798581123352051e-01,7.620262503623962402e-01,3.709235787391662598e-01,-1.290729492902755737e-01,2.315282523632049561e-01,1.839565485715866089e-01,-3.094326555728912354e-01,5.301796197891235352e-01,1.146184921264648438e+00,-3.418959081172943115e-01,-8.718217909336090088e-02,-9.589263051748275757e-02
5.769875049591064453e-01,1.499872654676437378e-02,7.390225529670715332e-01,9.996384382247924805e-01,1.321843732148408890e-02,1.651969854719936848e-03,2.335468493402004242e-02,3.087969720363616943e-01,1.010919734835624695e-01,2.398289740085601807e-01,5.624236464500427246e-01,-2.666483521461486816e-01,-1.455711573362350464e-01,-5.537807941436767578e-01,-1.088515967130661011e-01,-1.427720338106155396e-01,5.598872900009155273e-01,-6.890332698822021484e-02,4.174485802650451660e-02,-2.093631029129028320e-01,-2.559524029493331909e-02,1.537938714027404785e-01,-1.497931927442550659e-01,5.121700763702392578e-01,-3.616868555545806885e-01,7.840939760208129883e-01,3.718798160552978516e-01,-1.256846487522125244e-01,2.305010706186294556e-01,1.939777582883834839e-01,-3.011688888072967529e-01,5.272031426429748535e-01,1.156148076057434082e+00,-3.405430614948272705e-01,-8.723674714565277100e-02,-9.622811526060104370e-02
6.120973825454711914e-01,8.856517262756824493e-03,7.412218451499938965e-01,9.996483325958251953e-01,3.496448975056409836e-03,-4.393984097987413406e-03,2.591674961149692535e-02,2.451641410589218140e-01,1.602781116962432861e-01,2.166997939348220825e-01,8.021177649497985840e-01,-1.696798950433731079e-01,-1.203053146600723267e-01,-5.130698680877685547e-01,-8.776396512985229492e-02,-1.616208255290985107e-01,6.230115294456481934e-01,-1.492145061492919922e-01,1.168422680348157883e-02,-2.141448259353637695e-01,-8.873704820871353149e-03,1.524044275283813477e-01,-1.180325075984001160e-01,5.058038830757141113e-01,-3.805271089076995850e-01,8.157246708869934082e-01,3.873231709003448486e-01,-1.178443729877471924e-01,2.159164547920227051e-01,1.993376910686492920e-01,-2.862712740898132324e-01,5.272102952003479004e-01,1.165665268898010254e+00,-3.388716578483581543e-01,-8.608285337686538696e-02,-9.171003848314285278e-02
6.475356221199035645e-01,2.359607256948947906e-03,7.443043589591979980e-01,9.995009303092956543e-01,-5.470610689371824265e-03,-8.389253169298171997e-03,2.996088936924934387e-02,1.672346293926239014e-01,2.428570091724395752e-01,2.197972089052200317e-01,1.036731839179992676e+00,-7.953640818595886230e-02,-7.121960818767547607e-02,-4.576626121997833252e-01,-6.584590673446655273e-02,-1.848521679639816284e-01,6.437268257141113281e-01,-2.133157551288604736e-01,-8.006700314581394196e-03,-2.120165079832077026e-01,5.847831256687641144e-03,1.553118973970413208e-01,-9.667754173278808594e-02,4.969875514507293701e-01,-4.105620086193084717e-01,8.479790687561035156e-01,4.106539487838745117e-01,-1.091476753354072571e-01,1.909309923648834229e-01,1.979878097772598267e-01,-2.716634571552276611e-01,5.361803770065307617e-01,1.170335054397583008e+00,-3.365167081356048584e-01,-8.650787174701690674e-02,-8.629173040390014648e-02
6.787368059158325195e-01,-2.184478566050529480e-03,7.472829222679138184e-01,9.993609786033630371e-01,-1.316632516682147980e-02,-1.041028182953596115e-02,3.155827149748802185e-02,9.766386449337005615e-02,3.522627651691436768e-01,2.697017788887023926e-01,1.225744962692260742e+00,-1.015539988875389099e-01,6.581927184015512466e-03,-3.987890481948852539e-01,-4.190778359770774841e-02,-2.035189867019653320e-01,6.426454782485961914e-01,-2.597014605998992920e-01,-2.421019598841667175e-02,-2.007881700992584229e-01,1.963764615356922150e-02,1.604185253381729126e-01,-7.986061275005340576e-02,4.862964749336242676e-01,-4.423215091228485107e-01,8.801950812339782715e-01,4.344010949134826660e-01,-1.001238152384757996e-01,1.694710105657577515e-01,1.854616850614547729e-01,-2.634845077991485596e-01,5.601209998130798340e-01,1.171175003051757812e+00,-3.361578881740570068e-01,-8.855941891670227051e-02,-8.229026943445205688e-02
7.106008529663085938e-01,-5.440588574856519699e-03,7.516573071479797363e-01,9.993678927421569824e-01,-1.642785593867301941e-02,-1.216907054185867310e-02,2.908496558666229248e-02,2.621729299426078796e-02,4.167811572551727295e-01,3.088127374649047852e-01,1.350503683090209961e+00,-1.853862106800079346e-01,5.724073201417922974e-02,-3.328005075454711914e-01,-2.067493833601474762e-02,-2.074529230594635010e-01,6.201967000961303711e-01,-2.946343719959259033e-01,-3.787134960293769836e-02,-1.787737160921096802e-01,2.573933079838752747e-02,1.659512519836425781e-01,-5.892770737409591675e-02,4.715058505535125732e-01,-4.656795263290405273e-01,9.134497046470642090e-01,4.535194933414459229e-01,-9.408877044916152954e-02,1.529714465141296387e-01,1.566493511199951172e-01,-2.624207437038421631e-01,5.896573066711425781e-01,1.170474767684936523e+00,-3.429060876369476318e-01,-8.901917189359664917e-02,-8.061958849430084229e-02
7.424882650375366211e-01,-7.564786821603775024e-03,7.573602795600891113e-01,9.994909167289733887e-01,-1.594158262014389038e-02,-1.354594621807336807e-02,2.408982068300247192e-02,-5.711139366030693054e-02,4.258661866188049316e-01,3.273846805095672607e-01,1.408690690994262695e+00,-2.436964213848114014e-01,7.301367074251174927e-02,-2.585663795471191406e-01,-2.932890318334102631e-03,-1.975882351398468018e-01,5.747652053833007812e-01,-3.181835412979125977e-01,-4.431135952472686768e-02,-1.498261392116546631e-01,2.568029426038265228e-02,1.706834435462951660e-01,-3.541078791022300720e-02,4.517360925674438477e-01,-4.810302555561065674e-01,9.492387771606445312e-01,4.644942879676818848e-01,-9.016767144203186035e-02,1.358654648065567017e-01,1.160296052694320679e-01,-2.662340402603149414e-01,6.143870353698730469e-01,1.171251296997070312e+00,-3.509928286075592041e-01,-8.605815470218658447e-02,-8.214230835437774658e-02
7.738958001136779785e-01,-8.791659027338027954e-03,7.633213400840759277e-01,9.996524453163146973e-01,-1.311639696359634399e-02,-1.486904732882976532e-02,1.737470179796218872e-02,-1.433586180210113525e-01,4.010277390480041504e-01,3.384718000888824463e-01,1.399670481681823730e+00,-2.675139009952545166e-01,6.749203801155090332e-02,-1.786104738712310791e-01,1.057740021497011185e-02,-1.793877035379409790e-01,5.120500922203063965e-01,-3.301923871040344238e-01,-4.480953514575958252e-02,-1.172199621796607971e-01,2.152557671070098877e-02,1.747619509696960449e-01,-9.347337298095226288e-03,4.299360215663909912e-01,-4.909969270229339600e-01,9.883084893226623535e-01,4.724982678890228271e-01,-8.480709046125411987e-02,1.158373281359672546e-01,6.794313341379165649e-02,-2.740103900432586670e-01,6.286438703536987305e-01,1.172145485877990723e+00,-3.577365577220916748e-01,-8.161908388137817383e-02,-8.613581955432891846e-02
8.046295642852783203e-01,-9.666919708251953125e-03,7.680303454399108887e-01,9.997875690460205078e-01,-9.668997488915920258e-03,-1.555796340107917786e-02,9.451292455196380615e-03,-2.254604846239089966e-01,3.622581064701080322e-01,3.460995554924011230e-01,1.328729152679443359e+00,-2.660395801067352295e-01,4.605306312441825867e-02,-9.865705668926239014e-02,2.039214409887790680e-02,-1.592205762863159180e-01,4.404858946800231934e-01,-3.340193927288055420e-01,-4.185508936643600464e-02,-8.470743894577026367e-02,1.611805893480777740e-02,1.773512661457061768e-01,2.238152734935283661e-02,4.092242717742919922e-01,-4.953000545501708984e-01,1.024233579635620117e+00,4.770977199077606201e-01,-7.782892882823944092e-02,9.391684085130691528e-02,1.720290817320346832e-02,-2.849204242229461670e-01,6.268603801727294922e-01,1.165220975875854492e+00,-3.597531020641326904e-01,-7.883659005165100098e-02,-9.192007780075073242e-02
8.346960544586181641e-01,-1.057440321892499924e-02,7.706282138824462891e-01,9.998591542243957520e-01,-7.845788262784481049e-03,-1.476658042520284653e-02,1.431090640835464001e-03,-3.005209565162658691e-01,3.260909616947174072e-01,3.500285148620605469e-01,1.209843516349792480e+00,-2.539978027343750000e-01,2.052590623497962952e-02,-2.352176606655120850e-02,2.912505157291889191e-02,-1.437566876411437988e-01,3.685393333435058594e-01,-3.338055908679962158e-01,-3.716160356998443604e-02,-5.500880628824234009e-02,1.366503257304430008e-02,1.783919036388397217e-01,5.841729417443275452e-02,3.911085426807403564e-01,-4.926857352256774902e-01,1.050641179084777832e+00,4.763370752334594727e-01,-7.213528454303741455e-02,7.360268384218215942e-02,-3.206046670675277710e-02,-2.983126938343048096e-01,6.070995330810546875e-01,1.145004987716674805e+00,-3.510684967041015625e-01,-8.129847049713134766e-02,-1.016246303915977478e-01
8.640286326408386230e-01,-1.135572604835033417e-02,7.709453701972961426e-01,9.998627305030822754e-01,-8.802748285233974457e-03,-1.264437846839427948e-02,-6.097936071455478668e-03,-3.639499843120574951e-01,3.006047308444976807e-01,3.504954576492309570e-01,1.056379556655883789e+00,-2.377990335226058960e-01,-7.540340884588658810e-04,4.583484306931495667e-02,3.954478353261947632e-02,-1.340604126453399658e-01,3.027226328849792480e-01,-3.332281112670898438e-01,-3.200222179293632507e-02,-2.789319865405559540e-02,1.631051674485206604e-02,1.786255389451980591e-01,9.631249308586120605e-02,3.760319650173187256e-01,-4.846542775630950928e-01,1.065305948257446289e+00,4.728573858737945557e-01,-6.971921026706695557e-02,5.991437658667564392e-02,-7.693122327327728271e-02,-3.137172460556030273e-01,5.740312933921813965e-01,1.113651752471923828e+00,-3.303973674774169922e-01,-9.037699550390243530e-02,-1.180239543318748474e-01
8.935269713401794434e-01,-1.155436411499977112e-02,7.691861391067504883e-01,9.998067617416381836e-01,-1.132403872907161713e-02,-9.290432557463645935e-03,-1.311434153467416763e-02,-4.126576483249664307e-01,2.856289744377136230e-01,3.555354177951812744e-01,8.713788986206054688e-01,-2.063565701246261597e-01,-1.470413338392972946e-02,1.081046089529991150e-01,4.949481785297393799e-02,-1.269656717777252197e-01,2.498968392610549927e-01,-3.374693691730499268e-01,-2.597131580114364624e-02,-2.445317571982741356e-03,2.153337001800537109e-02,1.777184009552001953e-01,1.348918527364730835e-01,3.642868101596832275e-01,-4.762467443943023682e-01,1.072615504264831543e+00,4.702835977077484131e-01,-7.065227627754211426e-02,5.413171648979187012e-02,-1.172751337289810181e-01,-3.301783204078674316e-01,5.339857339859008789e-01,1.076229572296142578e+00,-3.034172058105468750e-01,-1.039547324180603027e-01,-1.382550746202468872e-01
9.247746467590332031e-01,-1.089314371347427368e-02,7.656573057174682617e-01,9.997199773788452148e-01,-1.259805448353290558e-02,-4.765793681144714355e-03,-1.945623196661472321e-02,-4.418675601482391357e-01,2.675426900386810303e-01,3.709803819656372070e-01,6.544671654701232910e-01,-1.496281921863555908e-01,-2.008316107094287872e-02,1.588616073131561279e-01,5.222858488559722900e-02,-1.184497103095054626e-01,2.190506458282470703e-01,-3.530949056148529053e-01,-1.732240989804267883e-02,2.063443325459957123e-02,2.361750230193138123e-02,1.751258522272109985e-01,1.708441674709320068e-01,3.555943965911865234e-01,-4.716402888298034668e-01,1.079245805740356445e+00,4.701112210750579834e-01,-7.226786762475967407e-02,5.216725543141365051e-02,-1.538355499505996704e-01,-3.462696969509124756e-01,4.972325265407562256e-01,1.038934707641601562e+00,-2.796275913715362549e-01,-1.171931177377700806e-01,-1.574683785438537598e-01
9.568624496459960938e-01,-9.304726496338844299e-03,7.606148123741149902e-01,9.995667934417724609e-01,-1.299439370632171631e-02,-6.182634388096630573e-04,-2.640020474791526794e-02,-4.457063078880310059e-01,2.345309257507324219e-01,3.897844552993774414e-01,4.055992960929870605e-01,-8.732251822948455811e-02,-3.218114003539085388e-02,2.006853818893432617e-01,4.894953593611717224e-02,-1.044611036777496338e-01,2.124325931072235107e-01,-3.787440955638885498e-01,-5.354156251996755600e-03,4.463016241788864136e-02,2.378237433731555939e-02,1.738772392272949219e-01,2.030102014541625977e-01,3.483114242553710938e-01,-4.702528119087219238e-01,1.086995244026184082e+00,4.691087007522583008e-01,-7.028320431709289551e-02,4.918147996068000793e-02,-1.884783208370208740e-01,-3.621721863746643066e-01,4.737137854099273682e-01,1.008453607559204102e+00,-2.627198398113250732e-01,-1.281191706657409668e-01,-1.715200245380401611e-01
9.893705844879150391e-01,-7.030894048511981964e-03,7.542780041694641113e-01,9.990981817245483398e-01,-1.811403408646583557e-02,4.614790668711066246e-04,-3.839927539229393005e-02,-4.278283119201660156e-01,2.097740471363067627e-01,4.030530452728271484e-01,1.612654328346252441e-01,-4.997266829013824463e-02,-7.143446058034896851e-02,2.413941472768783569e-01,5.308755487203598022e-02,-8.237726986408233643e-02,2.151704579591751099e-01,-3.970181345939636230e-01,7.273385766893625259e-03,7.760991156101226807e-02,3.467694669961929321e-02,1.775217354297637939e-01,2.262105941772460938e-01,3.421385884284973145e-01,-4.709292948246002197e-01,1.096671223640441895e+00,4.639328122138977051e-01,-6.612033396959304810e-02,4.544445499777793884e-02,-2.194701284170150757e-01,-3.809833228588104248e-01,4.645302295684814453e-01,9.896714091300964355e-01,-2.608516514301300049e-01,-1.358685046434402466e-01,-1.774340420961380005e-01
1.022652149200439453e+00,-4.263592883944511414e-03,7.476344108581542969e-01,9.980827569961547852e-01,-3.096229583024978638e-02,-1.575381960719823837e-03,-5.356850102543830872e-02,-4.594480395317077637e-01,2.287832498550415039e-01,3.679219484329223633e-01,1.148446798324584961e-01,-8.830760419368743896e-02,-1.228886246681213379e-01,2.962443232536315918e-01,6.666117161512374878e-02,-6.191535294055938721e-02,2.133944332599639893e-01,-3.945190012454986572e-01,1.675691455602645874e-02,1.077745631337165833e-01,6.144086644053459167e-02,1.801588237285614014e-01,2.525202929973602295e-01,3.330538272857666016e-01,-4.647127389907836914e-01,1.110626101493835449e+00,4.629700779914855957e-01,-6.142574921250343323e-02,4.030856862664222717e-02,-2.414660304784774780e-01,-3.979655802249908447e-01,4.657225906848907471e-01,9.788178205490112305e-01,-2.708949446678161621e-01,-1.326227039098739624e-01,-1.720221638679504395e-01
1.057035565376281738e+00,-9.651612490415573120e-04,7.430854439735412598e-01,9.974291920661926270e-01,-3.834532946348190308e-02,-7.063122466206550598e-04,-6.053280457854270935e-02,-4.650374352931976318e-01,2.274997532367706299e-01,3.455378413200378418e-01,1.140842214226722717e-01,-9.524890780448913574e-02,-1.594372689723968506e-01,3.358308374881744385e-01,6.647922098636627197e-02,-4.587373882532119751e-02,2.363313436508178711e-01,-3.821277022361755371e-01,3.323651850223541260e-02,1.220839396119117737e-01,7.478442788124084473e-02,1.763507425785064697e-01,2.769894003868103027e-01,3.242325186729431152e-01,-4.514434337615966797e-01,1.131715536117553711e+00,4.604932069778442383e-01,-5.243367329239845276e-02,3.536931052803993225e-02,-2.449121624231338501e-01,-4.116917848587036133e-01,4.687724709510803223e-01,9.717857241630554199e-01,-2.820407748222351074e-01,-1.257972717285156250e-01,-1.672677248716354370e-01
1.092805147171020508e+00,2.278877422213554382e-03,7.416330575942993164e-01,9.982922077178955078e-01,-1.873695850372314453e-02,8.315495215356349945e-03,-5.470448732376098633e-02,-4.416520893573760986e-01,1.577668190002441406e-01,3.618687689304351807e-01,1.116633415222167969e-01,6.261494942009449005e-03,-9.748716652393341064e-02,3.139047622680664062e-01,1.093644369393587112e-02,-4.706677421927452087e-02,3.545047342777252197e-01,-3.916937708854675293e-01,6.865565478801727295e-02,1.187910884618759155e-01,2.955175377428531647e-02,1.570712327957153320e-01,2.869740724563598633e-01,3.183782994747161865e-01,-4.398632049560546875e-01,1.160286664962768555e+00,4.632039070129394531e-01,-4.193115606904029846e-02,1.950960047543048859e-02,-2.325367033481597900e-01,-4.147208631038665771e-01,4.679324924945831299e-01,9.639706611633300781e-01,-2.918954789638519287e-01,-1.244980692863464355e-01,-1.575132459402084351e-01
1.130171298980712891e+00,5.531438160687685013e-03,7.425416707992553711e-01,9.987197518348693848e-01,1.026433240622282028e-02,1.592458598315715790e-02,-4.690295830368995667e-02,-4.680161476135253906e-01,8.571618795394897461e-02,3.514950573444366455e-01,2.132295519113540649e-01,9.286587685346603394e-02,-7.471817079931497574e-03,2.624904215335845947e-01,-6.701409071683883667e-02,-4.587305709719657898e-02,5.433372855186462402e-01,-3.578658401966094971e-01,1.079031899571418762e-01,1.119984686374664307e-01,-3.859031200408935547e-02,1.335201412439346313e-01,2.913773357868194580e-01,3.175706565380096436e-01,-4.367550611495971680e-01,1.190868139266967773e+00,4.615348279476165771e-01,-3.776290267705917358e-02,2.723789773881435394e-03,-1.974775046110153198e-01,-4.043231606483459473e-01,4.616777598857879639e-01,9.605819582939147949e-01,-2.979993522167205811e-01,-1.226403862237930298e-01,-1.561956405639648438e-01
1.170331954956054688e+00,8.987791836261749268e-03,7.451948523521423340e-01,9.987372159957885742e-01,3.027910552918910980e-02,1.101805828511714935e-02,-3.854531794786453247e-02,-4.638151526451110840e-01,4.511250928044319153e-02,3.509540557861328125e-01,3.404841423034667969e-01,6.220734491944313049e-02,4.044619947671890259e-02,2.086397707462310791e-01,-1.295447945594787598e-01,-4.377975314855575562e-02,7.695338129997253418e-01,-2.455659806728363037e-01,1.347096711397171021e-01,1.056318730115890503e-01,-8.914522081613540649e-02,1.298596560955047607e-01,2.802539467811584473e-01,3.263167440891265869e-01,-4.411148130893707275e-01,1.213382601737976074e+00,4.573133587837219238e-01,-3.459863737225532532e-02,-1.600330322980880737e-02,-1.514305472373962402e-01,-3.849323391914367676e-01,4.563631415367126465e-01,9.607276320457458496e-01,-2.973696589469909668e-01,-1.172187402844429016e-01,-1.524373590946197510e-01
1.208428144454956055e+00,1.220653858035802841e-02,7.479521036148071289e-01,9.983909130096435547e-01,4.597207531332969666e-02,2.470495819579809904e-04,-3.319571539759635925e-02,-4.208869338035583496e-01,6.791378371417522430e-03,3.551241159439086914e-01,4.146917164325714111e-01,-8.971765637397766113e-03,6.919845193624496460e-02,1.278562992811203003e-01,-1.791443824768066406e-01,-2.942369505763053894e-02,1.022920846939086914e+00,-9.491871297359466553e-02,1.549673825502395630e-01,1.000173911452293396e-01,-1.278541237115859985e-01,1.401512175798416138e-01,2.600977122783660889e-01,3.396570384502410889e-01,-4.450897276401519775e-01,1.217228055000305176e+00,4.539826512336730957e-01,-3.405415639281272888e-02,-2.136892266571521759e-02,-1.109061837196350098e-01,-3.677026033401489258e-01,4.669006168842315674e-01,9.687760472297668457e-01,-3.110111951828002930e-01,-1.123716235160827637e-01,-1.327624022960662842e-01
1.243870854377746582e+00,1.534042228013277054e-02,7.506343126296997070e-01,9.978209733963012695e-01,5.675173923373222351e-02,-1.024724636226892471e-02,-3.205440565943717957e-02,-3.590243756771087646e-01,-2.382656559348106384e-02,3.602734804153442383e-01,4.484341442584991455e-01,-7.604037225246429443e-02,7.628187537193298340e-02,2.847666479647159576e-02,-2.421654015779495239e-01,-3.775252029299736023e-02,1.257585048675537109e+00,7.686236407607793808e-03,1.425894051790237427e-01,9.231313318014144897e-02,-1.536767035722732544e-01,1.512276232242584229e-01,2.351284474134445190e-01,3.542461097240447998e-01,-4.508716464042663574e-01,1.206418037414550781e+00,4.537431597709655762e-01,-3.884783387184143066e-02,-1.023464091122150421e-02,-8.398465067148208618e-02,-3.545210361480712891e-01,4.995760321617126465e-01,9.835309982299804688e-01,-3.295017182826995850e-01,-1.069150120019912720e-01,-1.136996001005172729e-01
1.277571678161621094e+00,1.856352388858795166e-02,7.539943456649780273e-01,9.971988201141357422e-01,6.535744667053222656e-02,-1.831085421144962311e-02,-3.142495080828666687e-02,-2.819361984729766846e-01,-5.884085595607757568e-02,3.649743795394897461e-01,4.336681365966796875e-01,-1.248019188642501831e-01,7.599058747291564941e-02,-7.139880210161209106e-02,-3.212493062019348145e-01,-6.132576242089271545e-02,1.428270936012268066e+00,-4.917019605636596680e-02,9.202026575803756714e-02,7.607191801071166992e-02,-1.733580976724624634e-01,1.606169193983078003e-01,2.048251181840896606e-01,3.691497445106506348e-01,-4.601894021034240723e-01,1.188272118568420410e+00,4.525165259838104248e-01,-4.801386222243309021e-02,1.711509376764297485e-02,-6.246519088745117188e-02,-3.457106351852416992e-01,5.424466729164123535e-01,9.976028800010681152e-01,-3.492074310779571533e-01,-1.035407185554504395e-01,-1.051678583025932312e-01
1.309845447540283203e+00,2.151255682110786438e-02,7.588408589363098145e-01,9.968752861022949219e-01,6.833031773567199707e-02,-2.760650590062141418e-02,-2.843311801552772522e-02,-1.897379457950592041e-01,-8.721485733985900879e-02,3.588656485080718994e-01,3.908070027828216553e-01,-1.577955335378646851e-01,7.269048690795898438e-02,-1.619963943958282471e-01,-3.684563040733337402e-01,-7.817016541957855225e-02,1.513340473175048828e+00,-1.352663785219192505e-01,4.474534466862678528e-02,5.144473537802696228e-02,-1.798547655344009399e-01,1.724470555782318115e-01,1.667987257242202759e-01,3.811141252517700195e-01,-4.656399786472320557e-01,1.170025944709777832e+00,4.493624567985534668e-01,-5.717127770185470581e-02,4.642814025282859802e-02,-3.835254907608032227e-02,-3.358451426029205322e-01,5.735825896263122559e-01,1.013687014579772949e+00,-3.613770306110382080e-01,-1.019673272967338562e-01,-1.029539555311203003e-01
1.341501832008361816e+00,2.379430457949638367e-02,7.639401555061340332e-01,9.969035387039184570e-01,6.598823517560958862e-02,-3.701589629054069519e-02,-2.141867578029632568e-02,-9.443516284227371216e-02,-1.048972159624099731e-01,3.391336798667907715e-01,3.372519314289093018e-01,-1.791007369756698608e-01,6.616959720849990845e-02,-2.375969141721725464e-01,-3.837718665599822998e-01,-1.056467667222023010e-01,1.514008164405822754e+00,-2.021864056587219238e-01,2.170754782855510712e-02,1.979852467775344849e-02,-1.742877066135406494e-01,1.844533979892730713e-01,1.205056086182594299e-01,3.895246386528015137e-01,-4.683992564678192139e-01,1.152487397193908691e+00,4.424311518669128418e-01,-6.197237595915794373e-02,6.707787513732910156e-02,-1.358820497989654541e-02,-3.233925998210906982e-01,5.888572931289672852e-01,1.036144733428955078e+00,-3.632033765316009521e-01,-1.013141348958015442e-01,-1.006617099046707153e-01
1.373090744018554688e+00,2.560153231024742126e-02,7.679750323295593262e-01,9.971277713775634766e-01,6.085807457566261292e-02,-4.352584108710289001e-02,-1.174933183938264847e-02,-6.257808767259120941e-03,-1.132310405373573303e-01,3.118564486503601074e-01,2.813074886798858643e-01,-1.920792609453201294e-01,5.777435004711151123e-02,-3.039465248584747314e-01,-3.858641982078552246e-01,-1.488305628299713135e-01,1.445429205894470215e+00,-2.454431056976318359e-01,1.544715650379657745e-02,-1.409103535115718842e-02,-1.624784022569656372e-01,1.925770193338394165e-01,6.910172104835510254e-02,3.967130482196807861e-01,-4.714500308036804199e-01,1.131915569305419922e+00,4.349806606769561768e-01,-6.340979039669036865e-02,7.722238451242446899e-02,9.386382065713405609e-03,-3.092466294765472412e-01,5.895400047302246094e-01,1.060384035110473633e+00,-3.612242043018341064e-01,-1.002919748425483704e-01,-9.468278288841247559e-02
1.403794288635253906e+00,2.700030989944934845e-02,7.698669433593750000e-01,9.973224401473999023e-01,5.681635439395904541e-02,-4.600900411605834961e-02,-1.747102127410471439e-03,7.079392671585083008e-02,-1.194966509938240051e-01,2.855131626129150391e-01,2.252278625965118408e-01,-1.999147832393646240e-01,4.980304092168807983e-02,-3.643344342708587646e-01,-3.832874596118927002e-01,-1.949489712715148926e-01,1.322573423385620117e+00,-2.684026658535003662e-01,1.910899952054023743e-02,-4.533375427126884460e-02,-1.520724892616271973e-01,1.966278403997421265e-01,1.488012913614511490e-02,4.049127995967864990e-01,-4.769554734230041504e-01,1.104294896125793457e+00,4.283312559127807617e-01,-6.364131718873977661e-02,8.505262434482574463e-02,2.983872406184673309e-02,-2.959030866622924805e-01,5.813837647438049316e-01,1.082573175430297852e+00,-3.597131967544555664e-01,-9.813445806503295898e-02,-9.066439419984817505e-02
1.433465480804443359e+00,2.789264917373657227e-02,7.692910432815551758e-01,9.974209070205688477e-01,5.523336306214332581e-02,-4.519977420568466187e-02,7.597151212394237518e-03,1.332198232412338257e-01,-1.251861006021499634e-01,2.653544247150421143e-01,1.818826198577880859e-01,-2.138981223106384277e-01,4.457777738571166992e-02,-4.157845973968505859e-01,-3.737913668155670166e-01,-2.335370481014251709e-01,1.154384493827819824e+00,-2.722773551940917969e-01,2.813769318163394928e-02,-7.172654569149017334e-02,-1.461672484874725342e-01,1.980750858783721924e-01,-3.877718001604080200e-02,4.150484204292297363e-01,-4.824264645576477051e-01,1.069787263870239258e+00,4.243101179599761963e-01,-6.626176834106445312e-02,9.909252077341079712e-02,4.709785804152488708e-02,-2.850313484668731689e-01,5.728359818458557129e-01,1.101093649864196777e+00,-3.580872714519500732e-01,-9.520238637924194336e-02,-9.443839639425277710e-02
1.462573409080505371e+00,2.807832509279251099e-02,7.665223479270935059e-01,9.974336028099060059e-01,5.603883787989616394e-02,-4.149490594863891602e-02,1.625244878232479095e-02,1.806626766920089722e-01,-1.302384883165359497e-01,2.502874732017517090e-01,1.577094793319702148e-01,-2.385842055082321167e-01,4.068240150809288025e-02,-4.518580436706542969e-01,-3.587318658828735352e-01,-2.625737786293029785e-01,9.432710409164428711e-01,-2.433988302946090698e-01,3.863047063350677490e-02,-9.379646182060241699e-02,-1.449416726827621460e-01,1.965178102254867554e-01,-8.811949938535690308e-02,4.258404672145843506e-01,-4.847348630428314209e-01,1.030956387519836426e+00,4.244568347930908203e-01,-7.299832999706268311e-02,1.207392886281013489e-01,6.096440181136131287e-02,-2.766517698764801025e-01,5.673265457153320312e-01,1.114947319030761719e+00,-3.585663139820098877e-01,-9.197592735290527344e-02,-1.054173782467842102e-01
1.492390155792236328e+00,2.758054807782173157e-02,7.626713514328002930e-01,9.974163174629211426e-01,5.758354440331459045e-02,-3.523444756865501404e-02,2.456431649625301361e-02,2.170535326004028320e-01,-1.332428157329559326e-01,2.338297665119171143e-01,1.481319069862365723e-01,-2.669437527656555176e-01,3.458259999752044678e-02,-4.667910635471343994e-01,-3.311809003353118896e-01,-2.750670313835144043e-01,6.867371201515197754e-01,-1.765705347061157227e-01,4.757609590888023376e-02,-1.131494045257568359e-01,-1.450003683567047119e-01,1.896068453788757324e-01,-1.316203474998474121e-01,4.357042908668518066e-01,-4.854097366333007812e-01,9.918425679206848145e-01,4.262969195842742920e-01,-8.567417412996292114e-02,1.450055390596389771e-01,7.528196275234222412e-02,-2.691298425197601318e-01,5.640915632247924805e-01,1.119822740554809570e+00,-3.627018630504608154e-01,-9.110688418149948120e-02,-1.157047227025032043e-01
1.524642944335937500e+00,2.635473757982254028e-02,7.587093114852905273e-01,9.972422122955322266e-01,5.923599749803543091e-02,-2.857990004122257233e-02,3.438428789377212524e-02,2.486543655395507812e-01,-1.321405768394470215e-01,2.121831476688385010e-01,1.511167138814926147e-01,-2.930400073528289795e-01,2.556840330362319946e-02,-4.536515176296234131e-01,-2.859143316745758057e-01,-2.538079321384429932e-01,4.004372954368591309e-01,-1.068233400583267212e-01,7.632511854171752930e-02,-1.310484707355499268e-01,-1.451302766799926758e-01,1.788576543331146240e-01,-1.690462529659271240e-01,4.459487795829772949e-01,-4.882144331932067871e-01,9.570897817611694336e-01,4.259870648384094238e-01,-9.878329932689666748e-02,1.610815823078155518e-01,9.274204075336456299e-02,-2.634246349334716797e-01,5.637940764427185059e-01,1.114929080009460449e+00,-3.676519393920898438e-01,-9.266293793916702271e-02,-1.185872778296470642e-01
1.558986425399780273e+00,2.472131699323654175e-02,7.534450888633728027e-01,9.964378476142883301e-01,6.489907205104827881e-02,-2.640639431774616241e-02,4.693043604493141174e-02,2.842551767826080322e-01,-1.333628147840499878e-01,1.927907913923263550e-01,1.625137180089950562e-01,-3.084031641483306885e-01,1.145741343498229980e-02,-4.200897216796875000e-01,-2.583912312984466553e-01,-2.301581799983978271e-01,1.558640599250793457e-01,-6.057599559426307678e-02,1.197307482361793518e-01,-1.521303355693817139e-01,-1.541656702756881714e-01,1.712501198053359985e-01,-1.953635960817337036e-01,4.567331969738006592e-01,-4.917843937873840332e-01,9.280342459678649902e-01,4.262048304080963135e-01,-1.070337891578674316e-01,1.690600514411926270e-01,1.113083958625793457e-01,-2.575927972793579102e-01,5.677302479743957520e-01,1.106979250907897949e+00,-3.705447912216186523e-01,-9.418724477291107178e-02,-1.144354641437530518e-01
1.593302965164184570e+00,2.303153648972511292e-02,7.477973103523254395e-01,9.950775504112243652e-01,7.500687241554260254e-02,-2.806552499532699585e-02,5.836889892816543579e-02,3.283569216728210449e-01,-1.373645365238189697e-01,1.830914467573165894e-01,1.854698956012725830e-01,-3.134287893772125244e-01,-4.805355332791805267e-03,-4.162354171276092529e-01,-2.745648026466369629e-01,-2.132779508829116821e-01,1.163491234183311462e-01,-8.896601945161819458e-02,1.783908903598785400e-01,-1.686894446611404419e-01,-1.718160510063171387e-01,1.679713875055313110e-01,-2.112397402524948120e-01,4.641594886779785156e-01,-4.996227324008941650e-01,9.064116477966308594e-01,4.240040481090545654e-01,-1.145369932055473328e-01,1.813176125288009644e-01,1.310411691665649414e-01,-2.539742588996887207e-01,5.784305930137634277e-01,1.102628588676452637e+00,-3.858832120895385742e-01,-9.769956022500991821e-02,-1.137196645140647888e-01
1.625966787338256836e+00,2.051476389169692993e-02,7.461313605308532715e-01,9.960747957229614258e-01,6.438633054494857788e-02,-2.375224977731704712e-02,5.590337887406349182e-02,3.162987828254699707e-01,-9.545272588729858398e-02,1.933335661888122559e-01,2.978607416152954102e-01,-3.405790627002716064e-01,-2.824668772518634796e-02,-4.137821197509765625e-01,-2.292523533105850220e-01,-2.039220482110977173e-01,1.475941687822341919e-01,-3.794986009597778320e-02,1.581119745969772339e-01,-1.624458730220794678e-01,-1.420376300811767578e-01,1.608210355043411255e-01,-2.175270318984985352e-01,4.655051231384277344e-01,-5.023036599159240723e-01,8.927602767944335938e-01,4.157401323318481445e-01,-1.214547231793403625e-01,1.908066272735595703e-01,1.378703713417053223e-01,-2.517458498477935791e-01,5.904954671859741211e-01,1.109097003936767578e+00,-4.008737504482269287e-01,-9.720470756292343140e-02,-1.126719266176223755e-01
1.659286975860595703e+00,1.684460416436195374e-02,7.469277381896972656e-01,9.974752068519592285e-01,4.190970957279205322e-02,-1.958633400499820709e-02,5.388119071722030640e-02,2.728551030158996582e-01,-2.297122031450271606e-02,1.946089863777160645e-01,4.737791419029235840e-01,-3.430012762546539307e-01,-4.929644614458084106e-02,-4.501781463623046875e-01,-1.697426736354827881e-01,-1.727438271045684814e-01,2.795473039150238037e-01,2.759506739675998688e-02,8.124943077564239502e-02,-1.582307815551757812e-01,-8.561209589242935181e-02,1.536141186952590942e-01,-2.057713717222213745e-01,4.605795741081237793e-01,-4.916821122169494629e-01,8.863083124160766602e-01,4.144177138805389404e-01,-1.301237642765045166e-01,1.958445161581039429e-01,1.363953053951263428e-01,-2.502648830413818359e-01,6.040250658988952637e-01,1.136655330657958984e+00,-4.193934202194213867e-01,-9.737157076597213745e-02,-9.648124128580093384e-02
1.694834709167480469e+00,1.276064384728670120e-02,7.478570938110351562e-01,9.977130889892578125e-01,2.826195769011974335e-02,-2.483545616269111633e-02,5.615233257412910461e-02,2.315883934497833252e-01,3.760776668787002563e-02,1.906979233026504517e-01,6.828793287277221680e-01,-2.812457382678985596e-01,-5.474211275577545166e-02,-4.390188753604888916e-01,-1.501082032918930054e-01,-1.865614354610443115e-01,3.903370797634124756e-01,1.297420542687177658e-02,6.639815866947174072e-02,-1.547845602035522461e-01,-5.054716393351554871e-02,1.520402580499649048e-01,-1.829076260328292847e-01,4.496611952781677246e-01,-4.859614372253417969e-01,8.892917633056640625e-01,4.020875394344329834e-01,-1.253038495779037476e-01,1.992421001195907593e-01,1.362948119640350342e-01,-2.501075267791748047e-01,6.100614070892333984e-01,1.164029121398925781e+00,-4.232256710529327393e-01,-9.289757907390594482e-02,-8.906705677509307861e-02
1.729837775230407715e+00,8.709228597581386566e-03,7.491716146469116211e-01,9.977073073387145996e-01,1.335843373090028763e-02,-3.096411935985088348e-02,5.867642164230346680e-02,1.603874415159225464e-01,1.075112819671630859e-01,1.804576516151428223e-01,9.240761995315551758e-01,-1.803064644336700439e-01,-4.379746690392494202e-02,-4.204979836940765381e-01,-1.227110624313354492e-01,-2.091624736785888672e-01,4.874415695667266846e-01,-5.772261694073677063e-02,1.546970289200544357e-02,-1.499355584383010864e-01,-1.671901345252990723e-02,1.558807194232940674e-01,-1.529387235641479492e-01,4.404797554016113281e-01,-4.902144074440002441e-01,8.947827219963073730e-01,4.032710194587707520e-01,-1.200105324387550354e-01,1.920823901891708374e-01,1.275481283664703369e-01,-2.499873489141464233e-01,6.150047183036804199e-01,1.184315681457519531e+00,-4.213444292545318604e-01,-8.681986480951309204e-02,-7.552006840705871582e-02
1.762191891670227051e+00,5.260420963168144226e-03,7.511313557624816895e-01,9.973773360252380371e-01,1.639891066588461399e-03,-3.671447932720184326e-02,6.235268339514732361e-02,8.144488930702209473e-02,1.965001374483108521e-01,1.935423463582992554e-01,1.151673555374145508e+00,-7.512579113245010376e-02,-1.511357165873050690e-02,-3.782837390899658203e-01,-9.575932472944259644e-02,-2.307506799697875977e-01,5.304369330406188965e-01,-1.207052469253540039e-01,-7.950497791171073914e-03,-1.427673250436782837e-01,8.189059793949127197e-03,1.658003777265548706e-01,-1.250632554292678833e-01,4.347805082798004150e-01,-5.012088418006896973e-01,9.010944366455078125e-01,4.127334654331207275e-01,-1.148365363478660583e-01,1.797963231801986694e-01,1.128479167819023132e-01,-2.556688785552978516e-01,6.201996803283691406e-01,1.189208030700683594e+00,-4.152979850769042969e-01,-8.392920345067977905e-02,-6.921463459730148315e-02
1.791546940803527832e+00,2.711964771151542664e-03,7.533950209617614746e-01,9.970291852951049805e-01,-8.490807376801967621e-03,-4.065911099314689636e-02,6.486576795578002930e-02,9.135871194303035736e-03,3.136137723922729492e-01,2.418090999126434326e-01,1.335462808609008789e+00,-8.586218208074569702e-02,4.711404070258140564e-02,-3.257860541343688965e-01,-6.664939969778060913e-02,-2.493528872728347778e-01,5.391744375228881836e-01,-1.680293679237365723e-01,-2.345147170126438141e-02,-1.325544863939285278e-01,2.910161390900611877e-02,1.772273927927017212e-01,-9.824441373348236084e-02,4.324225485324859619e-01,-5.125694274902343750e-01,9.111080169677734375e-01,4.237186610698699951e-01,-1.097896248102188110e-01,1.709078699350357056e-01,9.092082828283309937e-02,-2.701882123947143555e-01,6.296046972274780273e-01,1.180151939392089844e+00,-4.039791524410247803e-01,-8.449254930019378662e-02,-7.267143577337265015e-02
1.819307923316955566e+00,9.222365915775299072e-04,7.568718194961547852e-01,9.968924522399902344e-01,-1.476176921278238297e-02,-4.380663484334945679e-02,6.378477066755294800e-02,-6.134722009301185608e-02,3.851085007190704346e-01,2.765921950340270996e-01,1.450469136238098145e+00,-1.769690215587615967e-01,8.459553867578506470e-02,-2.682193219661712646e-01,-4.026242718100547791e-02,-2.564848959445953369e-01,5.242966413497924805e-01,-2.021933943033218384e-01,-3.555345535278320312e-02,-1.164182201027870178e-01,4.201382398605346680e-02,1.879881322383880615e-01,-6.805925071239471436e-02,4.292000830173492432e-01,-5.166110396385192871e-01,9.260757565498352051e-01,4.340690374374389648e-01,-1.050730273127555847e-01,1.653780639171600342e-01,5.901329219341278076e-02,-2.902181446552276611e-01,6.314438581466674805e-01,1.163651704788208008e+00,-3.925587534904479980e-01,-8.459764719009399414e-02,-8.588244020938873291e-02
1.845827102661132812e+00,-1.802965998649597168e-04,7.614117860794067383e-01,9.969901442527770996e-01,-1.540172193199396133e-02,-4.630458727478981018e-02,6.024428829550743103e-02,-1.393675208091735840e-01,3.962406814098358154e-01,2.941015958786010742e-01,1.496328949928283691e+00,-2.374708056449890137e-01,9.102313220500946045e-02,-2.076697796583175659e-01,-2.226018533110618591e-02,-2.497467994689941406e-01,4.973971545696258545e-01,-2.302363663911819458e-01,-3.997808694839477539e-02,-9.608175605535507202e-02,4.367506876587867737e-02,1.980179399251937866e-01,-3.598526120185852051e-02,4.218982160091400146e-01,-5.164116024971008301e-01,9.475171566009521484e-01,4.406135976314544678e-01,-9.882327169179916382e-02,1.585213690996170044e-01,2.113168686628341675e-02,-3.100275099277496338e-01,6.157011985778808594e-01,1.144471883773803711e+00,-3.789560496807098389e-01,-8.366873115301132202e-02,-1.055329218506813049e-01
1.871207237243652344e+00,-9.662248194217681885e-04,7.659896612167358398e-01,9.972256422042846680e-01,-1.215150672942399979e-02,-4.786907136440277100e-02,5.569466948509216309e-02,-2.162804901599884033e-01,3.711768090724945068e-01,3.075231909751892090e-01,1.476909160614013672e+00,-2.604018151760101318e-01,7.762724906206130981e-02,-1.480401158332824707e-01,-1.260814536362886429e-02,-2.359131574630737305e-01,4.637150764465332031e-01,-2.522871792316436768e-01,-3.849013149738311768e-02,-7.438050955533981323e-02,3.738068044185638428e-02,2.068500071763992310e-01,-4.477885086089372635e-03,4.129707217216491699e-01,-5.149960517883300781e-01,9.750109314918518066e-01,4.491910040378570557e-01,-8.944581449031829834e-02,1.470987796783447266e-01,-1.745750755071640015e-02,-3.277112543582916260e-01,5.846452713012695312e-01,1.124230504035949707e+00,-3.606705367565155029e-01,-8.459991961717605591e-02,-1.250796914100646973e-01
1.895823121070861816e+00,-1.736585050821304321e-03,7.695189714431762695e-01,9.974857568740844727e-01,-9.148481301963329315e-03,-4.843937605619430542e-02,5.091190710663795471e-02,-2.881398797035217285e-01,3.317476511001586914e-01,3.152194917201995850e-01,1.399359226226806641e+00,-2.537231147289276123e-01,4.494371637701988220e-02,-9.069503843784332275e-02,-4.111954476684331894e-03,-2.229424268007278442e-01,4.250712096691131592e-01,-2.687767744064331055e-01,-3.670309484004974365e-02,-5.276894569396972656e-02,3.149254992604255676e-02,2.140997648239135742e-01,2.803212590515613556e-02,4.050387740135192871e-01,-5.117976665496826172e-01,1.000500202178955078e+00,4.595817923545837402e-01,-7.886709272861480713e-02,1.312025487422943115e-01,-5.449030920863151550e-02,-3.428293466567993164e-01,5.471300482749938965e-01,1.102615118026733398e+00,-3.422374129295349121e-01,-8.955132961273193359e-02,-1.385812461376190186e-01
1.919618368148803711e+00,-2.433773130178451538e-03,7.712508440017700195e-01,9.977324604988098145e-01,-8.923745714128017426e-03,-4.782207682728767395e-02,4.651214554905891418e-02,-3.501006066799163818e-01,2.942999005317687988e-01,3.176445662975311279e-01,1.273818731307983398e+00,-2.336109280586242676e-01,4.145681858062744141e-03,-3.707133233547210693e-02,7.481147535145282745e-03,-2.157878428697586060e-01,3.861709535121917725e-01,-2.831911742687225342e-01,-3.488557040691375732e-02,-3.226137533783912659e-02,3.120607882738113403e-02,2.198387980461120605e-01,6.130702793598175049e-02,3.992644250392913818e-01,-5.053735375404357910e-01,1.016457557678222656e+00,4.696039557456970215e-01,-7.054121792316436768e-02,1.158977895975112915e-01,-8.899998664855957031e-02,-3.561749756336212158e-01,5.107226371765136719e-01,1.079669237136840820e+00,-3.285219967365264893e-01,-9.832995384931564331e-02,-1.489098519086837769e-01
1.943207263946533203e+00,-2.720994874835014343e-03,7.709240317344665527e-01,9.979865550994873047e-01,-1.215022522956132889e-02,-4.588011652231216431e-02,4.207449033856391907e-02,-3.978447616100311279e-01,2.726773321628570557e-01,3.229549825191497803e-01,1.112545609474182129e+00,-2.108477354049682617e-01,-2.674164064228534698e-02,1.018990669399499893e-02,2.385695278644561768e-02,-2.136175483465194702e-01,3.534936606884002686e-01,-2.997381091117858887e-01,-3.318932652473449707e-02,-1.219559740275144577e-02,3.794051334261894226e-02,2.235184758901596069e-01,9.536867588758468628e-02,3.957710564136505127e-01,-4.954760074615478516e-01,1.021305561065673828e+00,4.762738347053527832e-01,-6.777893751859664917e-02,1.077960878610610962e-01,-1.219533085823059082e-01,-3.697059452533721924e-01,4.793347716331481934e-01,1.056428313255310059e+00,-3.187550306320190430e-01,-1.082372143864631653e-01,-1.612031012773513794e-01
1.966201782226562500e+00,-2.421403303742408752e-03,7.688544988632202148e-01,9.982903003692626953e-01,-1.707166247069835663e-02,-4.204886406660079956e-02,3.683646023273468018e-02,-4.293558001518249512e-01,2.616222798824310303e-01,3.340122103691101074e-01,9.159218072891235352e-01,-1.758144497871398926e-01,-4.633033275604248047e-02,4.717389494180679321e-02,4.096650704741477966e-02,-2.111368477344512939e-01,3.342991471290588379e-01,-3.218163251876831055e-01,-3.132832422852516174e-02,7.069312501698732376e-03,4.778508469462394714e-02,2.229414433240890503e-01,1.296299546957015991e-01,3.939748704433441162e-01,-4.859735071659088135e-01,1.020940780639648438e+00,4.774230122566223145e-01,-6.924819201231002808e-02,1.070398837327957153e-01,-1.537737995386123657e-01,-3.839778900146484375e-01,4.540630578994750977e-01,1.033995270729064941e+00,-3.124400675296783447e-01,-1.173859611153602600e-01,-1.764224171638488770e-01
1.989142298698425293e+00,-1.371007412672042847e-03,7.655467987060546875e-01,9.986443519592285156e-01,-2.161840349435806274e-02,-3.602306917309761047e-02,3.073230199515819550e-02,-4.402771890163421631e-01,2.451155930757522583e-01,3.512405753135681152e-01,6.778717637062072754e-01,-1.137197017669677734e-01,-6.107885390520095825e-02,7.318844646215438843e-02,5.409853160381317139e-02,-2.037080675363540649e-01,3.299617171287536621e-01,-3.517302870750427246e-01,-2.917198836803436279e-02,2.467118762433528900e-02,5.565533041954040527e-02,2.168575525283813477e-01,1.629308760166168213e-01,3.920188844203948975e-01,-4.781684875488281250e-01,1.023102760314941406e+00,4.750313758850097656e-01,-7.084662467241287231e-02,1.093971952795982361e-01,-1.840640604496002197e-01,-3.975723087787628174e-01,4.362562000751495361e-01,1.012666821479797363e+00,-3.101982474327087402e-01,-1.244429349899291992e-01,-1.928114742040634155e-01
2.013307332992553711e+00,7.322579622268676758e-04,7.611097693443298340e-01,9.989383220672607422e-01,-2.663845382630825043e-02,-2.943221479654312134e-02,2.337444759905338287e-02,-4.244273602962493896e-01,2.251228541135787964e-01,3.877381086349487305e-01,4.146613180637359619e-01,-4.760393500328063965e-02,-7.922298461198806763e-02,9.531342238187789917e-02,6.638704240322113037e-02,-1.904648393392562866e-01,3.326347172260284424e-01,-3.872117400169372559e-01,-2.668709680438041687e-02,4.138274118304252625e-02,6.312326341867446899e-02,2.072460055351257324e-01,1.950125545263290405e-01,3.869301378726959229e-01,-4.721917510032653809e-01,1.031589269638061523e+00,4.693813920021057129e-01,-6.903676688671112061e-02,1.106761619448661804e-01,-2.112231254577636719e-01,-4.086690843105316162e-01,4.285716712474822998e-01,9.930962324142456055e-01,-3.118412494659423828e-01,-1.300540864467620850e-01,-2.059098035097122192e-01
2.038799285888671875e+00,3.815064206719398499e-03,7.559990882873535156e-01,9.990585446357727051e-01,-3.365150466561317444e-02,-2.360058948397636414e-02,1.388091035187244415e-02,-3.951110541820526123e-01,2.176527976989746094e-01,4.431663155555725098e-01,1.951610296964645386e-01,-2.562629804015159607e-02,-1.013862192630767822e-01,1.185919791460037231e-01,8.197681605815887451e-02,-1.737935692071914673e-01,3.344905078411102295e-01,-4.175333678722381592e-01,-2.214088663458824158e-02,5.749822035431861877e-02,7.375574856996536255e-02,1.957943290472030640e-01,2.209766656160354614e-01,3.767957687377929688e-01,-4.662527441978454590e-01,1.051412820816040039e+00,4.660624563694000244e-01,-6.315623223781585693e-02,1.079712584614753723e-01,-2.302827835083007812e-01,-4.188885092735290527e-01,4.290507733821868896e-01,9.769673943519592285e-01,-3.226592242717742920e-01,-1.334614008665084839e-01,-2.121390253305435181e-01
2.064934015274047852e+00,7.585024461150169373e-03,7.511352300643920898e-01,9.990291595458984375e-01,-3.927776589989662170e-02,-1.961409486830234528e-02,3.646608674898743629e-03,-3.813957870006561279e-01,2.260623425245285034e-01,4.828527271747589111e-01,1.196719706058502197e-01,-4.432074725627899170e-02,-1.186461299657821655e-01,1.409121006727218628e-01,9.048787504434585571e-02,-1.567801237106323242e-01,3.540402650833129883e-01,-4.421757161617279053e-01,-1.507696043699979782e-02,6.984309107065200806e-02,7.960158586502075195e-02,1.877487897872924805e-01,2.421055585145950317e-01,3.638324737548828125e-01,-4.635032117366790771e-01,1.082130074501037598e+00,4.605796337127685547e-01,-5.695158615708351135e-02,1.012355238199234009e-01,-2.405400425195693970e-01,-4.261012077331542969e-01,4.374330043792724609e-01,9.631630778312683105e-01,-3.325118720531463623e-01,-1.312040984630584717e-01,-2.091288715600967407e-01
2.091696977615356445e+00,1.135493721812963486e-02,7.475570440292358398e-01,9.995060563087463379e-01,-2.821614034473896027e-02,-1.370794884860515594e-02,1.880735973827540874e-03,-3.644208014011383057e-01,2.023396790027618408e-01,5.233290791511535645e-01,1.309665590524673462e-01,-1.415504887700080872e-02,-7.339634001255035400e-02,1.357350200414657593e-01,5.434265732765197754e-02,-1.496281474828720093e-01,4.283564686775207520e-01,-4.829942882061004639e-01,1.435215002857148647e-03,7.085938006639480591e-02,4.750151932239532471e-02,1.769451946020126343e-01,2.504389882087707520e-01,3.504703938961029053e-01,-4.617185592651367188e-01,1.120597004890441895e+00,4.580655992031097412e-01,-4.771500453352928162e-02,9.029217064380645752e-02,-2.327061593532562256e-01,-4.249078035354614258e-01,4.443087577819824219e-01,9.457450509071350098e-01,-3.442080914974212646e-01,-1.323880404233932495e-01,-2.006646096706390381e-01
2.119390726089477539e+00,1.443088799715042114e-02,7.457821369171142578e-01,9.999464154243469238e-01,-5.529400892555713654e-03,-7.607269566506147385e-03,4.313878249377012253e-03,-3.922303318977355957e-01,1.675243228673934937e-01,5.223001241683959961e-01,2.330286204814910889e-01,6.775581091642379761e-02,1.132635772228240967e-02,1.118578463792800903e-01,-1.471509877592325211e-02,-1.468497067689895630e-01,5.522457361221313477e-01,-5.142064094543457031e-01,3.549519553780555725e-02,6.651338934898376465e-02,-1.243324857205152512e-02,1.643202602863311768e-01,2.500111460685729980e-01,3.439764976501464844e-01,-4.609465599060058594e-01,1.154059410095214844e+00,4.513976275920867920e-01,-4.275541380047798157e-02,7.715964317321777344e-02,-2.039393484592437744e-01,-4.131373167037963867e-01,4.429492950439453125e-01,9.310042262077331543e-01,-3.522510826587677002e-01,-1.290128827095031738e-01,-1.970258355140686035e-01
2.148288488388061523e+00,1.811581663787364960e-02,7.463009357452392578e-01,9.998492598533630371e-01,1.363079249858856201e-02,-9.266592562198638916e-03,5.457475315779447556e-03,-3.955149054527282715e-01,1.462816148996353149e-01,5.273039340972900391e-01,3.414815366268157959e-01,3.239339590072631836e-02,6.007327884435653687e-02,7.121734321117401123e-02,-8.123277872800827026e-02,-1.360245347023010254e-01,7.332165837287902832e-01,-4.863842427730560303e-01,6.858188658952713013e-02,6.344567984342575073e-02,-6.484984606504440308e-02,1.635131388902664185e-01,2.390123754739761353e-01,3.439011573791503906e-01,-4.699249565601348877e-01,1.181992769241333008e+00,4.464512765407562256e-01,-3.932326659560203552e-02,6.488755345344543457e-02,-1.667683571577072144e-01,-3.926532268524169922e-01,4.449037909507751465e-01,9.245342612266540527e-01,-3.546300232410430908e-01,-1.263083517551422119e-01,-1.946618854999542236e-01
2.175732851028442383e+00,2.234145626425743103e-02,7.489040493965148926e-01,9.994009137153625488e-01,3.121374361217021942e-02,-1.453824993222951889e-02,3.483942244201898575e-03,-3.662703633308410645e-01,1.174654215574264526e-01,5.396168828010559082e-01,3.993265628814697266e-01,-1.786147803068161011e-02,8.952652662992477417e-02,-3.690648823976516724e-03,-1.359762847423553467e-01,-9.031762927770614624e-02,9.606473445892333984e-01,-3.739726245403289795e-01,1.099438294768333435e-01,5.871538445353507996e-02,-1.104370728135108948e-01,1.696939170360565186e-01,2.166516035795211792e-01,3.434409797191619873e-01,-4.723246395587921143e-01,1.194240808486938477e+00,4.457572102546691895e-01,-3.595782071352005005e-02,5.829763785004615784e-02,-1.326358318328857422e-01,-3.709521889686584473e-01,4.587336778640747070e-01,9.277648925781250000e-01,-3.743621110916137695e-01,-1.262717694044113159e-01,-1.826311051845550537e-01
2.200860738754272461e+00,2.615199983119964600e-02,7.515240907669067383e-01,9.989063739776611328e-01,4.177502542734146118e-02,-2.085924334824085236e-02,-2.402503741905093193e-03,-3.199911713600158691e-01,9.750770032405853271e-02,5.517576336860656738e-01,4.255861341953277588e-01,-6.187248229980468750e-02,9.280771762132644653e-02,-8.013793826103210449e-02,-1.627373248338699341e-01,-4.088047519326210022e-02,1.159672498703002930e+00,-2.459534108638763428e-01,1.623260378837585449e-01,5.506251752376556396e-02,-1.393547952175140381e-01,1.754709631204605103e-01,1.908207088708877563e-01,3.469404280185699463e-01,-4.626588523387908936e-01,1.181465506553649902e+00,4.431374073028564453e-01,-3.825992345809936523e-02,6.419609487056732178e-02,-1.046202108263969421e-01,-3.506521284580230713e-01,4.867538511753082275e-01,9.337409138679504395e-01,-3.977805078029632568e-01,-1.244015023112297058e-01,-1.606352776288986206e-01
2.224488735198974609e+00,2.889980375766754150e-02,7.543449997901916504e-01,9.984974265098571777e-01,4.789176210761070251e-02,-2.548415213823318481e-02,-7.734099403023719788e-03,-2.759603857994079590e-01,8.392620086669921875e-02,5.583357214927673340e-01,4.407790899276733398e-01,-1.024393215775489807e-01,8.735019713640213013e-02,-1.425960958003997803e-01,-2.287188619375228882e-01,-6.118560582399368286e-02,1.308621406555175781e+00,-2.235489487648010254e-01,1.561049520969390869e-01,4.671665281057357788e-02,-1.587139070034027100e-01,1.797784268856048584e-01,1.659490913152694702e-01,3.579730987548828125e-01,-4.523743689060211182e-01,1.152640581130981445e+00,4.375767111778259277e-01,-4.909463971853256226e-02,8.380315452814102173e-02,-7.828400284051895142e-02,-3.336713016033172607e-01,5.155940651893615723e-01,9.444547891616821289e-01,-4.221459329128265381e-01,-1.216547787189483643e-01,-1.445672363042831421e-01
2.246443510055541992e+00,3.106885775923728943e-02,7.579345703125000000e-01,9.982593655586242676e-01,5.041461437940597534e-02,-2.885825932025909424e-02,-1.019104477018117905e-02,-2.304259240627288818e-01,7.253184914588928223e-02,5.584985613822937012e-01,4.368328750133514404e-01,-1.317186951637268066e-01,8.159540593624114990e-02,-1.915994435548782349e-01,-3.308756053447723389e-01,-1.302805840969085693e-01,1.394510149955749512e+00,-2.823255360126495361e-01,9.387028962373733521e-02,3.181893751025199890e-02,-1.710362881422042847e-01,1.848297119140625000e-01,1.393783837556838989e-01,3.753581643104553223e-01,-4.469648897647857666e-01,1.117291450500488281e+00,4.257781803607940674e-01,-6.152201816439628601e-02,1.103138476610183716e-01,-5.260385945439338684e-02,-3.189769685268402100e-01,5.360022783279418945e-01,9.603211879730224609e-01,-4.429381191730499268e-01,-1.194904297590255737e-01,-1.361073702573776245e-01
2.266519784927368164e+00,3.250349685549736023e-02,7.621548175811767578e-01,9.982039928436279297e-01,4.923195019364356995e-02,-3.246458619832992554e-02,-1.053434144705533981e-02,-1.804709136486053467e-01,6.552837044000625610e-02,5.537889599800109863e-01,4.188062250614166260e-01,-1.535290181636810303e-01,7.347159832715988159e-02,-2.263729274272918701e-01,-3.979166746139526367e-01,-1.909298300743103027e-01,1.404363632202148438e+00,-3.275753855705261230e-01,5.114831775426864624e-02,1.293098833411931992e-02,-1.760167330503463745e-01,1.919566392898559570e-01,1.083397418260574341e-01,3.949854075908660889e-01,-4.432243406772613525e-01,1.087678790092468262e+00,4.118026793003082275e-01,-6.840231269598007202e-02,1.335968673229217529e-01,-2.660345472395420074e-02,-3.037748634815216064e-01,5.445297956466674805e-01,9.847464561462402344e-01,-4.510351717472076416e-01,-1.212308257818222046e-01,-1.335287541151046753e-01
2.285318613052368164e+00,3.313447907567024231e-02,7.662154436111450195e-01,9.981768131256103516e-01,4.800647124648094177e-02,-3.541309759020805359e-02,-9.182604029774665833e-03,-1.290284544229507446e-01,5.558132380247116089e-02,5.495086312294006348e-01,3.854728639125823975e-01,-1.652784049510955811e-01,6.311748176813125610e-02,-2.545439302921295166e-01,-4.233992993831634521e-01,-2.305810302495956421e-01,1.351339459419250488e+00,-3.503901064395904541e-01,5.271155387163162231e-02,-7.700867485255002975e-03,-1.802192330360412598e-01,1.989850997924804688e-01,7.293495535850524902e-02,4.147733151912689209e-01,-4.432724118232727051e-01,1.068268537521362305e+00,4.012801051139831543e-01,-7.029083371162414551e-02,1.483048796653747559e-01,-5.473319441080093384e-03,-2.887154519557952881e-01,5.458557009696960449e-01,1.017286419868469238e+00,-4.470875859260559082e-01,-1.249076351523399353e-01,-1.293536573648452759e-01
2.303601264953613281e+00,3.329247981309890747e-02,7.698218226432800293e-01,9.981642961502075195e-01,4.791196808218955994e-02,-3.638101741671562195e-02,-6.997557822614908218e-03,-7.999417930841445923e-02,4.186756908893585205e-02,5.473346114158630371e-01,3.407693207263946533e-01,-1.675086766481399536e-01,5.147408321499824524e-02,-2.829158306121826172e-01,-4.283144772052764893e-01,-2.569459676742553711e-01,1.248513340950012207e+00,-3.536983132362365723e-01,7.848616689443588257e-02,-2.771183662116527557e-02,-1.850323975086212158e-01,2.038425505161285400e-01,3.552387654781341553e-02,4.345967173576354980e-01,-4.434738755226135254e-01,1.054761528968811035e+00,3.983522057533264160e-01,-6.967356055974960327e-02,1.557600349187850952e-01,9.084994904696941376e-03,-2.752128243446350098e-01,5.412361025810241699e-01,1.054612398147583008e+00,-4.348913431167602539e-01,-1.268044263124465942e-01,-1.217853873968124390e-01
2.321140527725219727e+00,3.287952393293380737e-02,7.726852893829345703e-01,9.981648325920104980e-01,4.908227175474166870e-02,-3.509633243083953857e-02,-5.102724302560091019e-03,-3.712022677063941956e-02,2.607198432087898254e-02,5.478657484054565430e-01,2.914748787879943848e-01,-1.630813628435134888e-01,3.956163302063941956e-02,-3.086778223514556885e-01,-4.226209223270416260e-01,-2.709155678749084473e-01,1.105271339416503906e+00,-3.413221538066864014e-01,1.136106103658676147e-01,-4.418059810996055603e-02,-1.898065507411956787e-01,2.058014869689941406e-01,1.057029876392334700e-04,4.540462195873260498e-01,-4.407203495502471924e-01,1.042392134666442871e+00,3.996612727642059326e-01,-6.948679685592651367e-02,1.610152572393417358e-01,1.751640252768993378e-02,-2.654550373554229736e-01,5.361672043800354004e-01,1.091777682304382324e+00,-4.217149913311004639e-01,-1.251039355993270874e-01,-1.130797937512397766e-01
2.337675333023071289e+00,3.192134946584701538e-02,7.747564911842346191e-01,9.981761574745178223e-01,5.113921687006950378e-02,-3.194172307848930359e-02,-2.975831273943185806e-03,-2.478764159604907036e-03,1.050779689103364944e-02,5.491726398468017578e-01,2.449880540370941162e-01,-1.561711281538009644e-01,2.775327488780021667e-02,-3.296014368534088135e-01,-4.069640338420867920e-01,-2.651023268699645996e-01,9.339984655380249023e-01,-3.128214478492736816e-01,1.511440575122833252e-01,-5.687448009848594666e-02,-1.937775462865829468e-01,2.046355456113815308e-01,-3.223290294408798218e-02,4.720609486103057861e-01,-4.364214539527893066e-01,1.029345512390136719e+00,4.007012844085693359e-01,-7.129210233688354492e-02,1.658027321100234985e-01,2.116788737475872040e-02,-2.605601251125335693e-01,5.361238718032836914e-01,1.124106049537658691e+00,-4.136167168617248535e-01,-1.207192763686180115e-01,-1.077692732214927673e-01
2.353880405426025391e+00,3.043397888541221619e-02,7.758786082267761230e-01,9.982030987739562988e-01,5.323401093482971191e-02,-2.749172784388065338e-02,9.586357045918703079e-04,2.248020842671394348e-02,-1.254792558029294014e-03,5.466587543487548828e-01,2.114588320255279541e-01,-1.528380662202835083e-01,1.627822779119014740e-02,-3.431208133697509766e-01,-3.883566558361053467e-01,-2.441971749067306519e-01,7.528173327445983887e-01,-2.680021524429321289e-01,1.784263700246810913e-01,-6.805596500635147095e-02,-1.957478970289230347e-01,2.003716975450515747e-01,-6.214313209056854248e-02,4.879204630851745605e-01,-4.335436522960662842e-01,1.015984773635864258e+00,4.005203545093536377e-01,-7.571171224117279053e-02,1.682185977697372437e-01,2.263719588518142700e-02,-2.606919407844543457e-01,5.402060151100158691e-01,1.146138310432434082e+00,-4.129213094711303711e-01,-1.170052736997604370e-01,-1.054894626140594482e-01
2.370221853256225586e+00,2.837383747100830078e-02,7.758667469024658203e-01,9.981716275215148926e-01,5.554926395416259766e-02,-2.242173068225383759e-02,8.059755899012088776e-03,3.944617137312889099e-02,-9.302729740738868713e-03,5.364435315132141113e-01,1.938295662403106689e-01,-1.559914946556091309e-01,3.399092704057693481e-03,-3.446092903614044189e-01,-3.786655664443969727e-01,-2.295578420162200928e-01,5.764296650886535645e-01,-2.125566005706787109e-01,1.975077986717224121e-01,-7.987529039382934570e-02,-1.967189013957977295e-01,1.934494972229003906e-01,-9.085768461227416992e-02,5.018930435180664062e-01,-4.361123144626617432e-01,1.003819942474365234e+00,4.002304673194885254e-01,-8.346104621887207031e-02,1.673071086406707764e-01,2.315594255924224854e-02,-2.652723491191864014e-01,5.430656671524047852e-01,1.152624964714050293e+00,-4.176242053508758545e-01,-1.159546673297882080e-01,-1.073857843875885010e-01
2.386449813842773438e+00,2.556508406996726990e-02,7.746366858482360840e-01,9.979057312011718750e-01,5.907549709081649780e-02,-1.844479888677597046e-02,1.881543360650539398e-02,5.258918926119804382e-02,-1.523301191627979279e-02,5.183497667312622070e-01,1.905854344367980957e-01,-1.670311242341995239e-01,-1.135659404098987579e-02,-3.293135166168212891e-01,-3.789709806442260742e-01,-2.252434939146041870e-01,4.205120205879211426e-01,-1.449972242116928101e-01,2.232318073511123657e-01,-9.058404713869094849e-02,-1.997448951005935669e-01,1.873871982097625732e-01,-1.169834583997726440e-01,5.159237384796142578e-01,-4.492124617099761963e-01,9.921711683273315430e-01,4.028027653694152832e-01,-9.294882416725158691e-02,1.608425378799438477e-01,2.209168858826160431e-02,-2.735247611999511719e-01,5.447311997413635254e-01,1.143513441085815430e+00,-4.240664541721343994e-01,-1.189644783735275269e-01,-1.131398379802703857e-01
2.401359796524047852e+00,2.153427898883819580e-02,7.729113698005676270e-01,9.974585771560668945e-01,6.131784245371818542e-02,-1.595142483711242676e-02,3.259043022990226746e-02,6.030679121613502502e-02,-1.192003302276134491e-02,4.955666959285736084e-01,2.051098495721817017e-01,-1.880156248807907104e-01,-2.787746861577033997e-02,-3.040226101875305176e-01,-3.825916945934295654e-01,-2.322196513414382935e-01,3.209246098995208740e-01,-6.977503746747970581e-02,2.394744753837585449e-01,-9.612925350666046143e-02,-2.002482414245605469e-01,1.850265413522720337e-01,-1.436992585659027100e-01,5.308910608291625977e-01,-4.728086292743682861e-01,9.746240973472595215e-01,4.040377140045166016e-01,-9.980700910091400146e-02,1.537500917911529541e-01,1.719334535300731659e-02,-2.844626307487487793e-01,5.465164780616760254e-01,1.125404834747314453e+00,-4.306289255619049072e-01,-1.235692501068115234e-01,-1.189994439482688904e-01
2.414466857910156250e+00,1.642534509301185608e-02,7.730707526206970215e-01,9.976073503494262695e-01,5.307023227214813232e-02,-1.327830273658037186e-02,4.227106645703315735e-02,5.754997208714485168e-02,2.120809443295001984e-02,4.745382964611053467e-01,2.388146668672561646e-01,-2.201441824436187744e-01,-4.856419935822486877e-02,-2.964105010032653809e-01,-3.666758239269256592e-01,-2.453307658433914185e-01,3.207867741584777832e-01,-2.660978026688098907e-02,2.041166424751281738e-01,-9.594551473855972290e-02,-1.776064336299896240e-01,1.847098171710968018e-01,-1.559224575757980347e-01,5.397933721542358398e-01,-4.787429869174957275e-01,9.537357687950134277e-01,4.237387776374816895e-01,-1.126546934247016907e-01,1.588056832551956177e-01,7.975456304848194122e-03,-2.970358431339263916e-01,5.556223392486572266e-01,1.107050538063049316e+00,-4.367661476135253906e-01,-1.306030601263046265e-01,-1.247873231768608093e-01
2.430625438690185547e+00,1.054726447910070419e-02,7.741212844848632812e-01,9.978744387626647949e-01,3.995645791292190552e-02,-1.304288022220134735e-02,4.979865252971649170e-02,5.938477441668510437e-02,6.614506989717483521e-02,4.517408013343811035e-01,2.721323370933532715e-01,-2.491004616022109985e-01,-7.052300870418548584e-02,-2.664203643798828125e-01,-3.369765281677246094e-01,-2.789848744869232178e-01,3.230497241020202637e-01,-4.557337611913681030e-02,1.860035359859466553e-01,-8.856483548879623413e-02,-1.415738612413406372e-01,1.853886693716049194e-01,-1.563013643026351929e-01,5.390749573707580566e-01,-4.743142127990722656e-01,9.322271347045898438e-01,4.478287398815155029e-01,-1.204191222786903381e-01,1.648271083831787109e-01,-1.130292192101478577e-02,-3.098650276660919189e-01,5.694016814231872559e-01,1.097966313362121582e+00,-4.352339208126068115e-01,-1.325508803129196167e-01,-1.210744455456733704e-01
2.447873353958129883e+00,4.346947185695171356e-03,7.748389840126037598e-01,9.980877637863159180e-01,2.472994662821292877e-02,-1.334751956164836884e-02,5.505538359284400940e-02,5.895755439996719360e-02,1.171201318502426147e-01,4.301751255989074707e-01,3.114061653614044189e-01,-2.788100540637969971e-01,-9.169729053974151611e-02,-2.390520125627517700e-01,-3.010981082916259766e-01,-3.110357522964477539e-01,3.262347579002380371e-01,-6.119960919022560120e-02,1.718435436487197876e-01,-7.833121716976165771e-02,-9.938275068998336792e-02,1.849659383296966553e-01,-1.462723910808563232e-01,5.302022099494934082e-01,-4.625557661056518555e-01,9.095172882080078125e-01,4.590216279029846191e-01,-1.245859861373901367e-01,1.618463546037673950e-01,-3.363414853811264038e-02,-3.209831416606903076e-01,5.838070511817932129e-01,1.091473579406738281e+00,-4.307349324226379395e-01,-1.306943148374557495e-01,-1.109820604324340820e-01
2.459936618804931641e+00,-9.619025513529777527e-04,7.744524478912353516e-01,9.979444742202758789e-01,1.373514812439680099e-02,-1.455008611083030701e-02,6.088137254118919373e-02,5.729882419109344482e-02,1.601537913084030151e-01,4.101895987987518311e-01,3.580578267574310303e-01,-3.061984181404113770e-01,-1.076746955513954163e-01,-2.208713293075561523e-01,-2.761652171611785889e-01,-3.336512148380279541e-01,3.473545014858245850e-01,-8.725985139608383179e-02,1.636122167110443115e-01,-6.854604184627532959e-02,-6.570482999086380005e-02,1.856636703014373779e-01,-1.275907754898071289e-01,5.203810334205627441e-01,-4.578232467174530029e-01,8.851693868637084961e-01,4.613496661186218262e-01,-1.260607242584228516e-01,1.573991328477859497e-01,-6.282252818346023560e-02,-3.311815857887268066e-01,6.001586318016052246e-01,1.084761142730712891e+00,-4.329882562160491943e-01,-1.324781179428100586e-01,-1.038030833005905151e-01
2.468379974365234375e+00,-5.233117844909429550e-03,7.731721401214599609e-01,9.976422190666198730e-01,7.949225604534149170e-03,-1.652096398174762726e-02,6.613478809595108032e-02,5.129875987768173218e-02,1.929125338792800903e-01,3.877113759517669678e-01,4.234663546085357666e-01,-3.323602974414825439e-01,-1.151468753814697266e-01,-2.114025652408599854e-01,-2.648700475692749023e-01,-3.468587398529052734e-01,3.950232267379760742e-01,-1.259292364120483398e-01,1.540240347385406494e-01,-5.646555870771408081e-02,-4.271847754716873169e-02,1.901951730251312256e-01,-1.053821220993995667e-01,5.105659961700439453e-01,-4.576781392097473145e-01,8.660183548927307129e-01,4.693101346492767334e-01,-1.299871057271957397e-01,1.622621715068817139e-01,-1.005745828151702881e-01,-3.399009108543395996e-01,6.105983853340148926e-01,1.074388861656188965e+00,-4.343368411064147949e-01,-1.436070650815963745e-01,-1.064006090164184570e-01
