2.090109325945377350e-02,6.138734519481658936e-02,7.849792838096618652e-01,9.162886738777160645e-01,1.068975124508142471e-02,3.920592665672302246e-01,8.118047565221786499e-02,-9.783995151519775391e-01,7.535336166620254517e-02,2.078469842672348022e-01,2.758285701274871826e-01,2.860348820686340332e-01,-9.162482619285583496e-02,-7.728971242904663086e-01,-3.003435730934143066e-01,-3.798025250434875488e-01,7.011555135250091553e-02,1.391646713018417358e-01,2.218430042266845703e-01,7.132098078727722168e-01,3.295087218284606934e-01,5.674862861633300781e-01,5.290213972330093384e-02,4.442160129547119141e-01,-6.832373738288879395e-01,1.019061565399169922e+00,2.070020418614149094e-03,7.677873224020004272e-02,1.899208873510360718e-01,-1.858382940292358398e+00,-7.065178751945495605e-01,1.078000068664550781e+00,1.290158271789550781e+00,5.171825885772705078e-01,-2.691246569156646729e-01,-5.328585505485534668e-01
2.138290554285049438e-02,5.770789459347724915e-02,7.857983112335205078e-01,9.153649806976318359e-01,9.030887857079505920e-03,3.883237838745117188e-01,1.059713661670684814e-01,-9.425533413887023926e-01,4.372218996286392212e-02,1.973216533660888672e-01,1.970183253288269043e-01,3.348439335823059082e-01,-9.773735702037811279e-02,-7.491065859794616699e-01,-3.136951923370361328e-01,-4.051342606544494629e-01,7.174097746610641479e-02,1.227028667926788330e-01,2.079358547925949097e-01,6.999015808105468750e-01,3.479323685169219971e-01,5.653997659683227539e-01,1.664797216653823853e-02,4.510185420513153076e-01,-6.846009492874145508e-01,1.020569205284118652e+00,4.989131819456815720e-03,8.032700419425964355e-02,2.164115905761718750e-01,-1.881700634956359863e+00,-7.205815911293029785e-01,1.206696033477783203e+00,1.308648824691772461e+00,4.484693706035614014e-01,-1.580552756786346436e-01,-2.380618453025817871e-01
2.125803381204605103e-02,5.389193445444107056e-02,7.873159050941467285e-01,9.158381223678588867e-01,5.539845209568738937e-03,3.797442615032196045e-01,1.303998827934265137e-01,-9.212909936904907227e-01,2.413373440504074097e-02,1.685864478349685669e-01,1.600772440433502197e-01,3.696420490741729736e-01,-1.070355549454689026e-01,-7.092080116271972656e-01,-3.234570324420928955e-01,-4.473522305488586426e-01,7.445186376571655273e-02,1.066607013344764709e-01,1.980362087488174438e-01,6.853408813476562500e-01,3.624278604984283447e-01,5.595830082893371582e-01,1.391127891838550568e-02,4.570742547512054443e-01,-6.758781075477600098e-01,1.011472463607788086e+00,-1.556261628866195679e-02,8.884746581315994263e-02,2.187349051237106323e-01,-1.902477025985717773e+00,-7.245439887046813965e-01,1.289724349975585938e+00,1.316563963890075684e+00,4.252657890319824219e-01,-9.932187944650650024e-02,-7.351323217153549194e-02
2.082909084856510162e-02,4.984803497791290283e-02,7.890641689300537109e-01,9.170570969581604004e-01,1.381021691486239433e-03,3.679865896701812744e-01,1.535910964012145996e-01,-9.000464081764221191e-01,8.502839133143424988e-03,1.334516257047653198e-01,1.388900727033615112e-01,3.939553797245025635e-01,-1.140382513403892517e-01,-6.647018790245056152e-01,-3.292928338050842285e-01,-4.951829910278320312e-01,7.715570181608200073e-02,9.060560166835784912e-02,1.905192732810974121e-01,6.664164066314697266e-01,3.683325946331024170e-01,5.539999008178710938e-01,2.619076333940029144e-02,4.642465114593505859e-01,-6.548135280609130859e-01,9.810856580734252930e-01,-4.965807124972343445e-02,1.009709164500236511e-01,2.151710242033004761e-01,-1.920432925224304199e+00,-7.246525287628173828e-01,1.354200720787048340e+00,1.320292949676513672e+00,4.127444922924041748e-01,-5.554214492440223694e-02,4.847487062215805054e-02
2.044709026813507080e-02,4.562703147530555725e-02,7.910113334655761719e-01,9.187670946121215820e-01,-2.930079353973269463e-03,3.549199700355529785e-01,1.728879809379577637e-01,-8.770939707756042480e-01,-1.552332658320665359e-03,1.021372005343437195e-01,1.272277832031250000e-01,4.072428047657012939e-01,-1.170808300375938416e-01,-6.224082112312316895e-01,-3.301906585693359375e-01,-5.365340113639831543e-01,8.042571693658828735e-02,7.835102826356887817e-02,1.868161559104919434e-01,6.475880146026611328e-01,3.646787106990814209e-01,5.502578020095825195e-01,4.643943160772323608e-02,4.743196368217468262e-01,-6.284545660018920898e-01,9.275259375572204590e-01,-8.579201996326446533e-02,1.169267296791076660e-01,2.046760022640228271e-01,-1.931105256080627441e+00,-7.266175150871276855e-01,1.394191265106201172e+00,1.309401869773864746e+00,4.025084674358367920e-01,-2.144288830459117889e-02,1.437108218669891357e-01
2.014628052711486816e-02,4.143802076578140259e-02,7.934374809265136719e-01,9.208276271820068359e-01,-7.682250346988439560e-03,3.421790301799774170e-01,1.868983209133148193e-01,-8.554356098175048828e-01,-3.751516807824373245e-03,8.202287554740905762e-02,1.192326396703720093e-01,4.154420495033264160e-01,-1.200562343001365662e-01,-5.931496024131774902e-01,-3.250906467437744141e-01,-5.607026219367980957e-01,8.616257458925247192e-02,7.114868611097335815e-02,1.893615424633026123e-01,6.310152411460876465e-01,3.544240593910217285e-01,5.469299554824829102e-01,8.020149171352386475e-02,4.871873855590820312e-01,-6.002941131591796875e-01,8.636387586593627930e-01,-1.320989131927490234e-01,1.236165761947631836e-01,1.893014013767242432e-01,-1.930866122245788574e+00,-7.249890565872192383e-01,1.416604518890380859e+00,1.288397073745727539e+00,3.971228301525115967e-01,8.905150461941957474e-04,2.133346498012542725e-01
2.013066969811916351e-02,3.736153990030288696e-02,7.947140336036682129e-01,9.237903952598571777e-01,-1.092617865651845932e-02,3.293102383613586426e-01,1.950554400682449341e-01,-8.315749168395996094e-01,-9.264834225177764893e-04,6.732283532619476318e-02,1.173633560538291931e-01,4.046860337257385254e-01,-1.202472150325775146e-01,-5.626816153526306152e-01,-3.160472214221954346e-01,-5.509082078933715820e-01,8.904864639043807983e-02,6.228508427739143372e-02,2.023153752088546753e-01,6.166108846664428711e-01,3.330376744270324707e-01,5.460736155509948730e-01,1.138397753238677979e-01,5.035483837127685547e-01,-5.787208676338195801e-01,7.914202809333801270e-01,-1.674538403749465942e-01,1.273790895938873291e-01,1.586145758628845215e-01,-1.916392087936401367e+00,-7.257585525512695312e-01,1.406694173812866211e+00,1.245282649993896484e+00,3.977443873882293701e-01,7.185197435319423676e-03,2.505026757717132568e-01
1.987829059362411499e-02,3.394300118088722229e-02,7.942818999290466309e-01,9.272206425666809082e-01,-1.156554929912090302e-02,3.172411322593688965e-01,1.987113356590270996e-01,-8.067816495895385742e-01,2.898103557527065277e-03,6.238871440291404724e-02,1.208232566714286804e-01,3.819593191146850586e-01,-1.176387369632720947e-01,-5.343059897422790527e-01,-3.093397915363311768e-01,-5.128605365753173828e-01,8.862512558698654175e-02,4.396147653460502625e-02,2.226139158010482788e-01,6.030903458595275879e-01,3.015446662902832031e-01,5.462244749069213867e-01,1.507062464952468872e-01,5.156385898590087891e-01,-5.546516776084899902e-01,7.277617454528808594e-01,-1.844837516546249390e-01,1.259019672870635986e-01,1.268388926982879639e-01,-1.889696359634399414e+00,-7.216487526893615723e-01,1.372896671295166016e+00,1.195943593978881836e+00,4.079127013683319092e-01,-2.278900239616632462e-03,2.543038129806518555e-01
1.957354694604873657e-02,3.080161847174167633e-02,7.917429208755493164e-01,9.299805760383605957e-01,-1.091796439141035080e-02,3.061543107032775879e-01,2.031907588243484497e-01,-7.906529307365417480e-01,4.257621709257364273e-03,6.215567141771316528e-02,1.401950865983963013e-01,3.465676009654998779e-01,-1.121543273329734802e-01,-5.090084671974182129e-01,-3.061613738536834717e-01,-4.628058373928070068e-01,8.733104914426803589e-02,8.191415108740329742e-03,2.258232980966567993e-01,5.895047783851623535e-01,2.681125998497009277e-01,5.440635085105895996e-01,1.738129258155822754e-01,5.285195708274841309e-01,-5.241812467575073242e-01,6.796017885208129883e-01,-1.956119239330291748e-01,1.140832826495170593e-01,9.114111959934234619e-02,-1.850103139877319336e+00,-7.207524776458740234e-01,1.322353839874267578e+00,1.146466851234436035e+00,4.219086468219757080e-01,-1.230724900960922241e-02,2.317654639482498169e-01
1.984944753348827362e-02,2.773699909448623657e-02,7.884662747383117676e-01,9.323536157608032227e-01,-9.902426972985267639e-03,2.943686544895172119e-01,2.096801549196243286e-01,-7.796544432640075684e-01,4.744580481201410294e-03,6.355147063732147217e-02,1.736151278018951416e-01,2.998619377613067627e-01,-1.052641719579696655e-01,-4.742302596569061279e-01,-3.018613457679748535e-01,-4.293451607227325439e-01,8.522342890501022339e-02,-3.088755719363689423e-02,2.143026441335678101e-01,5.781252384185791016e-01,2.389259487390518188e-01,5.408316850662231445e-01,1.766604483127593994e-01,5.364990234375000000e-01,-4.960148334503173828e-01,6.356593370437622070e-01,-1.947716921567916870e-01,1.015458777546882629e-01,6.571353971958160400e-02,-1.802031040191650391e+00,-7.271055579185485840e-01,1.253435373306274414e+00,1.099898815155029297e+00,4.394222199916839600e-01,-1.871774718165397644e-02,1.787643581628799438e-01
1.945466548204421997e-02,2.530709654092788696e-02,7.861238121986389160e-01,9.349181056022644043e-01,-1.062584482133388519e-02,2.828912734985351562e-01,2.139807641506195068e-01,-7.577592134475708008e-01,1.101944036781787872e-02,7.093368470668792725e-02,1.862270236015319824e-01,2.627188265323638916e-01,-1.018266752362251282e-01,-4.449987411499023438e-01,-2.948421537876129150e-01,-4.329912662506103516e-01,8.931857347488403320e-02,-5.951940268278121948e-02,2.026318907737731934e-01,5.693957805633544922e-01,2.203926742076873779e-01,5.359549522399902344e-01,1.723089963197708130e-01,5.348711013793945312e-01,-4.679821133613586426e-01,6.102752685546875000e-01,-1.945970058441162109e-01,8.232522755861282349e-02,5.881228670477867126e-02,-1.756321072578430176e+00,-7.387607693672180176e-01,1.194249153137207031e+00,1.065012931823730469e+00,4.626306891441345215e-01,-3.520030155777931213e-02,1.166363880038261414e-01
1.910402253270149231e-02,2.359783835709095001e-02,7.845059037208557129e-01,9.384930729866027832e-01,-1.366014126688241959e-02,2.701348364353179932e-01,2.146423459053039551e-01,-7.174781560897827148e-01,2.496477030217647552e-02,8.405385911464691162e-02,1.696981787681579590e-01,2.264525741338729858e-01,-1.012212783098220825e-01,-4.158541858196258545e-01,-2.815788090229034424e-01,-4.392168223857879639e-01,9.509349614381790161e-02,-7.753579318523406982e-02,1.916042566299438477e-01,5.665318369865417480e-01,2.092069685459136963e-01,5.289999842643737793e-01,1.592380851507186890e-01,5.283216834068298340e-01,-4.538083672523498535e-01,5.988466143608093262e-01,-1.930927187204360962e-01,5.786271020770072937e-02,6.092440709471702576e-02,-1.696712970733642578e+00,-7.591076493263244629e-01,1.133680820465087891e+00,1.026098728179931641e+00,4.839583635330200195e-01,-5.685931071639060974e-02,5.547644197940826416e-02
1.925399154424667358e-02,2.246475964784622192e-02,7.830662131309509277e-01,9.428697228431701660e-01,-1.668411679565906525e-02,2.556912899017333984e-01,2.129325866699218750e-01,-6.620989441871643066e-01,4.062170535326004028e-02,9.836179763078689575e-02,1.295824199914932251e-01,1.945057213306427002e-01,-1.065806299448013306e-01,-3.841385543346405029e-01,-2.675912380218505859e-01,-4.452652633190155029e-01,1.001488566398620605e-01,-9.120386838912963867e-02,1.805511862039566040e-01,5.671752691268920898e-01,1.983295232057571411e-01,5.210032463073730469e-01,1.534185409545898438e-01,5.200718045234680176e-01,-4.554780125617980957e-01,5.935254096984863281e-01,-1.823005080223083496e-01,3.636741638183593750e-02,5.843412503600120544e-02,-1.622144222259521484e+00,-7.739803194999694824e-01,1.076462864875793457e+00,9.878599643707275391e-01,4.872019588947296143e-01,-7.434984296560287476e-02,7.315233815461397171e-03
1.962342299520969391e-02,2.081598713994026184e-02,7.827671170234680176e-01,9.462475180625915527e-01,-1.689292304217815399e-02,2.436114847660064697e-01,2.120937556028366089e-01,-6.231939196586608887e-01,4.797102510929107666e-02,1.017896533012390137e-01,1.129181534051895142e-01,1.748781949281692505e-01,-1.070682331919670105e-01,-3.560053110122680664e-01,-2.605179846286773682e-01,-4.510542154312133789e-01,1.042175069451332092e-01,-1.016264110803604126e-01,1.748774200677871704e-01,5.576680898666381836e-01,1.754604429006576538e-01,5.111214518547058105e-01,1.595967411994934082e-01,5.141720175743103027e-01,-4.585559964179992676e-01,5.884314179420471191e-01,-1.723069697618484497e-01,1.720000430941581726e-02,5.243405327200889587e-02,-1.558316111564636230e+00,-7.824328541755676270e-01,1.042355060577392578e+00,9.512728452682495117e-01,4.674475789070129395e-01,-8.830825984477996826e-02,-2.904085814952850342e-02
2.000609785318374634e-02,1.859924942255020142e-02,7.831338644027709961e-01,9.491997361183166504e-01,-1.582881994545459747e-02,2.330482304096221924e-01,2.108502686023712158e-01,-5.938318967819213867e-01,5.316295102238655090e-02,1.029360070824623108e-01,1.068340167403221130e-01,1.629187613725662231e-01,-1.058724820613861084e-01,-3.319706916809082031e-01,-2.554649412631988525e-01,-4.544273614883422852e-01,1.072753071784973145e-01,-1.073192581534385681e-01,1.731044650077819824e-01,5.457329154014587402e-01,1.484630852937698364e-01,5.008444190025329590e-01,1.710443198680877686e-01,5.115253329277038574e-01,-4.598149359226226807e-01,5.825203061103820801e-01,-1.620574891567230225e-01,2.025046851485967636e-03,4.376738145947456360e-02,-1.508077621459960938e+00,-7.883716821670532227e-01,1.028971672058105469e+00,9.180055856704711914e-01,4.308038651943206787e-01,-9.614474326372146606e-02,-6.296111643314361572e-02
2.037066966295242310e-02,1.579359918832778931e-02,7.834987640380859375e-01,9.519929289817810059e-01,-1.482188981026411057e-02,2.230639308691024780e-01,2.091224491596221924e-01,-5.691000223159790039e-01,5.947837606072425842e-02,1.040726155042648315e-01,1.054894030094146729e-01,1.519828289747238159e-01,-1.055544763803482056e-01,-3.098857104778289795e-01,-2.494617253541946411e-01,-4.564743638038635254e-01,1.087104752659797668e-01,-1.120362132787704468e-01,1.735132336616516113e-01,5.344159603118896484e-01,1.220427155494689941e-01,4.898430109024047852e-01,1.838729530572891235e-01,5.114899277687072754e-01,-4.553998410701751709e-01,5.776296854019165039e-01,-1.498377174139022827e-01,-1.000780705362558365e-02,3.506028652191162109e-02,-1.469261169433593750e+00,-7.909352779388427734e-01,1.026070952415466309e+00,8.886546492576599121e-01,3.875549137592315674e-01,-9.906684607267379761e-02,-9.139687567949295044e-02
2.074154838919639587e-02,1.253160461783409119e-02,7.835416197776794434e-01,9.546607136726379395e-01,-1.424457598477602005e-02,2.131624668836593628e-01,2.073202282190322876e-01,-5.462638735771179199e-01,6.752082705497741699e-02,1.044488996267318726e-01,1.054576337337493896e-01,1.395220309495925903e-01,-1.072564944624900818e-01,-2.880705595016479492e-01,-2.420175969600677490e-01,-4.588878750801086426e-01,1.089381352066993713e-01,-1.180591434240341187e-01,1.747254133224487305e-01,5.248904228210449219e-01,9.854789823293685913e-02,4.769583344459533691e-01,1.952376514673233032e-01,5.129642486572265625e-01,-4.456565380096435547e-01,5.771169066429138184e-01,-1.359716653823852539e-01,-1.835165917873382568e-02,2.774364501237869263e-02,-1.435373902320861816e+00,-7.893216013908386230e-01,1.024236083030700684e+00,8.646749854087829590e-01,3.459164798259735107e-01,-9.823329746723175049e-02,-1.139497309923171997e-01
2.106001973152160645e-02,8.907592855393886566e-03,7.832146286964416504e-01,9.572367668151855469e-01,-1.387275476008653641e-02,2.029141038656234741e-01,2.057455480098724365e-01,-5.229408144950866699e-01,7.657147198915481567e-02,1.043478474020957947e-01,1.052763611078262329e-01,1.251859515905380249e-01,-1.099314987659454346e-01,-2.650406956672668457e-01,-2.335562109947204590e-01,-4.615766108036041260e-01,1.088142842054367065e-01,-1.267104893922805786e-01,1.760908961296081543e-01,5.167407989501953125e-01,7.790967077016830444e-02,4.615647792816162109e-01,2.053551971912384033e-01,5.138207077980041504e-01,-4.311291873455047607e-01,5.820832252502441406e-01,-1.232882887125015259e-01,-2.338423579931259155e-02,2.177793160080909729e-02,-1.401711225509643555e+00,-7.840611934661865234e-01,1.017943859100341797e+00,8.453754782676696777e-01,3.083875775337219238e-01,-9.411679208278656006e-02,-1.314878165721893311e-01
2.128065377473831177e-02,5.032173357903957367e-03,7.825474143028259277e-01,9.596142172813415527e-01,-1.358025241643190384e-02,1.922835707664489746e-01,2.048979848623275757e-01,-4.990592598915100098e-01,8.589185029268264771e-02,1.034859716892242432e-01,1.054318696260452271e-01,1.087349280714988708e-01,-1.131519526243209839e-01,-2.405259162187576294e-01,-2.245860695838928223e-01,-4.648919403553009033e-01,1.094433069229125977e-01,-1.384369432926177979e-01,1.771059036254882812e-01,5.092927813529968262e-01,6.083001941442489624e-02,4.444313943386077881e-01,2.129124104976654053e-01,5.127964615821838379e-01,-4.137230217456817627e-01,5.916367769241333008e-01,-1.134255528450012207e-01,-2.551884576678276062e-02,1.858281902968883514e-02,-1.367007374763488770e+00,-7.762085199356079102e-01,1.004237532615661621e+00,8.304643034934997559e-01,2.803492248058319092e-01,-8.749559521675109863e-02,-1.454955786466598511e-01
2.132361941039562225e-02,1.060073031112551689e-03,7.816368937492370605e-01,9.617369174957275391e-01,-1.337385084480047226e-02,1.814332902431488037e-01,2.048541009426116943e-01,-4.752750396728515625e-01,9.518436342477798462e-02,1.018337756395339966e-01,1.062274798750877380e-01,9.174519032239913940e-02,-1.166555210947990417e-01,-2.159804850816726685e-01,-2.155057638883590698e-01,-4.686749577522277832e-01,1.114955767989158630e-01,-1.525781005620956421e-01,1.761305332183837891e-01,5.019930601119995117e-01,4.746767506003379822e-02,4.275895059108734131e-01,2.184478491544723511e-01,5.103276371955871582e-01,-3.952882289886474609e-01,6.017974019050598145e-01,-1.041434258222579956e-01,-2.606246620416641235e-02,1.797170005738735199e-02,-1.333677887916564941e+00,-7.662050724029541016e-01,9.851258993148803711e-01,8.208134174346923828e-01,2.632718384265899658e-01,-8.092927187681198120e-02,-1.566689312458038330e-01
2.125293202698230743e-02,-2.956725656986236572e-03,7.808912396430969238e-01,9.635004401206970215e-01,-1.318133715540170670e-02,1.708414405584335327e-01,2.056850492954254150e-01,-4.533392488956451416e-01,1.037740707397460938e-01,9.861373156309127808e-02,1.079510897397994995e-01,7.780070602893829346e-02,-1.198424994945526123e-01,-1.925918161869049072e-01,-2.068052440881729126e-01,-4.735772609710693359e-01,1.144346445798873901e-01,-1.657370328903198242e-01,1.737149655818939209e-01,4.936483800411224365e-01,3.682508692145347595e-02,4.119274616241455078e-01,2.223292291164398193e-01,5.073460340499877930e-01,-3.794501423835754395e-01,6.104292273521423340e-01,-9.567617624998092651e-02,-2.555234543979167938e-02,2.030879631638526917e-02,-1.301867246627807617e+00,-7.548814415931701660e-01,9.636299014091491699e-01,8.145245909690856934e-01,2.541460990905761719e-01,-7.544224709272384644e-02,-1.664641797542572021e-01
2.116683498024940491e-02,-6.909392774105072021e-03,7.803755402565002441e-01,9.649340510368347168e-01,-1.286618877202272415e-02,1.604228168725967407e-01,2.073672711849212646e-01,-4.329598844051361084e-01,1.114182025194168091e-01,9.439254552125930786e-02,1.099401488900184631e-01,6.650478392839431763e-02,-1.229678243398666382e-01,-1.700136512517929077e-01,-1.988473832607269287e-01,-4.793783724308013916e-01,1.179143637418746948e-01,-1.779243797063827515e-01,1.704491674900054932e-01,4.835250973701477051e-01,2.728195488452911377e-02,3.972055613994598389e-01,2.251960188150405884e-01,5.045858621597290039e-01,-3.672516047954559326e-01,6.164373159408569336e-01,-8.763944357633590698e-02,-2.438580989837646484e-02,2.410546317696571350e-02,-1.272183656692504883e+00,-7.430582642555236816e-01,9.440376758575439453e-01,8.097848892211914062e-01,2.458253502845764160e-01,-6.997136771678924561e-02,-1.752541661262512207e-01
2.147353067994117737e-02,-1.114304736256599426e-02,7.800351381301879883e-01,9.661703705787658691e-01,-1.240828540176153183e-02,1.500981003046035767e-01,2.093595564365386963e-01,-4.131374061107635498e-01,1.184265315532684326e-01,8.998914062976837158e-02,1.120308786630630493e-01,5.702761188149452209e-02,-1.259643137454986572e-01,-1.471081376075744629e-01,-1.912544071674346924e-01,-4.855803847312927246e-01,1.206203475594520569e-01,-1.881208121776580811e-01,1.671650707721710205e-01,4.720084071159362793e-01,1.845116727054119110e-02,3.826070427894592285e-01,2.280816882848739624e-01,5.021271705627441406e-01,-3.593369424343109131e-01,6.203650832176208496e-01,-8.048723638057708740e-02,-2.280127070844173431e-02,2.751294523477554321e-02,-1.243365287780761719e+00,-7.310238480567932129e-01,9.279130697250366211e-01,8.064289689064025879e-01,2.345544099807739258e-01,-6.404252350330352783e-02,-1.825304478406906128e-01
2.169432863593101501e-02,-1.466843672096729279e-02,7.797936797142028809e-01,9.672952294349670410e-01,-1.184721663594245911e-02,1.398144066333770752e-01,2.113093733787536621e-01,-3.924787640571594238e-01,1.250006854534149170e-01,8.625439554452896118e-02,1.131948754191398621e-01,4.866264760494232178e-02,-1.290072649717330933e-01,-1.238083764910697937e-01,-1.837829500436782837e-01,-4.914332628250122070e-01,1.217411980032920837e-01,-1.965807080268859863e-01,1.643217206001281738e-01,4.598957002162933350e-01,9.738253429532051086e-03,3.681666254997253418e-01,2.308568507432937622e-01,4.998908936977386475e-01,-3.534868955612182617e-01,6.228794455528259277e-01,-7.228779792785644531e-02,-2.107778191566467285e-02,3.079042211174964905e-02,-1.214971661567687988e+00,-7.188693284988403320e-01,9.160159826278686523e-01,8.032015562057495117e-01,2.186671048402786255e-01,-5.804745852947235107e-02,-1.881105303764343262e-01
2.202329039573669434e-02,-1.782300882041454315e-02,7.796604037284851074e-01,9.683104753494262695e-01,-1.104815676808357239e-02,1.297791302204132080e-01,2.130964845418930054e-01,-3.719621896743774414e-01,1.305694431066513062e-01,8.237803727388381958e-02,1.145519763231277466e-01,4.093910008668899536e-02,-1.314809322357177734e-01,-9.996090829372406006e-02,-1.768220365047454834e-01,-4.971566796302795410e-01,1.209342330694198608e-01,-2.034103423357009888e-01,1.620259732007980347e-01,4.473097622394561768e-01,8.176467963494360447e-04,3.533677458763122559e-01,2.328292429447174072e-01,4.980249106884002686e-01,-3.494239747524261475e-01,6.258594393730163574e-01,-6.309693306684494019e-02,-1.837809011340141296e-02,3.391649201512336731e-02,-1.189221739768981934e+00,-7.080795168876647949e-01,9.089022278785705566e-01,7.983610033988952637e-01,1.975311934947967529e-01,-5.138596519827842712e-02,-1.916299015283584595e-01
2.243859693408012390e-02,-2.050809189677238464e-02,7.796067595481872559e-01,9.693223237991333008e-01,-9.932485409080982208e-03,1.201076805591583252e-01,2.142189443111419678e-01,-3.509100377559661865e-01,1.352767497301101685e-01,8.013799786567687988e-02,1.153923049569129944e-01,3.386055678129196167e-02,-1.330730468034744263e-01,-7.616132497787475586e-02,-1.707495003938674927e-01,-5.017573833465576172e-01,1.183543279767036438e-01,-2.082824110984802246e-01,1.608524173498153687e-01,4.353424906730651855e-01,-8.306457661092281342e-03,3.378681242465972900e-01,2.348085194826126099e-01,4.959913194179534912e-01,-3.464950621128082275e-01,6.290943622589111328e-01,-5.360257253050804138e-02,-1.514534931629896164e-02,3.578309714794158936e-02,-1.165600061416625977e+00,-7.003529071807861328e-01,9.056030511856079102e-01,7.908346056938171387e-01,1.694846153259277344e-01,-4.403824359178543091e-02,-1.930463761091232300e-01
2.302302420139312744e-02,-2.250706404447555542e-02,7.796546220779418945e-01,9.703503251075744629e-01,-8.445985615253448486e-03,1.107730641961097717e-01,2.146584391593933105e-01,-3.294112384319305420e-01,1.387469023466110229e-01,7.934767752885818481e-02,1.160016804933547974e-01,2.749253436923027039e-02,-1.334530711174011230e-01,-5.300493538379669189e-02,-1.660307049751281738e-01,-5.043767094612121582e-01,1.154843643307685852e-01,-2.116962224245071411e-01,1.607830226421356201e-01,4.236620068550109863e-01,-1.735955849289894104e-02,3.215211331844329834e-01,2.380619496107101440e-01,4.935788214206695557e-01,-3.438716530799865723e-01,6.322996616363525391e-01,-4.593297094106674194e-02,-1.144406478852033615e-02,3.582315519452095032e-02,-1.144367337226867676e+00,-6.967227458953857422e-01,9.058949351310729980e-01,7.802411317825317383e-01,1.327420324087142944e-01,-3.428541496396064758e-02,-1.940651237964630127e-01
2.367273159325122833e-02,-2.374762296676635742e-02,7.796870470046997070e-01,9.714025259017944336e-01,-6.618249230086803436e-03,1.018082275986671448e-01,2.144023329019546509e-01,-3.075413107872009277e-01,1.409257948398590088e-01,8.021238446235656738e-02,1.164911985397338867e-01,2.107976563274860382e-02,-1.331655979156494141e-01,-3.084474802017211914e-02,-1.631106734275817871e-01,-5.049846768379211426e-01,1.134504154324531555e-01,-2.149704694747924805e-01,1.617730855941772461e-01,4.121687710285186768e-01,-2.620611712336540222e-02,3.055502772331237793e-01,2.431220263242721558e-01,4.906316995620727539e-01,-3.403416872024536133e-01,6.355520486831665039e-01,-3.888909146189689636e-02,-7.425356190651655197e-03,3.481886908411979675e-02,-1.125460505485534668e+00,-6.966415643692016602e-01,9.075923562049865723e-01,7.670140266418457031e-01,9.207542985677719116e-02,-2.361299842596054077e-02,-1.959575563669204712e-01
2.429341711103916168e-02,-2.431354112923145294e-02,7.796718478202819824e-01,9.724689722061157227e-01,-4.632896278053522110e-03,9.327290952205657959e-02,2.135014683008193970e-01,-2.860721051692962646e-01,1.421867609024047852e-01,8.269183337688446045e-02,1.177119761705398560e-01,1.421649195253849030e-02,-1.323903203010559082e-01,-1.020868774503469467e-02,-1.617396175861358643e-01,-5.040672421455383301e-01,1.123958304524421692e-01,-2.178498506546020508e-01,1.631211936473846436e-01,4.008688628673553467e-01,-3.444883972406387329e-02,2.902548015117645264e-01,2.497223019599914551e-01,4.868616461753845215e-01,-3.363637328147888184e-01,6.392000913619995117e-01,-3.286913409829139709e-02,-2.797834342345595360e-03,3.384244814515113831e-02,-1.107718467712402344e+00,-6.994653940200805664e-01,9.075342416763305664e-01,7.515186667442321777e-01,5.436530336737632751e-02,-1.418786868453025818e-02,-1.985001116991043091e-01
2.484560012817382812e-02,-2.428621239960193634e-02,7.795982956886291504e-01,9.736118316650390625e-01,-2.532786456868052483e-03,8.501925319433212280e-02,2.117674499750137329e-01,-2.648537158966064453e-01,1.428005844354629517e-01,8.659882098436355591e-02,1.194252595305442810e-01,6.274149287492036819e-03,-1.316989660263061523e-01,9.158760309219360352e-03,-1.615913659334182739e-01,-5.012206435203552246e-01,1.121705248951911926e-01,-2.205060422420501709e-01,1.646403819322586060e-01,3.900829553604125977e-01,-4.175951331853866577e-02,2.759343385696411133e-01,2.575558423995971680e-01,4.824802577495574951e-01,-3.331432044506072998e-01,6.431320309638977051e-01,-2.832748554646968842e-02,1.684960443526506424e-03,3.214200586080551147e-02,-1.091575264930725098e+00,-7.037411928176879883e-01,9.036114811897277832e-01,7.340898513793945312e-01,2.381159365177154541e-02,-6.042129825800657272e-03,-2.024566680192947388e-01
2.528757043182849884e-02,-2.368919551372528076e-02,7.794947028160095215e-01,9.748792648315429688e-01,-3.838460543192923069e-04,7.706043124198913574e-02,2.089783698320388794e-01,-2.440533339977264404e-01,1.431395709514617920e-01,9.236264973878860474e-02,1.221021562814712524e-01,-2.565426053479313850e-03,-1.310238689184188843e-01,2.700829319655895233e-02,-1.625699549913406372e-01,-4.968096017837524414e-01,1.125445812940597534e-01,-2.229053378105163574e-01,1.657966077327728271e-01,3.800064623355865479e-01,-4.816081374883651733e-02,2.627736628055572510e-01,2.660429477691650391e-01,4.783127307891845703e-01,-3.306500017642974854e-01,6.473656892776489258e-01,-2.372310124337673187e-02,5.795465782284736633e-03,2.989776246249675751e-02,-1.076094627380371094e+00,-7.080283164978027344e-01,8.962311744689941406e-01,7.149215936660766602e-01,1.909044920466840267e-03,8.621652959845960140e-04,-2.079694420099258423e-01
2.561170980334281921e-02,-2.256343327462673187e-02,7.794094085693359375e-01,9.762177467346191406e-01,1.836112234741449356e-03,6.969164311885833740e-02,2.052769660949707031e-01,-2.238048464059829712e-01,1.429154276847839355e-01,9.989570826292037964e-02,1.251761615276336670e-01,-1.127928309142589569e-02,-1.298399418592453003e-01,4.291539639234542847e-02,-1.648946702480316162e-01,-4.908750653266906738e-01,1.133160144090652466e-01,-2.248824536800384521e-01,1.671289354562759399e-01,3.705514669418334961e-01,-5.380063131451606750e-02,2.513374090194702148e-01,2.743501961231231689e-01,4.746341705322265625e-01,-3.293717503547668457e-01,6.522899866104125977e-01,-1.895449496805667877e-02,9.459425695240497589e-03,2.697239816188812256e-02,-1.061799049377441406e+00,-7.108690738677978516e-01,8.878473043441772461e-01,6.957645416259765625e-01,-1.168343890458345413e-02,6.395459175109863281e-03,-2.141705900430679321e-01
2.584784291684627533e-02,-2.114027738571166992e-02,7.793917655944824219e-01,9.775786995887756348e-01,3.939749673008918762e-03,6.283306330442428589e-02,2.009387612342834473e-01,-2.041795700788497925e-01,1.426574438810348511e-01,1.086384952068328857e-01,1.283552497625350952e-01,-1.953720301389694214e-02,-1.284173876047134399e-01,5.721552297472953796e-02,-1.678638011217117310e-01,-4.841785132884979248e-01,1.141574531793594360e-01,-2.262781262397766113e-01,1.683181375265121460e-01,3.617421388626098633e-01,-5.869740247726440430e-02,2.413630634546279907e-01,2.816437482833862305e-01,4.717255830764770508e-01,-3.283945322036743164e-01,6.579606533050537109e-01,-1.413613185286521912e-02,1.290097739547491074e-02,2.405741810798645020e-02,-1.048626065254211426e+00,-7.125903367996215820e-01,8.812605738639831543e-01,6.771060824394226074e-01,-2.110131457448005676e-02,1.066326629370450974e-02,-2.197527736425399780e-01
2.607386559247970581e-02,-1.962129212915897369e-02,7.794393897056579590e-01,9.789569377899169922e-01,5.871126893907785416e-03,5.645155161619186401e-02,1.960154771804809570e-01,-1.849671155214309692e-01,1.424474269151687622e-01,1.186833754181861877e-01,1.310170143842697144e-01,-2.739631012082099915e-02,-1.268141865730285645e-01,6.994645297527313232e-02,-1.710575073957443237e-01,-4.765106737613677979e-01,1.148840039968490601e-01,-2.267693132162094116e-01,1.696748882532119751e-01,3.535675406455993652e-01,-6.332345306873321533e-02,2.323924452066421509e-01,2.881191074848175049e-01,4.695411920547485352e-01,-3.265903294086456299e-01,6.639891266822814941e-01,-1.075013820081949234e-02,1.608639769256114960e-02,2.182781323790550232e-02,-1.037541508674621582e+00,-7.141219973564147949e-01,8.790123462677001953e-01,6.595081686973571777e-01,-3.199446573853492737e-02,1.331392209976911545e-02,-2.236441820859909058e-01
2.632706239819526672e-02,-1.810808479785919189e-02,7.795318961143493652e-01,9.803059101104736328e-01,7.617468014359474182e-03,5.062453076243400574e-02,1.907341629266738892e-01,-1.662448197603225708e-01,1.421922147274017334e-01,1.294669955968856812e-01,1.324277371168136597e-01,-3.460026904940605164e-02,-1.254297494888305664e-01,8.107544481754302979e-02,-1.742227673530578613e-01,-4.684901237487792969e-01,1.152625307440757751e-01,-2.267392575740814209e-01,1.715326160192489624e-01,3.461145758628845215e-01,-6.820895522832870483e-02,2.240219116210937500e-01,2.937249839305877686e-01,4.680970311164855957e-01,-3.229346871376037598e-01,6.698989868164062500e-01,-9.288288652896881104e-03,1.904133893549442291e-02,2.085341513156890869e-02,-1.029084205627441406e+00,-7.163333892822265625e-01,8.810005187988281250e-01,6.434446573257446289e-01,-4.860620573163032532e-02,1.546459365636110306e-02,-2.260717898607254028e-01
2.662772685289382935e-02,-1.661781780421733856e-02,7.796262502670288086e-01,9.815667867660522461e-01,9.217491373419761658e-03,4.538620635867118835e-02,1.854231208562850952e-01,-1.485239565372467041e-01,1.416971981525421143e-01,1.402535885572433472e-01,1.326137334108352661e-01,-4.137128219008445740e-02,-1.244557723402976990e-01,9.091050922870635986e-02,-1.772488355636596680e-01,-4.604347944259643555e-01,1.154307797551155090e-01,-2.265185713768005371e-01,1.739289015531539917e-01,3.394709825515747070e-01,-7.339919358491897583e-02,2.160851657390594482e-01,2.989718914031982422e-01,4.675732553005218506e-01,-3.177872002124786377e-01,6.749271154403686523e-01,-1.007849164307117462e-02,2.137615531682968140e-02,2.073399722576141357e-02,-1.023308515548706055e+00,-7.195748090744018555e-01,8.860769867897033691e-01,6.292015314102172852e-01,-6.821028888225555420e-02,1.717528700828552246e-02,-2.278056144714355469e-01
2.696340531110763550e-02,-1.515150908380746841e-02,7.796729803085327148e-01,9.827272891998291016e-01,1.078262832015752792e-02,4.054651781916618347e-02,1.802410930395126343e-01,-1.312068253755569458e-01,1.407288461923599243e-01,1.508085578680038452e-01,1.314873993396759033e-01,-4.722717776894569397e-02,-1.237029507756233215e-01,1.001738980412483215e-01,-1.804694533348083496e-01,-4.524757266044616699e-01,1.156269013881683350e-01,-2.264545112848281860e-01,1.764354556798934937e-01,3.332464098930358887e-01,-7.881184667348861694e-02,2.089503407478332520e-01,3.040517270565032959e-01,4.679482579231262207e-01,-3.114991486072540283e-01,6.794886589050292969e-01,-1.123877987265586853e-02,2.374014444649219513e-02,2.102425880730152130e-02,-1.020644664764404297e+00,-7.233634591102600098e-01,8.940125703811645508e-01,6.175079345703125000e-01,-8.626271784305572510e-02,1.719222031533718109e-02,-2.302077561616897583e-01
2.737926691770553589e-02,-1.367687154561281204e-02,7.796928882598876953e-01,9.837866425514221191e-01,1.230321452021598816e-02,3.591595217585563660e-02,1.752784103155136108e-01,-1.142644733190536499e-01,1.395024210214614868e-01,1.613351255655288696e-01,1.298162639141082764e-01,-5.241194739937782288e-02,-1.227487921714782715e-01,1.092328801751136780e-01,-1.836820989847183228e-01,-4.446425437927246094e-01,1.157143712043762207e-01,-2.266598790884017944e-01,1.792896538972854614e-01,3.276785910129547119e-01,-8.426592499017715454e-02,2.024053037166595459e-01,3.085942268371582031e-01,4.692324697971343994e-01,-3.043235838413238525e-01,6.838540434837341309e-01,-1.315955817699432373e-02,2.561248093843460083e-02,2.198324911296367645e-02,-1.020544886589050293e+00,-7.276530265808105469e-01,9.045798778533935547e-01,6.078935861587524414e-01,-1.043829843401908875e-01,1.566270738840103149e-02,-2.331556975841522217e-01
2.788975089788436890e-02,-1.223744079470634460e-02,7.796723246574401855e-01,9.847077131271362305e-01,1.376373134553432465e-02,3.142466396093368530e-02,1.708034574985504150e-01,-9.806390106678009033e-02,1.380811184644699097e-01,1.711618900299072266e-01,1.282180398702621460e-01,-5.733161419630050659e-02,-1.216634288430213928e-01,1.182654500007629395e-01,-1.867838203907012939e-01,-4.375260472297668457e-01,1.156940683722496033e-01,-2.270644605159759521e-01,1.819073855876922607e-01,3.225114345550537109e-01,-8.935606479644775391e-02,1.965789496898651123e-01,3.126802444458007812e-01,4.711859822273254395e-01,-2.972664535045623779e-01,6.879117488861083984e-01,-1.561920531094074249e-02,2.706325985491275787e-02,2.324512787163257599e-02,-1.021765112876892090e+00,-7.322863340377807617e-01,9.163457155227661133e-01,6.004579663276672363e-01,-1.198027059435844421e-01,1.293241605162620544e-02,-2.358431816101074219e-01
2.846140041947364807e-02,-1.092877425253391266e-02,7.795698046684265137e-01,9.855048060417175293e-01,1.523863244801759720e-02,2.695112302899360657e-02,1.667982935905456543e-01,-8.229000866413116455e-02,1.362950503826141357e-01,1.800624579191207886e-01,1.265647262334823608e-01,-6.217880174517631531e-02,-1.205907091498374939e-01,1.274098455905914307e-01,-1.899437159299850464e-01,-4.311590194702148438e-01,1.158698871731758118e-01,-2.276995033025741577e-01,1.843751370906829834e-01,3.178669214248657227e-01,-9.392479807138442993e-02,1.915494054555892944e-01,3.159704804420471191e-01,4.734725058078765869e-01,-2.912324070930480957e-01,6.917942762374877930e-01,-1.867790147662162781e-02,2.826286666095256805e-02,2.437813580036163330e-02,-1.024185180664062500e+00,-7.371572256088256836e-01,9.280911087989807129e-01,5.950266718864440918e-01,-1.339695304632186890e-01,1.042425632476806641e-02,-2.382865548133850098e-01
2.899817563593387604e-02,-9.793658740818500519e-03,7.794097661972045898e-01,9.861624836921691895e-01,1.661420986056327820e-02,2.269692905247211456e-02,1.633779406547546387e-01,-6.774684041738510132e-02,1.343932747840881348e-01,1.876635700464248657e-01,1.253318637609481812e-01,-6.699069589376449585e-02,-1.195028200745582581e-01,1.361579447984695435e-01,-1.929011344909667969e-01,-4.257812798023223877e-01,1.161689758300781250e-01,-2.282918542623519897e-01,1.865907162427902222e-01,3.137078285217285156e-01,-9.776268154382705688e-02,1.869913637638092041e-01,3.180120289325714111e-01,4.757026135921478271e-01,-2.861602008342742920e-01,6.961597204208374023e-01,-2.144017443060874939e-02,2.975419536232948303e-02,2.584523521363735199e-02,-1.027127742767333984e+00,-7.419217228889465332e-01,9.394009113311767578e-01,5.908887386322021484e-01,-1.479152143001556396e-01,9.203684516251087189e-03,-2.406155914068222046e-01
2.943684533238410950e-02,-8.774674497544765472e-03,7.792495489120483398e-01,9.867114424705505371e-01,1.793117634952068329e-02,1.851189881563186646e-02,1.604257673025131226e-01,-5.410346761345863342e-02,1.324701607227325439e-01,1.944481283426284790e-01,1.244491115212440491e-01,-7.167049497365951538e-02,-1.182178780436515808e-01,1.447358131408691406e-01,-1.958110183477401733e-01,-4.211773872375488281e-01,1.169112548232078552e-01,-2.290355414152145386e-01,1.886857300996780396e-01,3.096905648708343506e-01,-1.007615327835083008e-01,1.828726828098297119e-01,3.183999359607696533e-01,4.775790870189666748e-01,-2.819966971874237061e-01,7.011265754699707031e-01,-2.442278526723384857e-02,3.125803917646408081e-02,2.779452130198478699e-02,-1.029597759246826172e+00,-7.464141845703125000e-01,9.492079019546508789e-01,5.879765152931213379e-01,-1.602496951818466187e-01,9.234831668436527252e-03,-2.432647198438644409e-01
2.972802333533763885e-02,-7.843773812055587769e-03,7.791223526000976562e-01,9.872080087661743164e-01,1.916001923382282257e-02,1.433689054101705551e-02,1.576311737298965454e-01,-4.108484089374542236e-02,1.308267265558242798e-01,2.012190073728561401e-01,1.241423860192298889e-01,-7.658816874027252197e-02,-1.167920306324958801e-01,1.529225707054138184e-01,-1.987055838108062744e-01,-4.170002937316894531e-01,1.181844472885131836e-01,-2.298283427953720093e-01,1.907624304294586182e-01,3.057355880737304688e-01,-1.027875766158103943e-01,1.792192608118057251e-01,3.178569376468658447e-01,4.787456095218658447e-01,-2.791450917720794678e-01,7.061187624931335449e-01,-2.616888470947742462e-02,3.241212666034698486e-02,3.008352965116500854e-02,-1.032471179962158203e+00,-7.500597238540649414e-01,9.587209224700927734e-01,5.860875844955444336e-01,-1.716332733631134033e-01,9.303025901317596436e-03,-2.455715090036392212e-01
2.986695617437362671e-02,-6.953085307031869888e-03,7.790122628211975098e-01,9.876850843429565430e-01,2.030490711331367493e-02,1.025518402457237244e-02,1.547923535108566284e-01,-2.873431332409381866e-02,1.294430345296859741e-01,2.078349888324737549e-01,1.246265172958374023e-01,-8.166065812110900879e-02,-1.155598685145378113e-01,1.606362760066986084e-01,-2.015143334865570068e-01,-4.127841293811798096e-01,1.197386160492897034e-01,-2.307552993297576904e-01,1.929133385419845581e-01,3.017706573009490967e-01,-1.039460077881813049e-01,1.761944741010665894e-01,3.166576623916625977e-01,4.789810776710510254e-01,-2.785418331623077393e-01,7.109773755073547363e-01,-2.685850113630294800e-02,3.338590636849403381e-02,3.295063227415084839e-02,-1.035975575447082520e+00,-7.522040605545043945e-01,9.679418206214904785e-01,5.851296782493591309e-01,-1.825753450393676758e-01,8.996901102364063263e-03,-2.466129809617996216e-01
2.988684922456741333e-02,-6.062912754714488983e-03,7.789079546928405762e-01,9.881590604782104492e-01,2.130547352135181427e-02,6.300233304500579834e-03,1.518158614635467529e-01,-1.698921248316764832e-02,1.283519715070724487e-01,2.142283618450164795e-01,1.254496872425079346e-01,-8.691122382879257202e-02,-1.145426258444786072e-01,1.673790216445922852e-01,-2.041910886764526367e-01,-4.081053137779235840e-01,1.218489259481430054e-01,-2.319992333650588989e-01,1.945918798446655273e-01,2.980610430240631104e-01,-1.041754633188247681e-01,1.738915443420410156e-01,3.149390220642089844e-01,4.778888523578643799e-01,-2.800769209861755371e-01,7.160117626190185547e-01,-2.650068886578083038e-02,3.421024605631828308e-02,3.622997924685478210e-02,-1.040745496749877930e+00,-7.527126669883728027e-01,9.785259366035461426e-01,5.855476260185241699e-01,-1.929192543029785156e-01,8.855534717440605164e-03,-2.457242906093597412e-01
2.977173961699008942e-02,-5.171453114598989487e-03,7.788172364234924316e-01,9.886637330055236816e-01,2.220306359231472015e-02,2.464356133714318275e-03,1.484756171703338623e-01,-5.226201843470335007e-03,1.274796575307846069e-01,2.211360037326812744e-01,1.261331439018249512e-01,-9.198749065399169922e-02,-1.138995364308357239e-01,1.733694821596145630e-01,-2.069014310836791992e-01,-4.026686847209930420e-01,1.241115257143974304e-01,-2.333612442016601562e-01,1.962019205093383789e-01,2.945739924907684326e-01,-1.035571470856666565e-01,1.723169386386871338e-01,3.123836517333984375e-01,4.752473831176757812e-01,-2.838404476642608643e-01,7.210846543312072754e-01,-2.307518199086189270e-02,3.505296260118484497e-02,3.975408896803855896e-02,-1.047135829925537109e+00,-7.512812614440917969e-01,9.915365576744079590e-01,5.881545543670654297e-01,-2.036893963813781738e-01,8.591034449636936188e-03,-2.425633966922760010e-01
2.952468022704124451e-02,-4.289834294468164444e-03,7.787617444992065430e-01,9.892061352729797363e-01,2.295731753110885620e-02,-1.229163957759737968e-03,1.447158604860305786e-01,6.335787940770387650e-03,1.269061118364334106e-01,2.288967669010162354e-01,1.268892139196395874e-01,-9.700345247983932495e-02,-1.135049238801002502e-01,1.786390542984008789e-01,-2.095430493354797363e-01,-3.965449929237365723e-01,1.263968795537948608e-01,-2.346773892641067505e-01,1.977826058864593506e-01,2.911784052848815918e-01,-1.021597087383270264e-01,1.711329370737075806e-01,3.092575371265411377e-01,4.713970124721527100e-01,-2.902967035770416260e-01,7.269167900085449219e-01,-1.659417338669300079e-02,3.616794943809509277e-02,4.307991638779640198e-02,-1.055258989334106445e+00,-7.481378316879272461e-01,1.005366444587707520e+00,5.922754406929016113e-01,-2.135671079158782959e-01,8.189502172172069550e-03,-2.375204712152481079e-01
2.916378341615200043e-02,-3.382280003279447556e-03,7.787559032440185547e-01,9.897963404655456543e-01,2.362218312919139862e-02,-4.667463712394237518e-03,1.404400914907455444e-01,1.769469492137432098e-02,1.263864487409591675e-01,2.379073351621627808e-01,1.273497790098190308e-01,-1.014859005808830261e-01,-1.128358542919158936e-01,1.829796880483627319e-01,-2.122086882591247559e-01,-3.893361389636993408e-01,1.284861713647842407e-01,-2.354418635368347168e-01,1.996061354875564575e-01,2.878455221652984619e-01,-1.003824621438980103e-01,1.702289581298828125e-01,3.055913150310516357e-01,4.666001498699188232e-01,-2.993852794170379639e-01,7.330568432807922363e-01,-8.120956830680370331e-03,3.755611553788185120e-02,4.681947082281112671e-02,-1.064999818801879883e+00,-7.434771060943603516e-01,1.017940998077392578e+00,5.973713397979736328e-01,-2.240263223648071289e-01,8.236926980316638947e-03,-2.311084568500518799e-01
2.870098128914833069e-02,-2.380532678216695786e-03,7.787793278694152832e-01,9.904333949089050293e-01,2.412323281168937683e-02,-7.613052614033222198e-03,1.356532275676727295e-01,2.792380563914775848e-02,1.259402632713317871e-01,2.477006018161773682e-01,1.275765746831893921e-01,-1.052023991942405701e-01,-1.116403639316558838e-01,1.853970438241958618e-01,-2.146592289209365845e-01,-3.812277019023895264e-01,1.301462352275848389e-01,-2.352235764265060425e-01,2.011054158210754395e-01,2.846055924892425537e-01,-9.840293228626251221e-02,1.688166409730911255e-01,3.022821247577667236e-01,4.612077772617340088e-01,-3.098109960556030273e-01,7.386689782142639160e-01,-2.682432532310485840e-03,3.869457170367240906e-02,4.982310906052589417e-02,-1.073762297630310059e+00,-7.373361587524414062e-01,1.025279998779296875e+00,6.021476984024047852e-01,-2.299883216619491577e-01,8.119337260723114014e-03,-2.255195081233978271e-01
2.822184190154075623e-02,-1.251440029591321945e-03,7.787989377975463867e-01,9.910944700241088867e-01,2.455146610736846924e-02,-1.015354227274656296e-02,1.304828524589538574e-01,3.698701784014701843e-02,1.253891140222549438e-01,2.582137584686279297e-01,1.276451200246810913e-01,-1.087071225047111511e-01,-1.099288016557693481e-01,1.864765435457229614e-01,-2.170298993587493896e-01,-3.725680708885192871e-01,1.313766837120056152e-01,-2.339976727962493896e-01,2.023929059505462646e-01,2.811071872711181641e-01,-9.644675254821777344e-02,1.666234284639358521e-01,2.993596196174621582e-01,4.559222459793090820e-01,-3.201568126678466797e-01,7.436297535896301270e-01,-1.616839203052222729e-03,3.927156701683998108e-02,5.155238509178161621e-02,-1.082193851470947266e+00,-7.297641038894653320e-01,1.029435634613037109e+00,6.069311499595642090e-01,-2.333824485540390015e-01,8.402695879340171814e-03,-2.205296009778976440e-01
2.768100053071975708e-02,1.989956945180892944e-05,7.788090705871582031e-01,9.917759895324707031e-01,2.490328997373580933e-02,-1.257186662405729294e-02,1.249088272452354431e-01,4.576117172837257385e-02,1.248163953423500061e-01,2.694301903247833252e-01,1.276143640279769897e-01,-1.122709289193153381e-01,-1.081168502569198608e-01,1.867068111896514893e-01,-2.193439751863479614e-01,-3.628427684307098389e-01,1.328189224004745483e-01,-2.326243072748184204e-01,2.038240134716033936e-01,2.771410942077636719e-01,-9.429537504911422729e-02,1.643451750278472900e-01,2.965294420719146729e-01,4.515306651592254639e-01,-3.301943838596343994e-01,7.479240894317626953e-01,-1.122322981245815754e-03,3.937322273850440979e-02,5.213064700365066528e-02,-1.091160893440246582e+00,-7.210519313812255859e-01,1.034546494483947754e+00,6.123774647712707520e-01,-2.359949499368667603e-01,8.761855773627758026e-03,-2.148482948541641235e-01
2.706357091665267944e-02,1.369886565953493118e-03,7.788277864456176758e-01,9.924249053001403809e-01,2.516967244446277618e-02,-1.492104399949312210e-02,1.193174868822097778e-01,5.453756824135780334e-02,1.242791190743446350e-01,2.809548676013946533e-01,1.276248395442962646e-01,-1.157322004437446594e-01,-1.065594106912612915e-01,1.865151673555374146e-01,-2.217603027820587158e-01,-3.527521789073944092e-01,1.348675042390823364e-01,-2.314781695604324341e-01,2.053800076246261597e-01,2.727462947368621826e-01,-9.190330654382705688e-02,1.627456843852996826e-01,2.936558127403259277e-01,4.485702812671661377e-01,-3.396953940391540527e-01,7.514889240264892578e-01,2.125614089891314507e-03,4.027570411562919617e-02,5.333477631211280823e-02,-1.100515127182006836e+00,-7.121601700782775879e-01,1.042779445648193359e+00,6.180387139320373535e-01,-2.396344840526580811e-01,7.751276250928640366e-03,-2.084189653396606445e-01
2.633660659193992615e-02,2.786372788250446320e-03,7.788246273994445801e-01,9.930595755577087402e-01,2.532482706010341644e-02,-1.725583337247371674e-02,1.135496422648429871e-01,6.329571455717086792e-02,1.239757239818572998e-01,2.932071983814239502e-01,1.278518587350845337e-01,-1.192253008484840393e-01,-1.050172522664070129e-01,1.856180429458618164e-01,-2.241491526365280151e-01,-3.418503403663635254e-01,1.374692022800445557e-01,-2.303844690322875977e-01,2.064740359783172607e-01,2.681468725204467773e-01,-8.921325206756591797e-02,1.619782149791717529e-01,2.906049191951751709e-01,4.472483694553375244e-01,-3.485632836818695068e-01,7.536173462867736816e-01,6.931656971573829651e-03,4.163898900151252747e-02,5.597364529967308044e-02,-1.110376119613647461e+00,-7.032757997512817383e-01,1.053843140602111816e+00,6.228478550910949707e-01,-2.461108565330505371e-01,6.180049385875463486e-03,-2.005196958780288696e-01
2.547810971736907959e-02,4.235363565385341644e-03,7.787965536117553711e-01,9.936895966529846191e-01,2.540255524218082428e-02,-1.944914832711219788e-02,1.075056046247482300e-01,7.167572528123855591e-02,1.237020343542098999e-01,3.060929477214813232e-01,1.280470192432403564e-01,-1.225184500217437744e-01,-1.031624823808670044e-01,1.837778240442276001e-01,-2.265204191207885742e-01,-3.304190933704376221e-01,1.403529196977615356e-01,-2.292919456958770752e-01,2.073456048965454102e-01,2.631886601448059082e-01,-8.646205067634582520e-02,1.615783721208572388e-01,2.875170409679412842e-01,4.473918378353118896e-01,-3.568640053272247314e-01,7.540223598480224609e-01,1.223438419401645660e-02,4.306373000144958496e-02,5.920788645744323730e-02,-1.120567917823791504e+00,-6.943837404251098633e-01,1.066849231719970703e+00,6.268129348754882812e-01,-2.551565766334533691e-01,5.040821619331836700e-03,-1.909978836774826050e-01
2.446256391704082489e-02,5.716018378734588623e-03,7.787704467773437500e-01,9.943147897720336914e-01,2.540596760809421539e-02,-2.154431492090225220e-02,1.011366769671440125e-01,7.975442707538604736e-02,1.234281510114669800e-01,3.193178772926330566e-01,1.281928718090057373e-01,-1.259698718786239624e-01,-1.014690175652503967e-01,1.809919625520706177e-01,-2.289158254861831665e-01,-3.186296224594116211e-01,1.435256898403167725e-01,-2.280489504337310791e-01,2.080873250961303711e-01,2.579091489315032959e-01,-8.377618342638015747e-02,1.614959985017776489e-01,2.841582894325256348e-01,4.488875269889831543e-01,-3.647373616695404053e-01,7.529881596565246582e-01,1.827868446707725525e-02,4.445725679397583008e-02,6.232734397053718567e-02,-1.130755305290222168e+00,-6.851899027824401855e-01,1.080614566802978516e+00,6.298325657844543457e-01,-2.674151360988616943e-01,5.310493987053632736e-03,-1.803801506757736206e-01
2.331152185797691345e-02,7.233113981783390045e-03,7.787500023841857910e-01,9.949158430099487305e-01,2.525655180215835571e-02,-2.336941659450531006e-02,9.464894980192184448e-02,8.710274100303649902e-02,1.233151331543922424e-01,3.322259485721588135e-01,1.281420439481735229e-01,-1.292052417993545532e-01,-1.000584959983825684e-01,1.770793497562408447e-01,-2.309461832046508789e-01,-3.066176474094390869e-01,1.469462513923645020e-01,-2.266428172588348389e-01,2.085736095905303955e-01,2.525143623352050781e-01,-8.121558278799057007e-02,1.616287976503372192e-01,2.803474962711334229e-01,4.515827596187591553e-01,-3.717918992042541504e-01,7.508094906806945801e-01,2.478993311524391174e-02,4.600614681839942932e-02,6.507474929094314575e-02,-1.140641450881958008e+00,-6.758316159248352051e-01,1.094003438949584961e+00,6.318150758743286133e-01,-2.800646722316741943e-01,6.380993872880935669e-03,-1.695221811532974243e-01
2.199258096516132355e-02,8.773611858487129211e-03,7.787669897079467773e-01,9.954788088798522949e-01,2.500703185796737671e-02,-2.493634261190891266e-02,8.817502856254577637e-02,9.371580928564071655e-02,1.233392804861068726e-01,3.446996510028839111e-01,1.278992593288421631e-01,-1.317910403013229370e-01,-9.905153512954711914e-02,1.720227599143981934e-01,-2.327878624200820923e-01,-2.945447266101837158e-01,1.508353501558303833e-01,-2.249951660633087158e-01,2.091814726591110229e-01,2.468485236167907715e-01,-7.889478653669357300e-02,1.620834320783615112e-01,2.761964797973632812e-01,4.554047286510467529e-01,-3.785723745822906494e-01,7.473967671394348145e-01,3.159116953611373901e-02,4.756159335374832153e-02,6.807765364646911621e-02,-1.150803923606872559e+00,-6.664467453956604004e-01,1.107054710388183594e+00,6.321054100990295410e-01,-2.935063242912292480e-01,8.119533769786357880e-03,-1.583779305219650269e-01
2.049238421022891998e-02,1.028677262365818024e-02,7.788261771202087402e-01,9.960158467292785645e-01,2.468679286539554596e-02,-2.627436071634292603e-02,8.156385272741317749e-02,9.977642446756362915e-02,1.235717758536338806e-01,3.577072024345397949e-01,1.274796575307846069e-01,-1.338419914245605469e-01,-9.825482219457626343e-02,1.658467054367065430e-01,-2.342747151851654053e-01,-2.818587720394134521e-01,1.550243943929672241e-01,-2.231526523828506470e-01,2.095749229192733765e-01,2.414156496524810791e-01,-7.691572606563568115e-02,1.629782468080520630e-01,2.714070379734039307e-01,4.603559672832489014e-01,-3.849811255931854248e-01,7.430564761161804199e-01,3.844221308827400208e-02,4.900417104363441467e-02,7.126802951097488403e-02,-1.160555243492126465e+00,-6.570322513580322266e-01,1.119073629379272461e+00,6.305618882179260254e-01,-3.070912361145019531e-01,9.248284623026847839e-03,-1.475777179002761841e-01
1.879405230283737183e-02,1.162651646882295609e-02,7.789312005043029785e-01,9.964983463287353516e-01,2.430009841918945312e-02,-2.726482227444648743e-02,7.521456480026245117e-02,1.046277731657028198e-01,1.239489689469337463e-01,3.702200055122375488e-01,1.268461346626281738e-01,-1.355474144220352173e-01,-9.766601026058197021e-02,1.585775464773178101e-01,-2.354528158903121948e-01,-2.697648406028747559e-01,1.594401299953460693e-01,-2.214468568563461304e-01,2.098926156759262085e-01,2.362251579761505127e-01,-7.533632218837738037e-02,1.639926433563232422e-01,2.665010988712310791e-01,4.658719599246978760e-01,-3.906768560409545898e-01,7.378475069999694824e-01,4.535297676920890808e-02,5.022532120347023010e-02,7.478917390108108521e-02,-1.169542789459228516e+00,-6.474725604057312012e-01,1.129103422164916992e+00,6.283291578292846680e-01,-3.172601461410522461e-01,9.820998646318912506e-03,-1.380366235971450806e-01
1.690121181309223175e-02,1.278201583772897720e-02,7.790586352348327637e-01,9.969373345375061035e-01,2.387862838804721832e-02,-2.799325436353683472e-02,6.900782138109207153e-02,1.084449589252471924e-01,1.244357153773307800e-01,3.826619684696197510e-01,1.261225044727325439e-01,-1.367408931255340576e-01,-9.729757905006408691e-02,1.506969332695007324e-01,-2.363032102584838867e-01,-2.579045593738555908e-01,1.635837107896804810e-01,-2.197646051645278931e-01,2.101856470108032227e-01,2.312605082988739014e-01,-7.407122105360031128e-02,1.652708649635314941e-01,2.617021501064300537e-01,4.713436663150787354e-01,-3.952438235282897949e-01,7.322003245353698730e-01,5.160891264677047729e-02,5.164327844977378845e-02,7.858359068632125854e-02,-1.177856087684631348e+00,-6.377764940261840820e-01,1.137870311737060547e+00,6.261029839515686035e-01,-3.276590108871459961e-01,1.004501897841691971e-02,-1.296649575233459473e-01
1.493833214044570923e-02,1.377603970468044281e-02,7.791864871978759766e-01,9.973235130310058594e-01,2.344217710196971893e-02,-2.843633107841014862e-02,6.314809620380401611e-02,1.108999028801918030e-01,1.250388473272323608e-01,3.943735063076019287e-01,1.254857927560806274e-01,-1.375321149826049805e-01,-9.672770649194717407e-02,1.426583528518676758e-01,-2.368019223213195801e-01,-2.469205260276794434e-01,1.670371592044830322e-01,-2.177292257547378540e-01,2.107032686471939087e-01,2.266108393669128418e-01,-7.318402826786041260e-02,1.665220260620117188e-01,2.572058737277984619e-01,4.759334325790405273e-01,-3.984958231449127197e-01,7.268154025077819824e-01,5.669783800840377808e-02,5.295550823211669922e-02,8.159744739532470703e-02,-1.185233831405639648e+00,-6.287238001823425293e-01,1.145148396492004395e+00,6.237381696701049805e-01,-3.365335762500762939e-01,1.019266527146100998e-02,-1.232501342892646790e-01
1.295957434922456741e-02,1.470303442329168320e-02,7.793174386024475098e-01,9.976681470870971680e-01,2.295961044728755951e-02,-2.869124896824359894e-02,5.751474574208259583e-02,1.124055832624435425e-01,1.258194893598556519e-01,4.053526520729064941e-01,1.250985115766525269e-01,-1.378943622112274170e-01,-9.599063545465469360e-02,1.345091909170150757e-01,-2.368214875459671021e-01,-2.363808304071426392e-01,1.697235852479934692e-01,-2.150786817073822021e-01,2.109040766954421997e-01,2.227253466844558716e-01,-7.248844951391220093e-02,1.679957956075668335e-01,2.528245151042938232e-01,4.795077443122863770e-01,-4.004583954811096191e-01,7.214671373367309570e-01,5.949566513299942017e-02,5.410895124077796936e-02,8.362510055303573608e-02,-1.191982626914978027e+00,-6.200640201568603516e-01,1.151265144348144531e+00,6.213910579681396484e-01,-3.449225127696990967e-01,1.048925984650850296e-02,-1.179973408579826355e-01
1.097666285932064056e-02,1.559690013527870178e-02,7.794491648674011230e-01,9.979739189147949219e-01,2.243390306830406189e-02,-2.871674671769142151e-02,5.215534195303916931e-02,1.129721254110336304e-01,1.267787367105484009e-01,4.157212674617767334e-01,1.249969601631164551e-01,-1.382069140672683716e-01,-9.504091739654541016e-02,1.261498034000396729e-01,-2.364532351493835449e-01,-2.264794111251831055e-01,1.716677695512771606e-01,-2.118615508079528809e-01,2.108733505010604858e-01,2.195142358541488647e-01,-7.187483459711074829e-02,1.694923341274261475e-01,2.486574798822402954e-01,4.821150302886962891e-01,-4.013508260250091553e-01,7.161675691604614258e-01,6.145606935024261475e-02,5.479156225919723511e-02,8.501622825860977173e-02,-1.198285222053527832e+00,-6.118728518486022949e-01,1.156717061996459961e+00,6.188209056854248047e-01,-3.535702228546142578e-01,1.046884059906005859e-02,-1.131538972258567810e-01
9.054306894540786743e-03,1.640753075480461121e-02,7.795672416687011719e-01,9.982379078865051270e-01,2.189849130809307098e-02,-2.853027358651161194e-02,4.719701036810874939e-02,1.129368692636489868e-01,1.278453618288040161e-01,4.253001213073730469e-01,1.249789148569107056e-01,-1.385208964347839355e-01,-9.410584717988967896e-02,1.175186708569526672e-01,-2.357629835605621338e-01,-2.170338928699493408e-01,1.732890903949737549e-01,-2.084947377443313599e-01,2.107106447219848633e-01,2.168360501527786255e-01,-7.139641046524047852e-02,1.710016578435897827e-01,2.450282871723175049e-01,4.839546680450439453e-01,-4.017260670661926270e-01,7.107731699943542480e-01,6.287106871604919434e-02,5.516326427459716797e-02,8.673593401908874512e-02,-1.203577637672424316e+00,-6.043065786361694336e-01,1.161357760429382324e+00,6.163800954818725586e-01,-3.631929457187652588e-01,1.036063302308320999e-02,-1.087193489074707031e-01
7.193498779088258743e-03,1.703891903162002563e-02,7.796591520309448242e-01,9.984692931175231934e-01,2.138586901128292084e-02,-2.811174839735031128e-02,4.256146401166915894e-02,1.124362871050834656e-01,1.289378702640533447e-01,4.343661665916442871e-01,1.248707249760627747e-01,-1.386960744857788086e-01,-9.334650635719299316e-02,1.087124571204185486e-01,-2.348800450563430786e-01,-2.079296112060546875e-01,1.746910512447357178e-01,-2.051644474267959595e-01,2.106285244226455688e-01,2.147522866725921631e-01,-7.116179168224334717e-02,1.722952872514724731e-01,2.418007999658584595e-01,4.849128127098083496e-01,-4.021854996681213379e-01,7.066278457641601562e-01,6.378856301307678223e-02,5.566437542438507080e-02,8.875008672475814819e-02,-1.208256721496582031e+00,-5.974858999252319336e-01,1.165536046028137207e+00,6.142253279685974121e-01,-3.725572526454925537e-01,9.678900241851806641e-03,-1.054502204060554504e-01
5.454714410006999969e-03,1.748711988329887390e-02,7.797455787658691406e-01,9.986680150032043457e-01,2.091884799301624298e-02,-2.757846005260944366e-02,3.826202452182769775e-02,1.117290556430816650e-01,1.300280094146728516e-01,4.427173435688018799e-01,1.246629580855369568e-01,-1.385166049003601074e-01,-9.279471635818481445e-02,1.002701669931411743e-01,-2.339375615119934082e-01,-1.997440308332443237e-01,1.760173141956329346e-01,-2.018652558326721191e-01,2.108046561479568481e-01,2.130974382162094116e-01,-7.117242366075515747e-02,1.733784973621368408e-01,2.393477559089660645e-01,4.846569895744323730e-01,-4.029175937175750732e-01,7.045804262161254883e-01,6.447704881429672241e-02,5.673965439200401306e-02,9.013053774833679199e-02,-1.212000131607055664e+00,-5.911654829978942871e-01,1.169223427772521973e+00,6.124331951141357422e-01,-3.801599442958831787e-01,8.092654868960380554e-03,-1.034845933318138123e-01
3.852412570267915726e-03,1.774760335683822632e-02,7.798144817352294922e-01,9.988375306129455566e-01,2.040733024477958679e-02,-2.705848217010498047e-02,3.427738696336746216e-02,1.109044626355171204e-01,1.313763111829757690e-01,4.502638876438140869e-01,1.244234964251518250e-01,-1.381668150424957275e-01,-9.267461299896240234e-02,9.281120449304580688e-02,-2.326533049345016479e-01,-1.926815807819366455e-01,1.768650561571121216e-01,-1.990060806274414062e-01,2.108304500579833984e-01,2.116148918867111206e-01,-7.141941040754318237e-02,1.740403622388839722e-01,2.376825511455535889e-01,4.833410382270812988e-01,-4.034087955951690674e-01,7.051064372062683105e-01,6.561952084302902222e-02,5.783135071396827698e-02,9.024514257907867432e-02,-1.214627981185913086e+00,-5.849462747573852539e-01,1.171453356742858887e+00,6.107750535011291504e-01,-3.855989575386047363e-01,6.392599083483219147e-03,-1.021644994616508484e-01
2.476734109222888947e-03,1.790220104157924652e-02,7.798758745193481445e-01,9.989702701568603516e-01,1.991556957364082336e-02,-2.661021612584590912e-02,3.088227845728397369e-02,1.100011318922042847e-01,1.328336149454116821e-01,4.566624164581298828e-01,1.242980733513832092e-01,-1.377048492431640625e-01,-9.277633577585220337e-02,8.644201606512069702e-02,-2.312539070844650269e-01,-1.866846084594726562e-01,1.776177138090133667e-01,-1.966537684202194214e-01,2.108388394117355347e-01,2.100033611059188843e-01,-7.188052684068679810e-02,1.744734942913055420e-01,2.368081510066986084e-01,4.810554087162017822e-01,-4.040494263172149658e-01,7.079584002494812012e-01,6.727368384599685669e-02,5.908457189798355103e-02,8.933386951684951782e-02,-1.216055274009704590e+00,-5.791072845458984375e-01,1.172772645950317383e+00,6.094713211059570312e-01,-3.905395865440368652e-01,3.953236620873212814e-03,-1.016050204634666443e-01
1.399332191795110703e-03,1.810715720057487488e-02,7.799149155616760254e-01,9.990750551223754883e-01,1.944323442876338959e-02,-2.635853551328182220e-02,2.786113321781158447e-02,1.098014563322067261e-01,1.342656761407852173e-01,4.623716771602630615e-01,1.240230500698089600e-01,-1.371164768934249878e-01,-9.315198659896850586e-02,8.140826970338821411e-02,-2.297108173370361328e-01,-1.813702583312988281e-01,1.782875210046768188e-01,-1.947224885225296021e-01,2.106660902500152588e-01,2.085663229227066040e-01,-7.254716008901596069e-02,1.747075319290161133e-01,2.361870557069778442e-01,4.779896140098571777e-01,-4.047898054122924805e-01,7.126630544662475586e-01,6.842754781246185303e-02,6.031411141157150269e-02,8.786037564277648926e-02,-1.216523885726928711e+00,-5.738014578819274902e-01,1.173313617706298828e+00,6.079264879226684570e-01,-3.957536816596984863e-01,1.896220608614385128e-03,-1.012004464864730835e-01
6.458587013185024261e-04,1.833667792379856110e-02,7.799570560455322266e-01,9.991582632064819336e-01,1.903917640447616577e-02,-2.630979008972644806e-02,2.506155334413051605e-02,1.104795709252357483e-01,1.356199234724044800e-01,4.676750004291534424e-01,1.238458454608917236e-01,-1.368482112884521484e-01,-9.368482977151870728e-02,7.724969834089279175e-02,-2.282942682504653931e-01,-1.765457540750503540e-01,1.793252080678939819e-01,-1.930731236934661865e-01,2.103984057903289795e-01,2.073993682861328125e-01,-7.343185693025588989e-02,1.747072339057922363e-01,2.359304577112197876e-01,4.746538996696472168e-01,-4.056373834609985352e-01,7.180826663970947266e-01,6.926185637712478638e-02,6.173479557037353516e-02,8.606190234422683716e-02,-1.215923070907592773e+00,-5.690745711326599121e-01,1.173776865005493164e+00,6.058204770088195801e-01,-3.998386561870574951e-01,-5.746790520788636059e-06,-1.010479107499122620e-01
2.128735650330781937e-04,1.849157921969890594e-02,7.799864411354064941e-01,9.992168545722961426e-01,1.870389282703399658e-02,-2.643392607569694519e-02,2.273852005600929260e-02,1.116615533828735352e-01,1.368493288755416870e-01,4.721356928348541260e-01,1.236468330025672913e-01,-1.370230615139007568e-01,-9.428426623344421387e-02,7.420229911804199219e-02,-2.269614636898040771e-01,-1.724107414484024048e-01,1.801678687334060669e-01,-1.918652355670928955e-01,2.100686281919479370e-01,2.063267379999160767e-01,-7.461769133806228638e-02,1.742482930421829224e-01,2.356774955987930298e-01,4.713911414146423340e-01,-4.066457748413085938e-01,7.239640355110168457e-01,6.920044869184494019e-02,6.290900707244873047e-02,8.380547165870666504e-02,-1.214571595191955566e+00,-5.644237399101257324e-01,1.173478364944458008e+00,6.035973429679870605e-01,-4.030868709087371826e-01,-7.200561813078820705e-04,-1.008485779166221619e-01
-2.149725332856178284e-06,1.856546849012374878e-02,7.800194621086120605e-01,9.992582201957702637e-01,1.841625943779945374e-02,-2.661085501313209534e-02,2.087270095944404602e-02,1.128610372543334961e-01,1.379127353429794312e-01,4.756608605384826660e-01,1.234294921159744263e-01,-1.373379379510879517e-01,-9.494633227586746216e-02,7.208833098411560059e-02,-2.258481830358505249e-01,-1.693436354398727417e-01,1.809718012809753418e-01,-1.909716427326202393e-01,2.094789743423461914e-01,2.053807228803634644e-01,-7.590175420045852661e-02,1.733577400445938110e-01,2.355747669935226440e-01,4.681568443775177002e-01,-4.077233970165252686e-01,7.296525239944458008e-01,6.906827539205551147e-02,6.394995003938674927e-02,8.177359402179718018e-02,-1.212841391563415527e+00,-5.600064992904663086e-01,1.174364805221557617e+00,6.012310385704040527e-01,-4.041470587253570557e-01,-1.883278717286884785e-03,-1.017525941133499146e-01
-1.492953160777688026e-04,1.851586066186428070e-02,7.800266742706298828e-01,9.992824196815490723e-01,1.817721314728260040e-02,-2.693606726825237274e-02,1.946027018129825592e-02,1.142295971512794495e-01,1.389333903789520264e-01,4.782566726207733154e-01,1.231967955827713013e-01,-1.376524269580841064e-01,-9.545253962278366089e-02,7.109499722719192505e-02,-2.248589992523193359e-01,-1.671268045902252197e-01,1.817026585340499878e-01,-1.905779093503952026e-01,2.091661393642425537e-01,2.042869776487350464e-01,-7.735003530979156494e-02,1.722664833068847656e-01,2.356527298688888550e-01,4.650316238403320312e-01,-4.089466333389282227e-01,7.346467971801757812e-01,6.934256106615066528e-02,6.497326493263244629e-02,7.973660528659820557e-02,-1.210782170295715332e+00,-5.556119084358215332e-01,1.175099968910217285e+00,5.987848639488220215e-01,-4.041419625282287598e-01,-2.933462616056203842e-03,-1.032004728913307190e-01
-2.764652017503976822e-04,1.831124164164066315e-02,7.800393104553222656e-01,9.992954134941101074e-01,1.787742786109447479e-02,-2.745108120143413544e-02,1.831358671188354492e-02,1.161233708262443542e-01,1.402290910482406616e-01,4.804877936840057373e-01,1.230383217334747314e-01,-1.380069404840469360e-01,-9.639725834131240845e-02,7.120060920715332031e-02,-2.235812097787857056e-01,-1.655208170413970947e-01,1.819237470626831055e-01,-1.904462426900863647e-01,2.087839245796203613e-01,2.032587379217147827e-01,-7.868776470422744751e-02,1.709879785776138306e-01,2.360056787729263306e-01,4.623492956161499023e-01,-4.099069833755493164e-01,7.394055724143981934e-01,7.041200995445251465e-02,6.581536680459976196e-02,7.873973250389099121e-02,-1.209075808525085449e+00,-5.514932274818420410e-01,1.175924897193908691e+00,5.963494777679443359e-01,-4.015948176383972168e-01,-3.984908107668161392e-03,-1.042849496006965637e-01
-3.223838284611701965e-04,1.801250874996185303e-02,7.800728678703308105e-01,9.993011951446533203e-01,1.757830567657947540e-02,-2.805854380130767822e-02,1.734405383467674255e-02,1.183166652917861938e-01,1.416122764348983765e-01,4.826770424842834473e-01,1.230022758245468140e-01,-1.382182091474533081e-01,-9.728597849607467651e-02,7.169149816036224365e-02,-2.223197817802429199e-01,-1.642431467771530151e-01,1.819810569286346436e-01,-1.903925687074661255e-01,2.084821015596389771e-01,2.022633552551269531e-01,-7.985417544841766357e-02,1.694824844598770142e-01,2.366726100444793701e-01,4.601966142654418945e-01,-4.109717607498168945e-01,7.438129186630249023e-01,7.118584215641021729e-02,6.679269671440124512e-02,7.876192033290863037e-02,-1.207507610321044922e+00,-5.477344989776611328e-01,1.176481246948242188e+00,5.943679213523864746e-01,-3.984496891498565674e-01,-5.412574857473373413e-03,-1.060871034860610962e-01
-2.450068714097142220e-04,1.776893809437751770e-02,7.800855040550231934e-01,9.993038177490234375e-01,1.726021245121955872e-02,-2.867278270423412323e-02,1.648737490177154541e-02,1.206314936280250549e-01,1.430466026067733765e-01,4.849070608615875244e-01,1.230121552944183350e-01,-1.383751630783081055e-01,-9.808936715126037598e-02,7.255607843399047852e-02,-2.210899889469146729e-01,-1.634998917579650879e-01,1.816610544919967651e-01,-1.903531104326248169e-01,2.080001980066299438e-01,2.012846022844314575e-01,-8.092483878135681152e-02,1.677924841642379761e-01,2.373580187559127808e-01,4.585896134376525879e-01,-4.121355712413787842e-01,7.480503320693969727e-01,7.109050452709197998e-02,6.771370768547058105e-02,7.921934127807617188e-02,-1.206233739852905273e+00,-5.443443655967712402e-01,1.176890969276428223e+00,5.928803682327270508e-01,-3.967262208461761475e-01,-6.904354784637689590e-03,-1.082353964447975159e-01
-7.716543041169643402e-05,1.768555678427219391e-02,7.800576686859130859e-01,9.993062019348144531e-01,1.695813797414302826e-02,-2.924983762204647064e-02,1.561751402914524078e-02,1.229742467403411865e-01,1.443265378475189209e-01,4.870840311050415039e-01,1.229768097400665283e-01,-1.387462317943572998e-01,-9.868033975362777710e-02,7.372730970382690430e-02,-2.200023531913757324e-01,-1.631342470645904541e-01,1.806351691484451294e-01,-1.900127977132797241e-01,2.076692134141921997e-01,2.004866003990173340e-01,-8.185125887393951416e-02,1.660907715559005737e-01,2.380269616842269897e-01,4.573168158531188965e-01,-4.136438667774200439e-01,7.521314024925231934e-01,6.956037878990173340e-02,6.831307709217071533e-02,7.941417396068572998e-02,-1.204935193061828613e+00,-5.411259531974792480e-01,1.177290081977844238e+00,5.919436216354370117e-01,-3.969350755214691162e-01,-9.378245100378990173e-03,-1.105540096759796143e-01
1.004684017971158028e-04,1.778057217597961426e-02,7.799861431121826172e-01,9.993051290512084961e-01,1.676359958946704865e-02,-2.980381064116954803e-02,1.482834853231906891e-02,1.251246780157089233e-01,1.452329307794570923e-01,4.893242716789245605e-01,1.228168159723281860e-01,-1.393540203571319580e-01,-9.882287681102752686e-02,7.511572539806365967e-02,-2.192352414131164551e-01,-1.628626585006713867e-01,1.792416572570800781e-01,-1.896077841520309448e-01,2.077159881591796875e-01,1.997794061899185181e-01,-8.279139548540115356e-02,1.646989583969116211e-01,2.380491197109222412e-01,4.563794136047363281e-01,-4.155574440956115723e-01,7.562747597694396973e-01,6.705019623041152954e-02,6.870935857295989990e-02,7.928405702114105225e-02,-1.204191207885742188e+00,-5.382847189903259277e-01,1.178513288497924805e+00,5.913178920745849609e-01,-3.983555138111114502e-01,-1.118412613868713379e-02,-1.118566319346427917e-01
2.190681407228112221e-04,1.796422526240348816e-02,7.799134850502014160e-01,9.993026256561279297e-01,1.663431525230407715e-02,-3.024492040276527405e-02,1.424343418329954147e-02,1.265733987092971802e-01,1.458481401205062866e-01,4.913740754127502441e-01,1.227606981992721558e-01,-1.397724300622940063e-01,-9.893949329853057861e-02,7.629437744617462158e-02,-2.187764197587966919e-01,-1.627471148967742920e-01,1.776704490184783936e-01,-1.887032240629196167e-01,2.081399112939834595e-01,1.991062611341476440e-01,-8.358740061521530151e-02,1.635232269763946533e-01,2.371640801429748535e-01,4.556687176227569580e-01,-4.172555208206176758e-01,7.606455683708190918e-01,6.449836492538452148e-02,6.916767358779907227e-02,7.869925349950790405e-02,-1.203428506851196289e+00,-5.361453294754028320e-01,1.180389404296875000e+00,5.914328694343566895e-01,-4.003139138221740723e-01,-1.257723476737737656e-02,-1.120258867740631104e-01
1.562241814099252224e-04,1.818864978849887848e-02,7.798738479614257812e-01,9.992998242378234863e-01,1.654516160488128662e-02,-3.065130859613418579e-02,1.365895289927721024e-02,1.274684965610504150e-01,1.461502462625503540e-01,4.932659566402435303e-01,1.227766200900077820e-01,-1.401239484548568726e-01,-9.890072792768478394e-02,7.735060155391693115e-02,-2.184557765722274780e-01,-1.622966527938842773e-01,1.756641566753387451e-01,-1.869427114725112915e-01,2.087007015943527222e-01,1.987979859113693237e-01,-8.410467952489852905e-02,1.627147793769836426e-01,2.354995310306549072e-01,4.551973044872283936e-01,-4.185067713260650635e-01,7.643945217132568359e-01,6.166072562336921692e-02,6.958445906639099121e-02,7.793097943067550659e-02,-1.203050017356872559e+00,-5.348294973373413086e-01,1.182951688766479492e+00,5.912865400314331055e-01,-4.038895964622497559e-01,-1.289065834134817123e-02,-1.110044419765472412e-01
-9.657142800278961658e-05,1.849066279828548431e-02,7.798511981964111328e-01,9.992964863777160645e-01,1.651689410209655762e-02,-3.104509040713310242e-02,1.303800474852323532e-02,1.279323250055313110e-01,1.461564004421234131e-01,4.950504004955291748e-01,1.229494512081146240e-01,-1.403006613254547119e-01,-9.889319539070129395e-02,7.817304134368896484e-02,-2.183645367622375488e-01,-1.615313589572906494e-01,1.734278202056884766e-01,-1.847623586654663086e-01,2.096127569675445557e-01,1.988594979047775269e-01,-8.439374715089797974e-02,1.623082756996154785e-01,2.332434207201004028e-01,4.550106525421142578e-01,-4.197926521301269531e-01,7.673372030258178711e-01,6.000527739524841309e-02,6.991591304540634155e-02,7.726206630468368530e-02,-1.202787399291992188e+00,-5.344669818878173828e-01,1.185404896736145020e+00,5.914413332939147949e-01,-4.075961410999298096e-01,-1.234809122979640961e-02,-1.099664196372032166e-01
-4.795467539224773645e-04,1.887834817171096802e-02,7.798372507095336914e-01,9.992910623550415039e-01,1.652103289961814880e-02,-3.142414242029190063e-02,1.252618525177240372e-02,1.282583773136138916e-01,1.459645330905914307e-01,4.967910349369049072e-01,1.232362315058708191e-01,-1.402620077133178711e-01,-9.875408560037612915e-02,7.852733135223388672e-02,-2.184700220823287964e-01,-1.606195122003555298e-01,1.718470603227615356e-01,-1.828313320875167847e-01,2.105563879013061523e-01,1.989096105098724365e-01,-8.434871584177017212e-02,1.621869653463363647e-01,2.310861200094223022e-01,4.550291895866394043e-01,-4.210202395915985107e-01,7.692551016807556152e-01,5.917502939701080322e-02,7.005470991134643555e-02,7.685644924640655518e-02,-1.203265070915222168e+00,-5.350915789604187012e-01,1.188027143478393555e+00,5.920078158378601074e-01,-4.107652306556701660e-01,-1.141904760152101517e-02,-1.093925610184669495e-01
-9.417595574632287025e-04,1.933402195572853088e-02,7.798229455947875977e-01,9.992862939834594727e-01,1.652794331312179565e-02,-3.172318637371063232e-02,1.213604770600795746e-02,1.285706758499145508e-01,1.458077430725097656e-01,4.983785152435302734e-01,1.235484480857849121e-01,-1.398351937532424927e-01,-9.863207489252090454e-02,7.848765701055526733e-02,-2.186821252107620239e-01,-1.599664092063903809e-01,1.706407368183135986e-01,-1.812066584825515747e-01,2.114745229482650757e-01,1.988804489374160767e-01,-8.412041515111923218e-02,1.621544957160949707e-01,2.293591499328613281e-01,4.552797079086303711e-01,-4.226756691932678223e-01,7.702240347862243652e-01,6.038351729512214661e-02,6.995630264282226562e-02,7.653383910655975342e-02,-1.204264402389526367e+00,-5.366032123565673828e-01,1.190438508987426758e+00,5.937018394470214844e-01,-4.108354449272155762e-01,-1.099871564656496048e-02,-1.090661287307739258e-01
-1.403239206410944462e-03,1.982575282454490662e-02,7.798305153846740723e-01,9.992799758911132812e-01,1.655293256044387817e-02,-3.197569772601127625e-02,1.196236908435821533e-02,1.288983970880508423e-01,1.456695348024368286e-01,4.997579753398895264e-01,1.238279715180397034e-01,-1.391928344964981079e-01,-9.856148064136505127e-02,7.835716754198074341e-02,-2.190287858247756958e-01,-1.599694639444351196e-01,1.695423275232315063e-01,-1.797853708267211914e-01,2.120304256677627563e-01,1.988485157489776611e-01,-8.386876434087753296e-02,1.621721982955932617e-01,2.280883938074111938e-01,4.556743800640106201e-01,-4.243941903114318848e-01,7.705129384994506836e-01,6.206705793738365173e-02,6.992445886135101318e-02,7.624216377735137939e-02,-1.205677747726440430e+00,-5.389198064804077148e-01,1.192297697067260742e+00,5.959764719009399414e-01,-4.084207415580749512e-01,-1.201575249433517456e-02,-1.086251363158226013e-01
-1.836497569456696510e-03,2.026277780532836914e-02,7.798684239387512207e-01,9.992715120315551758e-01,1.661669462919235229e-02,-3.211290389299392700e-02,1.220763474702835083e-02,1.284456700086593628e-01,1.454346030950546265e-01,5.004483461380004883e-01,1.242514625191688538e-01,-1.384015083312988281e-01,-9.820370376110076904e-02,7.825043052434921265e-02,-2.195373624563217163e-01,-1.607036888599395752e-01,1.682015210390090942e-01,-1.784531474113464355e-01,2.123298197984695435e-01,1.987136900424957275e-01,-8.374501764774322510e-02,1.621683537960052490e-01,2.268764525651931763e-01,4.562202692031860352e-01,-4.258828163146972656e-01,7.698491811752319336e-01,6.297636032104492188e-02,6.997905671596527100e-02,7.590583711862564087e-02,-1.207211017608642578e+00,-5.420288443565368652e-01,1.193330764770507812e+00,5.979354381561279297e-01,-4.045908749103546143e-01,-1.358686294406652451e-02,-1.072328835725784302e-01
-2.211921149864792824e-03,2.056606672704219818e-02,7.799361944198608398e-01,9.992632269859313965e-01,1.667492277920246124e-02,-3.214965760707855225e-02,1.270263362675905228e-02,1.272723078727722168e-01,1.452738046646118164e-01,5.008226037025451660e-01,1.248985528945922852e-01,-1.377002298831939697e-01,-9.764457494020462036e-02,7.814083248376846313e-02,-2.200677543878555298e-01,-1.616875976324081421e-01,1.667333841323852539e-01,-1.771764755249023438e-01,2.123294919729232788e-01,1.987072527408599854e-01,-8.366007357835769653e-02,1.620917469263076782e-01,2.254845499992370605e-01,4.567716717720031738e-01,-4.265711009502410889e-01,7.684199213981628418e-01,6.279485672712326050e-02,6.965847313404083252e-02,7.544515281915664673e-02,-1.207645773887634277e+00,-5.457496643066406250e-01,1.192370295524597168e+00,5.993628501892089844e-01,-4.010044634342193604e-01,-1.495068147778511047e-02,-1.057363450527191162e-01
-2.539066830649971962e-03,2.062069624662399292e-02,7.799741029739379883e-01,9.992504715919494629e-01,1.675792969763278961e-02,-3.220194950699806213e-02,1.344300527125597000e-02,1.258129030466079712e-01,1.450359672307968140e-01,5.009881854057312012e-01,1.255155503749847412e-01,-1.369388699531555176e-01,-9.727170318365097046e-02,7.861170917749404907e-02,-2.206937819719314575e-01,-1.626436710357666016e-01,1.650366932153701782e-01,-1.760970503091812134e-01,2.123270630836486816e-01,1.985813379287719727e-01,-8.375015854835510254e-02,1.620720475912094116e-01,2.243099510669708252e-01,4.571261405944824219e-01,-4.265118539333343506e-01,7.666674852371215820e-01,6.267148256301879883e-02,6.924781203269958496e-02,7.455787062644958496e-02,-1.207020640373229980e+00,-5.497467517852783203e-01,1.189200520515441895e+00,6.004419922828674316e-01,-3.974920511245727539e-01,-1.567688584327697754e-02,-1.041878834366798401e-01
-2.898069564253091812e-03,2.052764780819416046e-02,7.799785137176513672e-01,9.992383122444152832e-01,1.684528775513172150e-02,-3.223168104887008667e-02,1.414762530475854874e-02,1.243543699383735657e-01,1.447583734989166260e-01,5.016038417816162109e-01,1.259770244359970093e-01,-1.362315565347671509e-01,-9.687817096710205078e-02,7.917334884405136108e-02,-2.213693261146545410e-01,-1.630408018827438354e-01,1.638723164796829224e-01,-1.751239001750946045e-01,2.127078622579574585e-01,1.983641833066940308e-01,-8.401642739772796631e-02,1.619560122489929199e-01,2.238419055938720703e-01,4.571108818054199219e-01,-4.255256950855255127e-01,7.638022303581237793e-01,6.302336603403091431e-02,6.882335990667343140e-02,7.348105311393737793e-02,-1.205570459365844727e+00,-5.538057088851928711e-01,1.185119986534118652e+00,6.007381081581115723e-01,-3.943683803081512451e-01,-1.597446203231811523e-02,-1.029855012893676758e-01
-3.421378321945667267e-03,2.051625773310661316e-02,7.799788713455200195e-01,9.992244243621826172e-01,1.694628223776817322e-02,-3.225275129079818726e-02,1.493802107870578766e-02,1.229631379246711731e-01,1.444853842258453369e-01,5.022700428962707520e-01,1.262086778879165649e-01,-1.355428397655487061e-01,-9.613918513059616089e-02,7.980896532535552979e-02,-2.221402227878570557e-01,-1.634732037782669067e-01,1.634798049926757812e-01,-1.743203103542327881e-01,2.131846398115158081e-01,1.977632492780685425e-01,-8.455567806959152222e-02,1.618204712867736816e-01,2.245195508003234863e-01,4.567842781543731689e-01,-4.240534901618957520e-01,7.598834037780761719e-01,6.474664062261581421e-02,6.778016686439514160e-02,7.227122783660888672e-02,-1.203069210052490234e+00,-5.576097369194030762e-01,1.179621338844299316e+00,5.995457768440246582e-01,-3.919470906257629395e-01,-1.621242985129356384e-02,-1.012571901082992554e-01
-4.058060236275196075e-03,2.057036012411117554e-02,7.800468206405639648e-01,9.992118477821350098e-01,1.707708835601806641e-02,-3.211444616317749023e-02,1.589509285986423492e-02,1.214347183704376221e-01,1.440993100404739380e-01,5.028477907180786133e-01,1.258276849985122681e-01,-1.351292729377746582e-01,-9.489011764526367188e-02,7.985566556453704834e-02,-2.228009998798370361e-01,-1.636290103197097778e-01,1.634465157985687256e-01,-1.732506752014160156e-01,2.129967063665390015e-01,1.969032734632492065e-01,-8.536841720342636108e-02,1.612517684698104858e-01,2.261834740638732910e-01,4.564292430877685547e-01,-4.214282631874084473e-01,7.548688054084777832e-01,6.617793440818786621e-02,6.579378992319107056e-02,7.092864066362380981e-02,-1.199157834053039551e+00,-5.607708096504211426e-01,1.172657012939453125e+00,5.984362363815307617e-01,-3.889067173004150391e-01,-1.599541120231151581e-02,-9.807355701923370361e-02
