4.712029476650059223e-04,-3.665895783342421055e-04,7.860409021377563477e-01,9.997623562812805176e-01,-1.031193998642265797e-03,2.177593111991882324e-02,-1.272185763809829950e-04,3.370369970798492432e-02,1.720235645771026611e-01,4.539583027362823486e-01,1.155116856098175049e-01,-1.259538829326629639e-01,-1.436622291803359985e-01,-4.183123260736465454e-02,-1.401262283325195312e-01,-1.589501053094863892e-01,1.260719895362854004e-01,-1.226540654897689819e-01,1.546585559844970703e-01,-1.472704671323299408e-02,7.086243713274598122e-04,5.241682007908821106e-02,1.463572680950164795e-01,3.725578188896179199e-01,-4.419627487659454346e-01,7.112703323364257812e-01,1.419575214385986328e-01,8.458580821752548218e-02,1.310474891215562820e-02,-1.837094575166702271e-01,-3.411143720149993896e-01,8.454175591468811035e-01,8.880451321601867676e-01,-1.808035001158714294e-02,4.987334087491035461e-02,9.676120243966579437e-03
4.284589958842843771e-04,-3.782991552725434303e-04,7.860081195831298828e-01,9.997702836990356445e-01,-9.574563591741025448e-04,2.140960842370986938e-02,-2.163523167837411165e-04,3.415930643677711487e-02,1.716023832559585571e-01,4.530649781227111816e-01,1.156093403697013855e-01,-1.274174153804779053e-01,-1.434227973222732544e-01,-4.082214832305908203e-02,-1.402697414159774780e-01,-1.592118442058563232e-01,1.266679316759109497e-01,-1.223832815885543823e-01,1.549869924783706665e-01,-1.424358319491147995e-02,9.625602979212999344e-04,5.176591873168945312e-02,1.475143730640411377e-01,3.729486167430877686e-01,-4.407047927379608154e-01,7.095409035682678223e-01,1.419805139303207397e-01,8.648483455181121826e-02,9.666819125413894653e-03,-1.804005652666091919e-01,-3.416399657726287842e-01,8.385443091392517090e-01,8.809533119201660156e-01,-1.643096283078193665e-02,4.995161667466163635e-02,9.144974872469902039e-03
3.228140994906425476e-04,-4.467890830710530281e-04,7.859039306640625000e-01,9.997746944427490234e-01,-9.095198474824428558e-04,2.120644785463809967e-02,-7.113855826901271939e-05,3.426060825586318970e-02,1.713623702526092529e-01,4.525622427463531494e-01,1.156604513525962830e-01,-1.277695745229721069e-01,-1.431408375501632690e-01,-4.025467485189437866e-02,-1.404981762170791626e-01,-1.598765701055526733e-01,1.270828098058700562e-01,-1.225759387016296387e-01,1.550696939229965210e-01,-1.497766654938459396e-02,1.298359828069806099e-03,5.088884755969047546e-02,1.501725912094116211e-01,3.729185163974761963e-01,-4.382298290729522705e-01,7.071501016616821289e-01,1.430759280920028687e-01,8.714243769645690918e-02,6.817392539232969284e-03,-1.766728311777114868e-01,-3.419589102268218994e-01,8.316260576248168945e-01,8.707923293113708496e-01,-7.072378881275653839e-03,4.930546507239341736e-02,8.895489387214183807e-03
2.717531460803002119e-04,-4.777463618665933609e-04,7.857928276062011719e-01,9.997795820236206055e-01,-8.592162048444151878e-04,2.097646147012710571e-02,2.639253507368266582e-04,3.431089967489242554e-02,1.711215376853942871e-01,4.515882432460784912e-01,1.158052384853363037e-01,-1.281695812940597534e-01,-1.428789496421813965e-01,-3.967791795730590820e-02,-1.406057626008987427e-01,-1.606634408235549927e-01,1.271957457065582275e-01,-1.230216100811958313e-01,1.550536751747131348e-01,-1.604088582098484039e-02,1.411058474332094193e-03,4.973413050174713135e-02,1.534008681774139404e-01,3.726508617401123047e-01,-4.355575442314147949e-01,7.048791646957397461e-01,1.446046233177185059e-01,8.796594291925430298e-02,5.191419739276170731e-03,-1.715449839830398560e-01,-3.419388830661773682e-01,8.232842087745666504e-01,8.586485981941223145e-01,7.092646788805723190e-03,4.783377423882484436e-02,8.557995781302452087e-03
2.859770902432501316e-04,-4.884777008555829525e-04,7.857006192207336426e-01,9.997853636741638184e-01,-8.347023976966738701e-04,2.069267630577087402e-02,6.670018192380666733e-04,3.452747687697410583e-02,1.709711700677871704e-01,4.505863189697265625e-01,1.158876419067382812e-01,-1.286208331584930420e-01,-1.429098695516586304e-01,-3.904974833130836487e-02,-1.405426114797592163e-01,-1.607860028743743896e-01,1.271859854459762573e-01,-1.235736459493637085e-01,1.548773944377899170e-01,-1.701218634843826294e-02,1.404687063768506050e-03,4.848371818661689758e-02,1.559690088033676147e-01,3.721737265586853027e-01,-4.331677854061126709e-01,7.034212350845336914e-01,1.446069777011871338e-01,8.841648697853088379e-02,4.743526689708232880e-03,-1.651159673929214478e-01,-3.419562876224517822e-01,8.134375810623168945e-01,8.444302082061767578e-01,2.549980580806732178e-02,4.504603147506713867e-02,8.477292954921722412e-03
3.666411503218114376e-04,-4.296460538171231747e-04,7.856181859970092773e-01,9.997909069061279297e-01,-8.141733123920857906e-04,2.040488459169864655e-02,1.067600562237203121e-03,3.485881164669990540e-02,1.708219498395919800e-01,4.496595859527587891e-01,1.158567517995834351e-01,-1.288757771253585815e-01,-1.430630087852478027e-01,-3.818561881780624390e-02,-1.404583454132080078e-01,-1.604909896850585938e-01,1.269189864397048950e-01,-1.240390911698341370e-01,1.547756940126419067e-01,-1.817998848855495453e-02,1.174172037281095982e-03,4.705153778195381165e-02,1.584190577268600464e-01,3.717019259929656982e-01,-4.307365119457244873e-01,7.021775841712951660e-01,1.446393579244613647e-01,8.846672624349594116e-02,3.944095689803361893e-03,-1.574862748384475708e-01,-3.421376347541809082e-01,8.022695183753967285e-01,8.274528384208679199e-01,4.797721654176712036e-02,4.116258025169372559e-02,8.441848680377006531e-03
4.964953986927866936e-04,-3.612537402659654617e-04,7.855855226516723633e-01,9.997934103012084961e-01,-7.848932291381061077e-04,2.025671489536762238e-02,1.482545514591038227e-03,3.464528545737266541e-02,1.706147491931915283e-01,4.487145543098449707e-01,1.159153357148170471e-01,-1.289754360914230347e-01,-1.431414484977722168e-01,-3.759048506617546082e-02,-1.405394226312637329e-01,-1.605389863252639771e-01,1.264307051897048950e-01,-1.241954043507575989e-01,1.547045111656188965e-01,-1.942246779799461365e-02,7.286185864359140396e-04,4.551874473690986633e-02,1.607180386781692505e-01,3.713304400444030762e-01,-4.280657768249511719e-01,7.009660005569458008e-01,1.450704634189605713e-01,8.815502375364303589e-02,2.942554885521531105e-03,-1.489123255014419556e-01,-3.426623642444610596e-01,7.896099686622619629e-01,8.088614940643310547e-01,7.492896169424057007e-02,3.584748879075050354e-02,8.556501939892768860e-03
6.363671855069696903e-04,-3.587419050745666027e-04,7.855629920959472656e-01,9.997933506965637207e-01,-7.478748448193073273e-04,2.021723985671997070e-02,2.013032557442784309e-03,3.396041691303253174e-02,1.703466922044754028e-01,4.475663900375366211e-01,1.160682961344718933e-01,-1.290837526321411133e-01,-1.431568562984466553e-01,-3.710123151540756226e-02,-1.406984776258468628e-01,-1.607806533575057983e-01,1.258396357297897339e-01,-1.240896880626678467e-01,1.546956598758697510e-01,-2.075521089136600494e-02,1.169433089671656489e-04,4.397320747375488281e-02,1.627376377582550049e-01,3.709074556827545166e-01,-4.250178337097167969e-01,6.999573707580566406e-01,1.442327797412872314e-01,8.748949319124221802e-02,1.858819276094436646e-03,-1.389133185148239136e-01,-3.437677323818206787e-01,7.743082046508789062e-01,7.887516021728515625e-01,1.098652482032775879e-01,2.852881699800491333e-02,8.674157783389091492e-03
7.242453866638243198e-04,-2.802232047542929649e-04,7.855286598205566406e-01,9.997928142547607422e-01,-7.192792836576700211e-04,2.017023041844367981e-02,2.639915561303496361e-03,3.335196524858474731e-02,1.700850725173950195e-01,4.464758336544036865e-01,1.161549538373947144e-01,-1.292984634637832642e-01,-1.431039869785308838e-01,-3.640461713075637817e-02,-1.409887224435806274e-01,-1.612553298473358154e-01,1.253355294466018677e-01,-1.239570677280426025e-01,1.547390818595886230e-01,-2.205384895205497742e-02,-5.419347435235977173e-04,4.268426075577735901e-02,1.648438423871994019e-01,3.702650070190429688e-01,-4.217495918273925781e-01,6.991480588912963867e-01,1.421420425176620483e-01,8.669171482324600220e-02,9.833849035203456879e-04,-1.278479248285293579e-01,-3.453224599361419678e-01,7.571550011634826660e-01,7.679907679557800293e-01,1.528389453887939453e-01,1.938423141837120056e-02,8.350552991032600403e-03
8.438420481979846954e-04,-3.089313686359673738e-04,7.854752540588378906e-01,9.997932910919189453e-01,-6.995047442615032196e-04,2.006384171545505524e-02,3.214034251868724823e-03,3.320163488388061523e-02,1.697426140308380127e-01,4.455958306789398193e-01,1.161149740219116211e-01,-1.294352710247039795e-01,-1.430308967828750610e-01,-3.557337075471878052e-02,-1.413659900426864624e-01,-1.619330197572708130e-01,1.250254064798355103e-01,-1.240137293934822083e-01,1.547112762928009033e-01,-2.329539880156517029e-02,-1.124516711570322514e-03,4.196802526712417603e-02,1.669126152992248535e-01,3.693423271179199219e-01,-4.186117351055145264e-01,6.992310881614685059e-01,1.394366919994354248e-01,8.619307726621627808e-02,9.895993862301111221e-04,-1.174246817827224731e-01,-3.469460010528564453e-01,7.402516007423400879e-01,7.488439679145812988e-01,1.972311288118362427e-01,9.962952695786952972e-03,6.417062599211931229e-03
9.158489992842078209e-04,-2.815574989654123783e-04,7.854205965995788574e-01,9.997941255569458008e-01,-6.848585908301174641e-04,1.996432244777679443e-02,3.563048085197806358e-03,3.343250602483749390e-02,1.693982332944869995e-01,4.450940191745758057e-01,1.160260811448097229e-01,-1.295431703329086304e-01,-1.429677903652191162e-01,-3.502189368009567261e-02,-1.416808664798736572e-01,-1.622904688119888306e-01,1.250128895044326782e-01,-1.241860166192054749e-01,1.545038074254989624e-01,-2.442711964249610901e-02,-1.519430195912718773e-03,4.172039777040481567e-02,1.685610413551330566e-01,3.685147464275360107e-01,-4.160829186439514160e-01,6.996529698371887207e-01,1.375581622123718262e-01,8.599779754877090454e-02,1.702133449725806713e-03,-1.091894581913948059e-01,-3.485659658908843994e-01,7.260258793830871582e-01,7.333094477653503418e-01,2.322430610656738281e-01,2.380901016294956207e-03,3.259342396631836891e-03
9.551108232699334621e-04,-1.945205585798248649e-04,7.853722572326660156e-01,9.997957348823547363e-01,-6.650884170085191727e-04,1.986551843583583832e-02,3.663034643977880478e-03,3.412578999996185303e-02,1.691041290760040283e-01,4.450131058692932129e-01,1.159699708223342896e-01,-1.295659691095352173e-01,-1.428724825382232666e-01,-3.461368009448051453e-02,-1.418592482805252075e-01,-1.622194647789001465e-01,1.251316666603088379e-01,-1.242414489388465881e-01,1.541157215833663940e-01,-2.531123347580432892e-02,-1.808179426006972790e-03,4.162015393376350403e-02,1.696211546659469604e-01,3.680810034275054932e-01,-4.141496121883392334e-01,7.002999186515808105e-01,1.367847621440887451e-01,8.573900163173675537e-02,2.493615495041012764e-03,-1.028110608458518982e-01,-3.503990471363067627e-01,7.142478823661804199e-01,7.202904820442199707e-01,2.573652267456054688e-01,-3.323348937556147575e-03,-2.923667780123651028e-04
9.771219920367002487e-04,-1.142269393312744796e-04,7.853549122810363770e-01,9.997971057891845703e-01,-6.375114899128675461e-04,1.980832219123840332e-02,3.597895847633481026e-03,3.476347401738166809e-02,1.688474565744400024e-01,4.450298547744750977e-01,1.159291714429855347e-01,-1.293553262948989868e-01,-1.427027434110641479e-01,-3.441375121474266052e-02,-1.418417841196060181e-01,-1.616398394107818604e-01,1.251517087221145630e-01,-1.241431236267089844e-01,1.536658555269241333e-01,-2.603938616812229156e-02,-2.056430093944072723e-03,4.142405465245246887e-02,1.702506244182586670e-01,3.679543137550354004e-01,-4.127978682518005371e-01,7.009708881378173828e-01,1.365347802639007568e-01,8.531034737825393677e-02,3.544327337294816971e-03,-9.812183678150177002e-02,-3.527211248874664307e-01,7.055200338363647461e-01,7.099533081054687500e-01,2.729774117469787598e-01,-7.348695304244756699e-03,-3.596569178625941277e-03
9.712208993732929230e-04,-7.681691931793466210e-05,7.853576540946960449e-01,9.997982978820800781e-01,-6.316806538961827755e-04,1.979398727416992188e-02,3.337377915158867836e-03,3.530107066035270691e-02,1.687324643135070801e-01,4.452239871025085449e-01,1.158398166298866272e-01,-1.289915442466735840e-01,-1.424357444047927856e-01,-3.450896963477134705e-02,-1.416599601507186890e-01,-1.607930809259414673e-01,1.252292990684509277e-01,-1.238270923495292664e-01,1.531965732574462891e-01,-2.649122476577758789e-02,-2.234219340607523918e-03,4.106617718935012817e-02,1.705247908830642700e-01,3.679302334785461426e-01,-4.116946458816528320e-01,7.017147541046142578e-01,1.365907937288284302e-01,8.468241989612579346e-02,5.117257125675678253e-03,-9.497439861297607422e-02,-3.553229570388793945e-01,6.990841031074523926e-01,7.018729448318481445e-01,2.815291583538055420e-01,-9.955250658094882965e-03,-6.349813658744096756e-03
9.460948058404028416e-04,-6.570675759576261044e-05,7.853794097900390625e-01,9.997981190681457520e-01,-6.173211149871349335e-04,1.984612271189689636e-02,3.077205736190080643e-03,3.543470799922943115e-02,1.686317473649978638e-01,4.455461800098419189e-01,1.157419979572296143e-01,-1.285254061222076416e-01,-1.420309543609619141e-01,-3.477289155125617981e-02,-1.416068524122238159e-01,-1.602848470211029053e-01,1.252745836973190308e-01,-1.235730201005935669e-01,1.529818475246429443e-01,-2.683012373745441437e-02,-2.436477690935134888e-03,4.062402620911598206e-02,1.709344983100891113e-01,3.680331707000732422e-01,-4.110241830348968506e-01,7.020770311355590820e-01,1.373161077499389648e-01,8.409819751977920532e-02,6.761620752513408661e-03,-9.268056601285934448e-02,-3.580310046672821045e-01,6.943423748016357422e-01,6.953428983688354492e-01,2.868502140045166016e-01,-1.227130088955163956e-02,-8.673283271491527557e-03
9.043145109899342060e-04,-4.414812428876757622e-05,7.854104042053222656e-01,9.997968077659606934e-01,-5.901829572394490242e-04,1.994421519339084625e-02,2.873980905860662460e-03,3.519052267074584961e-02,1.684896796941757202e-01,4.459171891212463379e-01,1.155922412872314453e-01,-1.280979365110397339e-01,-1.417902112007141113e-01,-3.513481840491294861e-02,-1.416728198528289795e-01,-1.599711924791336060e-01,1.252704858779907227e-01,-1.235343441367149353e-01,1.527407914400100708e-01,-2.715050429105758667e-02,-2.744089812040328979e-03,4.012899100780487061e-02,1.715212017297744751e-01,3.681810200214385986e-01,-4.103261232376098633e-01,7.023221254348754883e-01,1.377326101064682007e-01,8.365576714277267456e-02,7.899983786046504974e-03,-9.055212885141372681e-02,-3.608050644397735596e-01,6.905059218406677246e-01,6.895396113395690918e-01,2.905385792255401611e-01,-1.441601105034351349e-02,-1.120619382709264755e-02
8.497399394400417805e-04,-1.745813278830610216e-06,7.854407429695129395e-01,9.997955560684204102e-01,-5.797827616333961487e-04,2.004038169980049133e-02,2.633153926581144333e-03,3.488618507981300354e-02,1.684491038322448730e-01,4.463501274585723877e-01,1.154428347945213318e-01,-1.278067231178283691e-01,-1.419027894735336304e-01,-3.557846322655677795e-02,-1.415946185588836670e-01,-1.594257205724716187e-01,1.252354681491851807e-01,-1.235408335924148560e-01,1.525218188762664795e-01,-2.746741101145744324e-02,-3.058461006730794907e-03,3.956723585724830627e-02,1.722719073295593262e-01,3.682219088077545166e-01,-4.095237255096435547e-01,7.026966214179992676e-01,1.376946717500686646e-01,8.336290717124938965e-02,8.686061948537826538e-03,-8.830647170543670654e-02,-3.634323477745056152e-01,6.877225637435913086e-01,6.848421096801757812e-01,2.929539680480957031e-01,-1.634961925446987152e-02,-1.366522442549467087e-02
7.772684330120682716e-04,1.708837226033210754e-05,7.854654788970947266e-01,9.997951388359069824e-01,-5.914918729104101658e-04,2.009688876569271088e-02,2.339162863790988922e-03,3.466805815696716309e-02,1.685512363910675049e-01,4.468180537223815918e-01,1.155324280261993408e-01,-1.277287900447845459e-01,-1.421497315168380737e-01,-3.612472116947174072e-02,-1.413737833499908447e-01,-1.588425934314727783e-01,1.252138614654541016e-01,-1.234595924615859985e-01,1.522532999515533447e-01,-2.767783962190151215e-02,-3.385338233783841133e-03,3.910997509956359863e-02,1.728249192237854004e-01,3.683346807956695557e-01,-4.086804986000061035e-01,7.031060457229614258e-01,1.379111409187316895e-01,8.309039473533630371e-02,9.024408645927906036e-03,-8.637560158967971802e-02,-3.655843436717987061e-01,6.861708760261535645e-01,6.821932196617126465e-01,2.940230965614318848e-01,-1.777571439743041992e-02,-1.547850295901298523e-02
7.204409921541810036e-04,-1.875733505585230887e-05,7.854790091514587402e-01,9.997942447662353516e-01,-6.235560867935419083e-04,2.017081342637538910e-02,2.078705001622438431e-03,3.455629944801330566e-02,1.688393205404281616e-01,4.475338160991668701e-01,1.156638860702514648e-01,-1.276810318231582642e-01,-1.422581523656845093e-01,-3.661417588591575623e-02,-1.411160975694656372e-01,-1.585015654563903809e-01,1.250199675559997559e-01,-1.232185959815979004e-01,1.521257758140563965e-01,-2.786988951265811920e-02,-3.726013703271746635e-03,3.867204859852790833e-02,1.734185814857482910e-01,3.684238195419311523e-01,-4.082445800304412842e-01,7.041216492652893066e-01,1.379167139530181885e-01,8.294907212257385254e-02,9.062612429261207581e-03,-8.426694571971893311e-02,-3.670282065868377686e-01,6.849982142448425293e-01,6.809820532798767090e-01,2.944979071617126465e-01,-1.906168833374977112e-02,-1.665391959249973297e-02
6.603896035812795162e-04,-8.098350372165441513e-05,7.854952812194824219e-01,9.997920989990234375e-01,-6.595818558707833290e-04,2.029309235513210297e-02,1.881255186162889004e-03,3.431581705808639526e-02,1.691623926162719727e-01,4.479363560676574707e-01,1.158135011792182922e-01,-1.276069283485412598e-01,-1.423069834709167480e-01,-3.712044656276702881e-02,-1.408597379922866821e-01,-1.581211239099502563e-01,1.248413547873497009e-01,-1.229962110519409180e-01,1.519934087991714478e-01,-2.801989018917083740e-02,-3.984603099524974823e-03,3.821055218577384949e-02,1.741247177124023438e-01,3.685383200645446777e-01,-4.079567492008209229e-01,7.054978013038635254e-01,1.376527994871139526e-01,8.272250741720199585e-02,8.721617050468921661e-03,-8.273544162511825562e-02,-3.674805462360382080e-01,6.844131350517272949e-01,6.814568638801574707e-01,2.945013940334320068e-01,-2.010051533579826355e-02,-1.731703430414199829e-02
5.638778093270957470e-04,-1.790711248759180307e-04,7.854977250099182129e-01,9.997887611389160156e-01,-6.807808531448245049e-04,2.046365104615688324e-02,1.802211743779480457e-03,3.382143750786781311e-02,1.694601029157638550e-01,4.479496777057647705e-01,1.159711480140686035e-01,-1.275005489587783813e-01,-1.422504782676696777e-01,-3.764279186725616455e-02,-1.406277418136596680e-01,-1.578442007303237915e-01,1.247202679514884949e-01,-1.228060647845268250e-01,1.518472433090209961e-01,-2.828687056899070740e-02,-4.334374796599149704e-03,3.769304603338241577e-02,1.747587472200393677e-01,3.687594830989837646e-01,-4.078723788261413574e-01,7.072598338127136230e-01,1.374998241662979126e-01,8.229114115238189697e-02,8.385061286389827728e-03,-8.130626380443572998e-02,-3.669416308403015137e-01,6.832731962203979492e-01,6.828531026840209961e-01,2.938341796398162842e-01,-2.088565006852149963e-02,-1.816838793456554413e-02
4.221273702569305897e-04,-3.392916405573487282e-04,7.855230569839477539e-01,9.997859001159667969e-01,-6.929149967618286610e-04,2.060037478804588318e-02,1.824195845983922482e-03,3.323263674974441528e-02,1.697556674480438232e-01,4.477544426918029785e-01,1.160796806216239929e-01,-1.275378465652465820e-01,-1.423076093196868896e-01,-3.816732764244079590e-02,-1.404092162847518921e-01,-1.579291224479675293e-01,1.247711852192878723e-01,-1.228027045726776123e-01,1.515295803546905518e-01,-2.864802815020084381e-02,-4.833817947655916214e-03,3.741311281919479370e-02,1.751221269369125366e-01,3.690358996391296387e-01,-4.077899754047393799e-01,7.087584733963012695e-01,1.370264887809753418e-01,8.146769553422927856e-02,8.388875052332878113e-03,-8.013412356376647949e-02,-3.655361533164978027e-01,6.822898387908935547e-01,6.850914359092712402e-01,2.926345765590667725e-01,-2.135472558438777924e-02,-1.913693733513355255e-02
4.267945769242942333e-04,-6.532697007060050964e-04,7.855669856071472168e-01,9.997833967208862305e-01,-7.188114686869084835e-04,2.071058750152587891e-02,1.933949184603989124e-03,3.276619315147399902e-02,1.700810641050338745e-01,4.474394321441650391e-01,1.161776334047317505e-01,-1.276569217443466187e-01,-1.423906385898590088e-01,-3.858872875571250916e-02,-1.401594132184982300e-01,-1.583499610424041748e-01,1.248151659965515137e-01,-1.227862164378166199e-01,1.512723863124847412e-01,-2.903334051370620728e-02,-5.315072834491729736e-03,3.739438578486442566e-02,1.748953759670257568e-01,3.694206774234771729e-01,-4.079412817955017090e-01,7.098693847656250000e-01,1.363561302423477173e-01,8.050055056810379028e-02,8.913462050259113312e-03,-7.911964505910873413e-02,-3.634335994720458984e-01,6.817398071289062500e-01,6.885102987289428711e-01,2.917607724666595459e-01,-2.146714925765991211e-02,-2.012497186660766602e-02
3.278964722994714975e-04,-8.346353424713015556e-04,7.856109142303466797e-01,9.997805953025817871e-01,-7.842025952413678169e-04,2.082234807312488556e-02,2.162847435101866722e-03,3.238173946738243103e-02,1.704688966274261475e-01,4.471319615840911865e-01,1.161319985985755920e-01,-1.277039498090744019e-01,-1.425428688526153564e-01,-3.889073431491851807e-02,-1.398570239543914795e-01,-1.587642729282379150e-01,1.247679740190505981e-01,-1.227053478360176086e-01,1.511549204587936401e-01,-2.947147563099861145e-02,-5.717443302273750305e-03,3.739919140934944153e-02,1.740432530641555786e-01,3.698670268058776855e-01,-4.086728096008300781e-01,7.108417153358459473e-01,1.361195743083953857e-01,7.959371805191040039e-02,9.477546438574790955e-03,-7.810730487108230591e-02,-3.608385622501373291e-01,6.819993853569030762e-01,6.927077174186706543e-01,2.905898392200469971e-01,-2.155193313956260681e-02,-2.113847620785236359e-02
2.321416104678064585e-04,-9.693947504274547100e-04,7.856618165969848633e-01,9.997773766517639160e-01,-8.710299734957516193e-04,2.093660831451416016e-02,2.466333564370870590e-03,3.192836418747901917e-02,1.708347946405410767e-01,4.465949833393096924e-01,1.160635501146316528e-01,-1.277234703302383423e-01,-1.425457745790481567e-01,-3.903169557452201843e-02,-1.395320594310760498e-01,-1.592029184103012085e-01,1.245925575494766235e-01,-1.226242780685424805e-01,1.509931087493896484e-01,-2.982515841722488403e-02,-6.063768640160560608e-03,3.738703578710556030e-02,1.729400157928466797e-01,3.701458275318145752e-01,-4.097016453742980957e-01,7.121449708938598633e-01,1.364788562059402466e-01,7.884784787893295288e-02,1.005017757415771484e-02,-7.699493318796157837e-02,-3.582854866981506348e-01,6.826735138893127441e-01,6.966283321380615234e-01,2.891671955585479736e-01,-2.208879403769969940e-02,-2.168940193951129913e-02
1.511421869508922100e-04,-1.086785225197672844e-03,7.857379317283630371e-01,9.997736811637878418e-01,-9.409736958332359791e-04,2.107232436537742615e-02,2.774970605969429016e-03,3.141456842422485352e-02,1.710997223854064941e-01,4.459342062473297119e-01,1.159482076764106750e-01,-1.274110674858093262e-01,-1.424116790294647217e-01,-3.919099643826484680e-02,-1.392484009265899658e-01,-1.596180349588394165e-01,1.242843270301818848e-01,-1.222271919250488281e-01,1.508783847093582153e-01,-3.012120909988880157e-02,-6.340436637401580811e-03,3.728581592440605164e-02,1.717265844345092773e-01,3.702662885189056396e-01,-4.106584787368774414e-01,7.136400938034057617e-01,1.369518786668777466e-01,7.793849706649780273e-02,1.063085626810789108e-02,-7.571638375520706177e-02,-3.565038144588470459e-01,6.835199594497680664e-01,6.994355320930480957e-01,2.870975732803344727e-01,-2.308641187846660614e-02,-2.220869809389114380e-02
7.486018876079469919e-05,-1.183539163321256638e-03,7.858459353446960449e-01,9.997702836990356445e-01,-9.928272338584065437e-04,2.120498009026050568e-02,2.967697102576494217e-03,3.093903139233589172e-02,1.712963283061981201e-01,4.453597664833068848e-01,1.158505007624626160e-01,-1.267794817686080933e-01,-1.420947909355163574e-01,-3.956035524606704712e-02,-1.390849053859710693e-01,-1.600009351968765259e-01,1.240472123026847839e-01,-1.216041147708892822e-01,1.506050229072570801e-01,-3.029465302824974060e-02,-6.602792534977197647e-03,3.724848851561546326e-02,1.707955598831176758e-01,3.702740371227264404e-01,-4.111128449440002441e-01,7.149284482002258301e-01,1.378454416990280151e-01,7.699470221996307373e-02,1.106965821236371994e-02,-7.461746782064437866e-02,-3.560134470462799072e-01,6.833657622337341309e-01,6.999610662460327148e-01,2.852816879749298096e-01,-2.397857606410980225e-02,-2.315105497837066650e-02
-5.016609975427854806e-06,-1.195829128846526146e-03,7.859360575675964355e-01,9.997676014900207520e-01,-9.998906170949339867e-04,2.132540009915828705e-02,3.004052210599184036e-03,3.058019280433654785e-02,1.712868064641952515e-01,4.448767900466918945e-01,1.157367974519729614e-01,-1.260010302066802979e-01,-1.418220400810241699e-01,-4.005131870508193970e-02,-1.390943080186843872e-01,-1.600599437952041626e-01,1.239127516746520996e-01,-1.209812909364700317e-01,1.503611654043197632e-01,-3.060429915785789490e-02,-6.868629716336727142e-03,3.729462996125221252e-02,1.705219447612762451e-01,3.701955080032348633e-01,-4.108474552631378174e-01,7.156530022621154785e-01,1.383542865514755249e-01,7.626203447580337524e-02,1.116468198597431183e-02,-7.345024496316909790e-02,-3.570927381515502930e-01,6.812316775321960449e-01,6.967921853065490723e-01,2.854205965995788574e-01,-2.468546293675899506e-02,-2.555103413760662079e-02
-7.627770537510514259e-05,-1.110703684389591217e-03,7.860279083251953125e-01,9.997653961181640625e-01,-9.635342867113649845e-04,2.142689935863018036e-02,3.019216936081647873e-03,3.027179092168807983e-02,1.710143983364105225e-01,4.445946514606475830e-01,1.156403571367263794e-01,-1.252756565809249878e-01,-1.414874643087387085e-01,-4.057880863547325134e-02,-1.393966078758239746e-01,-1.600325107574462891e-01,1.239360496401786804e-01,-1.202666088938713074e-01,1.500582695007324219e-01,-3.105724789202213287e-02,-7.148689590394496918e-03,3.738177567720413208e-02,1.710338890552520752e-01,3.698473870754241943e-01,-4.098967015743255615e-01,7.158228158950805664e-01,1.383301764726638794e-01,7.574303448200225830e-02,1.129787229001522064e-02,-7.149356603622436523e-02,-3.596324920654296875e-01,6.758984327316284180e-01,6.888267397880554199e-01,2.898118495941162109e-01,-2.663802355527877808e-02,-2.963009476661682129e-02
-1.591150794411078095e-04,-9.662515367381274700e-04,7.861248254776000977e-01,9.997641444206237793e-01,-8.924367721192538738e-04,2.148718386888504028e-02,3.019870491698384285e-03,2.997945249080657959e-02,1.704789698123931885e-01,4.445172250270843506e-01,1.154646277427673340e-01,-1.247876435518264771e-01,-1.412449479103088379e-01,-4.104017466306686401e-02,-1.398419588804244995e-01,-1.597546190023422241e-01,1.239860281348228455e-01,-1.196750327944755554e-01,1.496803164482116699e-01,-3.159132599830627441e-02,-7.444235961884260178e-03,3.761215507984161377e-02,1.720018833875656128e-01,3.691916167736053467e-01,-4.086387455463409424e-01,7.156202197074890137e-01,1.379985362291336060e-01,7.510030269622802734e-02,1.141763571649789810e-02,-6.850432604551315308e-02,-3.632054626941680908e-01,6.678759455680847168e-01,6.762533187866210938e-01,2.971406877040863037e-01,-3.015437722206115723e-02,-3.580216318368911743e-02
-2.611083909869194031e-04,-8.053452474996447563e-04,7.862068414688110352e-01,9.997648000717163086e-01,-8.369528222829103470e-04,2.147084288299083710e-02,2.943036379292607307e-03,2.994429320096969604e-02,1.700138896703720093e-01,4.448114037513732910e-01,1.152303293347358704e-01,-1.245758011937141418e-01,-1.411067694425582886e-01,-4.127775505185127258e-02,-1.401668787002563477e-01,-1.592785269021987915e-01,1.240875497460365295e-01,-1.194551363587379456e-01,1.492316573858261108e-01,-3.196672350168228149e-02,-7.694860920310020447e-03,3.811163455247879028e-02,1.732844859361648560e-01,3.686742782592773438e-01,-4.072620570659637451e-01,7.146087884902954102e-01,1.381268054246902466e-01,7.439316064119338989e-02,1.146344933658838272e-02,-6.494539976119995117e-02,-3.675091862678527832e-01,6.581999063491821289e-01,6.585214734077453613e-01,3.069413006305694580e-01,-3.482071310281753540e-02,-4.309156164526939392e-02
-3.390608471818268299e-04,-5.934030050411820412e-04,7.862626910209655762e-01,9.997661709785461426e-01,-7.674634107388556004e-04,2.141828276216983795e-02,2.877862891182303429e-03,3.020451776683330536e-02,1.695625782012939453e-01,4.452905356884002686e-01,1.150624603033065796e-01,-1.246069148182868958e-01,-1.407632380723953247e-01,-4.126383364200592041e-02,-1.405324041843414307e-01,-1.588760018348693848e-01,1.243078261613845825e-01,-1.195848509669303894e-01,1.488340646028518677e-01,-3.244674578309059143e-02,-7.939450442790985107e-03,3.867702558636665344e-02,1.745388060808181763e-01,3.684167265892028809e-01,-4.062423110008239746e-01,7.132173180580139160e-01,1.381685286760330200e-01,7.350850105285644531e-02,1.141436304897069931e-02,-6.138272583484649658e-02,-3.723691105842590332e-01,6.476446390151977539e-01,6.364371180534362793e-01,3.174092471599578857e-01,-3.990073129534721375e-02,-5.190125852823257446e-02
-3.583279612939804792e-04,-3.274991177022457123e-04,7.863053083419799805e-01,9.997681379318237305e-01,-6.964342901483178139e-04,2.133571356534957886e-02,2.827632706612348557e-03,3.063561394810676575e-02,1.691979318857192993e-01,4.460196495056152344e-01,1.149228215217590332e-01,-1.245139911770820618e-01,-1.402500271797180176e-01,-4.094894975423812866e-02,-1.408915966749191284e-01,-1.585463285446166992e-01,1.245452985167503357e-01,-1.198494285345077515e-01,1.486599296331405640e-01,-3.309081494808197021e-02,-8.252389729022979736e-03,3.922074660658836365e-02,1.758651584386825562e-01,3.682978451251983643e-01,-4.056105613708496094e-01,7.119284272193908691e-01,1.380283534526824951e-01,7.252969592809677124e-02,1.130429375916719437e-02,-5.796848610043525696e-02,-3.776375949382781982e-01,6.365026235580444336e-01,6.100829243659973145e-01,3.281482160091400146e-01,-4.521456733345985413e-02,-6.269133836030960083e-02
-3.571299312170594931e-04,-9.315375791629776359e-05,7.863336801528930664e-01,9.997695684432983398e-01,-6.145159713923931122e-04,2.128132991492748260e-02,2.755361376330256462e-03,3.108488209545612335e-02,1.687881499528884888e-01,4.466586112976074219e-01,1.148377507925033569e-01,-1.243720427155494690e-01,-1.395650207996368408e-01,-4.081057757139205933e-02,-1.412278413772583008e-01,-1.579655557870864868e-01,1.247773021459579468e-01,-1.198267936706542969e-01,1.487839668989181519e-01,-3.362739831209182739e-02,-8.757406845688819885e-03,3.977617621421813965e-02,1.771546006202697754e-01,3.683335483074188232e-01,-4.047791659832000732e-01,7.111881971359252930e-01,1.379872858524322510e-01,7.162867486476898193e-02,1.175043452531099319e-02,-5.439991131424903870e-02,-3.835807144641876221e-01,6.253519058227539062e-01,5.794131755828857422e-01,3.388209342956542969e-01,-5.099720507860183716e-02,-7.515714317560195923e-02
-3.386234166100621223e-04,6.851715443190187216e-05,7.863944768905639648e-01,9.997701644897460938e-01,-5.188313662074506283e-04,2.126075513660907745e-02,2.710268134251236916e-03,3.150047734379768372e-02,1.682465076446533203e-01,4.468529522418975830e-01,1.147764921188354492e-01,-1.242009326815605164e-01,-1.387860924005508423e-01,-4.084279015660285950e-02,-1.416007429361343384e-01,-1.574369817972183228e-01,1.249376162886619568e-01,-1.194843351840972900e-01,1.492508798837661743e-01,-3.414580971002578735e-02,-9.554460644721984863e-03,4.016994684934616089e-02,1.788379102945327759e-01,3.685409426689147949e-01,-4.034708738327026367e-01,7.109713554382324219e-01,1.381500512361526489e-01,7.083285599946975708e-02,1.272227428853511810e-02,-5.078081414103507996e-02,-3.904214203357696533e-01,6.133133769035339355e-01,5.432308316230773926e-01,3.492977321147918701e-01,-5.745531618595123291e-02,-9.034659713506698608e-02
-3.260978264734148979e-04,1.829667889978736639e-04,7.864914536476135254e-01,9.997701048851013184e-01,-4.271596553735435009e-04,2.126358449459075928e-02,2.729378407821059227e-03,3.180073574185371399e-02,1.676497906446456909e-01,4.468555450439453125e-01,1.146112978458404541e-01,-1.241216808557510376e-01,-1.381231993436813354e-01,-4.094754531979560852e-02,-1.420354843139648438e-01,-1.570273488759994507e-01,1.248828992247581482e-01,-1.188341155648231506e-01,1.498558521270751953e-01,-3.441474214196205139e-02,-1.059986744076013565e-02,4.031515866518020630e-02,1.808268278837203979e-01,3.689598143100738525e-01,-4.016329348087310791e-01,7.109198570251464844e-01,1.388097256422042847e-01,6.973114609718322754e-02,1.349588390439748764e-02,-4.661534726619720459e-02,-3.986003100872039795e-01,6.003822684288024902e-01,4.995216429233551025e-01,3.597072362899780273e-01,-6.512130796909332275e-02,-1.103168502449989319e-01
-3.372080973349511623e-04,2.518048859201371670e-04,7.865853905677795410e-01,9.997705221176147461e-01,-3.574808069970458746e-04,2.124107442796230316e-02,2.755957189947366714e-03,3.213608264923095703e-02,1.671696156263351440e-01,4.470320940017700195e-01,1.143367812037467957e-01,-1.241222918033599854e-01,-1.374691873788833618e-01,-4.099939018487930298e-02,-1.424642056226730347e-01,-1.565372198820114136e-01,1.247477009892463684e-01,-1.180891692638397217e-01,1.503242850303649902e-01,-3.414522856473922729e-02,-1.175487320870161057e-02,4.047358781099319458e-02,1.827287971973419189e-01,3.694508969783782959e-01,-3.992916047573089600e-01,7.114557027816772461e-01,1.391426473855972290e-01,6.855438649654388428e-02,1.384536735713481903e-02,-4.212290793657302856e-02,-4.082019627094268799e-01,5.870640277862548828e-01,4.485657811164855957e-01,3.692167997360229492e-01,-7.446149736642837524e-02,-1.367726922035217285e-01
-3.270106681156903505e-04,3.419842687435448170e-04,7.866729497909545898e-01,9.997729063034057617e-01,-3.253712493460625410e-04,2.113351784646511078e-02,2.722065662965178490e-03,3.251951932907104492e-02,1.668158024549484253e-01,4.475821256637573242e-01,1.140382215380668640e-01,-1.242633163928985596e-01,-1.367085129022598267e-01,-4.084673896431922913e-02,-1.427492648363113403e-01,-1.559306979179382324e-01,1.246390342712402344e-01,-1.175395026803016663e-01,1.508110463619232178e-01,-3.329207003116607666e-02,-1.302497088909149170e-02,4.063934460282325745e-02,1.846977323293685913e-01,3.699330687522888184e-01,-3.968639671802520752e-01,7.122716903686523438e-01,1.384034156799316406e-01,6.680909544229507446e-02,1.419726572930812836e-02,-3.781056776642799377e-02,-4.187906980514526367e-01,5.741152763366699219e-01,3.914926648139953613e-01,3.769378364086151123e-01,-8.485066145658493042e-02,-1.688006818294525146e-01
-2.480198163539171219e-04,4.781837342306971550e-04,7.867443561553955078e-01,9.997786879539489746e-01,-3.085736534558236599e-04,2.085310593247413635e-02,2.762044081464409828e-03,3.309837728738784790e-02,1.665185838937759399e-01,4.482207894325256348e-01,1.137864515185356140e-01,-1.244326531887054443e-01,-1.360076218843460083e-01,-4.024874791502952576e-02,-1.430289745330810547e-01,-1.554510593414306641e-01,1.246965602040290833e-01,-1.173545420169830322e-01,1.510844826698303223e-01,-3.205315396189689636e-02,-1.437983009964227676e-02,4.092511534690856934e-02,1.868818104267120361e-01,3.703802227973937988e-01,-3.942057192325592041e-01,7.127673625946044922e-01,1.365147680044174194e-01,6.468970328569412231e-02,1.496595330536365509e-02,-3.452321887016296387e-02,-4.300060570240020752e-01,5.614715814590454102e-01,3.305309712886810303e-01,3.828687667846679688e-01,-9.573996812105178833e-02,-2.040647715330123901e-01
-1.100824447348713875e-04,6.088721565902233124e-04,7.867627143859863281e-01,9.997875690460205078e-01,-2.669607056304812431e-04,2.040567435324192047e-02,2.893060445785522461e-03,3.387898579239845276e-02,1.661513149738311768e-01,4.485261440277099609e-01,1.135435253381729126e-01,-1.243940219283103943e-01,-1.354456245899200439e-01,-3.932433947920799255e-02,-1.434189677238464355e-01,-1.553755849599838257e-01,1.249344050884246826e-01,-1.173563599586486816e-01,1.511760056018829346e-01,-3.049059771001338959e-02,-1.580499857664108276e-02,4.139072075486183167e-02,1.891042441129684448e-01,3.707284927368164062e-01,-3.916096687316894531e-01,7.130810618400573730e-01,1.349623799324035645e-01,6.253906339406967163e-02,1.591503061354160309e-02,-3.337776660919189453e-02,-4.413375556468963623e-01,5.481397509574890137e-01,2.672310471534729004e-01,3.870960474014282227e-01,-1.068219542503356934e-01,-2.420664727687835693e-01
2.649339876370504498e-05,6.959636230021715164e-04,7.867347002029418945e-01,9.997979998588562012e-01,-2.025618159677833319e-04,1.987119950354099274e-02,3.019008552655577660e-03,3.495904058218002319e-02,1.657760441303253174e-01,4.487231671810150146e-01,1.133003383874893188e-01,-1.241576150059700012e-01,-1.348087340593338013e-01,-3.828531876206398010e-02,-1.438623964786529541e-01,-1.554653197526931763e-01,1.253361105918884277e-01,-1.174796819686889648e-01,1.512050926685333252e-01,-2.859810367226600647e-02,-1.723133958876132965e-02,4.194782301783561707e-02,1.912863254547119141e-01,3.708841800689697266e-01,-3.888415694236755371e-01,7.136903405189514160e-01,1.344299912452697754e-01,6.078157201409339905e-02,1.725540868937969208e-02,-3.550435975193977356e-02,-4.516598880290985107e-01,5.350382924079895020e-01,2.052957862615585327e-01,3.884340226650238037e-01,-1.169645935297012329e-01,-2.812274694442749023e-01
7.848224777262657881e-05,7.547058630734682083e-04,7.866797447204589844e-01,9.998093247413635254e-01,-1.074447791324928403e-04,1.926589757204055786e-02,3.184474539011716843e-03,3.618922829627990723e-02,1.654192805290222168e-01,4.487026035785675049e-01,1.132162883877754211e-01,-1.241136267781257629e-01,-1.338684111833572388e-01,-3.729146718978881836e-02,-1.444417834281921387e-01,-1.558554768562316895e-01,1.260404735803604126e-01,-1.178192496299743652e-01,1.511816084384918213e-01,-2.634128928184509277e-02,-1.859856396913528442e-02,4.265791177749633789e-02,1.930193454027175903e-01,3.710121810436248779e-01,-3.857048749923706055e-01,7.147250175476074219e-01,1.343644857406616211e-01,5.958071351051330566e-02,1.885724999010562897e-02,-4.101201146841049194e-02,-4.605381190776824951e-01,5.214087367057800293e-01,1.462113708257675171e-01,3.869902789592742920e-01,-1.256123930215835571e-01,-3.217319846153259277e-01
5.649741797242313623e-05,7.674681255593895912e-04,7.866486907005310059e-01,9.998217821121215820e-01,8.958045896179100964e-07,1.855509914457798004e-02,3.477013902738690376e-03,3.737098723649978638e-02,1.651785373687744141e-01,4.482169747352600098e-01,1.134524419903755188e-01,-1.247520372271537781e-01,-1.325839757919311523e-01,-3.621523827314376831e-02,-1.451404392719268799e-01,-1.568627208471298218e-01,1.270710527896881104e-01,-1.183834597468376160e-01,1.511812210083007812e-01,-2.369917184114456177e-02,-1.985969580709934235e-02,4.372826963663101196e-02,1.940543055534362793e-01,3.714336454868316650e-01,-3.825214207172393799e-01,7.158896923065185547e-01,1.347597837448120117e-01,5.838341265916824341e-02,2.006860449910163879e-02,-4.935443773865699768e-02,-4.670696556568145752e-01,5.069849491119384766e-01,9.215744584798812866e-02,3.853628635406494141e-01,-1.335622519254684448e-01,-3.629274666309356689e-01
4.792751133209094405e-05,6.890916265547275543e-04,7.866343259811401367e-01,9.998350143432617188e-01,1.027001198963262141e-04,1.776629500091075897e-02,3.785250009968876839e-03,3.858773037791252136e-02,1.651330739259719849e-01,4.471630156040191650e-01,1.141469702124595642e-01,-1.261754930019378662e-01,-1.314159482717514038e-01,-3.499731048941612244e-02,-1.459672600030899048e-01,-1.585588157176971436e-01,1.282867193222045898e-01,-1.190719157457351685e-01,1.511687189340591431e-01,-2.097586728632450104e-02,-2.115582861006259918e-02,4.498107731342315674e-02,1.949879974126815796e-01,3.722611665725708008e-01,-3.790869712829589844e-01,7.172296047210693359e-01,1.343560814857482910e-01,5.733758956193923950e-02,2.162456326186656952e-02,-6.100989133119583130e-02,-4.706937074661254883e-01,4.927960932254791260e-01,4.511684551835060120e-02,3.837842643260955811e-01,-1.404424160718917847e-01,-4.042305946350097656e-01
1.001517957774922252e-04,6.580321933142840862e-04,7.866147756576538086e-01,9.998468160629272461e-01,1.613992644706740975e-04,1.698318310081958771e-02,4.231213591992855072e-03,4.004976898431777954e-02,1.652185320854187012e-01,4.461042284965515137e-01,1.149264723062515259e-01,-1.281662136316299438e-01,-1.306293457746505737e-01,-3.364161401987075806e-02,-1.466635018587112427e-01,-1.603626608848571777e-01,1.296036839485168457e-01,-1.199844777584075928e-01,1.511254310607910156e-01,-1.821294426918029785e-02,-2.252999506890773773e-02,4.622606933116912842e-02,1.962705999612808228e-01,3.730206191539764404e-01,-3.752622008323669434e-01,7.192839384078979492e-01,1.343033909797668457e-01,5.623698607087135315e-02,2.277345769107341766e-02,-7.638178020715713501e-02,-4.715988337993621826e-01,4.813796579837799072e-01,6.459995638579130173e-03,3.792895972728729248e-01,-1.432285904884338379e-01,-4.424538612365722656e-01
7.709172787144780159e-04,7.037654286250472069e-04,7.866291999816894531e-01,9.998620748519897461e-01,2.109602792188525200e-04,1.583806984126567841e-02,4.990159533917903900e-03,4.103362187743186951e-02,1.657051146030426025e-01,4.436691999435424805e-01,1.156227365136146545e-01,-1.257448494434356689e-01,-1.290120035409927368e-01,-3.141160681843757629e-02,-1.489241123199462891e-01,-1.611445397138595581e-01,1.322653591632843018e-01,-1.219558119773864746e-01,1.510008275508880615e-01,-1.527012698352336884e-02,-2.430112101137638092e-02,4.771548882126808167e-02,1.955797523260116577e-01,3.745278418064117432e-01,-3.664826452732086182e-01,7.230497598648071289e-01,1.390290111303329468e-01,5.550932139158248901e-02,2.415036037564277649e-02,-9.413061290979385376e-02,-4.718523621559143066e-01,4.776794314384460449e-01,-2.063633687794208527e-02,3.672510683536529541e-01,-1.501585543155670166e-01,-4.788251519203186035e-01
5.151074146851897240e-04,8.040086831897497177e-04,7.867614626884460449e-01,9.998621940612792969e-01,3.501163446344435215e-04,1.562072336673736572e-02,5.612548906356096268e-03,4.402644932270050049e-02,1.647153049707412720e-01,4.458023905754089355e-01,1.154260858893394470e-01,-1.283684521913528442e-01,-1.322974115610122681e-01,-2.946675568819046021e-02,-1.479807198047637939e-01,-1.630889624357223511e-01,1.310365647077560425e-01,-1.232768073678016663e-01,1.518392562866210938e-01,-1.327268686145544052e-02,-2.604177035391330719e-02,4.807193577289581299e-02,1.995772719383239746e-01,3.720445334911346436e-01,-3.671542704105377197e-01,7.228478789329528809e-01,1.360704898834228516e-01,5.912404134869575500e-02,2.558023296296596527e-02,-1.161951720714569092e-01,-4.751642048358917236e-01,4.822122156620025635e-01,-4.489284381270408630e-02,3.323822021484375000e-01,-1.283288598060607910e-01,-4.938515722751617432e-01
5.710796685889363289e-04,7.044318481348454952e-04,7.867888808250427246e-01,9.998606443405151367e-01,3.866019542329013348e-04,1.549631636589765549e-02,6.196355912834405899e-03,4.483637586236000061e-02,1.645761579275131226e-01,4.453754723072052002e-01,1.150403767824172974e-01,-1.283905953168869019e-01,-1.331011056900024414e-01,-2.749730460345745087e-02,-1.479515284299850464e-01,-1.644784361124038696e-01,1.298158615827560425e-01,-1.239974126219749451e-01,1.531641483306884766e-01,-1.085720676928758621e-02,-2.805591560900211334e-02,4.748372733592987061e-02,2.012355923652648926e-01,3.723489046096801758e-01,-3.679877221584320068e-01,7.231810688972473145e-01,1.378346532583236694e-01,5.982047691941261292e-02,2.947268821299076080e-02,-1.387043297290802002e-01,-4.816555678844451904e-01,4.905281364917755127e-01,-6.549693644046783447e-02,2.990218698978424072e-01,-1.141683161258697510e-01,-5.004675388336181641e-01
5.921284318901598454e-04,5.983301671221852303e-04,7.868295311927795410e-01,9.998520612716674805e-01,4.064524255227297544e-04,1.569300144910812378e-02,7.030297536402940750e-03,4.415900260210037231e-02,1.643017381429672241e-01,4.437738358974456787e-01,1.147081255912780762e-01,-1.286745220422744751e-01,-1.332823336124420166e-01,-2.662550285458564758e-02,-1.478340923786163330e-01,-1.658978462219238281e-01,1.285536140203475952e-01,-1.239463761448860168e-01,1.542784571647644043e-01,-8.426141925156116486e-03,-3.003876470029354095e-02,4.633514210581779480e-02,2.020407766103744507e-01,3.732604682445526123e-01,-3.704837262630462646e-01,7.231492996215820312e-01,1.382404118776321411e-01,5.956338718533515930e-02,3.283998742699623108e-02,-1.619261205196380615e-01,-4.901208281517028809e-01,4.975343942642211914e-01,-8.530905842781066895e-02,2.793511152267456055e-01,-1.040734052658081055e-01,-5.024943947792053223e-01
6.649382412433624268e-04,5.000685341656208038e-04,7.868441343307495117e-01,9.998408555984497070e-01,4.380040045361965895e-04,1.590591482818126678e-02,8.066853508353233337e-03,4.295189678668975830e-02,1.639262437820434570e-01,4.415072798728942871e-01,1.145336478948593140e-01,-1.287711709737777710e-01,-1.333285868167877197e-01,-2.619318291544914246e-02,-1.481455564498901367e-01,-1.679574698209762573e-01,1.278173178434371948e-01,-1.234365403652191162e-01,1.550178676843643188e-01,-6.064402870833873749e-03,-3.199924528598785400e-02,4.543440043926239014e-02,2.015717774629592896e-01,3.742691576480865479e-01,-3.732339143753051758e-01,7.237653732299804688e-01,1.369547098875045776e-01,5.889793485403060913e-02,3.422486409544944763e-02,-1.835665255784988403e-01,-4.991324245929718018e-01,5.027549862861633301e-01,-1.017886474728584290e-01,2.692119479179382324e-01,-9.643325954675674438e-02,-5.019171833992004395e-01
7.494434248656034470e-04,4.216084489598870277e-04,7.868361473083496094e-01,9.998308420181274414e-01,4.452501889318227768e-04,1.596374437212944031e-02,9.123465977609157562e-03,4.196378588676452637e-02,1.635680645704269409e-01,4.392418265342712402e-01,1.144803538918495178e-01,-1.286256760358810425e-01,-1.333907693624496460e-01,-2.567408233880996704e-02,-1.486200541257858276e-01,-1.701744943857192993e-01,1.278553903102874756e-01,-1.232908740639686584e-01,1.556654870510101318e-01,-3.521444275975227356e-03,-3.387398645281791687e-02,4.519014060497283936e-02,2.003782540559768677e-01,3.751914799213409424e-01,-3.758330643177032471e-01,7.247952222824096680e-01,1.353366076946258545e-01,5.832166597247123718e-02,3.421663120388984680e-02,-2.032444775104522705e-01,-5.080541372299194336e-01,5.078158378601074219e-01,-1.145252734422683716e-01,2.653924226760864258e-01,-9.004741907119750977e-02,-5.007497072219848633e-01
8.378832717426121235e-04,3.821991267614066601e-04,7.868238091468811035e-01,9.998233914375305176e-01,4.399469762574881315e-04,1.591254957020282745e-02,9.988874197006225586e-03,4.155993089079856873e-02,1.633487492799758911e-01,4.379643201828002930e-01,1.145216822624206543e-01,-1.281938254833221436e-01,-1.335339546203613281e-01,-2.497752569615840912e-02,-1.490530967712402344e-01,-1.718139052391052246e-01,1.285156011581420898e-01,-1.235413029789924622e-01,1.564708948135375977e-01,-1.186671433970332146e-03,-3.556248545646667480e-02,4.556769505143165588e-02,1.998230665922164917e-01,3.761383593082427979e-01,-3.781881928443908691e-01,7.251837849617004395e-01,1.349404901266098022e-01,5.834637954831123352e-02,3.533758223056793213e-02,-2.225294709205627441e-01,-5.172901749610900879e-01,5.139872431755065918e-01,-1.236859112977981567e-01,2.625199854373931885e-01,-8.439649641513824463e-02,-4.983341395854949951e-01
8.839796064421534538e-04,4.110299632884562016e-04,7.867823243141174316e-01,9.998170733451843262e-01,4.628460446838289499e-04,1.584797538816928864e-02,1.070393063127994537e-02,4.118137434124946594e-02,1.631683409214019775e-01,4.374467432498931885e-01,1.146408990025520325e-01,-1.277579665184020996e-01,-1.334712207317352295e-01,-2.458531968295574188e-02,-1.495492458343505859e-01,-1.729985624551773071e-01,1.294208019971847534e-01,-1.239424198865890503e-01,1.571169197559356689e-01,1.303074765019118786e-03,-3.710565716028213501e-02,4.635467752814292908e-02,1.998559385538101196e-01,3.774172663688659668e-01,-3.802097439765930176e-01,7.243550419807434082e-01,1.348570287227630615e-01,5.830539017915725708e-02,3.772583976387977600e-02,-2.417930066585540771e-01,-5.273120403289794922e-01,5.208060145378112793e-01,-1.307555884122848511e-01,2.602112293243408203e-01,-7.885699719190597534e-02,-4.946354031562805176e-01
8.355852332897484303e-04,4.882743232883512974e-04,7.867245674133300781e-01,9.998106956481933594e-01,5.364607204683125019e-04,1.579667441546916962e-02,1.134490035474300385e-02,4.065196588635444641e-02,1.628503650426864624e-01,4.369978904724121094e-01,1.148943677544593811e-01,-1.274623721837997437e-01,-1.329444497823715210e-01,-2.449241466820240021e-02,-1.502515524625778198e-01,-1.741925776004791260e-01,1.304247230291366577e-01,-1.244879215955734253e-01,1.576213985681533813e-01,4.029054660350084305e-03,-3.856140375137329102e-02,4.729631915688514709e-02,2.000086456537246704e-01,3.789263665676116943e-01,-3.814615607261657715e-01,7.227266430854797363e-01,1.347065418958663940e-01,5.795196443796157837e-02,3.984137997031211853e-02,-2.606752514839172363e-01,-5.383181571960449219e-01,5.273097753524780273e-01,-1.370128244161605835e-01,2.606135010719299316e-01,-7.313870638608932495e-02,-4.895074963569641113e-01
6.685002008453011513e-04,5.721274064853787422e-04,7.866789698600769043e-01,9.998070597648620605e-01,6.310424068942666054e-04,1.569496467709541321e-02,1.179520413279533386e-02,4.006981849670410156e-02,1.624296903610229492e-01,4.364664554595947266e-01,1.152400597929954529e-01,-1.276496350765228271e-01,-1.323683708906173706e-01,-2.470946125686168671e-02,-1.510444134473800659e-01,-1.753832697868347168e-01,1.313398480415344238e-01,-1.248477771878242493e-01,1.578130573034286499e-01,6.867394316941499710e-03,-3.994130715727806091e-02,4.842047020792961121e-02,2.000398039817810059e-01,3.806061148643493652e-01,-3.822999894618988037e-01,7.208025455474853516e-01,1.344890594482421875e-01,5.732591822743415833e-02,4.121263325214385986e-02,-2.788200378417968750e-01,-5.497622489929199219e-01,5.332261323928833008e-01,-1.433069556951522827e-01,2.632351517677307129e-01,-6.648463010787963867e-02,-4.831951558589935303e-01
4.481905489228665829e-04,6.711713504046201706e-04,7.866256237030029297e-01,9.998046159744262695e-01,6.939073209650814533e-04,1.559035573154687881e-02,1.213765516877174377e-02,3.949174284934997559e-02,1.619752794504165649e-01,4.356842041015625000e-01,1.155580952763557434e-01,-1.280186325311660767e-01,-1.319168806076049805e-01,-2.513835765421390533e-02,-1.517782211303710938e-01,-1.763821244239807129e-01,1.322662830352783203e-01,-1.251174956560134888e-01,1.578774005174636841e-01,9.462868794798851013e-03,-4.120219498872756958e-02,4.963320493698120117e-02,2.000824809074401855e-01,3.825142979621887207e-01,-3.824964165687561035e-01,7.190190553665161133e-01,1.340848356485366821e-01,5.692850053310394287e-02,4.216879978775978088e-02,-2.952825725078582764e-01,-5.610650181770324707e-01,5.377576351165771484e-01,-1.506053209304809570e-01,2.678701579570770264e-01,-5.968582630157470703e-02,-4.762710332870483398e-01
1.964303664863109589e-04,8.044599089771509171e-04,7.865682840347290039e-01,9.998027682304382324e-01,7.412339327856898308e-04,1.549208629876375198e-02,1.240469701588153839e-02,3.903252258896827698e-02,1.615469157695770264e-01,4.348173141479492188e-01,1.158484742045402527e-01,-1.282289624214172363e-01,-1.315880119800567627e-01,-2.566119842231273651e-02,-1.524933725595474243e-01,-1.772658675909042358e-01,1.333584785461425781e-01,-1.253550648689270020e-01,1.581029444932937622e-01,1.153925247490406036e-02,-4.241081699728965759e-02,5.086039006710052490e-02,2.006413638591766357e-01,3.845597207546234131e-01,-3.824619054794311523e-01,7.173402905464172363e-01,1.334896236658096313e-01,5.677273869514465332e-02,4.302889481186866760e-02,-3.105067014694213867e-01,-5.720279216766357422e-01,5.412689447402954102e-01,-1.595309823751449585e-01,2.728749513626098633e-01,-5.289637669920921326e-02,-4.694092571735382080e-01
-9.969228995032608509e-05,9.343053679913282394e-04,7.865389585494995117e-01,9.998005032539367676e-01,7.882717764005064964e-04,1.546224858611822128e-02,1.262017432600259781e-02,3.878095000982284546e-02,1.611751317977905273e-01,4.343640506267547607e-01,1.159606203436851501e-01,-1.281249523162841797e-01,-1.313228905200958252e-01,-2.627242729067802429e-02,-1.530413627624511719e-01,-1.775994598865509033e-01,1.345169544219970703e-01,-1.255053132772445679e-01,1.582644134759902954e-01,1.335308793932199478e-02,-4.368548840284347534e-02,5.211487039923667908e-02,2.014488726854324341e-01,3.867699503898620605e-01,-3.818577826023101807e-01,7.157826423645019531e-01,1.335318088531494141e-01,5.667050927877426147e-02,4.381098970770835876e-02,-3.243140876293182373e-01,-5.825436711311340332e-01,5.430865883827209473e-01,-1.707539707422256470e-01,2.760618329048156738e-01,-4.647703468799591064e-02,-4.623667001724243164e-01
-4.457824688870459795e-04,1.052012201398611069e-03,7.865463495254516602e-01,9.997981190681457520e-01,8.272649138234555721e-04,1.549902930855751038e-02,1.276133675128221512e-02,3.848388418555259705e-02,1.608980894088745117e-01,4.340758025646209717e-01,1.159796267747879028e-01,-1.280141770839691162e-01,-1.311153620481491089e-01,-2.709711156785488129e-02,-1.534885764122009277e-01,-1.778126806020736694e-01,1.357067525386810303e-01,-1.256881952285766602e-01,1.584035754203796387e-01,1.473117619752883911e-02,-4.495993629097938538e-02,5.321294814348220825e-02,2.023892998695373535e-01,3.887557983398437500e-01,-3.808323442935943604e-01,7.141430974006652832e-01,1.342718005180358887e-01,5.676944926381111145e-02,4.497149586677551270e-02,-3.372244536876678467e-01,-5.917842984199523926e-01,5.434826016426086426e-01,-1.828933656215667725e-01,2.763492166996002197e-01,-4.035343974828720093e-02,-4.560734331607818604e-01
-8.085274021141231060e-04,1.146822702139616013e-03,7.865703105926513672e-01,9.997957348823547363e-01,8.724039071239531040e-04,1.562065258622169495e-02,1.279686111956834793e-02,3.800131753087043762e-02,1.607188880443572998e-01,4.342330396175384521e-01,1.158728748559951782e-01,-1.277563273906707764e-01,-1.310332715511322021e-01,-2.817518450319766998e-02,-1.538751870393753052e-01,-1.777622699737548828e-01,1.368155926465988159e-01,-1.258404552936553955e-01,1.584719717502593994e-01,1.572658307850360870e-02,-4.626277834177017212e-02,5.409445986151695251e-02,2.035677284002304077e-01,3.904474377632141113e-01,-3.790433704853057861e-01,7.122094631195068359e-01,1.350980252027511597e-01,5.722506344318389893e-02,4.644272476434707642e-02,-3.507335484027862549e-01,-5.998932719230651855e-01,5.423684716224670410e-01,-1.961579918861389160e-01,2.725977003574371338e-01,-3.434685617685317993e-02,-4.498371779918670654e-01
-1.140224165283143520e-03,1.224925857968628407e-03,7.865818738937377930e-01,9.997918605804443359e-01,9.069461957551538944e-04,1.585170812904834747e-02,1.281389594078063965e-02,3.697500750422477722e-02,1.606451869010925293e-01,4.343721866607666016e-01,1.157773137092590332e-01,-1.274003684520721436e-01,-1.307340413331985474e-01,-2.945959568023681641e-02,-1.542174369096755981e-01,-1.778185963630676270e-01,1.376177072525024414e-01,-1.256145089864730835e-01,1.588294804096221924e-01,1.645374484360218048e-02,-4.759064689278602600e-02,5.479249358177185059e-02,2.046739906072616577e-01,3.918238580226898193e-01,-3.772316277027130127e-01,7.102692723274230957e-01,1.357067525386810303e-01,5.771932378411293030e-02,4.744374379515647888e-02,-3.633717596530914307e-01,-6.067656278610229492e-01,5.400947928428649902e-01,-2.100532948970794678e-01,2.682472765445709229e-01,-2.865285798907279968e-02,-4.445028305053710938e-01
-1.506054541096091270e-03,1.296276226639747620e-03,7.865980267524719238e-01,9.997882843017578125e-01,9.296637144871056080e-04,1.610124856233596802e-02,1.277666259557008743e-02,3.566186130046844482e-02,1.606014519929885864e-01,4.343914687633514404e-01,1.157282143831253052e-01,-1.268938034772872925e-01,-1.302382647991180420e-01,-3.092136792838573456e-02,-1.544303447008132935e-01,-1.777025908231735229e-01,1.382250487804412842e-01,-1.249459385871887207e-01,1.590924859046936035e-01,1.726580783724784851e-02,-4.897118359804153442e-02,5.557543411850929260e-02,2.055390179157257080e-01,3.929102718830108643e-01,-3.753393590450286865e-01,7.084704637527465820e-01,1.352432966232299805e-01,5.811972543597221375e-02,4.805001616477966309e-02,-3.762229681015014648e-01,-6.127596497535705566e-01,5.378839373588562012e-01,-2.242367565631866455e-01,2.618094682693481445e-01,-2.268339879810810089e-02,-4.398699700832366943e-01
-1.941241789609193802e-03,1.331350416876375675e-03,7.866053581237792969e-01,9.997830986976623535e-01,9.275629417970776558e-04,1.639136858284473419e-02,1.281283982098102570e-02,3.399864956736564636e-02,1.605651080608367920e-01,4.341814815998077393e-01,1.158161535859107971e-01,-1.264695674180984497e-01,-1.295031160116195679e-01,-3.231525421142578125e-02,-1.544816642999649048e-01,-1.776470690965652466e-01,1.383202373981475830e-01,-1.238539591431617737e-01,1.592153608798980713e-01,1.796736195683479309e-02,-5.033589899539947510e-02,5.625474452972412109e-02,2.062233984470367432e-01,3.937976658344268799e-01,-3.731926381587982178e-01,7.065755128860473633e-01,1.348784267902374268e-01,5.812468379735946655e-02,4.846150800585746765e-02,-3.890450298786163330e-01,-6.180365681648254395e-01,5.353587269783020020e-01,-2.384199798107147217e-01,2.530113458633422852e-01,-1.654471457004547119e-02,-4.344051778316497803e-01
-2.407539868727326393e-03,1.325038261711597443e-03,7.866041064262390137e-01,9.997761845588684082e-01,8.977592224255204201e-04,1.673784479498863220e-02,1.290784403681755066e-02,3.222194314002990723e-02,1.605714112520217896e-01,4.338200390338897705e-01,1.159378364682197571e-01,-1.261911690235137939e-01,-1.288635581731796265e-01,-3.389880061149597168e-02,-1.543982326984405518e-01,-1.775204241275787354e-01,1.381796151399612427e-01,-1.225906834006309509e-01,1.592585295438766479e-01,1.848272047936916351e-02,-5.170466378331184387e-02,5.691175907850265503e-02,2.069582790136337280e-01,3.947076797485351562e-01,-3.711032569408416748e-01,7.045373320579528809e-01,1.342872679233551025e-01,5.774756520986557007e-02,4.966727271676063538e-02,-4.022585749626159668e-01,-6.228050589561462402e-01,5.327732563018798828e-01,-2.521114647388458252e-01,2.407363951206207275e-01,-1.014856062829494476e-02,-4.275027811527252197e-01
-2.880184212699532509e-03,1.297351089306175709e-03,7.865785360336303711e-01,9.997692704200744629e-01,8.549899794161319733e-04,1.714841835200786591e-02,1.290870457887649536e-02,3.050607442855834961e-02,1.606503278017044067e-01,4.337955415248870850e-01,1.160500571131706238e-01,-1.259616017341613770e-01,-1.284361630678176880e-01,-3.580757230520248413e-02,-1.542105823755264282e-01,-1.770154237747192383e-01,1.380992978811264038e-01,-1.214440613985061646e-01,1.592978537082672119e-01,1.900765113532543182e-02,-5.310985445976257324e-02,5.742470175027847290e-02,2.074469327926635742e-01,3.956306576728820801e-01,-3.694373071193695068e-01,7.031691670417785645e-01,1.334452331066131592e-01,5.724378675222396851e-02,5.146248266100883484e-02,-4.165216684341430664e-01,-6.272707581520080566e-01,5.306224822998046875e-01,-2.655125558376312256e-01,2.252749055624008179e-01,-4.079915583133697510e-03,-4.198581576347351074e-01
-3.321711206808686256e-03,1.256623538210988045e-03,7.865551114082336426e-01,9.997652769088745117e-01,8.152294903993606567e-04,1.753903180360794067e-02,1.269403379410505295e-02,2.907551079988479614e-02,1.608013063669204712e-01,4.343017935752868652e-01,1.161195337772369385e-01,-1.255702823400497437e-01,-1.282203048467636108e-01,-3.777985274791717529e-02,-1.540255844593048096e-01,-1.764340549707412720e-01,1.382900029420852661e-01,-1.205182299017906189e-01,1.594369262456893921e-01,1.974285766482353210e-02,-5.449161306023597717e-02,5.795745924115180969e-02,2.077398598194122314e-01,3.962573409080505371e-01,-3.681887984275817871e-01,7.027109861373901367e-01,1.330543309450149536e-01,5.709280073642730713e-02,5.297273769974708557e-02,-4.312872886657714844e-01,-6.312332749366760254e-01,5.291387438774108887e-01,-2.780395150184631348e-01,2.084461450576782227e-01,9.733194019645452499e-04,-4.124226272106170654e-01
-3.732196986675262451e-03,1.174810808151960373e-03,7.865281105041503906e-01,9.997639656066894531e-01,7.565286941826343536e-04,1.789961755275726318e-02,1.228959020227193832e-02,2.775967307388782501e-02,1.610412746667861938e-01,4.349687993526458740e-01,1.160789355635643005e-01,-1.250925511121749878e-01,-1.281871795654296875e-01,-3.963861241936683655e-02,-1.537960320711135864e-01,-1.760592460632324219e-01,1.386388540267944336e-01,-1.199556365609169006e-01,1.595016270875930786e-01,2.062770538032054901e-02,-5.596706271171569824e-02,5.845302715897560120e-02,2.082587480545043945e-01,3.966593742370605469e-01,-3.666789233684539795e-01,7.031272053718566895e-01,1.335571855306625366e-01,5.687668547034263611e-02,5.367430299520492554e-02,-4.469171762466430664e-01,-6.350395083427429199e-01,5.281584262847900391e-01,-2.900997102260589600e-01,1.895844787359237671e-01,5.837885197252035141e-03,-4.050473570823669434e-01
-4.079979844391345978e-03,1.059737405739724636e-03,7.865115404129028320e-01,9.997627735137939453e-01,6.934283883310854435e-04,1.824928820133209229e-02,1.187454443424940109e-02,2.643331885337829590e-02,1.613544672727584839e-01,4.354973435401916504e-01,1.160281226038932800e-01,-1.245272234082221985e-01,-1.283891946077346802e-01,-4.141205176711082458e-02,-1.536229997873306274e-01,-1.757940649986267090e-01,1.392262876033782959e-01,-1.196788102388381958e-01,1.596894413232803345e-01,2.126658335328102112e-02,-5.747146159410476685e-02,5.886735767126083374e-02,2.090998739004135132e-01,3.968486785888671875e-01,-3.649587333202362061e-01,7.041577696800231934e-01,1.347836256027221680e-01,5.667905136942863464e-02,5.365273356437683105e-02,-4.627213180065155029e-01,-6.389429569244384766e-01,5.285730361938476562e-01,-3.005996048450469971e-01,1.679920256137847900e-01,9.788672439754009247e-03,-3.973606526851654053e-01
-4.351533949375152588e-03,9.553681593388319016e-04,7.864913344383239746e-01,9.997625350952148438e-01,6.134182331152260303e-04,1.855222322046756744e-02,1.142018847167491913e-02,2.551737986505031586e-02,1.616720855236053467e-01,4.360134005546569824e-01,1.158191412687301636e-01,-1.239090859889984131e-01,-1.286526471376419067e-01,-4.295449703931808472e-02,-1.533576548099517822e-01,-1.754763126373291016e-01,1.398600488901138306e-01,-1.195128187537193298e-01,1.598438322544097900e-01,2.203173935413360596e-02,-5.903076007962226868e-02,5.925703793764114380e-02,2.096991837024688721e-01,3.968441486358642578e-01,-3.631553649902343750e-01,7.057911753654479980e-01,1.358558386564254761e-01,5.621547624468803406e-02,5.337187275290489197e-02,-4.779939055442810059e-01,-6.430047154426574707e-01,5.300458669662475586e-01,-3.101811707019805908e-01,1.469300389289855957e-01,1.354135014116764069e-02,-3.894706964492797852e-01
-4.514519125223159790e-03,8.541857823729515076e-04,7.864894270896911621e-01,9.997636079788208008e-01,5.328167462721467018e-04,1.880140230059623718e-02,1.090951822698116302e-02,2.500770613551139832e-02,1.619894504547119141e-01,4.364809691905975342e-01,1.156748607754707336e-01,-1.234450265765190125e-01,-1.288755387067794800e-01,-4.439007490873336792e-02,-1.530502885580062866e-01,-1.750346124172210693e-01,1.405908167362213135e-01,-1.193249523639678955e-01,1.599525958299636841e-01,2.301765605807304382e-02,-6.067183241248130798e-02,5.953173711895942688e-02,2.103309482336044312e-01,3.968893289566040039e-01,-3.613362312316894531e-01,7.072789669036865234e-01,1.367987096309661865e-01,5.591943487524986267e-02,5.320907384157180786e-02,-4.922974407672882080e-01,-6.472076177597045898e-01,5.323766469955444336e-01,-3.191426694393157959e-01,1.287820935249328613e-01,1.644991151988506317e-02,-3.824509978294372559e-01
-4.573162645101547241e-03,7.353911641985177994e-04,7.864972949028015137e-01,9.997631907463073730e-01,4.614914359990507364e-04,1.901323907077312469e-02,1.057842839509248734e-02,2.463730052113533020e-02,1.622599065303802490e-01,4.367477893829345703e-01,1.155204251408576965e-01,-1.232382580637931824e-01,-1.289181113243103027e-01,-4.568634927272796631e-02,-1.527284681797027588e-01,-1.746423393487930298e-01,1.411788761615753174e-01,-1.192490160465240479e-01,1.599476635456085205e-01,2.406413294374942780e-02,-6.251387298107147217e-02,5.960883200168609619e-02,2.106905430555343628e-01,3.971616625785827637e-01,-3.595832288265228271e-01,7.087435126304626465e-01,1.367827951908111572e-01,5.539890006184577942e-02,5.272971838712692261e-02,-5.051709413528442383e-01,-6.512247323989868164e-01,5.345848798751831055e-01,-3.277216553688049316e-01,1.157032400369644165e-01,1.952216215431690216e-02,-3.760857284069061279e-01
-4.559839144349098206e-03,6.457511335611343384e-04,7.865094542503356934e-01,9.997624754905700684e-01,4.030120908282697201e-04,1.916408725082874298e-02,1.037259865552186966e-02,2.432956732809543610e-02,1.624611020088195801e-01,4.367800652980804443e-01,1.154428720474243164e-01,-1.232496798038482666e-01,-1.288883835077285767e-01,-4.668372496962547302e-02,-1.525132656097412109e-01,-1.743778884410858154e-01,1.417419463396072388e-01,-1.192985698580741882e-01,1.597205996513366699e-01,2.502604760229587555e-02,-6.437129527330398560e-02,5.944508314132690430e-02,2.109646201133728027e-01,3.973866701126098633e-01,-3.579512834548950195e-01,7.101566195487976074e-01,1.361530870199203491e-01,5.479747056961059570e-02,5.251328647136688232e-02,-5.166289806365966797e-01,-6.547485589981079102e-01,5.374712347984313965e-01,-3.353047370910644531e-01,1.066954955458641052e-01,2.163957245647907257e-02,-3.709525167942047119e-01
-4.526402801275253296e-03,5.651460960507392883e-04,7.865059971809387207e-01,9.997633099555969238e-01,3.617070615291595459e-04,1.919361017644405365e-02,1.024261210113763809e-02,2.429516613483428955e-02,1.627108752727508545e-01,4.367447793483734131e-01,1.154064536094665527e-01,-1.233534961938858032e-01,-1.288315951824188232e-01,-4.721891880035400391e-02,-1.523956060409545898e-01,-1.741675883531570435e-01,1.424515396356582642e-01,-1.197163984179496765e-01,1.596391946077346802e-01,2.590348571538925171e-02,-6.627538055181503296e-02,5.924475565552711487e-02,2.110572159290313721e-01,3.975489139556884766e-01,-3.565742373466491699e-01,7.114623785018920898e-01,1.356300562620162964e-01,5.409585312008857727e-02,5.210817977786064148e-02,-5.270797014236450195e-01,-6.576017737388610840e-01,5.406086444854736328e-01,-3.420715034008026123e-01,9.920830279588699341e-02,2.353103086352348328e-02,-3.664225339889526367e-01
-4.487915895879268646e-03,4.803466144949197769e-04,7.865152955055236816e-01,9.997674226760864258e-01,2.839202061295509338e-04,1.908407919108867645e-02,1.004345901310443878e-02,2.492817118763923645e-02,1.631705760955810547e-01,4.370788931846618652e-01,1.153090968728065491e-01,-1.235543116927146912e-01,-1.289749294519424438e-01,-4.727220535278320312e-02,-1.520158946514129639e-01,-1.737156212329864502e-01,1.430717706680297852e-01,-1.202612370252609253e-01,1.596421450376510620e-01,2.675341814756393433e-02,-6.809825450181961060e-02,5.899933725595474243e-02,2.110729068517684937e-01,3.976417481899261475e-01,-3.551284670829772949e-01,7.132094502449035645e-01,1.355416327714920044e-01,5.348523706197738647e-02,5.243255943059921265e-02,-5.367449522018432617e-01,-6.598616838455200195e-01,5.436515808105468750e-01,-3.483749330043792725e-01,9.470752626657485962e-02,2.536837570369243622e-02,-3.618283569812774658e-01
-4.437710624188184738e-03,3.929195809178054333e-04,7.865561246871948242e-01,9.997735619544982910e-01,2.012850454775616527e-04,1.893075741827487946e-02,9.714514017105102539e-03,2.590833604335784912e-02,1.637130677700042725e-01,4.378163218498229980e-01,1.152416393160820007e-01,-1.237585246562957764e-01,-1.290855109691619873e-01,-4.730106517672538757e-02,-1.515297442674636841e-01,-1.728714406490325928e-01,1.436594277620315552e-01,-1.207773908972740173e-01,1.597630530595779419e-01,2.753974311053752899e-02,-6.971846520900726318e-02,5.855609476566314697e-02,2.110661268234252930e-01,3.978389501571655273e-01,-3.539825975894927979e-01,7.151200175285339355e-01,1.352938711643218994e-01,5.318789929151535034e-02,5.357414111495018005e-02,-5.455760955810546875e-01,-6.616423726081848145e-01,5.463232994079589844e-01,-3.540044128894805908e-01,9.063532203435897827e-02,2.717640064656734467e-02,-3.576121926307678223e-01
-4.355095792561769485e-03,3.232791204936802387e-04,7.865785956382751465e-01,9.997799992561340332e-01,1.168149974546395242e-04,1.880838535726070404e-02,9.286534041166305542e-03,2.694193646311759949e-02,1.642271578311920166e-01,4.387695491313934326e-01,1.152144297957420349e-01,-1.240068748593330383e-01,-1.290790140628814697e-01,-4.734839871525764465e-02,-1.511176079511642456e-01,-1.720648854970932007e-01,1.441637724637985229e-01,-1.212958991527557373e-01,1.598051339387893677e-01,2.817277610301971436e-02,-7.122362405061721802e-02,5.797326564788818359e-02,2.111321687698364258e-01,3.981825411319732666e-01,-3.529810309410095215e-01,7.170755863189697266e-01,1.348440051078796387e-01,5.297236517071723938e-02,5.516628175973892212e-02,-5.543593764305114746e-01,-6.633939743041992188e-01,5.489709973335266113e-01,-3.590170145034790039e-01,8.308728039264678955e-02,2.916392497718334198e-02,-3.532743155956268311e-01
-4.290869459509849548e-03,2.891155309043824673e-04,7.865625023841857910e-01,9.997857809066772461e-01,3.932329127565026283e-05,1.873579993844032288e-02,8.798712864518165588e-03,2.785226143896579742e-02,1.645728051662445068e-01,4.395521283149719238e-01,1.152226477861404419e-01,-1.243909522891044617e-01,-1.288834512233734131e-01,-4.728969186544418335e-02,-1.508108973503112793e-01,-1.715327203273773193e-01,1.442097872495651245e-01,-1.214967817068099976e-01,1.600132435560226440e-01,2.872259728610515594e-02,-7.259898632764816284e-02,5.742182210087776184e-02,2.113870382308959961e-01,3.986068964004516602e-01,-3.524340987205505371e-01,7.190887928009033203e-01,1.340929418802261353e-01,5.270667001605033875e-02,5.637881904840469360e-02,-5.623314380645751953e-01,-6.649308204650878906e-01,5.506554841995239258e-01,-3.635452985763549805e-01,7.478203624486923218e-02,3.045227378606796265e-02,-3.481049239635467529e-01
-4.283147864043712616e-03,3.294576890766620636e-04,7.865085601806640625e-01,9.997903704643249512e-01,3.937213023164076731e-06,1.865674555301666260e-02,8.439123630523681641e-03,2.855361439287662506e-02,1.647150367498397827e-01,4.403381049633026123e-01,1.151822581887245178e-01,-1.248721182346343994e-01,-1.284190267324447632e-01,-4.692200571298599243e-02,-1.506660282611846924e-01,-1.714107841253280640e-01,1.437653005123138428e-01,-1.214940696954727173e-01,1.605304181575775146e-01,2.907396294176578522e-02,-7.391832768917083740e-02,5.714535340666770935e-02,2.116038203239440918e-01,3.991438150405883789e-01,-3.524140715599060059e-01,7.213867306709289551e-01,1.330774277448654175e-01,5.232043936848640442e-02,5.717167258262634277e-02,-5.694705843925476074e-01,-6.663413643836975098e-01,5.517668128013610840e-01,-3.675751090049743652e-01,6.808202713727951050e-02,3.131482750177383423e-02,-3.428829908370971680e-01
-4.325049929320812225e-03,4.451901186257600784e-04,7.864510416984558105e-01,9.997922778129577637e-01,-1.652457831369247288e-05,1.861692406237125397e-02,8.295768871903419495e-03,2.874844707548618317e-02,1.647051423788070679e-01,4.409719407558441162e-01,1.152398064732551575e-01,-1.251950263977050781e-01,-1.279998719692230225e-01,-4.652776196599006653e-02,-1.506897360086441040e-01,-1.715271025896072388e-01,1.429474949836730957e-01,-1.211308836936950684e-01,1.613376736640930176e-01,2.927579730749130249e-02,-7.504187524318695068e-02,5.704406276345252991e-02,2.116306424140930176e-01,3.997876644134521484e-01,-3.521720468997955322e-01,7.238023281097412109e-01,1.321367025375366211e-01,5.190624669194221497e-02,5.742684379220008850e-02,-5.762593746185302734e-01,-6.678338646888732910e-01,5.528042316436767578e-01,-3.705309927463531494e-01,6.432804465293884277e-02,3.105352632701396942e-02,-3.383489847183227539e-01
-4.464983940124511719e-03,6.120167672634124756e-04,7.864289283752441406e-01,9.997942447662353516e-01,-2.639717786223627627e-05,1.855758018791675568e-02,8.188088424503803253e-03,2.845739386975765228e-02,1.645393520593643188e-01,4.415656328201293945e-01,1.153312101960182190e-01,-1.255733519792556763e-01,-1.276654899120330811e-01,-4.607317224144935608e-02,-1.507481038570404053e-01,-1.714039593935012817e-01,1.417054831981658936e-01,-1.201986744999885559e-01,1.622811555862426758e-01,2.970269694924354553e-02,-7.593883574008941650e-02,5.725283548235893250e-02,2.112649530172348022e-01,4.006732404232025146e-01,-3.518204391002655029e-01,7.254375219345092773e-01,1.307890415191650391e-01,5.135108903050422668e-02,5.746664106845855713e-02,-5.831826925277709961e-01,-6.699685454368591309e-01,5.540766716003417969e-01,-3.725155889987945557e-01,6.231541931629180908e-02,3.093861974775791168e-02,-3.342704772949218750e-01
-4.701139871031045914e-03,7.990071317180991173e-04,7.864227294921875000e-01,9.997984170913696289e-01,-2.938114675998804159e-07,1.842540502548217773e-02,7.975698448717594147e-03,2.803482115268707275e-02,1.642460674047470093e-01,4.424530565738677979e-01,1.154971197247505188e-01,-1.260045468807220459e-01,-1.274231970310211182e-01,-4.570583254098892212e-02,-1.508845984935760498e-01,-1.708191782236099243e-01,1.403477191925048828e-01,-1.190519183874130249e-01,1.634023189544677734e-01,3.046839311718940735e-02,-7.662498950958251953e-02,5.771027877926826477e-02,2.105060219764709473e-01,4.018417000770568848e-01,-3.516665697097778320e-01,7.260952591896057129e-01,1.296622604131698608e-01,5.068227276206016541e-02,5.731327086687088013e-02,-5.899027585983276367e-01,-6.723280549049377441e-01,5.551310181617736816e-01,-3.732606768608093262e-01,6.296201050281524658e-02,3.120401874184608459e-02,-3.309084177017211914e-01
-4.974779207259416580e-03,9.727751603350043297e-04,7.864169478416442871e-01,9.998049139976501465e-01,3.458988066995516419e-05,1.819667965173721313e-02,7.686157245188951492e-03,2.799025550484657288e-02,1.638802438974380493e-01,4.436949789524078369e-01,1.156326904892921448e-01,-1.263443529605865479e-01,-1.271438151597976685e-01,-4.543321579694747925e-02,-1.510674804449081421e-01,-1.699376553297042847e-01,1.395410001277923584e-01,-1.182168871164321899e-01,1.645004600286483765e-01,3.135837987065315247e-02,-7.701808959245681763e-02,5.825971812009811401e-02,2.099180817604064941e-01,4.031176865100860596e-01,-3.517105281352996826e-01,7.261443138122558594e-01,1.287376582622528076e-01,4.998897388577461243e-02,5.733673274517059326e-02,-5.966402888298034668e-01,-6.747354865074157715e-01,5.562328696250915527e-01,-3.729579150676727295e-01,6.579512357711791992e-02,3.180603682994842529e-02,-3.281605541706085205e-01
-5.226204637438058853e-03,1.147975446656346321e-03,7.863972783088684082e-01,9.998124837875366211e-01,7.238952093757688999e-05,1.796103268861770630e-02,7.239430677145719528e-03,2.854103781282901764e-02,1.635507643222808838e-01,4.450037479400634766e-01,1.156913712620735168e-01,-1.263224333524703979e-01,-1.268218606710433960e-01,-4.528189077973365784e-02,-1.512374132871627808e-01,-1.688822954893112183e-01,1.391680091619491577e-01,-1.177063882350921631e-01,1.655839979648590088e-01,3.215687349438667297e-02,-7.715595513582229614e-02,5.872995406389236450e-02,2.100420743227005005e-01,4.044842422008514404e-01,-3.521160781383514404e-01,7.256756424903869629e-01,1.297114193439483643e-01,4.946823045611381531e-02,5.773454532027244568e-02,-6.041500568389892578e-01,-6.774073243141174316e-01,5.578216314315795898e-01,-3.712707459926605225e-01,6.957314163446426392e-02,3.208799660205841064e-02,-3.254175484180450439e-01
-5.461923778057098389e-03,1.363769522868096828e-03,7.863726615905761719e-01,9.998187422752380371e-01,1.295853580813854933e-04,1.779911667108535767e-02,6.764732766896486282e-03,2.927280403673648834e-02,1.632310301065444946e-01,4.461326301097869873e-01,1.156677901744842529e-01,-1.259747445583343506e-01,-1.264435201883316040e-01,-4.532401636242866516e-02,-1.515031307935714722e-01,-1.681852638721466064e-01,1.388618201017379761e-01,-1.172779276967048645e-01,1.664572954177856445e-01,3.292699158191680908e-02,-7.722555845975875854e-02,5.901575833559036255e-02,2.109961062669754028e-01,4.058896601200103760e-01,-3.524289429187774658e-01,7.247819304466247559e-01,1.316284239292144775e-01,4.932954162359237671e-02,5.830689519643783569e-02,-6.119927167892456055e-01,-6.808158755302429199e-01,5.593745708465576172e-01,-3.688229918479919434e-01,7.406777888536453247e-02,3.104728274047374725e-02,-3.224234580993652344e-01
-5.693096667528152466e-03,1.641623442992568016e-03,7.863543033599853516e-01,9.998211860656738281e-01,2.228596276836469769e-04,1.774558797478675842e-02,6.532316561788320541e-03,2.916916459798812866e-02,1.628416925668716431e-01,4.466153979301452637e-01,1.158730909228324890e-01,-1.253802925348281860e-01,-1.258024573326110840e-01,-4.545485600829124451e-02,-1.519705653190612793e-01,-1.681264191865921021e-01,1.380816251039505005e-01,-1.167284175753593445e-01,1.670299321413040161e-01,3.360645845532417297e-02,-7.736679911613464355e-02,5.909739062190055847e-02,2.123542279005050659e-01,4.075245857238769531e-01,-3.525874018669128418e-01,7.230583429336547852e-01,1.333147287368774414e-01,4.922894015908241272e-02,5.878468230366706848e-02,-6.204975247383117676e-01,-6.851949691772460938e-01,5.611436963081359863e-01,-3.660751581192016602e-01,7.892215996980667114e-02,2.960134856402873993e-02,-3.186374604701995850e-01
-5.943403113633394241e-03,1.948740798979997635e-03,7.863566875457763672e-01,9.998209476470947266e-01,3.230392176192253828e-04,1.775697804987430573e-02,6.535791326314210892e-03,2.814645320177078247e-02,1.625161767005920410e-01,4.467158019542694092e-01,1.164142936468124390e-01,-1.250835061073303223e-01,-1.250752359628677368e-01,-4.552490264177322388e-02,-1.525114029645919800e-01,-1.684872359037399292e-01,1.366925090551376343e-01,-1.159340590238571167e-01,1.672700643539428711e-01,3.442336618900299072e-02,-7.755944132804870605e-02,5.900452658534049988e-02,2.137920409440994263e-01,4.094824194908142090e-01,-3.521713316440582275e-01,7.204579710960388184e-01,1.341983079910278320e-01,4.866279289126396179e-02,5.844511464238166809e-02,-6.286891102790832520e-01,-6.900366544723510742e-01,5.611746907234191895e-01,-3.630456924438476562e-01,8.719832450151443481e-02,2.804987877607345581e-02,-3.152979016304016113e-01
-6.230270955711603165e-03,2.220325404778122902e-03,7.863515615463256836e-01,9.998185634613037109e-01,4.256087995599955320e-04,1.773573830723762512e-02,6.936197169125080109e-03,2.664672583341598511e-02,1.622615009546279907e-01,4.466953873634338379e-01,1.170489862561225891e-01,-1.250630915164947510e-01,-1.246624737977981567e-01,-4.509240016341209412e-02,-1.531002372503280640e-01,-1.692954003810882568e-01,1.348613351583480835e-01,-1.153166890144348145e-01,1.673345714807510376e-01,3.502867370843887329e-02,-7.788158208131790161e-02,5.890723317861557007e-02,2.152860015630722046e-01,4.117510616779327393e-01,-3.516532480716705322e-01,7.174065113067626953e-01,1.345768570899963379e-01,4.780192300677299500e-02,5.683078244328498840e-02,-6.360266804695129395e-01,-6.946951746940612793e-01,5.582275986671447754e-01,-3.603391349315643311e-01,1.026898175477981567e-01,2.735053189098834991e-02,-3.125042319297790527e-01
-6.524663418531417847e-03,2.424835227429866791e-03,7.863245606422424316e-01,9.998154044151306152e-01,4.984006518498063087e-04,1.769999042153358459e-02,7.463564630597829819e-03,2.531155943870544434e-02,1.621600389480590820e-01,4.474498331546783447e-01,1.175692453980445862e-01,-1.251107752323150635e-01,-1.243657022714614868e-01,-4.450969398021697998e-02,-1.536295562982559204e-01,-1.699068844318389893e-01,1.336199194192886353e-01,-1.151646226644515991e-01,1.676362156867980957e-01,3.564286977052688599e-02,-7.827419787645339966e-02,5.896209180355072021e-02,2.170059382915496826e-01,4.140407443046569824e-01,-3.511549830436706543e-01,7.138367295265197754e-01,1.348064243793487549e-01,4.684478417038917542e-02,5.496467649936676025e-02,-6.418619155883789062e-01,-6.985164284706115723e-01,5.547295808792114258e-01,-3.588099181652069092e-01,1.200269162654876709e-01,2.734538167715072632e-02,-3.106960952281951904e-01
-6.765784695744514465e-03,2.523074857890605927e-03,7.862982749938964844e-01,9.998115897178649902e-01,5.766723188571631908e-04,1.765589416027069092e-02,8.047554641962051392e-03,2.457241714000701904e-02,1.620038449764251709e-01,4.485224485397338867e-01,1.178510636091232300e-01,-1.249451115727424622e-01,-1.237939894199371338e-01,-4.372515901923179626e-02,-1.541899144649505615e-01,-1.701943576335906982e-01,1.334206759929656982e-01,-1.153894141316413879e-01,1.683049052953720093e-01,3.603830561041831970e-02,-7.885839790105819702e-02,5.946299806237220764e-02,2.196268588304519653e-01,4.159326851367950439e-01,-3.505755960941314697e-01,7.097543478012084961e-01,1.365913003683090210e-01,4.564404115080833435e-02,5.339480563998222351e-02,-6.454137563705444336e-01,-7.006585597991943359e-01,5.525578260421752930e-01,-3.580378890037536621e-01,1.317434906959533691e-01,2.717201411724090576e-02,-3.090973794460296631e-01
-6.945317611098289490e-03,2.598491962999105453e-03,7.863422632217407227e-01,9.998056888580322266e-01,6.963672931306064129e-04,1.770568080246448517e-02,8.642628788948059082e-03,2.436002530157566071e-02,1.617570817470550537e-01,4.498526751995086670e-01,1.178047806024551392e-01,-1.249087452888488770e-01,-1.224395334720611572e-01,-4.326638206839561462e-02,-1.545636206865310669e-01,-1.696053445339202881e-01,1.339013278484344482e-01,-1.153787076473236084e-01,1.689553111791610718e-01,3.614164516329765320e-02,-7.979049533605575562e-02,5.997833237051963806e-02,2.236389517784118652e-01,4.176007509231567383e-01,-3.484840989112854004e-01,7.045983076095581055e-01,1.393956840038299561e-01,4.403146728873252869e-02,5.245570093393325806e-02,-6.466321945190429688e-01,-7.007303237915039062e-01,5.517764091491699219e-01,-3.564259111881256104e-01,1.371049731969833374e-01,2.582573890686035156e-02,-3.075625300407409668e-01
