-9.622376412153244019e-03,6.122597306966781616e-02,7.962514758110046387e-01,9.954984188079833984e-01,-6.898210197687149048e-02,6.497336924076080322e-02,1.704922411590814590e-03,-1.775117516517639160e-01,2.997465729713439941e-01,4.960952997207641602e-01,2.710393667221069336e-01,-2.078202217817306519e-01,-4.125796630978584290e-02,-8.782999217510223389e-02,-1.428990364074707031e-01,-4.886563718318939209e-01,1.575176119804382324e-01,9.908071905374526978e-02,1.885668188333511353e-01,3.894248306751251221e-01,-4.717862010002136230e-01,2.360605597496032715e-01,-2.462116956710815430e+00,1.473933577537536621e+00,-1.654450178146362305e+00,1.359936475753784180e+00,-9.036448001861572266e-01,-2.594742476940155029e-01,-8.477956652641296387e-01,2.419546060264110565e-02,-4.694946408271789551e-01,4.632793664932250977e-01,7.324701547622680664e-01,-1.922588050365447998e-01,-8.951359987258911133e-02,1.792007088661193848e-01
-8.866773918271064758e-03,5.863685905933380127e-02,7.972268462181091309e-01,9.959222078323364258e-01,-6.431917101144790649e-02,6.315290927886962891e-02,3.699290100485086441e-03,-1.506264060735702515e-01,2.841402590274810791e-01,5.065219402313232422e-01,2.419072389602661133e-01,-1.934095323085784912e-01,-4.800285771489143372e-02,-7.487958669662475586e-02,-1.491674333810806274e-01,-4.965324997901916504e-01,1.538351476192474365e-01,1.073518171906471252e-01,1.912011802196502686e-01,3.868283331394195557e-01,-4.702573418617248535e-01,2.308466732501983643e-01,-2.438150167465209961e+00,1.472397208213806152e+00,-1.655897498130798340e+00,1.392649888992309570e+00,-8.265425562858581543e-01,-2.700451612472534180e-01,-6.590301990509033203e-01,3.825319930911064148e-02,-4.798277914524078369e-01,4.392186701297760010e-01,7.282397747039794922e-01,-2.166555970907211304e-01,-8.528401702642440796e-02,1.955423206090927124e-01
-7.981102913618087769e-03,5.656963214278221130e-02,7.969568967819213867e-01,9.962521195411682129e-01,-6.027887761592864990e-02,6.158839166164398193e-02,7.418530993163585663e-03,-1.359579414129257202e-01,2.686050236225128174e-01,5.066339373588562012e-01,2.162359356880187988e-01,-1.775181889533996582e-01,-5.137331783771514893e-02,-6.292619556188583374e-02,-1.544161438941955566e-01,-4.990106821060180664e-01,1.470590978860855103e-01,1.057850420475006104e-01,1.905176639556884766e-01,3.795036673545837402e-01,-4.664506316184997559e-01,2.173417359590530396e-01,-2.409717082977294922e+00,1.475903868675231934e+00,-1.660059571266174316e+00,1.435251235961914062e+00,-7.819687128067016602e-01,-2.783575356006622314e-01,-4.956792294979095459e-01,4.161227867007255554e-02,-4.694246053695678711e-01,4.375971853733062744e-01,7.413848042488098145e-01,-2.286669164896011353e-01,-8.829344063997268677e-02,1.971652507781982422e-01
-6.808776408433914185e-03,5.490452796220779419e-02,7.962824702262878418e-01,9.965226650238037109e-01,-5.592521280050277710e-02,6.054193153977394104e-02,1.222896203398704529e-02,-1.255836486816406250e-01,2.521163821220397949e-01,5.026113390922546387e-01,1.929098069667816162e-01,-1.643475592136383057e-01,-5.361865833401679993e-02,-5.284450203180313110e-02,-1.617691814899444580e-01,-5.012931227684020996e-01,1.416253149509429932e-01,9.619995951652526855e-02,1.912249773740768433e-01,3.693078756332397461e-01,-4.594291448593139648e-01,2.029227763414382935e-01,-2.360548973083496094e+00,1.489162445068359375e+00,-1.661110639572143555e+00,1.465416073799133301e+00,-7.235311269760131836e-01,-2.799291908740997314e-01,-3.744479417800903320e-01,3.749263286590576172e-02,-4.458832740783691406e-01,4.487654566764831543e-01,7.674533724784851074e-01,-2.356405854225158691e-01,-9.105319529771804810e-02,1.963854730129241943e-01
-5.509801208972930908e-03,5.352035537362098694e-02,7.956120967864990234e-01,9.967530965805053711e-01,-5.124191939830780029e-02,5.966808646917343140e-02,1.724386215209960938e-02,-1.176773235201835632e-01,2.360537946224212646e-01,4.959871172904968262e-01,1.753133684396743774e-01,-1.536798179149627686e-01,-5.476506426930427551e-02,-4.413230344653129578e-02,-1.704556941986083984e-01,-5.032337307929992676e-01,1.378849148750305176e-01,8.305517584085464478e-02,1.913617998361587524e-01,3.580781221389770508e-01,-4.478943645954132080e-01,1.882922947406768799e-01,-2.273007631301879883e+00,1.514793395996093750e+00,-1.656599640846252441e+00,1.479187250137329102e+00,-6.243656873703002930e-01,-2.710315287113189697e-01,-2.680052816867828369e-01,3.116256371140480042e-02,-4.171487987041473389e-01,4.662739038467407227e-01,7.980871796607971191e-01,-2.411527782678604126e-01,-9.258304536342620850e-02,1.969645917415618896e-01
-4.297161474823951721e-03,5.243121460080146790e-02,7.950413227081298828e-01,9.969695210456848145e-01,-4.613138362765312195e-02,5.886300653219223022e-02,2.141903899610042572e-02,-1.105443984270095825e-01,2.204212546348571777e-01,4.906448721885681152e-01,1.607038229703903198e-01,-1.438646316528320312e-01,-5.518606305122375488e-02,-3.583778813481330872e-02,-1.794195473194122314e-01,-5.034590959548950195e-01,1.330166012048721313e-01,7.125978916883468628e-02,1.913068741559982300e-01,3.448065817356109619e-01,-4.340652525424957275e-01,1.726949959993362427e-01,-2.138015270233154297e+00,1.553550124168395996e+00,-1.620554685592651367e+00,1.460694909095764160e+00,-4.925979673862457275e-01,-2.565883696079254150e-01,-1.738217025995254517e-01,2.629924565553665161e-02,-3.898838758468627930e-01,4.832161664962768555e-01,8.269414305686950684e-01,-2.429037392139434814e-01,-9.290320426225662231e-02,1.983127892017364502e-01
-3.304115030914545059e-03,5.154616013169288635e-02,7.945094108581542969e-01,9.972127079963684082e-01,-4.034415632486343384e-02,5.805164948105812073e-02,2.385761775076389313e-02,-1.032800748944282532e-01,2.048256099224090576e-01,4.893727004528045654e-01,1.482791006565093994e-01,-1.359670758247375488e-01,-5.461364611983299255e-02,-2.808517590165138245e-02,-1.888938695192337036e-01,-5.012888908386230469e-01,1.267308443784713745e-01,6.187984719872474670e-02,1.917077749967575073e-01,3.290182054042816162e-01,-4.185943007469177246e-01,1.558301001787185669e-01,-1.931577444076538086e+00,1.603561758995056152e+00,-1.486999034881591797e+00,1.396359920501708984e+00,-3.617369234561920166e-01,-2.404728084802627563e-01,-9.677289426326751709e-02,2.376892045140266418e-02,-3.661316931247711182e-01,4.930889904499053955e-01,8.511442542076110840e-01,-2.380607873201370239e-01,-9.323685616254806519e-02,1.996425688266754150e-01
-2.502370625734329224e-03,5.083446204662322998e-02,7.938709259033203125e-01,9.975014925003051758e-01,-3.330147266387939453e-02,5.734870210289955139e-02,2.435129508376121521e-02,-9.544432163238525391e-02,1.871040016412734985e-01,4.920945167541503906e-01,1.376050114631652832e-01,-1.312136948108673096e-01,-5.264094844460487366e-02,-2.188178524374961853e-02,-2.009475529193878174e-01,-4.959220290184020996e-01,1.208934485912322998e-01,5.310121923685073853e-02,1.941866427659988403e-01,3.087375760078430176e-01,-4.013760089874267578e-01,1.378910839557647705e-01,-1.604335546493530273e+00,1.658744573593139648e+00,-1.167751312255859375e+00,1.282997846603393555e+00,-2.486041784286499023e-01,-2.216732352972030640e-01,-2.751527540385723114e-02,2.258414775133132935e-02,-3.467090725898742676e-01,4.944458305835723877e-01,8.699198365211486816e-01,-2.307843267917633057e-01,-9.475914388895034790e-02,2.008978128433227539e-01
-1.990800257772207260e-03,5.048983544111251831e-02,7.926096320152282715e-01,9.978176355361938477e-01,-2.475192584097385406e-02,5.673849210143089294e-02,2.297954633831977844e-02,-8.841819316148757935e-02,1.672916114330291748e-01,4.983478784561157227e-01,1.310384422540664673e-01,-1.307628452777862549e-01,-5.091220885515213013e-02,-1.736479811370372772e-02,-2.174627780914306641e-01,-4.887295365333557129e-01,1.171411350369453430e-01,3.873926401138305664e-02,2.011945843696594238e-01,2.863684296607971191e-01,-3.849186003208160400e-01,1.225846409797668457e-01,-1.195932030677795410e+00,1.698515415191650391e+00,-7.324333190917968750e-01,1.138756155967712402e+00,-1.636325716972351074e-01,-1.974386572837829590e-01,3.566116839647293091e-02,2.243177965283393860e-02,-3.330868184566497803e-01,4.922824203968048096e-01,8.821171522140502930e-01,-2.229323834180831909e-01,-9.641373157501220703e-02,2.033696472644805908e-01
-1.702571054920554161e-03,5.000270158052444458e-02,7.903470993041992188e-01,9.981221556663513184e-01,-1.498735789209604263e-02,5.584143847227096558e-02,2.022993750870227814e-02,-8.230046927928924561e-02,1.467135697603225708e-01,5.085598230361938477e-01,1.298386305570602417e-01,-1.351149529218673706e-01,-4.943160712718963623e-02,-1.404583547264337540e-02,-2.379592657089233398e-01,-4.825573265552520752e-01,1.148571223020553589e-01,1.614703796803951263e-02,2.092467248439788818e-01,2.633522450923919678e-01,-3.691754937171936035e-01,1.114662215113639832e-01,-8.089162111282348633e-01,1.700171828269958496e+00,-3.470296263694763184e-01,9.825673699378967285e-01,-1.091280803084373474e-01,-1.684324443340301514e-01,8.364860713481903076e-02,1.887913420796394348e-02,-3.253620564937591553e-01,4.934180974960327148e-01,8.946677446365356445e-01,-2.069943696260452271e-01,-9.853371977806091309e-02,2.022585123777389526e-01
-1.948647666722536087e-03,4.924209788441658020e-02,7.875590920448303223e-01,9.983540177345275879e-01,-5.616450216621160507e-03,5.455046519637107849e-02,1.679350063204765320e-02,-7.642847299575805664e-02,1.288894712924957275e-01,5.195519328117370605e-01,1.336216926574707031e-01,-1.424489170312881470e-01,-4.888037592172622681e-02,-1.284522097557783127e-02,-2.580623030662536621e-01,-4.785364568233489990e-01,1.151856929063796997e-01,-1.004785206168889999e-02,2.120610177516937256e-01,2.387107312679290771e-01,-3.481104373931884766e-01,1.025408953428268433e-01,-5.080406665802001953e-01,1.662252426147460938e+00,-7.368029654026031494e-02,8.288465142250061035e-01,-7.858990877866744995e-02,-1.357095539569854736e-01,1.108263656497001648e-01,9.634477086365222931e-03,-3.232475519180297852e-01,4.979392886161804199e-01,9.133574962615966797e-01,-1.798956096172332764e-01,-1.007646322250366211e-01,1.942342817783355713e-01
-2.477618632838129997e-03,4.796265065670013428e-02,7.855736017227172852e-01,9.985209703445434570e-01,1.264060847461223602e-03,5.266512557864189148e-02,1.344249863177537918e-02,-6.996742635965347290e-02,1.173940598964691162e-01,5.285465121269226074e-01,1.380534470081329346e-01,-1.484624445438385010e-01,-5.050149932503700256e-02,-1.373825129121541977e-02,-2.724853456020355225e-01,-4.740244150161743164e-01,1.186943352222442627e-01,-3.025149367749691010e-02,2.083522081375122070e-01,2.123879790306091309e-01,-3.156921267509460449e-01,9.374945610761642456e-02,-3.311078548431396484e-01,1.602042675018310547e+00,8.218307048082351685e-02,6.854289770126342773e-01,-6.919541954994201660e-02,-1.044289320707321167e-01,1.261927634477615356e-01,-2.233469160273671150e-03,-3.244981467723846436e-01,5.052034258842468262e-01,9.381015300750732422e-01,-1.520008444786071777e-01,-1.025473549962043762e-01,1.849479973316192627e-01
-2.853301353752613068e-03,4.615408927202224731e-02,7.846911549568176270e-01,9.986826181411743164e-01,6.036282517015933990e-03,4.991840198636054993e-02,1.023520156741142273e-02,-5.934394896030426025e-02,1.096543297171592712e-01,5.365217328071594238e-01,1.357236206531524658e-01,-1.498781442642211914e-01,-5.295387282967567444e-02,-1.381699368357658386e-02,-2.816788852214813232e-01,-4.683635532855987549e-01,1.231114268302917480e-01,-4.219375178217887878e-02,2.027606368064880371e-01,1.848294883966445923e-01,-2.739226222038269043e-01,8.364342153072357178e-02,-2.550639510154724121e-01,1.544339776039123535e+00,1.624427884817123413e-01,5.489213466644287109e-01,-6.983071565628051758e-02,-7.900240272283554077e-02,1.414147466421127319e-01,-1.309129875153303146e-02,-3.289636075496673584e-01,5.132634639739990234e-01,9.631040096282958984e-01,-1.424054503440856934e-01,-1.039901971817016602e-01,1.770381629467010498e-01
-2.872053533792495728e-03,4.364062473177909851e-02,7.844319343566894531e-01,9.988521337509155273e-01,9.496446698904037476e-03,4.647703841328620911e-02,6.635677535086870193e-03,-4.493111371994018555e-02,1.046668291091918945e-01,5.448070168495178223e-01,1.283448040485382080e-01,-1.482547074556350708e-01,-5.639017000794410706e-02,-1.096678897738456726e-02,-2.862427830696105957e-01,-4.624654650688171387e-01,1.251190900802612305e-01,-4.879324510693550110e-02,1.989524066448211670e-01,1.578388512134552002e-01,-2.288020700216293335e-01,7.251094281673431396e-02,-2.506966590881347656e-01,1.507756233215332031e+00,2.013424038887023926e-01,4.211852252483367920e-01,-7.216161489486694336e-02,-6.214025616645812988e-02,1.618575155735015869e-01,-2.165760286152362823e-02,-3.370980620384216309e-01,5.200564265251159668e-01,9.810851216316223145e-01,-1.539642661809921265e-01,-1.047716066241264343e-01,1.671179831027984619e-01
-2.564043970778584480e-03,4.039048776030540466e-02,7.843425869941711426e-01,9.990337491035461426e-01,1.203704811632633209e-02,4.222425073385238647e-02,1.973970327526330948e-03,-2.929709479212760925e-02,1.039971336722373962e-01,5.550785064697265625e-01,1.230025514960289001e-01,-1.479253768920898438e-01,-6.145707145333290100e-02,-5.035862326622009277e-03,-2.869992852210998535e-01,-4.547370970249176025e-01,1.252898573875427246e-01,-5.473387241363525391e-02,1.983997672796249390e-01,1.337099373340606689e-01,-1.851497590541839600e-01,6.249920651316642761e-02,-2.983115017414093018e-01,1.500750660896301270e+00,2.079943269491195679e-01,3.223056197166442871e-01,-6.740779429674148560e-02,-5.624206364154815674e-02,1.892968714237213135e-01,-2.723426185548305511e-02,-3.474705517292022705e-01,5.254698395729064941e-01,9.906256198883056641e-01,-1.744242906570434570e-01,-1.052723526954650879e-01,1.536079943180084229e-01
-1.971405465155839920e-03,3.671798855066299438e-02,7.841678261756896973e-01,9.992167353630065918e-01,1.373377628624439240e-02,3.686668351292610168e-02,-4.250447731465101242e-03,-1.231347955763339996e-02,1.077764630317687988e-01,5.683743357658386230e-01,1.214169710874557495e-01,-1.496621072292327881e-01,-6.825293600559234619e-02,3.333706641569733620e-03,-2.847918570041656494e-01,-4.444168210029602051e-01,1.253698319196701050e-01,-6.259423494338989258e-02,1.990708857774734497e-01,1.129507273435592651e-01,-1.441601663827896118e-01,5.421675369143486023e-02,-3.899669647216796875e-01,1.515952348709106445e+00,1.782996803522109985e-01,2.660674154758453369e-01,-6.311036646366119385e-02,-5.677971988916397095e-02,2.223275601863861084e-01,-2.956820651888847351e-02,-3.571977913379669189e-01,5.294278264045715332e-01,9.982472062110900879e-01,-1.955829858779907227e-01,-1.051480621099472046e-01,1.391744613647460938e-01
-1.069785095751285553e-03,3.279853984713554382e-02,7.839323878288269043e-01,9.993432760238647461e-01,1.459939684718847275e-02,3.113328479230403900e-02,-1.142467744648456573e-02,5.683929193764925003e-03,1.144788265228271484e-01,5.828858613967895508e-01,1.214823946356773376e-01,-1.520959585905075073e-01,-7.639559358358383179e-02,1.238514762371778488e-02,-2.801075279712677002e-01,-4.323987960815429688e-01,1.250235587358474731e-01,-7.082679867744445801e-02,1.997534781694412231e-01,9.518873691558837891e-02,-1.059360578656196594e-01,4.590803384780883789e-02,-5.259895324707031250e-01,1.541329860687255859e+00,1.076921671628952026e-01,2.473648488521575928e-01,-6.945724040269851685e-02,-5.782513320446014404e-02,2.594181895256042480e-01,-2.845606394112110138e-02,-3.648497462272644043e-01,5.329396724700927734e-01,1.008311152458190918e+00,-2.112279832363128662e-01,-1.029287129640579224e-01,1.269703954458236694e-01
2.617039717733860016e-05,2.868403494358062744e-02,7.837406992912292480e-01,9.993894100189208984e-01,1.492476928979158401e-02,2.559168078005313873e-02,-1.852499879896640778e-02,2.392437867820262909e-02,1.223292052745819092e-01,5.966367721557617188e-01,1.217270717024803162e-01,-1.540092229843139648e-01,-8.484975993633270264e-02,2.113533951342105865e-02,-2.735410630702972412e-01,-4.196105599403381348e-01,1.244711205363273621e-01,-7.887540012598037720e-02,2.000377178192138672e-01,7.920085638761520386e-02,-7.083663344383239746e-02,3.701007366180419922e-02,-7.079195976257324219e-01,1.563913702964782715e+00,-5.789616145193576813e-03,2.497330904006958008e-01,-8.635710924863815308e-02,-5.850429832935333252e-02,2.952247858047485352e-01,-2.440742775797843933e-02,-3.707317411899566650e-01,5.368993282318115234e-01,1.020417809486389160e+00,-2.208388596773147583e-01,-9.831454604864120483e-02,1.178190931677818298e-01
1.214757794514298439e-03,2.435387857258319855e-02,7.836143970489501953e-01,9.993836283683776855e-01,1.504238788038492203e-02,2.023325674235820770e-02,-2.442782185971736908e-02,4.189272969961166382e-02,1.301411986351013184e-01,6.083707213401794434e-01,1.216286048293113708e-01,-1.550169885158538818e-01,-9.271749109029769897e-02,3.046120516955852509e-02,-2.661164999008178711e-01,-4.084296524524688721e-01,1.247391030192375183e-01,-8.758885413408279419e-02,1.996986865997314453e-01,6.228148564696311951e-02,-3.892831876873970032e-02,2.880698069930076599e-02,-9.143585562705993652e-01,1.571393847465515137e+00,-1.505613029003143311e-01,2.617391645908355713e-01,-1.038860902190208435e-01,-5.999251082539558411e-02,3.233865201473236084e-01,-1.772658154368400574e-02,-3.752025365829467773e-01,5.402001142501831055e-01,1.032768487930297852e+00,-2.237800210714340210e-01,-9.225594252347946167e-02,1.110058054327964783e-01
2.399649238213896751e-03,1.982519403100013733e-02,7.835338115692138672e-01,9.993633031845092773e-01,1.504512690007686615e-02,1.510877627879381180e-02,-2.860623225569725037e-02,5.869103595614433289e-02,1.379178911447525024e-01,6.170741319656372070e-01,1.216081753373146057e-01,-1.551742553710937500e-01,-9.978214651346206665e-02,4.062264785170555115e-02,-2.582732439041137695e-01,-4.002884328365325928e-01,1.258314698934555054e-01,-9.765069931745529175e-02,1.984290331602096558e-01,4.378085210919380188e-02,-9.929003193974494934e-03,2.227875217795372009e-02,-1.127896547317504883e+00,1.565631151199340820e+00,-3.196165859699249268e-01,2.794533073902130127e-01,-1.125585138797760010e-01,-6.176628917455673218e-02,3.437283039093017578e-01,-1.006154995411634445e-02,-3.776019811630249023e-01,5.428812503814697266e-01,1.044907569885253906e+00,-2.201137840747833252e-01,-8.605427294969558716e-02,1.047855019569396973e-01
3.533013630658388138e-03,1.516509056091308594e-02,7.835087776184082031e-01,9.993643164634704590e-01,1.495962683111429214e-02,1.047401223331689835e-02,-3.061855956912040710e-02,7.267165184020996094e-02,1.455770134925842285e-01,6.216384172439575195e-01,1.220821291208267212e-01,-1.544050723314285278e-01,-1.057098209857940674e-01,5.152611806988716125e-02,-2.503581643104553223e-01,-3.967531323432922363e-01,1.273846328258514404e-01,-1.080130711197853088e-01,1.958666890859603882e-01,2.426042594015598297e-02,1.615510508418083191e-02,1.732039079070091248e-02,-1.341488122940063477e+00,1.552749872207641602e+00,-5.121275186538696289e-01,3.010143041610717773e-01,-1.117028817534446716e-01,-6.398437917232513428e-02,3.575974404811859131e-01,-2.593045122921466827e-03,-3.762248754501342773e-01,5.426542162895202637e-01,1.057428836822509766e+00,-2.108827978372573853e-01,-8.032293617725372314e-02,9.800136089324951172e-02
4.594470374286174774e-03,1.065715309232473373e-02,7.835000753402709961e-01,9.993933439254760742e-01,1.481286436319351196e-02,6.415539421141147614e-03,-3.086054883897304535e-02,8.363575488328933716e-02,1.527946144342422485e-01,6.222512125968933105e-01,1.225745603442192078e-01,-1.526155620813369751e-01,-1.110347211360931396e-01,6.266491860151290894e-02,-2.424668669700622559e-01,-3.972377479076385498e-01,1.286038756370544434e-01,-1.179878711700439453e-01,1.917453855276107788e-01,5.372003652155399323e-03,3.809005394577980042e-02,1.396226882934570312e-02,-1.559574961662292480e+00,1.529470205307006836e+00,-7.224167585372924805e-01,3.301270306110382080e-01,-1.027053147554397583e-01,-6.660162657499313354e-02,3.666339218616485596e-01,3.404875053092837334e-03,-3.710134625434875488e-01,5.411616563796997070e-01,1.071519255638122559e+00,-1.996883451938629150e-01,-7.552802562713623047e-02,9.008421748876571655e-02
6.017646752297878265e-03,5.895425099879503250e-03,7.834336161613464355e-01,9.994391798973083496e-01,1.463382970541715622e-02,2.955100499093532562e-03,-2.997294254601001740e-02,9.261240810155868530e-02,1.593473702669143677e-01,6.200357675552368164e-01,1.229658648371696472e-01,-1.499525904655456543e-01,-1.156197115778923035e-01,7.399432361125946045e-02,-2.348196059465408325e-01,-4.005846381187438965e-01,1.287246048450469971e-01,-1.267655342817306519e-01,1.867803037166595459e-01,-1.150245778262615204e-02,5.660094693303108215e-02,1.155386213213205338e-02,-1.770134687423706055e+00,1.487295508384704590e+00,-9.219813346862792969e-01,3.721605241298675537e-01,-8.823198825120925903e-02,-6.863505393266677856e-02,3.721252083778381348e-01,7.919628173112869263e-03,-3.627074360847473145e-01,5.396943688392639160e-01,1.088863372802734375e+00,-1.893115639686584473e-01,-7.094883173704147339e-02,8.022423833608627319e-02
7.144954986870288849e-03,1.932311104610562325e-03,7.833756804466247559e-01,9.994941353797912598e-01,1.442473754286766052e-02,4.607240407494828105e-05,-2.834533713757991791e-02,1.000082567334175110e-01,1.651318371295928955e-01,6.164377927780151367e-01,1.226877421140670776e-01,-1.467630267143249512e-01,-1.193056330084800720e-01,8.490608632564544678e-02,-2.276334464550018311e-01,-4.050583243370056152e-01,1.280991435050964355e-01,-1.346581131219863892e-01,1.814178675413131714e-01,-2.580955997109413147e-02,7.260819524526596069e-02,8.718834258615970612e-03,-1.953161954879760742e+00,1.423900365829467773e+00,-1.088820219039916992e+00,4.301880598068237305e-01,-7.268413901329040527e-02,-7.004917412996292114e-02,3.752608299255371094e-01,1.222629938274621964e-02,-3.520230352878570557e-01,5.390129089355468750e-01,1.109777808189392090e+00,-1.805900782346725464e-01,-6.669384241104125977e-02,6.847605854272842407e-02
8.207183331251144409e-03,-1.693632220849394798e-03,7.833604216575622559e-01,9.995444416999816895e-01,1.426598615944385529e-02,-2.245965646579861641e-03,-2.650230750441551208e-02,1.054935008287429810e-01,1.701872497797012329e-01,6.121384501457214355e-01,1.223223805427551270e-01,-1.434126347303390503e-01,-1.217865943908691406e-01,9.475212544202804565e-02,-2.211851179599761963e-01,-4.099951684474945068e-01,1.267492622137069702e-01,-1.417753994464874268e-01,1.756965667009353638e-01,-3.737858310341835022e-02,8.667591959238052368e-02,5.287097301334142685e-03,-2.098964452743530273e+00,1.351286649703979492e+00,-1.217602968215942383e+00,4.975723028182983398e-01,-6.048336997628211975e-02,-7.038367539644241333e-02,3.774659037590026855e-01,1.577644608914852142e-02,-3.409177064895629883e-01,5.391544103622436523e-01,1.132013320922851562e+00,-1.760038137435913086e-01,-6.369768828153610229e-02,5.698486790060997009e-02
9.245005436241626740e-03,-4.942083265632390976e-03,7.833595871925354004e-01,9.995812773704528809e-01,1.419698912650346756e-02,-3.790115471929311752e-03,-2.492853626608848572e-02,1.093773320317268372e-01,1.743545085191726685e-01,6.080304980278015137e-01,1.215245425701141357e-01,-1.396183222532272339e-01,-1.237513571977615356e-01,1.026826947927474976e-01,-2.154526710510253906e-01,-4.144153594970703125e-01,1.245093420147895813e-01,-1.474796086549758911e-01,1.700627505779266357e-01,-4.628505930304527283e-02,9.982313215732574463e-02,1.115878461860120296e-03,-2.215048074722290039e+00,1.279537796974182129e+00,-1.319493293762207031e+00,5.713749527931213379e-01,-5.165896192193031311e-02,-6.953156739473342896e-02,3.797288835048675537e-01,1.784196309745311737e-02,-3.310825824737548828e-01,5.399248003959655762e-01,1.154193758964538574e+00,-1.759584248065948486e-01,-6.188043579459190369e-02,4.706979915499687195e-02
1.033645961433649063e-02,-7.667381316423416138e-03,7.833843231201171875e-01,9.996057152748107910e-01,1.422140095382928848e-02,-4.734215792268514633e-03,-2.374503016471862793e-02,1.121219620108604431e-01,1.775946170091629028e-01,6.041890382766723633e-01,1.208400204777717590e-01,-1.356323808431625366e-01,-1.252325028181076050e-01,1.087756976485252380e-01,-2.107172310352325439e-01,-4.178352952003479004e-01,1.224858462810516357e-01,-1.522148698568344116e-01,1.652815788984298706e-01,-5.283081531524658203e-02,1.114782691001892090e-01,-3.355646971613168716e-03,-2.305152177810668945e+00,1.211081147193908691e+00,-1.397738575935363770e+00,6.478129029273986816e-01,-4.805455729365348816e-02,-6.852372735738754272e-02,3.816620707511901855e-01,1.702865771949291229e-02,-3.231808245182037354e-01,5.409805178642272949e-01,1.175466537475585938e+00,-1.791496723890304565e-01,-6.071598827838897705e-02,3.868824988603591919e-02
1.143374480307102203e-02,-9.826930239796638489e-03,7.834038138389587402e-01,9.996196031570434570e-01,1.438716612756252289e-02,-5.398774519562721252e-03,-2.290044911205768585e-02,1.146989986300468445e-01,1.797669231891632080e-01,6.014231443405151367e-01,1.198943480849266052e-01,-1.318928748369216919e-01,-1.265751719474792480e-01,1.139480099081993103e-01,-2.072789371013641357e-01,-4.203137755393981934e-01,1.211361587047576904e-01,-1.567727774381637573e-01,1.617194861173629761e-01,-5.755387991666793823e-02,1.214404627680778503e-01,-7.914222776889801025e-03,-2.374231576919555664e+00,1.147343635559082031e+00,-1.460336685180664062e+00,7.250269055366516113e-01,-4.810702800750732422e-02,-6.726519018411636353e-02,3.834441900253295898e-01,1.413531601428985596e-02,-3.169223070144653320e-01,5.419309139251708984e-01,1.194553256034851074e+00,-1.816592961549758911e-01,-6.037500500679016113e-02,3.177616000175476074e-02
1.249391585588455200e-02,-1.151196565479040146e-02,7.834438085556030273e-01,9.996273517608642578e-01,1.465483009815216064e-02,-5.948877427726984024e-03,-2.224863693118095398e-02,1.172847300767898560e-01,1.812779307365417480e-01,6.001508831977844238e-01,1.191555410623550415e-01,-1.286876946687698364e-01,-1.276633888483047485e-01,1.184383034706115723e-01,-2.049231082201004028e-01,-4.221747517585754395e-01,1.203723251819610596e-01,-1.607879102230072021e-01,1.587792038917541504e-01,-6.075393781065940857e-02,1.303170770406723022e-01,-1.257201563566923141e-02,-2.427103996276855469e+00,1.089607954025268555e+00,-1.513374447822570801e+00,7.997479438781738281e-01,-5.287315696477890015e-02,-6.556379050016403198e-02,3.842038214206695557e-01,1.059439126402139664e-02,-3.122564554214477539e-01,5.413906574249267578e-01,1.210269212722778320e+00,-1.811683177947998047e-01,-6.122571974992752075e-02,2.629203721880912781e-02
1.350193470716476440e-02,-1.282310765236616135e-02,7.834936976432800293e-01,9.996307492256164551e-01,1.496975682675838470e-02,-6.453793495893478394e-03,-2.173673175275325775e-02,1.198959797620773315e-01,1.823009699583053589e-01,5.998861193656921387e-01,1.185133606195449829e-01,-1.261433660984039307e-01,-1.290680021047592163e-01,1.224179863929748535e-01,-2.032543569803237915e-01,-4.234244525432586670e-01,1.198970824480056763e-01,-1.643431335687637329e-01,1.560600101947784424e-01,-6.274650990962982178e-02,1.382039487361907959e-01,-1.723687909543514252e-02,-2.467963933944702148e+00,1.036995530128479004e+00,-1.560839533805847168e+00,8.719652295112609863e-01,-6.149801611900329590e-02,-6.312389671802520752e-02,3.830630481243133545e-01,6.690273527055978775e-03,-3.089866042137145996e-01,5.403003096580505371e-01,1.222386002540588379e+00,-1.779089719057083130e-01,-6.277085840702056885e-02,2.127383276820182800e-02
1.450204011052846909e-02,-1.382377557456493378e-02,7.835465073585510254e-01,9.996311068534851074e-01,1.528778206557035446e-02,-6.997733376920223236e-03,-2.133062109351158142e-02,1.226151138544082642e-01,1.829923689365386963e-01,6.000657081604003906e-01,1.178752556443214417e-01,-1.239979639649391174e-01,-1.306158602237701416e-01,1.261271834373474121e-01,-2.020802050828933716e-01,-4.241570532321929932e-01,1.197893992066383362e-01,-1.677772551774978638e-01,1.536056548357009888e-01,-6.363024562597274780e-02,1.452924013137817383e-01,-2.166622877120971680e-02,-2.499547243118286133e+00,9.893919229507446289e-01,-1.602941513061523438e+00,9.405237436294555664e-01,-7.585871219635009766e-02,-6.088078394532203674e-02,3.793615996837615967e-01,2.424676204100251198e-03,-3.065621852874755859e-01,5.398493409156799316e-01,1.231444120407104492e+00,-1.734317243099212646e-01,-6.483132392168045044e-02,1.724503375589847565e-02
1.547508500516414642e-02,-1.454785466194152832e-02,7.835689187049865723e-01,9.996319413185119629e-01,1.570263132452964783e-02,-7.540898397564888000e-03,-2.079739421606063843e-02,1.251682639122009277e-01,1.830737441778182983e-01,6.000156998634338379e-01,1.173042133450508118e-01,-1.222880557179450989e-01,-1.316140443086624146e-01,1.295732259750366211e-01,-2.017318308353424072e-01,-4.249299466609954834e-01,1.198917478322982788e-01,-1.709406673908233643e-01,1.518262922763824463e-01,-6.362079083919525146e-02,1.512858420610427856e-01,-2.566477656364440918e-02,-2.522894859313964844e+00,9.484906792640686035e-01,-1.638181805610656738e+00,1.001743793487548828e+00,-9.211146086454391479e-02,-5.923800915479660034e-02,3.744153082370758057e-01,-1.688400283455848694e-03,-3.047802448272705078e-01,5.404204726219177246e-01,1.237460374832153320e+00,-1.691905409097671509e-01,-6.701665371656417847e-02,1.417257264256477356e-02
1.642252318561077118e-02,-1.513717137277126312e-02,7.835865616798400879e-01,9.996374249458312988e-01,1.613407582044601440e-02,-8.221335709095001221e-03,-1.992590539157390594e-02,1.273439824581146240e-01,1.828884482383728027e-01,5.990371704101562500e-01,1.169614270329475403e-01,-1.210409924387931824e-01,-1.323277950286865234e-01,1.333799362182617188e-01,-2.017873674631118774e-01,-4.263118803501129150e-01,1.201607286930084229e-01,-1.738339215517044067e-01,1.505287438631057739e-01,-6.301914900541305542e-02,1.564519107341766357e-01,-2.927603386342525482e-02,-2.540231704711914062e+00,9.150080084800720215e-01,-1.666809201240539551e+00,1.054568886756896973e+00,-1.110215336084365845e-01,-5.821584537625312805e-02,3.676665723323822021e-01,-5.229371599853038788e-03,-3.032639026641845703e-01,5.413544774055480957e-01,1.241613388061523438e+00,-1.652825772762298584e-01,-6.918927282094955444e-02,1.228399761021137238e-02
1.737261936068534851e-02,-1.567875780165195465e-02,7.835773229598999023e-01,9.996479153633117676e-01,1.655336841940879822e-02,-8.933842182159423828e-03,-1.871363632380962372e-02,1.292428225278854370e-01,1.825334131717681885e-01,5.972295403480529785e-01,1.168232187628746033e-01,-1.200742796063423157e-01,-1.328797936439514160e-01,1.373052299022674561e-01,-2.019726485013961792e-01,-4.282932579517364502e-01,1.204051971435546875e-01,-1.761938780546188354e-01,1.496850848197937012e-01,-6.151935830712318420e-02,1.607155054807662964e-01,-3.258953616023063660e-02,-2.553619623184204102e+00,8.882945775985717773e-01,-1.689711809158325195e+00,1.099814772605895996e+00,-1.299730390310287476e-01,-5.687035992741584778e-02,3.588416576385498047e-01,-8.174351416528224945e-03,-3.017063736915588379e-01,5.436228513717651367e-01,1.244674921035766602e+00,-1.639744490385055542e-01,-7.120772451162338257e-02,1.216075941920280457e-02
1.832273788750171661e-02,-1.619681715965270996e-02,7.835753560066223145e-01,9.996609687805175781e-01,1.693929918110370636e-02,-9.666298516094684601e-03,-1.725065708160400391e-02,1.310702562332153320e-01,1.820106506347656250e-01,5.945192575454711914e-01,1.165680289268493652e-01,-1.193323507905006409e-01,-1.335880905389785767e-01,1.412575691938400269e-01,-2.020784169435501099e-01,-4.305760562419891357e-01,1.204110682010650635e-01,-1.782063096761703491e-01,1.492916643619537354e-01,-5.949863046407699585e-02,1.640311628580093384e-01,-3.577006608247756958e-02,-2.564857006072998047e+00,8.671604990959167480e-01,-1.708510637283325195e+00,1.139346122741699219e+00,-1.498970538377761841e-01,-5.539364367723464966e-02,3.486611247062683105e-01,-1.049162726849317551e-02,-2.997846901416778564e-01,5.467655062675476074e-01,1.247298717498779297e+00,-1.656244546175003052e-01,-7.267296314239501953e-02,1.318648830056190491e-02
1.928500644862651825e-02,-1.662515290081501007e-02,7.835681438446044922e-01,9.996724724769592285e-01,1.728024147450923920e-02,-1.044186763465404510e-02,-1.572505757212638855e-02,1.331520080566406250e-01,1.814789623022079468e-01,5.916023850440979004e-01,1.161013618111610413e-01,-1.187494397163391113e-01,-1.346238553524017334e-01,1.453634798526763916e-01,-2.022085934877395630e-01,-4.328851103782653809e-01,1.202626302838325500e-01,-1.800595223903656006e-01,1.495355814695358276e-01,-5.701410770416259766e-02,1.665687114000320435e-01,-3.873840719461441040e-02,-2.574269056320190430e+00,8.499264717102050781e-01,-1.723508954048156738e+00,1.174452304840087891e+00,-1.710774004459381104e-01,-5.351757258176803589e-02,3.381106257438659668e-01,-1.250204164534807205e-02,-2.977696955204010010e-01,5.518679618835449219e-01,1.249676227569580078e+00,-1.688011437654495239e-01,-7.403782010078430176e-02,1.445573475211858749e-02
2.023582533001899719e-02,-1.698653027415275574e-02,7.835432887077331543e-01,9.996837973594665527e-01,1.760953851044178009e-02,-1.132333371788263321e-02,-1.392767578363418579e-02,1.354049295186996460e-01,1.808930486440658569e-01,5.880129933357238770e-01,1.154991984367370605e-01,-1.181767657399177551e-01,-1.356013119220733643e-01,1.498275697231292725e-01,-2.025058120489120483e-01,-4.354075491428375244e-01,1.200274154543876648e-01,-1.819195449352264404e-01,1.499041765928268433e-01,-5.419605597853660583e-02,1.685773730278015137e-01,-4.141077399253845215e-02,-2.581903219223022461e+00,8.355799317359924316e-01,-1.734974980354309082e+00,1.206029176712036133e+00,-1.926589161157608032e-01,-5.181715637445449829e-02,3.282324671745300293e-01,-1.407793071120977402e-02,-2.957414388656616211e-01,5.584815144538879395e-01,1.251961350440979004e+00,-1.724837422370910645e-01,-7.571911811828613281e-02,1.534929685294628143e-02
2.120114676654338837e-02,-1.725770905613899231e-02,7.835083603858947754e-01,9.996924400329589844e-01,1.792799308896064758e-02,-1.230309717357158661e-02,-1.192815508693456650e-02,1.374380439519882202e-01,1.801834702491760254e-01,5.840827226638793945e-01,1.148882061243057251e-01,-1.177310124039649963e-01,-1.364335566759109497e-01,1.545486301183700562e-01,-2.028088420629501343e-01,-4.381161034107208252e-01,1.198471039533615112e-01,-1.839130371809005737e-01,1.504206806421279907e-01,-5.106198415160179138e-02,1.699664741754531860e-01,-4.382085055112838745e-02,-2.587767601013183594e+00,8.243501782417297363e-01,-1.743026494979858398e+00,1.232289314270019531e+00,-2.150924205780029297e-01,-5.022579431533813477e-02,3.188165426254272461e-01,-1.571576669812202454e-02,-2.935674488544464111e-01,5.662037134170532227e-01,1.254208445549011230e+00,-1.763296425342559814e-01,-7.718169689178466797e-02,1.591912470757961273e-02
2.221086807548999786e-02,-1.747196726500988007e-02,7.834478616714477539e-01,9.996966123580932617e-01,1.825211569666862488e-02,-1.342001277953386307e-02,-9.666816331446170807e-03,1.394261270761489868e-01,1.793371438980102539e-01,5.797193646430969238e-01,1.144242286682128906e-01,-1.174623444676399231e-01,-1.372467130422592163e-01,1.596252322196960449e-01,-2.031165957450866699e-01,-4.413844048976898193e-01,1.199240908026695251e-01,-1.858531832695007324e-01,1.507561504840850830e-01,-4.799150303006172180e-02,1.708412170410156250e-01,-4.594817012548446655e-02,-2.591725349426269531e+00,8.166553378105163574e-01,-1.747900962829589844e+00,1.252079129219055176e+00,-2.376527041196823120e-01,-4.932356253266334534e-02,3.094128072261810303e-01,-1.726898178458213806e-02,-2.914467155933380127e-01,5.742763876914978027e-01,1.256295561790466309e+00,-1.799125075340270996e-01,-7.826138287782669067e-02,1.696356013417243958e-02
2.321871742606163025e-02,-1.767091825604438782e-02,7.833343148231506348e-01,9.996924400329589844e-01,1.863031834363937378e-02,-1.467124558985233307e-02,-7.261198945343494415e-03,1.416416913270950317e-01,1.781923472881317139e-01,5.749343037605285645e-01,1.138836741447448730e-01,-1.172548010945320129e-01,-1.380940079689025879e-01,1.650565415620803833e-01,-2.035859823226928711e-01,-4.452683627605438232e-01,1.202434003353118896e-01,-1.875046491622924805e-01,1.510640978813171387e-01,-4.505470395088195801e-02,1.712644398212432861e-01,-4.793341830372810364e-02,-2.593565702438354492e+00,8.119349479675292969e-01,-1.750576376914978027e+00,1.266294956207275391e+00,-2.579231262207031250e-01,-4.941285774111747742e-02,3.006787896156311035e-01,-1.878655143082141876e-02,-2.895708978176116943e-01,5.813663601875305176e-01,1.258156180381774902e+00,-1.831117421388626099e-01,-7.865142077207565308e-02,1.822978816926479340e-02
2.414385601878166199e-02,-1.784501969814300537e-02,7.831898927688598633e-01,9.996798634529113770e-01,1.904617995023727417e-02,-1.598057150840759277e-02,-4.695934243500232697e-03,1.437645256519317627e-01,1.769285351037979126e-01,5.696768760681152344e-01,1.134979799389839172e-01,-1.170816197991371155e-01,-1.387202739715576172e-01,1.707016825675964355e-01,-2.042113095521926880e-01,-4.498046636581420898e-01,1.208477616310119629e-01,-1.891470253467559814e-01,1.514687240123748779e-01,-4.240055382251739502e-02,1.712196469306945801e-01,-4.965450987219810486e-02,-2.594167232513427734e+00,8.092780113220214844e-01,-1.751132011413574219e+00,1.275599956512451172e+00,-2.752811312675476074e-01,-5.045356228947639465e-02,2.934542596340179443e-01,-2.065900899469852448e-02,-2.877686321735382080e-01,5.879686474800109863e-01,1.259613394737243652e+00,-1.857619136571884155e-01,-7.852688431739807129e-02,1.929776929318904877e-02
2.490239031612873077e-02,-1.799057424068450928e-02,7.830590605735778809e-01,9.996587634086608887e-01,1.949131302535533905e-02,-1.727613061666488647e-02,-1.996685517951846123e-03,1.455648094415664673e-01,1.756408512592315674e-01,5.638126730918884277e-01,1.133187562227249146e-01,-1.166567280888557434e-01,-1.389377266168594360e-01,1.762626171112060547e-01,-2.051088213920593262e-01,-4.550600647926330566e-01,1.217512190341949463e-01,-1.909404695034027100e-01,1.519589573144912720e-01,-4.011020436882972717e-02,1.709920912981033325e-01,-5.112551152706146240e-02,-2.593759059906005859e+00,8.080198168754577637e-01,-1.749593615531921387e+00,1.281534194946289062e+00,-2.885075509548187256e-01,-5.190617218613624573e-02,2.882086634635925293e-01,-2.279303409159183502e-02,-2.862416207790374756e-01,5.936286449432373047e-01,1.260877251625061035e+00,-1.885951608419418335e-01,-7.844816148281097412e-02,1.959316805005073547e-02
2.544787898659706116e-02,-1.809909194707870483e-02,7.829453349113464355e-01,9.996294379234313965e-01,1.992935314774513245e-02,-1.853095553815364838e-02,6.966679356992244720e-04,1.471090316772460938e-01,1.744826883077621460e-01,5.580880045890808105e-01,1.133005172014236450e-01,-1.162153556942939758e-01,-1.388358771800994873e-01,1.813850700855255127e-01,-2.061200439929962158e-01,-4.604861140251159668e-01,1.228361576795578003e-01,-1.929655224084854126e-01,1.525780558586120605e-01,-3.813834860920906067e-02,1.708055734634399414e-01,-5.218256637454032898e-02,-2.592596530914306641e+00,8.078310489654541016e-01,-1.746868014335632324e+00,1.285269021987915039e+00,-2.985984385013580322e-01,-5.369592458009719849e-02,2.846929132938385010e-01,-2.495374344289302826e-02,-2.848969101905822754e-01,5.985645651817321777e-01,1.262436747550964355e+00,-1.917956769466400146e-01,-7.869441807270050049e-02,1.947599835693836212e-02
2.580864913761615753e-02,-1.817141100764274597e-02,7.828381061553955078e-01,9.995930790901184082e-01,2.036080881953239441e-02,-1.971413753926753998e-02,3.241619793698191643e-03,1.484971642494201660e-01,1.734645068645477295e-01,5.525684356689453125e-01,1.134545058012008667e-01,-1.157879158854484558e-01,-1.387517452239990234e-01,1.863063275814056396e-01,-2.071137428283691406e-01,-4.658925235271453857e-01,1.235611215233802795e-01,-1.948803812265396118e-01,1.532504856586456299e-01,-3.637893870472908020e-02,1.707981824874877930e-01,-5.297585204243659973e-02,-2.591112136840820312e+00,8.087061047554016113e-01,-1.743980765342712402e+00,1.287687063217163086e+00,-3.064454495906829834e-01,-5.551796779036521912e-02,2.810455858707427979e-01,-2.704470604658126831e-02,-2.837212681770324707e-01,6.028001904487609863e-01,1.264317512512207031e+00,-1.953300982713699341e-01,-7.919652760028839111e-02,1.876546069979667664e-02
2.605295181274414062e-02,-1.826158538460731506e-02,7.827232480049133301e-01,9.995521903038024902e-01,2.073762565851211548e-02,-2.081623114645481110e-02,5.667703226208686829e-03,1.497451215982437134e-01,1.725413054227828979e-01,5.471119284629821777e-01,1.135444641113281250e-01,-1.156812384724617004e-01,-1.388432830572128296e-01,1.910268813371658325e-01,-2.079134732484817505e-01,-4.711242616176605225e-01,1.241285428404808044e-01,-1.968523263931274414e-01,1.537768542766571045e-01,-3.494045138359069824e-02,1.709746122360229492e-01,-5.346692353487014771e-02,-2.589646816253662109e+00,8.097146153450012207e-01,-1.740746140480041504e+00,1.287928462028503418e+00,-3.129414021968841553e-01,-5.716688930988311768e-02,2.768319249153137207e-01,-2.945116534829139709e-02,-2.825090289115905762e-01,6.068826317787170410e-01,1.266377925872802734e+00,-1.988025307655334473e-01,-7.981465011835098267e-02,1.799727603793144226e-02
2.623143978416919708e-02,-1.838804781436920166e-02,7.826057672500610352e-01,9.995067119598388672e-01,2.107579074800014496e-02,-2.188167721033096313e-02,7.954220287501811981e-03,1.511257141828536987e-01,1.716054230928421021e-01,5.421367883682250977e-01,1.133762598037719727e-01,-1.159039363265037537e-01,-1.389984041452407837e-01,1.959172785282135010e-01,-2.084648609161376953e-01,-4.759010672569274902e-01,1.242213249206542969e-01,-1.986038684844970703e-01,1.543322354555130005e-01,-3.388354927301406860e-02,1.712071448564529419e-01,-5.354412272572517395e-02,-2.588030576705932617e+00,8.103612065315246582e-01,-1.738040208816528320e+00,1.286815285682678223e+00,-3.187055587768554688e-01,-5.929895117878913879e-02,2.718450427055358887e-01,-3.228470683097839355e-02,-2.811336517333984375e-01,6.106338500976562500e-01,1.268358469009399414e+00,-2.013082355260848999e-01,-8.022469282150268555e-02,1.802397519350051880e-02
2.637112513184547424e-02,-1.852495782077312469e-02,7.825286388397216797e-01,9.994574785232543945e-01,2.138765156269073486e-02,-2.293591201305389404e-02,1.006572600454092026e-02,1.524544954299926758e-01,1.708252727985382080e-01,5.382267236709594727e-01,1.132974028587341309e-01,-1.163494065403938293e-01,-1.392198354005813599e-01,2.008500099182128906e-01,-2.088167667388916016e-01,-4.803439676761627197e-01,1.239231824874877930e-01,-1.998098194599151611e-01,1.549182981252670288e-01,-3.314752504229545593e-02,1.715225279331207275e-01,-5.327901989221572876e-02,-2.585539817810058594e+00,8.110824227333068848e-01,-1.735460281372070312e+00,1.283765316009521484e+00,-3.235419392585754395e-01,-6.226129084825515747e-02,2.671463787555694580e-01,-3.548360988497734070e-02,-2.797693908214569092e-01,6.137441992759704590e-01,1.269305944442749023e+00,-2.027474641799926758e-01,-8.040858060121536255e-02,1.829428412020206451e-02
2.647193707525730133e-02,-1.862166449427604675e-02,7.824988365173339844e-01,9.994085431098937988e-01,2.167859114706516266e-02,-2.385433763265609741e-02,1.198480371385812759e-02,1.534669995307922363e-01,1.701618731021881104e-01,5.349755883216857910e-01,1.132941022515296936e-01,-1.165385618805885315e-01,-1.391898840665817261e-01,2.053522020578384399e-01,-2.090500593185424805e-01,-4.842199981212615967e-01,1.233404874801635742e-01,-2.004819512367248535e-01,1.553245335817337036e-01,-3.252518177032470703e-02,1.717851608991622925e-01,-5.298072099685668945e-02,-2.582847356796264648e+00,8.113829493522644043e-01,-1.732388257980346680e+00,1.280486226081848145e+00,-3.257903754711151123e-01,-6.619102507829666138e-02,2.631748914718627930e-01,-3.909009322524070740e-02,-2.784838974475860596e-01,6.158853173255920410e-01,1.269233226776123047e+00,-2.035442441701889038e-01,-8.071361482143402100e-02,1.835450902581214905e-02
2.650499530136585236e-02,-1.862698048353195190e-02,7.825191617012023926e-01,9.993684291839599609e-01,2.189972624182701111e-02,-2.450788766145706177e-02,1.351172942668199539e-02,1.537538468837738037e-01,1.696570962667465210e-01,5.322066545486450195e-01,1.133973151445388794e-01,-1.161861121654510498e-01,-1.388253420591354370e-01,2.084547728300094604e-01,-2.091869562864303589e-01,-4.873140156269073486e-01,1.227278113365173340e-01,-2.007495611906051636e-01,1.553439199924468994e-01,-3.214842453598976135e-02,1.720026284456253052e-01,-5.292943865060806274e-02,-2.580857515335083008e+00,8.107594847679138184e-01,-1.729713559150695801e+00,1.278231978416442871e+00,-3.255093693733215332e-01,-7.063402980566024780e-02,2.605431377887725830e-01,-4.251961782574653625e-02,-2.772863805294036865e-01,6.170439720153808594e-01,1.268552422523498535e+00,-2.037608474493026733e-01,-8.112718909978866577e-02,1.784231700003147125e-02
2.651149593293666840e-02,-1.854346692562103271e-02,7.825517654418945312e-01,9.993375539779663086e-01,2.211048081517219543e-02,-2.484491840004920959e-02,1.477344892919063568e-02,1.532054692506790161e-01,1.692072302103042603e-01,5.299157500267028809e-01,1.137777790427207947e-01,-1.153909191489219666e-01,-1.382414400577545166e-01,2.103061527013778687e-01,-2.094388604164123535e-01,-4.899210631847381592e-01,1.220579668879508972e-01,-2.006106823682785034e-01,1.550065428018569946e-01,-3.190926089882850647e-02,1.721175462007522583e-01,-5.333432182669639587e-02,-2.580168962478637695e+00,8.091667294502258301e-01,-1.728659868240356445e+00,1.277801394462585449e+00,-3.241740167140960693e-01,-7.441212236881256104e-02,2.589495182037353516e-01,-4.538851231336593628e-02,-2.763386964797973633e-01,6.174927353858947754e-01,1.268155694007873535e+00,-2.038642764091491699e-01,-8.151022344827651978e-02,1.650009490549564362e-02
2.647733874619007111e-02,-1.837480627000331879e-02,7.825655937194824219e-01,9.993152618408203125e-01,2.228410542011260986e-02,-2.500228583812713623e-02,1.572391763329505920e-02,1.521239429712295532e-01,1.687607765197753906e-01,5.281536579132080078e-01,1.142806038260459900e-01,-1.145274788141250610e-01,-1.375808715820312500e-01,2.113207727670669556e-01,-2.097854018211364746e-01,-4.917722046375274658e-01,1.215759739279747009e-01,-2.005487829446792603e-01,1.550338268280029297e-01,-3.177482634782791138e-02,1.721555143594741821e-01,-5.375441163778305054e-02,-2.580328464508056641e+00,8.067317008972167969e-01,-1.728093624114990234e+00,1.278041362762451172e+00,-3.233151435852050781e-01,-7.701509445905685425e-02,2.571266889572143555e-01,-4.794107750058174133e-02,-2.756038606166839600e-01,6.185762882232666016e-01,1.268162488937377930e+00,-2.034961879253387451e-01,-8.174828439950942993e-02,1.473965961486101151e-02
2.636082097887992859e-02,-1.815020292997360229e-02,7.825874686241149902e-01,9.992985725402832031e-01,2.243816293776035309e-02,-2.507795765995979309e-02,1.643070019781589508e-02,1.510077714920043945e-01,1.682524234056472778e-01,5.272105932235717773e-01,1.146312952041625977e-01,-1.138593181967735291e-01,-1.369524300098419189e-01,2.118156999349594116e-01,-2.103002369403839111e-01,-4.930863380432128906e-01,1.211364120244979858e-01,-2.004105597734451294e-01,1.553573161363601685e-01,-3.141929954290390015e-02,1.723688691854476929e-01,-5.409236997365951538e-02,-2.581737995147705078e+00,8.043227195739746094e-01,-1.729491353034973145e+00,1.280367255210876465e+00,-3.249012827873229980e-01,-7.940713316202163696e-02,2.541320621967315674e-01,-4.959314689040184021e-02,-2.749497592449188232e-01,6.198580861091613770e-01,1.268767237663269043e+00,-2.037585526704788208e-01,-8.187837153673171997e-02,1.307749375700950623e-02
2.615114860236644745e-02,-1.787910424172878265e-02,7.826188206672668457e-01,9.992913603782653809e-01,2.252059057354927063e-02,-2.511450089514255524e-02,1.669975183904170990e-02,1.502105593681335449e-01,1.679175049066543579e-01,5.274649262428283691e-01,1.147946938872337341e-01,-1.135286092758178711e-01,-1.363868713378906250e-01,2.115481644868850708e-01,-2.106717377901077271e-01,-4.930512905120849609e-01,1.206961721181869507e-01,-2.000690400600433350e-01,1.555481851100921631e-01,-3.071698732674121857e-02,1.729015558958053589e-01,-5.441370978951454163e-02,-2.582992315292358398e+00,8.019789457321166992e-01,-1.731913447380065918e+00,1.285115480422973633e+00,-3.289839625358581543e-01,-8.148991316556930542e-02,2.496477812528610229e-01,-5.018183961510658264e-02,-2.746007144451141357e-01,6.209824085235595703e-01,1.270125985145568848e+00,-2.043243646621704102e-01,-8.183346688747406006e-02,1.141276676207780838e-02
2.587530575692653656e-02,-1.756702922284603119e-02,7.826434969902038574e-01,9.992915987968444824e-01,2.257181704044342041e-02,-2.507852762937545776e-02,1.666794531047344208e-02,1.495902836322784424e-01,1.675799190998077393e-01,5.284690260887145996e-01,1.148598268628120422e-01,-1.131433397531509399e-01,-1.357425600290298462e-01,2.107866853475570679e-01,-2.109514623880386353e-01,-4.923052191734313965e-01,1.201389282941818237e-01,-1.995807439088821411e-01,1.556566059589385986e-01,-3.000042587518692017e-02,1.735596805810928345e-01,-5.484912917017936707e-02,-2.584021091461181641e+00,7.998824715614318848e-01,-1.735689282417297363e+00,1.292099237442016602e+00,-3.368759751319885254e-01,-8.315680921077728271e-02,2.432633489370346069e-01,-5.024748668074607849e-02,-2.746425569057464600e-01,6.217870712280273438e-01,1.272202491760253906e+00,-2.052814960479736328e-01,-8.113228529691696167e-02,1.027260720729827881e-02
2.552074566483497620e-02,-1.718211919069290161e-02,7.826797962188720703e-01,9.992974400520324707e-01,2.258176542818546295e-02,-2.504676394164562225e-02,1.635105349123477936e-02,1.491394191980361938e-01,1.671747863292694092e-01,5.297549962997436523e-01,1.148932501673698425e-01,-1.130377724766731262e-01,-1.351962387561798096e-01,2.097378671169281006e-01,-2.112381309270858765e-01,-4.908790588378906250e-01,1.198512613773345947e-01,-1.990965306758880615e-01,1.555073261260986328e-01,-2.958016283810138702e-02,1.742047816514968872e-01,-5.508438497781753540e-02,-2.584554910659790039e+00,7.979351878166198730e-01,-1.739420652389526367e+00,1.299663305282592773e+00,-3.458791077136993408e-01,-8.432865887880325317e-02,2.364019155502319336e-01,-5.019302293658256531e-02,-2.748668491840362549e-01,6.221603751182556152e-01,1.274708390235900879e+00,-2.059903144836425781e-01,-8.017058670520782471e-02,9.539447724819183350e-03
2.509661391377449036e-02,-1.668695732951164246e-02,7.827235460281372070e-01,9.993079900741577148e-01,2.250800654292106628e-02,-2.497896365821361542e-02,1.590441539883613586e-02,1.486455798149108887e-01,1.668349206447601318e-01,5.308946967124938965e-01,1.149836704134941101e-01,-1.132807582616806030e-01,-1.345444172620773315e-01,2.085419744253158569e-01,-2.114061564207077026e-01,-4.891605973243713379e-01,1.198570132255554199e-01,-1.986050307750701904e-01,1.550665348768234253e-01,-2.943246066570281982e-02,1.748551279306411743e-01,-5.516717210412025452e-02,-2.584658861160278320e+00,7.962974905967712402e-01,-1.742148756980895996e+00,1.306377053260803223e+00,-3.543399572372436523e-01,-8.524286001920700073e-02,2.294266968965530396e-01,-4.987024143338203430e-02,-2.751712501049041748e-01,6.218168735504150391e-01,1.277120351791381836e+00,-2.059050798416137695e-01,-7.929009944200515747e-02,9.043892845511436462e-03
2.457275241613388062e-02,-1.609170995652675629e-02,7.827624082565307617e-01,9.993206858634948730e-01,2.236604876816272736e-02,-2.494115754961967468e-02,1.535859890282154083e-02,1.480990499258041382e-01,1.666245162487030029e-01,5.316681265830993652e-01,1.151783019304275513e-01,-1.137364506721496582e-01,-1.338464170694351196e-01,2.072394341230392456e-01,-2.115475535392761230e-01,-4.873919188976287842e-01,1.200085580348968506e-01,-1.981491744518280029e-01,1.546822935342788696e-01,-2.951055392622947693e-02,1.755175143480300903e-01,-5.511453747749328613e-02,-2.584728717803955078e+00,7.950649261474609375e-01,-1.744663476943969727e+00,1.312351584434509277e+00,-3.621755540370941162e-01,-8.635123819112777710e-02,2.225550562143325806e-01,-4.917066916823387146e-02,-2.755967378616333008e-01,6.212124228477478027e-01,1.278938293457031250e+00,-2.056633085012435913e-01,-7.882020622491836548e-02,8.850233629345893860e-03
2.397021465003490448e-02,-1.545204594731330872e-02,7.828051447868347168e-01,9.993352293968200684e-01,2.219889312982559204e-02,-2.489090152084827423e-02,1.472507789731025696e-02,1.475610733032226562e-01,1.665202826261520386e-01,5.329208970069885254e-01,1.153744459152221680e-01,-1.140649989247322083e-01,-1.331696212291717529e-01,2.058882862329483032e-01,-2.116394191980361938e-01,-4.856244325637817383e-01,1.201221719384193420e-01,-1.976932138204574585e-01,1.544123440980911255e-01,-2.941193245351314545e-02,1.759541481733322144e-01,-5.497994646430015564e-02,-2.584964752197265625e+00,7.940406799316406250e-01,-1.746602058410644531e+00,1.316968560218811035e+00,-3.679279685020446777e-01,-8.747260272502899170e-02,2.165316492319107056e-01,-4.806897044181823730e-02,-2.761701643466949463e-01,6.202198266983032227e-01,1.279878377914428711e+00,-2.056081295013427734e-01,-7.877351343631744385e-02,8.490544743835926056e-03
2.325949445366859436e-02,-1.485100202262401581e-02,7.828503251075744629e-01,9.993519186973571777e-01,2.198216877877712250e-02,-2.479477040469646454e-02,1.406039297580718994e-02,1.469181925058364868e-01,1.665509492158889771e-01,5.342969298362731934e-01,1.154179573059082031e-01,-1.145728230476379395e-01,-1.325870901346206665e-01,2.042603641748428345e-01,-2.116977572441101074e-01,-4.840142428874969482e-01,1.201630234718322754e-01,-1.971940696239471436e-01,1.543849110603332520e-01,-2.945460751652717590e-02,1.762395352125167847e-01,-5.491748079657554626e-02,-2.585187911987304688e+00,7.935544252395629883e-01,-1.748699903488159180e+00,1.321037173271179199e+00,-3.728218078613281250e-01,-8.893407136201858521e-02,2.114411443471908569e-01,-4.669421166181564331e-02,-2.768464684486389160e-01,6.186577081680297852e-01,1.279974341392517090e+00,-2.049451470375061035e-01,-7.868007570505142212e-02,7.919564843177795410e-03
2.244339697062969208e-02,-1.429400406777858734e-02,7.829152941703796387e-01,9.993721842765808105e-01,2.174328826367855072e-02,-2.461519837379455566e-02,1.328776497393846512e-02,1.461342275142669678e-01,1.667235195636749268e-01,5.363827347755432129e-01,1.152728572487831116e-01,-1.146442219614982605e-01,-1.322219222784042358e-01,2.022177129983901978e-01,-2.116747796535491943e-01,-4.820903539657592773e-01,1.200303807854652405e-01,-1.964896768331527710e-01,1.544089764356613159e-01,-2.967797778546810150e-02,1.763505935668945312e-01,-5.483822897076606750e-02,-2.585986852645874023e+00,7.934905886650085449e-01,-1.751070022583007812e+00,1.324768543243408203e+00,-3.767485320568084717e-01,-9.072244912385940552e-02,2.073211371898651123e-01,-4.529208317399024963e-02,-2.773860692977905273e-01,6.164744496345520020e-01,1.279493331909179688e+00,-2.040665298700332642e-01,-7.847324758768081665e-02,6.810842547565698624e-03
2.160323224961757660e-02,-1.377962529659271240e-02,7.829838395118713379e-01,9.993944764137268066e-01,2.149777300655841827e-02,-2.436128631234169006e-02,1.245189178735017776e-02,1.450487822294235229e-01,1.669577062129974365e-01,5.385453701019287109e-01,1.150441989302635193e-01,-1.145133525133132935e-01,-1.317092776298522949e-01,1.998364776372909546e-01,-2.115513682365417480e-01,-4.800610244274139404e-01,1.198024228215217590e-01,-1.954748630523681641e-01,1.545434743165969849e-01,-3.020252101123332977e-02,1.762372553348541260e-01,-5.476686730980873108e-02,-2.586902618408203125e+00,7.931289672851562500e-01,-1.753604769706726074e+00,1.328107953071594238e+00,-3.796314299106597900e-01,-9.254760295152664185e-02,2.047639936208724976e-01,-4.354787617921829224e-02,-2.778251767158508301e-01,6.139394044876098633e-01,1.278810381889343262e+00,-2.023631185293197632e-01,-7.816176861524581909e-02,5.236270371824502945e-03
2.083311229944229126e-02,-1.324882358312606812e-02,7.830449938774108887e-01,9.994160532951354980e-01,2.121894061565399170e-02,-2.413240447640419006e-02,1.161655224859714508e-02,1.439420878887176514e-01,1.673913300037384033e-01,5.405172109603881836e-01,1.150646582245826721e-01,-1.142734661698341370e-01,-1.310095787048339844e-01,1.973968744277954102e-01,-2.112222313880920410e-01,-4.777329564094543457e-01,1.196168139576911926e-01,-1.941998004913330078e-01,1.544066816568374634e-01,-3.066343441605567932e-02,1.760056763887405396e-01,-5.446315556764602661e-02,-2.588521242141723633e+00,7.922164797782897949e-01,-1.755438327789306641e+00,1.330799698829650879e+00,-3.810062706470489502e-01,-9.344045817852020264e-02,2.029957175254821777e-01,-4.181900992989540100e-02,-2.781804502010345459e-01,6.115163564682006836e-01,1.278231382369995117e+00,-2.010737955570220947e-01,-7.784453779458999634e-02,3.953790757805109024e-03
2.011436782777309418e-02,-1.270223036408424377e-02,7.831063270568847656e-01,9.994363784790039062e-01,2.092556282877922058e-02,-2.392104640603065491e-02,1.080703176558017731e-02,1.426670402288436890e-01,1.679221540689468384e-01,5.423761010169982910e-01,1.153922677040100098e-01,-1.142009794712066650e-01,-1.302271783351898193e-01,1.949746757745742798e-01,-2.108466625213623047e-01,-4.756228923797607422e-01,1.193961426615715027e-01,-1.927057355642318726e-01,1.541564464569091797e-01,-3.083563782274723053e-02,1.756427288055419922e-01,-5.393670871853828430e-02,-2.590046644210815430e+00,7.910472154617309570e-01,-1.756918072700500488e+00,1.333130478858947754e+00,-3.820427060127258301e-01,-9.367148578166961670e-02,2.020508795976638794e-01,-4.018360748887062073e-02,-2.782382667064666748e-01,6.091326475143432617e-01,1.278126955032348633e+00,-2.002372592687606812e-01,-7.748516649007797241e-02,3.462831722572445869e-03
1.940964162349700928e-02,-1.216786634176969528e-02,7.831541299819946289e-01,9.994556903839111328e-01,2.061103098094463348e-02,-2.371888421475887299e-02,1.004626974463462830e-02,1.414676457643508911e-01,1.685227900743484497e-01,5.439232587814331055e-01,1.158882156014442444e-01,-1.145302653312683105e-01,-1.293500661849975586e-01,1.924802958965301514e-01,-2.104976773262023926e-01,-4.734759032726287842e-01,1.193804591894149780e-01,-1.912485659122467041e-01,1.538621336221694946e-01,-3.077382408082485199e-02,1.752433627843856812e-01,-5.310026183724403381e-02,-2.592223405838012695e+00,7.899453043937683105e-01,-1.758091926574707031e+00,1.334603428840637207e+00,-3.820945322513580322e-01,-9.341558068990707397e-02,2.011664360761642456e-01,-3.896323963999748230e-02,-2.781203687191009521e-01,6.069527864456176758e-01,1.278267621994018555e+00,-1.996536701917648315e-01,-7.723397016525268555e-02,3.163818968459963799e-03
1.869678683578968048e-02,-1.173747889697551727e-02,7.831917405128479004e-01,9.994758367538452148e-01,2.027833089232444763e-02,-2.348692901432514191e-02,9.229781106114387512e-03,1.403708755970001221e-01,1.691647917032241821e-01,5.455837845802307129e-01,1.164432987570762634e-01,-1.150813773274421692e-01,-1.286665499210357666e-01,1.898048073053359985e-01,-2.101179659366607666e-01,-4.711564779281616211e-01,1.195059940218925476e-01,-1.899953484535217285e-01,1.536774039268493652e-01,-3.056263364851474762e-02,1.747932136058807373e-01,-5.225482583045959473e-02,-2.594296932220458984e+00,7.888365387916564941e-01,-1.759426474571228027e+00,1.335816502571105957e+00,-3.816386461257934570e-01,-9.339652955532073975e-02,1.999964863061904907e-01,-3.788270428776741028e-02,-2.779836058616638184e-01,6.054412126541137695e-01,1.278387784957885742e+00,-1.987713128328323364e-01,-7.723401486873626709e-02,2.787372097373008728e-03
1.800329238176345825e-02,-1.136875897645950317e-02,7.832071781158447266e-01,9.994948506355285645e-01,1.996967755258083344e-02,-2.325650863349437714e-02,8.392876945436000824e-03,1.395173072814941406e-01,1.696592569351196289e-01,5.473242998123168945e-01,1.167919039726257324e-01,-1.154503971338272095e-01,-1.280799210071563721e-01,1.872823685407638550e-01,-2.098598033189773560e-01,-4.688262045383453369e-01,1.198993995785713196e-01,-1.890356391668319702e-01,1.539727449417114258e-01,-3.019793704152107239e-02,1.741250306367874146e-01,-5.124638974666595459e-02,-2.596559047698974609e+00,7.872371077537536621e-01,-1.760376572608947754e+00,1.336122393608093262e+00,-3.794984817504882812e-01,-9.363637119531631470e-02,1.992073655128479004e-01,-3.702455386519432068e-02,-2.778088450431823730e-01,6.048844456672668457e-01,1.278126239776611328e+00,-1.981381177902221680e-01,-7.722830027341842651e-02,1.908460748381912708e-03
1.732613332569599152e-02,-1.102732494473457336e-02,7.832143902778625488e-01,9.995138049125671387e-01,1.962964981794357300e-02,-2.303082868456840515e-02,7.512862794101238251e-03,1.387163847684860229e-01,1.701823770999908447e-01,5.491092801094055176e-01,1.168782562017440796e-01,-1.158723607659339905e-01,-1.277900338172912598e-01,1.850255876779556274e-01,-2.094762027263641357e-01,-4.667861759662628174e-01,1.202917918562889099e-01,-1.884189844131469727e-01,1.543893963098526001e-01,-2.971954084932804108e-02,1.731270849704742432e-01,-5.021715536713600159e-02,-2.598354339599609375e+00,7.854968309402465820e-01,-1.760541439056396484e+00,1.335245728492736816e+00,-3.761541247367858887e-01,-9.370610862970352173e-02,1.992438882589340210e-01,-3.628395125269889832e-02,-2.774062156677246094e-01,6.047179698944091797e-01,1.277131319046020508e+00,-1.976425945758819580e-01,-7.691680639982223511e-02,7.460073102265596390e-04
1.670670509338378906e-02,-1.070221699774265289e-02,7.832407951354980469e-01,9.995318055152893066e-01,1.928265206515789032e-02,-2.281359583139419556e-02,6.623339373618364334e-03,1.378082185983657837e-01,1.708543896675109863e-01,5.507110953330993652e-01,1.169680431485176086e-01,-1.161979064345359802e-01,-1.275614351034164429e-01,1.827743351459503174e-01,-2.090340703725814819e-01,-4.648530483245849609e-01,1.206064820289611816e-01,-1.877720654010772705e-01,1.548115611076354980e-01,-2.932954020798206329e-02,1.720878332853317261e-01,-4.926649481058120728e-02,-2.599353790283203125e+00,7.838462591171264648e-01,-1.760279774665832520e+00,1.334239602088928223e+00,-3.717928826808929443e-01,-9.433373808860778809e-02,2.003369927406311035e-01,-3.558337315917015076e-02,-2.769002616405487061e-01,6.060888767242431641e-01,1.275825500488281250e+00,-1.970000714063644409e-01,-7.669672369956970215e-02,-4.319657164160162210e-04
1.619052514433860779e-02,-1.037851441651582718e-02,7.832694053649902344e-01,9.995488524436950684e-01,1.891763880848884583e-02,-2.259214967489242554e-02,5.812515970319509506e-03,1.368944197893142700e-01,1.715937703847885132e-01,5.518898367881774902e-01,1.170606762170791626e-01,-1.162489578127861023e-01,-1.273238211870193481e-01,1.805446743965148926e-01,-2.083525508642196655e-01,-4.628734588623046875e-01,1.209219694137573242e-01,-1.870401352643966675e-01,1.549625396728515625e-01,-2.899878099560737610e-02,1.709236651659011841e-01,-4.831558465957641602e-02,-2.599555730819702148e+00,7.819781303405761719e-01,-1.759344458580017090e+00,1.332628011703491211e+00,-3.681933581829071045e-01,-9.505620598793029785e-02,2.017649114131927490e-01,-3.525331988930702209e-02,-2.764733433723449707e-01,6.084321737289428711e-01,1.274715423583984375e+00,-1.968188583850860596e-01,-7.666189223527908325e-02,-1.267155748791992664e-03
1.581122912466526031e-02,-1.014495547860860825e-02,7.833175063133239746e-01,9.995633959770202637e-01,1.855800300836563110e-02,-2.242915891110897064e-02,5.055130459368228912e-03,1.362693309783935547e-01,1.723289787769317627e-01,5.527638792991638184e-01,1.172186508774757385e-01,-1.162804141640663147e-01,-1.271064430475234985e-01,1.782977879047393799e-01,-2.075518518686294556e-01,-4.606194496154785156e-01,1.213354840874671936e-01,-1.861215680837631226e-01,1.547730714082717896e-01,-2.859443239867687225e-02,1.697248816490173340e-01,-4.731879755854606628e-02,-2.599015951156616211e+00,7.798910737037658691e-01,-1.758150219917297363e+00,1.330773591995239258e+00,-3.658971190452575684e-01,-9.540416300296783447e-02,2.033745795488357544e-01,-3.505802899599075317e-02,-2.760698199272155762e-01,6.110109686851501465e-01,1.274036407470703125e+00,-1.973914206027984619e-01,-7.680299878120422363e-02,-1.681791851297020912e-03
1.555405370891094208e-02,-1.005594432353973389e-02,7.833691835403442383e-01,9.995760917663574219e-01,1.823402568697929382e-02,-2.227030880749225616e-02,4.373155068606138229e-03,1.356403529644012451e-01,1.729668825864791870e-01,5.531942844390869141e-01,1.175195723772048950e-01,-1.163471713662147522e-01,-1.270093470811843872e-01,1.761897206306457520e-01,-2.067121267318725586e-01,-4.584181010723114014e-01,1.218311116099357605e-01,-1.853238046169281006e-01,1.544773131608963013e-01,-2.820546925067901611e-02,1.682908087968826294e-01,-4.658524319529533386e-02,-2.598013162612915039e+00,7.778698801994323730e-01,-1.757209181785583496e+00,1.327167153358459473e+00,-3.633192479610443115e-01,-9.516289830207824707e-02,2.050177454948425293e-01,-3.505185618996620178e-02,-2.755209803581237793e-01,6.136735081672668457e-01,1.274107813835144043e+00,-1.979744881391525269e-01,-7.699292898178100586e-02,-1.726525486446917057e-03
1.532178185880184174e-02,-1.004869211465120316e-02,7.834017872810363770e-01,9.995865821838378906e-01,1.794173195958137512e-02,-2.213449031114578247e-02,3.852723864838480949e-03,1.348419636487960815e-01,1.734789907932281494e-01,5.528396964073181152e-01,1.180823892354965210e-01,-1.168823167681694031e-01,-1.267783939838409424e-01,1.745270490646362305e-01,-2.060009539127349854e-01,-4.568165242671966553e-01,1.222756579518318176e-01,-1.845150887966156006e-01,1.538741141557693481e-01,-2.787156775593757629e-02,1.667220443487167358e-01,-4.596320912241935730e-02,-2.597024679183959961e+00,7.768080830574035645e-01,-1.755416035652160645e+00,1.322692751884460449e+00,-3.602276146411895752e-01,-9.390285611152648926e-02,2.065254896879196167e-01,-3.497432917356491089e-02,-2.747725546360015869e-01,6.162762641906738281e-01,1.274084091186523438e+00,-1.986036747694015503e-01,-7.761477679014205933e-02,-1.754142460413277149e-03
1.500332821160554886e-02,-1.006373763084411621e-02,7.834006547927856445e-01,9.995950460433959961e-01,1.769851520657539368e-02,-2.202224731445312500e-02,3.395188832655549049e-03,1.340557485818862915e-01,1.739005893468856812e-01,5.521701574325561523e-01,1.187856942415237427e-01,-1.175139844417572021e-01,-1.262570768594741821e-01,1.733883917331695557e-01,-2.054106295108795166e-01,-4.554199576377868652e-01,1.227185577154159546e-01,-1.839809715747833252e-01,1.535119861364364624e-01,-2.756307646632194519e-02,1.648793667554855347e-01,-4.539714008569717407e-02,-2.596207380294799805e+00,7.761752009391784668e-01,-1.752749204635620117e+00,1.317393541336059570e+00,-3.552747666835784912e-01,-9.262290596961975098e-02,2.084238976240158081e-01,-3.479404374957084656e-02,-2.739683985710144043e-01,6.190966963768005371e-01,1.273599147796630859e+00,-1.998804956674575806e-01,-7.847855240106582642e-02,-1.514960662461817265e-03
1.459847390651702881e-02,-1.007490605115890503e-02,7.833978533744812012e-01,9.996028542518615723e-01,1.743302680552005768e-02,-2.195226587355136871e-02,2.879870822653174400e-03,1.336655318737030029e-01,1.743655055761337280e-01,5.516427159309387207e-01,1.192700862884521484e-01,-1.183932274580001831e-01,-1.260181665420532227e-01,1.726658791303634644e-01,-2.046587020158767700e-01,-4.542196989059448242e-01,1.229020729660987854e-01,-1.834954917430877686e-01,1.532990634441375732e-01,-2.707908488810062408e-02,1.629785150289535522e-01,-4.471400380134582520e-02,-2.595928192138671875e+00,7.761234045028686523e-01,-1.750205039978027344e+00,1.312503933906555176e+00,-3.507961332798004150e-01,-9.178195148706436157e-02,2.100673317909240723e-01,-3.416391834616661072e-02,-2.730666399002075195e-01,6.216000914573669434e-01,1.272272229194641113e+00,-2.017009556293487549e-01,-7.899343967437744141e-02,-6.494830595329403877e-04
1.418852526694536209e-02,-1.007213629782199860e-02,7.834380865097045898e-01,9.996112585067749023e-01,1.720053702592849731e-02,-2.182132378220558167e-02,2.303504385054111481e-03,1.332904547452926636e-01,1.748435348272323608e-01,5.518076419830322266e-01,1.195268258452415466e-01,-1.190897375345230103e-01,-1.256702840328216553e-01,1.716452986001968384e-01,-2.039684504270553589e-01,-4.528981447219848633e-01,1.229153349995613098e-01,-1.829279661178588867e-01,1.534373015165328979e-01,-2.649055607616901398e-02,1.611445099115371704e-01,-4.409876838326454163e-02,-2.596053838729858398e+00,7.761641144752502441e-01,-1.748315215110778809e+00,1.308979034423828125e+00,-3.459064364433288574e-01,-9.167172014713287354e-02,2.115702033042907715e-01,-3.315732628107070923e-02,-2.722284793853759766e-01,6.236513853073120117e-01,1.270413994789123535e+00,-2.039251625537872314e-01,-7.926765829324722290e-02,3.533347044140100479e-04
1.383522432297468185e-02,-1.001456659287214279e-02,7.834725379943847656e-01,9.996215701103210449e-01,1.696619950234889984e-02,-2.157875895500183105e-02,1.796353026293218136e-03,1.327033191919326782e-01,1.753265559673309326e-01,5.523821711540222168e-01,1.196409836411476135e-01,-1.197200044989585876e-01,-1.251920014619827271e-01,1.702219396829605103e-01,-2.032687216997146606e-01,-4.515182673931121826e-01,1.228419914841651917e-01,-1.824415475130081177e-01,1.536190360784530640e-01,-2.601416967809200287e-02,1.592804193496704102e-01,-4.372084513306617737e-02,-2.596602916717529297e+00,7.761917710304260254e-01,-1.747195601463317871e+00,1.306385636329650879e+00,-3.416223824024200439e-01,-9.216193854808807373e-02,2.129599452018737793e-01,-3.210831433534622192e-02,-2.715351879596710205e-01,6.251748204231262207e-01,1.268905997276306152e+00,-2.068699151277542114e-01,-7.949704676866531372e-02,1.083330367691814899e-03
1.355282030999660492e-02,-9.897940792143344879e-03,7.834614515304565430e-01,9.996328949928283691e-01,1.674108579754829407e-02,-2.126324363052845001e-02,1.291644643060863018e-03,1.320162862539291382e-01,1.757236123085021973e-01,5.531083941459655762e-01,1.196231842041015625e-01,-1.201899200677871704e-01,-1.245841756463050842e-01,1.684909015893936157e-01,-2.026664465665817261e-01,-4.499639272689819336e-01,1.225561052560806274e-01,-1.818460375070571899e-01,1.540137678384780884e-01,-2.553414553403854370e-02,1.574353575706481934e-01,-4.348194226622581482e-02,-2.597493648529052734e+00,7.757406234741210938e-01,-1.747423887252807617e+00,1.304371237754821777e+00,-3.361681103706359863e-01,-9.275580942630767822e-02,2.142721861600875854e-01,-3.089453279972076416e-02,-2.709183692932128906e-01,6.261062622070312500e-01,1.268328666687011719e+00,-2.097971290349960327e-01,-7.948074489831924438e-02,1.120935310609638691e-03
1.331467367708683014e-02,-9.737275540828704834e-03,7.834308147430419922e-01,9.996436238288879395e-01,1.656275056302547455e-02,-2.091852948069572449e-02,8.314292645081877708e-04,1.310717612504959106e-01,1.759249716997146606e-01,5.537503957748413086e-01,1.196015626192092896e-01,-1.206418052315711975e-01,-1.239832863211631775e-01,1.666439622640609741e-01,-2.021807581186294556e-01,-4.484597742557525635e-01,1.222484335303306580e-01,-1.811764389276504517e-01,1.546139866113662720e-01,-2.539329603314399719e-02,1.553154885768890381e-01,-4.297609254717826843e-02,-2.598145246505737305e+00,7.751446366310119629e-01,-1.748047232627868652e+00,1.302090048789978027e+00,-3.314822912216186523e-01,-9.369395673274993896e-02,2.153917551040649414e-01,-3.012912161648273468e-02,-2.704241573810577393e-01,6.275791525840759277e-01,1.268703937530517578e+00,-2.127972394227981567e-01,-7.902384549379348755e-02,7.065481040626764297e-04
1.305895298719406128e-02,-9.583944454789161682e-03,7.834162712097167969e-01,9.996550679206848145e-01,1.640863902866840363e-02,-2.049807831645011902e-02,5.382047384046018124e-04,1.296508908271789551e-01,1.758584678173065186e-01,5.539682507514953613e-01,1.196816712617874146e-01,-1.211010739207267761e-01,-1.234369650483131409e-01,1.645971089601516724e-01,-2.017876356840133667e-01,-4.471147358417510986e-01,1.218007281422615051e-01,-1.800620704889297485e-01,1.552030444145202637e-01,-2.521157264709472656e-02,1.532095372676849365e-01,-4.231378436088562012e-02,-2.598821401596069336e+00,7.744261622428894043e-01,-1.748872160911560059e+00,1.299724578857421875e+00,-3.275787830352783203e-01,-9.440396726131439209e-02,2.173594534397125244e-01,-2.954494953155517578e-02,-2.701888978481292725e-01,6.283655166625976562e-01,1.269755601882934570e+00,-2.154521048069000244e-01,-7.843261957168579102e-02,-1.409544638590887189e-04
1.270287949591875076e-02,-9.387617930769920349e-03,7.834569215774536133e-01,9.996659159660339355e-01,1.628329046070575714e-02,-2.007134258747100830e-02,3.222004161216318607e-04,1.279532909393310547e-01,1.754826754331588745e-01,5.538967251777648926e-01,1.200350299477577209e-01,-1.216717064380645752e-01,-1.227251216769218445e-01,1.625181287527084351e-01,-2.016140669584274292e-01,-4.459544420242309570e-01,1.213518753647804260e-01,-1.785582900047302246e-01,1.557969450950622559e-01,-2.477515861392021179e-02,1.511299461126327515e-01,-4.140603169798851013e-02,-2.599668025970458984e+00,7.736356258392333984e-01,-1.748833417892456055e+00,1.296774268150329590e+00,-3.244017660617828369e-01,-9.401962161064147949e-02,2.201733738183975220e-01,-2.959327772259712219e-02,-2.704419493675231934e-01,6.299008131027221680e-01,1.271360397338867188e+00,-2.180595844984054565e-01,-7.784537225961685181e-02,-8.489935426041483879e-04
1.224695332348346710e-02,-9.072484448552131653e-03,7.835363745689392090e-01,9.996753931045532227e-01,1.618949882686138153e-02,-1.967163756489753723e-02,1.320510637015104294e-04,1.262037754058837891e-01,1.748528629541397095e-01,5.538963079452514648e-01,1.204800605773925781e-01,-1.221223846077919006e-01,-1.220526173710823059e-01,1.605916917324066162e-01,-2.017926126718521118e-01,-4.450674355030059814e-01,1.206917241215705872e-01,-1.768756359815597534e-01,1.566700041294097900e-01,-2.383752167224884033e-02,1.490747034549713135e-01,-4.024583473801612854e-02,-2.600735664367675781e+00,7.721327543258666992e-01,-1.748195528984069824e+00,1.293449163436889648e+00,-3.226923346519470215e-01,-9.267323464155197144e-02,2.227532863616943359e-01,-3.058344870805740356e-02,-2.712637484073638916e-01,6.319098472595214844e-01,1.272702455520629883e+00,-2.202404141426086426e-01,-7.719275355339050293e-02,-1.219207188114523888e-03
1.171410083770751953e-02,-8.613964542746543884e-03,7.836291790008544922e-01,9.996839165687561035e-01,1.606426760554313660e-02,-1.933671906590461731e-02,-9.544431122776586562e-06,1.247148215770721436e-01,1.741828471422195435e-01,5.538549423217773438e-01,1.208734884858131409e-01,-1.221758201718330383e-01,-1.212264299392700195e-01,1.587051600217819214e-01,-2.021625638008117676e-01,-4.444294273853302002e-01,1.202071681618690491e-01,-1.752968281507492065e-01,1.576187908649444580e-01,-2.251466363668441772e-02,1.470836400985717773e-01,-3.887483105063438416e-02,-2.601971149444580078e+00,7.698799371719360352e-01,-1.746510267257690430e+00,1.289420843124389648e+00,-3.212620615959167480e-01,-9.076679497957229614e-02,2.254284471273422241e-01,-3.258744627237319946e-02,-2.723553776741027832e-01,6.349232196807861328e-01,1.273396372795104980e+00,-2.227322310209274292e-01,-7.658156007528305054e-02,-6.100781611166894436e-04
1.114226970821619034e-02,-8.038416504859924316e-03,7.837134003639221191e-01,9.996928572654724121e-01,1.590316742658615112e-02,-1.900677196681499481e-02,-1.269330387003719807e-04,1.233624070882797241e-01,1.736736744642257690e-01,5.538530945777893066e-01,1.209919750690460205e-01,-1.218577846884727478e-01,-1.204926520586013794e-01,1.566624045372009277e-01,-2.026345133781433105e-01,-4.440982341766357422e-01,1.197811067104339600e-01,-1.737309247255325317e-01,1.585070788860321045e-01,-2.094985544681549072e-02,1.449674963951110840e-01,-3.738530725240707397e-02,-2.603367090225219727e+00,7.667617201805114746e-01,-1.745465278625488281e+00,1.285617828369140625e+00,-3.221572041511535645e-01,-8.909879624843597412e-02,2.273084670305252075e-01,-3.599686548113822937e-02,-2.734718918800354004e-01,6.380357146263122559e-01,1.272861361503601074e+00,-2.242470979690551758e-01,-7.579100131988525391e-02,9.092983673326671124e-04
1.062009204179048538e-02,-7.407351396977901459e-03,7.838015556335449219e-01,9.997004866600036621e-01,1.577148213982582092e-02,-1.871174946427345276e-02,-9.871427755570039153e-05,1.218008473515510559e-01,1.733005791902542114e-01,5.538151264190673828e-01,1.211191266775131226e-01,-1.213134154677391052e-01,-1.198230683803558350e-01,1.546620875597000122e-01,-2.032645791769027710e-01,-4.442561268806457520e-01,1.194024905562400818e-01,-1.722423732280731201e-01,1.591536402702331543e-01,-1.940390653908252716e-02,1.425304114818572998e-01,-3.575483337044715881e-02,-2.604701519012451172e+00,7.634099125862121582e-01,-1.745074748992919922e+00,1.281724214553833008e+00,-3.247064054012298584e-01,-8.819971978664398193e-02,2.289266735315322876e-01,-4.081966727972030640e-02,-2.744639813899993896e-01,6.401825547218322754e-01,1.271286845207214355e+00,-2.256757318973541260e-01,-7.498647272586822510e-02,2.137191593647003174e-03
1.014717761427164078e-02,-6.755320355296134949e-03,7.839114665985107422e-01,9.997085928916931152e-01,1.569574326276779175e-02,-1.833824999630451202e-02,1.318713766522705555e-04,1.192247197031974792e-01,1.729893833398818970e-01,5.533937811851501465e-01,1.217728629708290100e-01,-1.207049340009689331e-01,-1.189144849777221680e-01,1.525153666734695435e-01,-2.040725797414779663e-01,-4.446001052856445312e-01,1.191524639725685120e-01,-1.708911806344985962e-01,1.595271676778793335e-01,-1.805017329752445221e-02,1.394023895263671875e-01,-3.393013775348663330e-02,-2.606037139892578125e+00,7.603510022163391113e-01,-1.744260191917419434e+00,1.275743484497070312e+00,-3.290164470672607422e-01,-8.821249753236770630e-02,2.301170974969863892e-01,-4.761387407779693604e-02,-2.756334245204925537e-01,6.428622007369995117e-01,1.269230842590332031e+00,-2.272423505783081055e-01,-7.384099066257476807e-02,2.546939067542552948e-03
9.677215479314327240e-03,-6.070615723729133606e-03,7.840449810028076172e-01,9.997187852859497070e-01,1.561384741216897964e-02,-1.784376800060272217e-02,4.281899600755423307e-04,1.159565672278404236e-01,1.728795021772384644e-01,5.533468127250671387e-01,1.230102479457855225e-01,-1.203660294413566589e-01,-1.178897917270660400e-01,1.499640345573425293e-01,-2.048593312501907349e-01,-4.444445371627807617e-01,1.190762594342231750e-01,-1.694864630699157715e-01,1.597503870725631714e-01,-1.629756949841976166e-02,1.358372122049331665e-01,-3.196776658296585083e-02,-2.607319355010986328e+00,7.577093839645385742e-01,-1.742514848709106445e+00,1.266911029815673828e+00,-3.331002891063690186e-01,-8.760034292936325073e-02,2.319836318492889404e-01,-5.532144010066986084e-02,-2.772490382194519043e-01,6.455689072608947754e-01,1.266627550125122070e+00,-2.296333760023117065e-01,-7.214301079511642456e-02,2.237840322777628899e-03
9.146287105977535248e-03,-5.474749021232128143e-03,7.841853499412536621e-01,9.997301101684570312e-01,1.551741827279329300e-02,-1.727181486785411835e-02,7.534656324423849583e-04,1.124211028218269348e-01,1.728553324937820435e-01,5.539682507514953613e-01,1.246122121810913086e-01,-1.199735254049301147e-01,-1.171899512410163879e-01,1.472764611244201660e-01,-2.056502252817153931e-01,-4.440354406833648682e-01,1.191339939832687378e-01,-1.681264638900756836e-01,1.602419167757034302e-01,-1.416251715272665024e-02,1.319519132375717163e-01,-2.976722270250320435e-02,-2.608703374862670898e+00,7.550978660583496094e-01,-1.740006923675537109e+00,1.255493521690368652e+00,-3.348565697669982910e-01,-8.621242642402648926e-02,2.354565262794494629e-01,-6.349681317806243896e-02,-2.791910767555236816e-01,6.481291651725769043e-01,1.263409852981567383e+00,-2.343360930681228638e-01,-7.000491768121719360e-02,1.902793650515377522e-03
8.458543568849563599e-03,-4.995739087462425232e-03,7.842933535575866699e-01,9.997439980506896973e-01,1.535187475383281708e-02,-1.659501530230045319e-02,9.190612472593784332e-04,1.087793484330177307e-01,1.728922277688980103e-01,5.556006431579589844e-01,1.263154596090316772e-01,-1.195666119456291199e-01,-1.165698021650314331e-01,1.444121897220611572e-01,-2.064858525991439819e-01,-4.435355961322784424e-01,1.195363923907279968e-01,-1.665807217359542847e-01,1.614301651716232300e-01,-1.162481028586626053e-02,1.279505193233489990e-01,-2.742386423051357269e-02,-2.609022617340087891e+00,7.533102035522460938e-01,-1.735022306442260742e+00,1.240466117858886719e+00,-3.335149884223937988e-01,-8.389899879693984985e-02,2.402413934469223022e-01,-7.149905711412429810e-02,-2.812709212303161621e-01,6.509404182434082031e-01,1.257963538169860840e+00,-2.401740252971649170e-01,-6.786672025918960571e-02,2.609393093734979630e-03
7.498564664274454117e-03,-4.514863714575767517e-03,7.843894958496093750e-01,9.997569322586059570e-01,1.520760450512170792e-02,-1.593163423240184784e-02,1.031196792609989643e-03,1.050058379769325256e-01,1.726842969655990601e-01,5.575425624847412109e-01,1.279135197401046753e-01,-1.191600933670997620e-01,-1.154817938804626465e-01,1.419427990913391113e-01,-2.077746093273162842e-01,-4.438731074333190918e-01,1.204755082726478577e-01,-1.650065034627914429e-01,1.628376692533493042e-01,-9.337908588349819183e-03,1.239518448710441589e-01,-2.478583902120590210e-02,-2.606380462646484375e+00,7.528862953186035156e-01,-1.725586175918579102e+00,1.222152352333068848e+00,-3.301400244235992432e-01,-8.215186744928359985e-02,2.453259974718093872e-01,-7.865227013826370239e-02,-2.830304503440856934e-01,6.533851027488708496e-01,1.249992370605468750e+00,-2.452593296766281128e-01,-6.561725586652755737e-02,3.636626293882727623e-03
6.325427442789077759e-03,-3.917483612895011902e-03,7.845562696456909180e-01,9.997711777687072754e-01,1.520729437470436096e-02,-1.501751504838466644e-02,9.140659240074455738e-04,1.006538942456245422e-01,1.719671785831451416e-01,5.597233176231384277e-01,1.294282078742980957e-01,-1.195494160056114197e-01,-1.126687973737716675e-01,1.389941722154617310e-01,-2.101611047983169556e-01,-4.450303018093109131e-01,1.223839521408081055e-01,-1.637393236160278320e-01,1.639417409896850586e-01,-7.352677173912525177e-03,1.194703578948974609e-01,-2.263357304036617279e-02,-2.599191665649414062e+00,7.541807889938354492e-01,-1.709939360618591309e+00,1.199121236801147461e+00,-3.219682276248931885e-01,-8.156762272119522095e-02,2.513719797134399414e-01,-8.441460132598876953e-02,-2.844465076923370361e-01,6.552395820617675781e-01,1.239495038986206055e+00,-2.459064573049545288e-01,-6.208837777376174927e-02,5.182823631912469864e-03
