-2.802533470094203949e-02,-9.145762771368026733e-03,7.119985818862915039e-01,9.979906082153320312e-01,9.848542511463165283e-03,6.231475621461868286e-02,-5.881562363356351852e-03,1.984961628913879395e-01,3.141925632953643799e-01,2.026857882738113403e-01,8.588159084320068359e-01,-2.833122946321964264e-02,-1.158187910914421082e-01,-7.391854524612426758e-01,-3.470582067966461182e-01,-2.517979145050048828e-01,8.513599634170532227e-01,-2.484720945358276367e-01,1.086513549089431763e-01,-2.138410359621047974e-01,8.265101909637451172e-02,2.716147601604461670e-01,1.708316653966903687e-01,7.771083116531372070e-01,-3.976511955261230469e-01,7.317895889282226562e-01,2.798036336898803711e-01,1.640383154153823853e-01,2.182406559586524963e-02,6.030833348631858826e-02,-6.548437476158142090e-01,5.584134459495544434e-01,1.056623816490173340e+00,-2.805538475513458252e-01,1.526437047868967056e-02,6.390567868947982788e-02
1.899982616305351257e-02,-1.476258598268032074e-02,7.247425913810729980e-01,9.983501434326171875e-01,6.492454092949628830e-03,5.593087524175643921e-02,-1.124913804233074188e-02,7.857294380664825439e-02,3.740059733390808105e-01,2.879468202590942383e-01,1.132627487182617188e+00,-1.102741137146949768e-01,-5.117864906787872314e-02,-6.233843564987182617e-01,-3.420020043849945068e-01,-2.875579297542572021e-01,8.451071977615356445e-01,-3.257086277008056641e-01,1.085322052240371704e-01,-1.436385214328765869e-01,1.023777201771736145e-01,2.807232737541198730e-01,2.643040120601654053e-01,6.597397923469543457e-01,-4.202960729598999023e-01,7.652580142021179199e-01,2.491769045591354370e-01,1.193192154169082642e-01,-1.043389178812503815e-02,-8.854436129331588745e-02,-6.586179733276367188e-01,5.439686179161071777e-01,9.963768720626831055e-01,-2.390823811292648315e-01,2.749253250658512115e-02,9.715335816144943237e-02
7.507299631834030151e-02,-2.079017646610736847e-02,7.464867830276489258e-01,9.981557130813598633e-01,3.962412010878324509e-03,5.805292353034019470e-02,-1.730274222791194916e-02,-7.428734749555587769e-02,3.958812654018402100e-01,3.555386066436767578e-01,1.259045839309692383e+00,-1.808888167142868042e-01,-1.983161270618438721e-02,-4.791856706142425537e-01,-3.064516782760620117e-01,-3.173687160015106201e-01,7.201448082923889160e-01,-3.417728543281555176e-01,1.247512772679328918e-01,-5.127549916505813599e-02,1.222426593303680420e-01,2.592459022998809814e-01,3.348031938076019287e-01,5.432825088500976562e-01,-4.524914026260375977e-01,8.441950082778930664e-01,2.211756855249404907e-01,7.918311655521392822e-02,-4.045360162854194641e-02,-2.305135130882263184e-01,-6.617836952209472656e-01,5.150240659713745117e-01,9.672313332557678223e-01,-2.136335074901580811e-01,3.287865594029426575e-02,1.103528887033462524e-01
1.270680129528045654e-01,-2.634704113006591797e-02,7.676126360893249512e-01,9.980980753898620605e-01,1.501194015145301819e-02,5.749342218041419983e-02,-1.641302928328514099e-02,-2.278577685356140137e-01,3.414779305458068848e-01,3.928846120834350586e-01,1.225816488265991211e+00,-1.944640874862670898e-01,-3.071817196905612946e-02,-3.067052364349365234e-01,-2.925269305706024170e-01,-3.328456878662109375e-01,5.382701754570007324e-01,-3.209202587604522705e-01,1.583671718835830688e-01,3.768114745616912842e-02,9.476294368505477905e-02,2.304994314908981323e-01,4.052827060222625732e-01,4.562387466430664062e-01,-4.524450898170471191e-01,9.168760180473327637e-01,1.867831200361251831e-01,5.995171517133712769e-02,-4.765703529119491577e-02,-3.429066538810729980e-01,-6.534571051597595215e-01,5.079025030136108398e-01,9.666561484336853027e-01,-2.160641998052597046e-01,3.817106783390045166e-02,1.249255761504173279e-01
1.795246154069900513e-01,-3.288054466247558594e-02,7.818377017974853516e-01,9.977911710739135742e-01,2.850579842925071716e-02,5.899816751480102539e-02,-1.092852558940649033e-02,-3.649604022502899170e-01,2.654908001422882080e-01,4.089978337287902832e-01,1.068034172058105469e+00,-1.825834363698959351e-01,-8.245332539081573486e-02,-1.288465857505798340e-01,-2.836424112319946289e-01,-3.610568046569824219e-01,3.352294564247131348e-01,-2.679763734340667725e-01,2.015537172555923462e-01,1.186147108674049377e-01,4.527071118354797363e-02,1.981295347213745117e-01,4.854584336280822754e-01,4.075568616390228271e-01,-4.153208434581756592e-01,9.725931882858276367e-01,1.533404439687728882e-01,5.160357430577278137e-02,-5.566797032952308655e-02,-4.300988912582397461e-01,-6.568414568901062012e-01,5.204455256462097168e-01,9.452195763587951660e-01,-2.274238318204879761e-01,4.884887114167213440e-02,1.597741544246673584e-01
2.372817099094390869e-01,-4.018219560384750366e-02,7.861353158950805664e-01,9.976871013641357422e-01,2.970451675355434418e-02,6.063851714134216309e-02,-7.818075828254222870e-03,-4.588051736354827881e-01,2.423425763845443726e-01,4.292312264442443848e-01,8.322517275810241699e-01,-1.705190390348434448e-01,-1.398818194866180420e-01,2.739067189395427704e-02,-2.480336427688598633e-01,-3.783857524394989014e-01,1.755543500185012817e-01,-2.055752426385879517e-01,2.380571365356445312e-01,1.918892264366149902e-01,1.184556167572736740e-02,1.730848550796508789e-01,5.815130472183227539e-01,3.837076127529144287e-01,-3.536317646503448486e-01,1.005104064941406250e+00,1.194064393639564514e-01,5.398222059011459351e-02,-5.364143848419189453e-02,-5.147755742073059082e-01,-6.890568137168884277e-01,5.516544580459594727e-01,8.972351551055908203e-01,-2.158788740634918213e-01,6.178249791264533997e-02,2.046189606189727783e-01
2.971745133399963379e-01,-4.576030001044273376e-02,7.809351086616516113e-01,9.979670047760009766e-01,1.851942390203475952e-02,5.950779095292091370e-02,-1.332761812955141068e-02,-5.007259249687194824e-01,2.579845190048217773e-01,4.489670395851135254e-01,5.244046449661254883e-01,-1.566182672977447510e-01,-1.814364790916442871e-01,1.395242214202880859e-01,-2.016703039407730103e-01,-3.545649051666259766e-01,1.169615611433982849e-01,-1.863464415073394775e-01,2.560778856277465820e-01,2.582298815250396729e-01,2.275156090036034584e-03,1.537231057882308960e-01,6.787545680999755859e-01,3.734215497970581055e-01,-2.941216230392456055e-01,1.023242115974426270e+00,8.095828443765640259e-02,5.540223419666290283e-02,-3.492790460586547852e-02,-6.076698303222656250e-01,-7.398193478584289551e-01,6.077715158462524414e-01,8.458424210548400879e-01,-1.496642678976058960e-01,7.418969273567199707e-02,2.356888055801391602e-01
3.556208610534667969e-01,-4.829709604382514954e-02,7.672205567359924316e-01,9.981619119644165039e-01,6.745709106326103210e-04,5.149291828274726868e-02,-3.195162490010261536e-02,-4.939957261085510254e-01,2.798664867877960205e-01,4.437116086483001709e-01,1.977494060993194580e-01,-1.589683741331100464e-01,-2.269472181797027588e-01,2.423612922430038452e-01,-1.607794165611267090e-01,-3.040858209133148193e-01,1.026035398244857788e-01,-1.980278044939041138e-01,2.583226561546325684e-01,3.253479301929473877e-01,9.448979981243610382e-03,1.419595330953598022e-01,7.606363296508789062e-01,3.627213239669799805e-01,-2.347725480794906616e-01,1.048383474349975586e+00,3.805026412010192871e-02,5.814944580197334290e-02,-5.898912437260150909e-03,-6.902737021446228027e-01,-7.885987758636474609e-01,6.741355657577514648e-01,8.208935856819152832e-01,-5.865566059947013855e-02,8.989174664020538330e-02,2.468919903039932251e-01
4.152059555053710938e-01,-4.622235894203186035e-02,7.491723895072937012e-01,9.973112344741821289e-01,-1.497082132846117020e-02,4.248010367155075073e-02,-5.780605599284172058e-02,-5.371388792991638184e-01,3.430712223052978516e-01,4.262337684631347656e-01,1.242854148149490356e-01,-2.002589255571365356e-01,-2.388257235288619995e-01,3.417112231254577637e-01,-1.458632498979568481e-01,-2.437074333429336548e-01,1.004404500126838684e-01,-1.936122179031372070e-01,2.567230761051177979e-01,3.812596797943115234e-01,1.392750442028045654e-02,1.315043717622756958e-01,8.193659782409667969e-01,3.451938927173614502e-01,-1.775087267160415649e-01,1.074967026710510254e+00,-7.478427607566118240e-03,6.609287858009338379e-02,4.000329412519931793e-03,-7.381526231765747070e-01,-8.168182969093322754e-01,7.219455838203430176e-01,8.272687196731567383e-01,6.039693951606750488e-03,1.041605174541473389e-01,2.558516561985015869e-01
4.739087820053100586e-01,-4.127343371510505676e-02,7.335368394851684570e-01,9.966347217559814453e-01,-1.488997228443622589e-02,4.425670206546783447e-02,-6.737072765827178955e-02,-5.728604197502136230e-01,3.547611236572265625e-01,4.319703876972198486e-01,1.759372055530548096e-01,-2.139314264059066772e-01,-2.086628675460815430e-01,4.114775061607360840e-01,-1.713370084762573242e-01,-2.099763303995132446e-01,1.142496243119239807e-01,-1.539141833782196045e-01,2.560026943683624268e-01,4.013590216636657715e-01,-1.257167290896177292e-02,1.178268268704414368e-01,8.117688298225402832e-01,3.219065070152282715e-01,-1.151542663574218750e-01,1.124990224838256836e+00,-4.157393053174018860e-02,7.575754821300506592e-02,1.279022917151451111e-02,-7.104703187942504883e-01,-8.255786299705505371e-01,7.133322954177856445e-01,8.428708910942077637e-01,5.120423436164855957e-02,1.115037649869918823e-01,2.526814639568328857e-01
5.339396595954895020e-01,-3.441628441214561462e-02,7.243203520774841309e-01,9.968441724777221680e-01,7.581130194012075663e-05,5.373045429587364197e-02,-5.843533575534820557e-02,-6.273586153984069824e-01,3.169486224651336670e-01,4.053655266761779785e-01,3.793124258518218994e-01,-1.797629892826080322e-01,-1.298095136880874634e-01,4.034414291381835938e-01,-2.299851328134536743e-01,-1.915679425001144409e-01,2.637842297554016113e-01,-9.887214004993438721e-02,2.500084340572357178e-01,3.864848017692565918e-01,-6.349433958530426025e-02,1.113854944705963135e-01,7.383787631988525391e-01,3.094916939735412598e-01,-5.823341757059097290e-02,1.172487735748291016e+00,-5.583884939551353455e-02,8.392783999443054199e-02,5.556162446737289429e-03,-6.123742461204528809e-01,-8.150526881217956543e-01,6.470369696617126465e-01,8.412705659866333008e-01,9.279383718967437744e-02,1.086349114775657654e-01,2.338292151689529419e-01
5.939106941223144531e-01,-2.752639725804328918e-02,7.211267948150634766e-01,9.974821805953979492e-01,1.300866063684225082e-02,5.330708995461463928e-02,-4.492643103003501892e-02,-6.963554620742797852e-01,2.814818620681762695e-01,3.269155025482177734e-01,6.456599235534667969e-01,-9.810812771320343018e-02,-5.289459601044654846e-02,3.251099288463592529e-01,-3.003143072128295898e-01,-1.757826209068298340e-01,5.592159032821655273e-01,2.987954951822757721e-02,2.096922993659973145e-01,3.529449999332427979e-01,-9.698110073804855347e-02,1.308189630508422852e-01,6.250059008598327637e-01,3.112179636955261230e-01,-5.976423993706703186e-02,1.191072225570678711e+00,-5.218229442834854126e-02,8.725358545780181885e-02,-3.081919858232140541e-03,-4.712666869163513184e-01,-7.839261889457702637e-01,5.682558417320251465e-01,8.255465626716613770e-01,1.438539475202560425e-01,8.282948285341262817e-02,2.232607901096343994e-01
6.514110565185546875e-01,-2.083949744701385498e-02,7.277103066444396973e-01,9.980372190475463867e-01,2.881039120256900787e-02,4.566006734967231750e-02,-3.173101693391799927e-02,-6.224361658096313477e-01,2.244935184717178345e-01,3.195524215698242188e-01,7.096039652824401855e-01,-1.413617432117462158e-01,-6.181567534804344177e-02,1.818957179784774780e-01,-3.945989012718200684e-01,-1.668700128793716431e-01,8.928676843643188477e-01,1.571422964334487915e-01,1.210935860872268677e-01,2.993739545345306396e-01,-1.224260777235031128e-01,1.678120344877243042e-01,4.720174968242645264e-01,3.228787183761596680e-01,-1.093481481075286865e-01,1.178825139999389648e+00,-3.372883051633834839e-02,7.195208966732025146e-02,-2.875500731170177460e-02,-3.218236267566680908e-01,-7.264508605003356934e-01,5.337574481964111328e-01,8.342662453651428223e-01,1.631174385547637939e-01,6.042024493217468262e-02,2.206065058708190918e-01
7.085189819335937500e-01,-1.610584929585456848e-02,7.401598691940307617e-01,9.977129101753234863e-01,3.957307338714599609e-02,4.964790120720863342e-02,-2.319562435150146484e-02,-5.195572376251220703e-01,1.665330380201339722e-01,3.193072676658630371e-01,6.594312191009521484e-01,-1.946378201246261597e-01,-8.249921351671218872e-02,-2.902499400079250336e-03,-4.609350264072418213e-01,-1.634030491113662720e-01,1.148727893829345703e+00,7.161438465118408203e-02,5.152532830834388733e-02,2.229197919368743896e-01,-1.346503049135208130e-01,1.846725642681121826e-01,3.297017514705657959e-01,3.391842842102050781e-01,-1.696335673332214355e-01,1.121782779693603516e+00,-8.716641925275325775e-03,4.222266376018524170e-02,-3.603438287973403931e-02,-1.983866095542907715e-01,-6.488668322563171387e-01,5.509365200996398926e-01,8.755087256431579590e-01,1.027208417654037476e-01,4.453911259770393372e-02,2.238253355026245117e-01
7.654883265495300293e-01,-1.274368166923522949e-02,7.577465772628784180e-01,9.974830746650695801e-01,4.002488404512405396e-02,5.463762581348419189e-02,-2.097983099520206451e-02,-3.835099041461944580e-01,1.254155933856964111e-01,3.238050341606140137e-01,5.236979126930236816e-01,-2.098445594310760498e-01,-1.049431934952735901e-01,-1.803970187902450562e-01,-4.359375238418579102e-01,-1.401300281286239624e-01,1.265503883361816406e+00,-5.553473532199859619e-02,4.242490231990814209e-02,1.373647898435592651e-01,-1.200694441795349121e-01,1.870791614055633545e-01,2.017393112182617188e-01,3.717787265777587891e-01,-1.976999938488006592e-01,1.040284276008605957e+00,2.647684421390295029e-03,1.095781102776527405e-02,-1.504010148346424103e-02,-9.239124506711959839e-02,-5.682740807533264160e-01,5.736500024795532227e-01,9.350237250328063965e-01,1.749989017844200134e-02,3.266214579343795776e-02,2.102467566728591919e-01
8.210112452507019043e-01,-1.012092642486095428e-02,7.747627496719360352e-01,9.977787137031555176e-01,3.004809841513633728e-02,5.477744340896606445e-02,-2.311287820339202881e-02,-2.127871513366699219e-01,1.064819544553756714e-01,3.306240439414978027e-01,3.367621004581451416e-01,-1.890363693237304688e-01,-1.325590312480926514e-01,-3.165932893753051758e-01,-3.924252688884735107e-01,-1.746166646480560303e-01,1.243878245353698730e+00,-1.459396928548812866e-01,3.182984143495559692e-02,5.391784757375717163e-02,-7.905398309230804443e-02,1.805587857961654663e-01,1.053177714347839355e-01,4.177781641483306885e-01,-1.780557632446289062e-01,9.475391507148742676e-01,-2.649813331663608551e-02,-8.159330114722251892e-03,4.292942117899656296e-03,2.087939903140068054e-02,-4.999467134475708008e-01,5.589892864227294922e-01,9.893731474876403809e-01,-4.254148900508880615e-02,2.795478887856006622e-02,1.842266470193862915e-01
8.765256404876708984e-01,-8.448648266494274139e-03,7.850367426872253418e-01,9.979235529899597168e-01,1.325370185077190399e-02,5.578411370515823364e-02,-2.934382855892181396e-02,-5.381146445870399475e-02,1.109810173511505127e-01,3.414615392684936523e-01,1.710404753684997559e-01,-1.521742194890975952e-01,-1.653604358434677124e-01,-4.165418744087219238e-01,-3.380392193794250488e-01,-2.389754503965377808e-01,1.103086590766906738e+00,-1.848143339157104492e-01,2.992008998990058899e-02,-1.961252838373184204e-02,-2.336375787854194641e-02,1.636997610330581665e-01,3.991860523819923401e-02,4.793169498443603516e-01,-1.421136409044265747e-01,8.536719679832458496e-01,-7.385914027690887451e-02,-6.787349935621023178e-03,6.366782821714878082e-03,1.380103230476379395e-01,-4.563842713832855225e-01,5.191504955291748047e-01,1.029432892799377441e+00,-5.105365440249443054e-02,2.588471211493015289e-02,1.543279588222503662e-01
9.333339929580688477e-01,-6.996421143412590027e-03,7.856655120849609375e-01,9.977160692214965820e-01,6.130324210971593857e-03,5.678165331482887268e-02,-3.606880456209182739e-02,5.616908892989158630e-02,1.105025038123130798e-01,3.543374240398406982e-01,1.170371994376182556e-01,-1.537610143423080444e-01,-1.838697046041488647e-01,-4.951426088809967041e-01,-2.889579236507415771e-01,-2.744705677032470703e-01,8.785640597343444824e-01,-1.797154545783996582e-01,5.571404099464416504e-02,-8.991316705942153931e-02,9.456182830035686493e-03,1.456783115863800049e-01,-9.229534305632114410e-03,5.690003633499145508e-01,-1.139098927378654480e-01,7.711324095726013184e-01,-1.106289774179458618e-01,1.102014724165201187e-02,5.132643505930900574e-03,2.458858639001846313e-01,-4.453397989273071289e-01,4.746680259704589844e-01,1.045893192291259766e+00,-2.254100888967514038e-02,2.488655038177967072e-02,1.142525374889373779e-01
9.925856590270996094e-01,-5.971647799015045166e-03,7.768197059631347656e-01,9.978162050247192383e-01,1.236607506871223450e-02,5.293089523911476135e-02,-3.752614185214042664e-02,1.557236164808273315e-01,8.400151878595352173e-02,3.592154085636138916e-01,1.092378944158554077e-01,-1.772457212209701538e-01,-1.967787146568298340e-01,-5.313018560409545898e-01,-2.541518807411193848e-01,-2.632057964801788330e-01,5.726940631866455078e-01,-1.375361829996109009e-01,1.106460466980934143e-01,-1.606475263833999634e-01,1.078642811626195908e-02,1.325381845235824585e-01,-5.412635207176208496e-02,6.875253915786743164e-01,-1.251764446496963501e-01,7.108058333396911621e-01,-1.344245970249176025e-01,2.276341617107391357e-02,1.789014413952827454e-02,3.420292735099792480e-01,-4.631110429763793945e-01,4.313492476940155029e-01,1.035120964050292969e+00,8.083390071988105774e-03,1.627825014293193817e-02,7.458292692899703979e-02
1.051377058029174805e+00,-6.430841982364654541e-03,7.612203955650329590e-01,9.982209801673889160e-01,2.902538701891899109e-02,4.455730319023132324e-02,-2.696352265775203705e-02,2.594707906246185303e-01,3.984748199582099915e-02,3.419426679611206055e-01,1.097603589296340942e-01,-2.040683776140213013e-01,-2.035066634416580200e-01,-5.236681699752807617e-01,-2.447073459625244141e-01,-2.166676819324493408e-01,2.203906029462814331e-01,-9.589961171150207520e-02,1.911947280168533325e-01,-2.383487373590469360e-01,-1.315527223050594330e-02,1.179922595620155334e-01,-9.553291648626327515e-02,8.272244334220886230e-01,-1.933008283376693726e-01,6.867547631263732910e-01,-1.470184028148651123e-01,3.506826609373092651e-02,3.038528002798557281e-02,4.365566968917846680e-01,-4.894788265228271484e-01,3.864210247993469238e-01,1.009200096130371094e+00,1.768385246396064758e-02,5.109388381242752075e-03,5.790019780397415161e-02
1.110617041587829590e+00,-7.669428363442420959e-03,7.434958219528198242e-01,9.984548091888427734e-01,4.042464867234230042e-02,3.755560144782066345e-02,-6.584100425243377686e-03,3.570789098739624023e-01,2.608103863894939423e-02,3.046014010906219482e-01,1.104345470666885376e-01,-2.143763303756713867e-01,-2.037359625101089478e-01,-5.780449509620666504e-01,-2.743179500102996826e-01,-1.899070888757705688e-01,1.225617527961730957e-01,-1.300707459449768066e-01,2.035507857799530029e-01,-3.208392262458801270e-01,-3.012860566377639771e-02,1.021517142653465271e-01,-1.229518130421638489e-01,9.510219097137451172e-01,-2.736667096614837646e-01,6.911346316337585449e-01,-1.168888732790946960e-01,4.793082922697067261e-02,3.370477631688117981e-02,5.055280327796936035e-01,-5.005935430526733398e-01,3.445298075675964355e-01,9.926492571830749512e-01,1.522729266434907913e-02,-2.176347887143492699e-03,5.342923477292060852e-02
1.170502901077270508e+00,-1.226818002760410309e-02,7.303058505058288574e-01,9.984683394432067871e-01,4.103223234415054321e-02,3.619927167892456055e-02,8.188350126147270203e-03,4.437046647071838379e-01,4.271024093031883240e-02,2.802284359931945801e-01,1.055559515953063965e-01,-1.767301708459854126e-01,-2.059983015060424805e-01,-5.937177538871765137e-01,-2.742831110954284668e-01,-2.052554339170455933e-01,1.206982135772705078e-01,-1.467088609933853149e-01,2.287137657403945923e-01,-3.820374310016632080e-01,-2.718087285757064819e-02,9.029649198055267334e-02,-1.008211448788642883e-01,1.024678230285644531e+00,-3.258815407752990723e-01,6.866014003753662109e-01,-5.528863519430160522e-02,6.209315359592437744e-02,1.889416575431823730e-02,5.387015342712402344e-01,-4.928306043148040771e-01,3.190397322177886963e-01,1.002469778060913086e+00,7.946955040097236633e-03,-9.945712052285671234e-03,5.976005643606185913e-02
1.234273910522460938e+00,-2.155552431941032410e-02,7.232517004013061523e-01,9.984223246574401855e-01,2.905167452991008759e-02,4.649390280246734619e-02,1.213264837861061096e-02,4.552152156829833984e-01,9.900802373886108398e-02,2.784477174282073975e-01,1.895330846309661865e-01,-9.239067882299423218e-02,-1.974914669990539551e-01,-5.758540630340576172e-01,-2.280717492103576660e-01,-2.392004430294036865e-01,1.737366467714309692e-01,-6.735134124755859375e-02,2.344055920839309692e-01,-3.895474970340728760e-01,6.808874197304248810e-03,7.027681916952133179e-02,-5.559732764959335327e-02,1.038691520690917969e+00,-3.719457387924194336e-01,6.672033071517944336e-01,-2.061841264367103577e-02,8.308859169483184814e-02,7.841862738132476807e-03,5.280039310455322266e-01,-4.600348770618438721e-01,2.979589998722076416e-01,1.031096458435058594e+00,1.678257808089256287e-02,-1.422159094363451004e-02,6.461393833160400391e-02
1.294989943504333496e+00,-3.138681501150131226e-02,7.207363843917846680e-01,9.985621571540832520e-01,1.184822153300046921e-02,4.908855631947517395e-02,1.798829995095729828e-02,3.697376251220703125e-01,2.002739161252975464e-01,2.530449032783508301e-01,5.183632373809814453e-01,5.053477827459573746e-03,-1.496819555759429932e-01,-6.992805600166320801e-01,-2.173544764518737793e-01,-1.922461390495300293e-01,5.772252678871154785e-01,-5.361349508166313171e-02,1.094313859939575195e-01,-3.803619742393493652e-01,3.900735080242156982e-02,7.944369316101074219e-02,1.296043209731578827e-02,9.847034215927124023e-01,-3.733346164226531982e-01,6.438121199607849121e-01,2.257723547518253326e-02,8.327371627092361450e-02,3.942002658732235432e-04,4.785154163837432861e-01,-4.084197282791137695e-01,2.871014177799224854e-01,1.067532300949096680e+00,4.636159539222717285e-02,-1.475650910288095474e-02,7.489117234945297241e-02
1.354265689849853516e+00,-3.843434527516365051e-02,7.219084501266479492e-01,9.994708895683288574e-01,-9.601506462786346674e-05,2.735102176666259766e-02,1.760337129235267639e-02,2.734390199184417725e-01,3.086223602294921875e-01,2.718201279640197754e-01,9.114159345626831055e-01,7.180388271808624268e-02,-5.959838256239891052e-02,-6.504201292991638184e-01,-2.016793638467788696e-01,-1.916980445384979248e-01,7.770284414291381836e-01,-1.791131645441055298e-01,4.928404465317726135e-02,-3.383849859237670898e-01,4.478390514850616455e-02,1.460964530706405640e-01,8.515088260173797607e-02,8.794327974319458008e-01,-3.689312934875488281e-01,6.528570652008056641e-01,4.859700426459312439e-02,7.817942649126052856e-02,2.705732593312859535e-03,3.911627233028411865e-01,-3.650349974632263184e-01,3.040065765380859375e-01,1.105013012886047363e+00,6.866278499364852905e-02,-2.441044896841049194e-02,9.163624048233032227e-02
1.412257194519042969e+00,-4.280632734298706055e-02,7.300633788108825684e-01,9.993420839309692383e-01,-1.029264461249113083e-02,3.140977397561073303e-02,1.492594834417104721e-02,1.338020265102386475e-01,4.121929109096527100e-01,3.286352455615997314e-01,1.175267577171325684e+00,-4.540130868554115295e-02,2.500911056995391846e-02,-5.649508237838745117e-01,-1.769703924655914307e-01,-2.216132283210754395e-01,7.803288102149963379e-01,-2.754659056663513184e-01,5.010149255394935608e-02,-2.771567404270172119e-01,6.574055552482604980e-02,1.648620516061782837e-01,1.345028281211853027e-01,7.498676180839538574e-01,-4.015880525112152100e-01,7.016996145248413086e-01,7.121574878692626953e-02,7.028586417436599731e-02,-1.368618011474609375e-02,2.644224464893341064e-01,-3.390976786613464355e-01,3.533599972724914551e-01,1.133816003799438477e+00,5.919869616627693176e-02,-3.214216604828834534e-02,1.072588935494422913e-01
1.471555471420288086e+00,-4.518441855907440186e-02,7.488459348678588867e-01,9.991234540939331055e-01,-1.690793968737125397e-02,3.631213307380676270e-02,1.215908955782651901e-02,-2.116395533084869385e-02,4.537888467311859131e-01,3.745636343955993652e-01,1.282271981239318848e+00,-1.606196612119674683e-01,8.382917195558547974e-02,-4.231212139129638672e-01,-1.385845839977264404e-01,-2.398361116647720337e-01,6.538674831390380859e-01,-3.069320321083068848e-01,5.822055041790008545e-02,-1.919537633657455444e-01,7.986281067132949829e-02,1.642027050256729126e-01,1.701761037111282349e-01,6.113669872283935547e-01,-4.395618736743927002e-01,7.969177365303039551e-01,8.116842806339263916e-02,5.353832244873046875e-02,-3.276171535253524780e-02,1.268528401851654053e-01,-3.336496353149414062e-01,4.019918441772460938e-01,1.157713651657104492e+00,9.424436837434768677e-03,-3.003852441906929016e-02,8.745458722114562988e-02
1.530698299407958984e+00,-4.544198513031005859e-02,7.681134939193725586e-01,9.992720484733581543e-01,-7.305990438908338547e-03,3.557429462671279907e-02,1.168505568057298660e-02,-1.645296812057495117e-01,3.989092409610748291e-01,4.014071226119995117e-01,1.223607540130615234e+00,-1.995545774698257446e-01,8.184012770652770996e-02,-2.396775037050247192e-01,-1.319683790206909180e-01,-2.429608553647994995e-01,4.654869437217712402e-01,-2.987001836299896240e-01,9.135198593139648438e-02,-9.898385405540466309e-02,5.243651941418647766e-02,1.506063640117645264e-01,2.192110568284988403e-01,4.850520491600036621e-01,-4.538125097751617432e-01,9.189529418945312500e-01,7.542514801025390625e-02,4.620142653584480286e-02,-5.018905550241470337e-02,1.628680038265883923e-03,-3.466827869415283203e-01,4.192285835742950439e-01,1.171572208404541016e+00,-4.568318277597427368e-02,-2.231507375836372375e-02,5.589190870523452759e-02
1.590704917907714844e+00,-4.564105719327926636e-02,7.808411717414855957e-01,9.991844892501831055e-01,1.023857947438955307e-02,3.743933886289596558e-02,1.112833991646766663e-02,-2.895704507827758789e-01,2.984583377838134766e-01,4.100544154644012451e-01,1.035693645477294922e+00,-1.877153962850570679e-01,3.483856469392776489e-02,-6.486719846725463867e-02,-1.483864635229110718e-01,-2.532992959022521973e-01,2.686031460762023926e-01,-2.559906244277954102e-01,1.400799006223678589e-01,-4.800444468855857849e-03,3.123360918834805489e-03,1.236535161733627319e-01,2.876336276531219482e-01,3.915379643440246582e-01,-4.195925891399383545e-01,1.032918214797973633e+00,5.204423144459724426e-02,4.400499910116195679e-02,-6.814694404602050781e-02,-1.050876975059509277e-01,-3.812513649463653564e-01,4.000887572765350342e-01,1.153423547744750977e+00,-7.514861226081848145e-02,-1.610330492258071899e-02,3.672698140144348145e-02
1.650931358337402344e+00,-4.673528298735618591e-02,7.854796051979064941e-01,9.990724325180053711e-01,1.511376257985830307e-02,4.006665945053100586e-02,4.534396808594465256e-03,-3.815642297267913818e-01,2.403659075498580933e-01,4.017257392406463623e-01,7.815296649932861328e-01,-1.605989485979080200e-01,-2.259876020252704620e-02,6.741386651992797852e-02,-1.418249458074569702e-01,-2.660325765609741211e-01,1.403356194496154785e-01,-2.028451859951019287e-01,1.822998523712158203e-01,8.603893965482711792e-02,-2.270188182592391968e-02,1.008702144026756287e-01,3.765013217926025391e-01,3.338403701782226562e-01,-3.454541563987731934e-01,1.099727988243103027e+00,1.646736264228820801e-02,4.605528339743614197e-02,-7.284922897815704346e-02,-2.066631615161895752e-01,-4.438791871070861816e-01,3.753042519092559814e-01,1.117626428604125977e+00,-7.716688513755798340e-02,-1.228943839669227600e-02,3.671821951866149902e-02
1.710476398468017578e+00,-4.692132771015167236e-02,7.818000912666320801e-01,9.992160201072692871e-01,4.332704003900289536e-03,3.784847632050514221e-02,-1.077332627028226852e-02,-4.161939620971679688e-01,2.483147978782653809e-01,4.176357984542846680e-01,4.679506421089172363e-01,-1.226400062441825867e-01,-7.846008241176605225e-02,1.637166440486907959e-01,-1.122367978096008301e-01,-2.559645175933837891e-01,1.134443879127502441e-01,-1.899463981389999390e-01,1.979162245988845825e-01,1.686972677707672119e-01,-1.396497339010238647e-02,8.711365610361099243e-02,4.828277230262756348e-01,3.042969703674316406e-01,-2.713125050067901611e-01,1.123405814170837402e+00,-1.259947102516889572e-02,4.868004098534584045e-02,-5.724465474486351013e-02,-3.196061551570892334e-01,-5.306224226951599121e-01,3.856430947780609131e-01,1.079815030097961426e+00,-3.324029967188835144e-02,-7.324825506657361984e-03,4.580067843198776245e-02
1.769221425056457520e+00,-4.591738432645797729e-02,7.698895931243896484e-01,9.989796876907348633e-01,-1.119127310812473297e-02,2.926715277135372162e-02,-3.252360224723815918e-02,-4.073182642459869385e-01,2.790851593017578125e-01,4.479969143867492676e-01,1.617758572101593018e-01,-1.118783503770828247e-01,-1.335713565349578857e-01,2.627967894077301025e-01,-8.511859178543090820e-02,-2.261170297861099243e-01,1.119917109608650208e-01,-2.046404480934143066e-01,2.037504464387893677e-01,2.402150928974151611e-01,8.912254124879837036e-03,8.420570194721221924e-02,5.828571319580078125e-01,2.883336544036865234e-01,-2.143964022397994995e-01,1.128658413887023926e+00,-3.091524913907051086e-02,5.548457056283950806e-02,-2.982975728809833527e-02,-4.265426099300384521e-01,-6.187266707420349121e-01,4.268438816070556641e-01,1.048930406570434570e+00,2.835831232368946075e-02,5.863517522811889648e-03,5.680843442678451538e-02
1.829909563064575195e+00,-4.209689050912857056e-02,7.543172240257263184e-01,9.980192780494689941e-01,-2.234193123877048492e-02,1.913182623684406281e-02,-5.560844764113426208e-02,-4.636538922786712646e-01,3.315035402774810791e-01,4.159167408943176270e-01,1.122987940907478333e-01,-1.613357812166213989e-01,-1.682688742876052856e-01,3.525971770286560059e-01,-8.572022616863250732e-02,-1.872204840183258057e-01,1.426876038312911987e-01,-2.121500074863433838e-01,1.998954415321350098e-01,2.928186058998107910e-01,2.293979376554489136e-02,8.940450102090835571e-02,6.720259189605712891e-01,2.786976993083953857e-01,-1.738004684448242188e-01,1.125531911849975586e+00,-4.455811902880668640e-02,6.433308124542236328e-02,-1.316533237695693970e-02,-5.018188953399658203e-01,-6.844289302825927734e-01,4.627655148506164551e-01,1.024220466613769531e+00,6.980490684509277344e-02,2.062858827412128448e-02,7.321258634328842163e-02
1.890390753746032715e+00,-3.584109246730804443e-02,7.408647537231445312e-01,9.975051283836364746e-01,-1.925819739699363708e-02,1.868291199207305908e-02,-6.529677659273147583e-02,-5.002049207687377930e-01,3.314850926399230957e-01,4.078684747219085693e-01,1.427651792764663696e-01,-1.735192835330963135e-01,-1.611358076333999634e-01,3.858636915683746338e-01,-1.241253316402435303e-01,-1.568777561187744141e-01,2.517491579055786133e-01,-1.989294737577438354e-01,1.938609331846237183e-01,3.158227503299713135e-01,4.372837021946907043e-03,9.014704078435897827e-02,7.093367576599121094e-01,2.669870257377624512e-01,-1.337409466505050659e-01,1.150782823562622070e+00,-5.083526670932769775e-02,7.504414767026901245e-02,-1.083503942936658859e-03,-5.028883218765258789e-01,-7.232733368873596191e-01,4.693817496299743652e-01,1.001698255538940430e+00,9.103273600339889526e-02,3.237186372280120850e-02,8.905377984046936035e-02
1.952506065368652344e+00,-2.825490012764930725e-02,7.328795790672302246e-01,9.977061748504638672e-01,-3.832488553598523140e-03,2.798130922019481659e-02,-6.151980534195899963e-02,-5.394989848136901855e-01,2.925253212451934814e-01,3.915739357471466064e-01,2.984813451766967773e-01,-1.164142116904258728e-01,-1.151152923703193665e-01,3.496499955654144287e-01,-1.894358098506927490e-01,-1.425253897905349731e-01,4.476207792758941650e-01,-1.378576159477233887e-01,1.858989000320434570e-01,3.116555511951446533e-01,-4.338713362812995911e-02,8.540931344032287598e-02,6.872340440750122070e-01,2.642952501773834229e-01,-9.885799139738082886e-02,1.189616918563842773e+00,-4.208521917462348938e-02,8.235391974449157715e-02,-7.997266948223114014e-03,-4.384766817092895508e-01,-7.371184825897216797e-01,4.489336609840393066e-01,9.629776477813720703e-01,8.248840272426605225e-02,4.168422147631645203e-02,1.121724545955657959e-01
2.015894651412963867e+00,-2.176179550588130951e-02,7.291427850723266602e-01,9.980530142784118652e-01,6.469678599387407303e-03,3.157142549753189087e-02,-5.339978262782096863e-02,-6.357848048210144043e-01,2.811368405818939209e-01,3.146740794181823730e-01,6.009704470634460449e-01,-4.557394981384277344e-02,-3.430914133787155151e-02,2.700791358947753906e-01,-2.550393044948577881e-01,-1.485097259283065796e-01,7.057971954345703125e-01,2.855640649795532227e-02,1.532673686742782593e-01,2.895537316799163818e-01,-7.885399460792541504e-02,9.537784755229949951e-02,6.328076124191284180e-01,2.707307636737823486e-01,-9.735503792762756348e-02,1.211399793624877930e+00,-1.994716934859752655e-02,9.338694065809249878e-02,-1.850270293653011322e-02,-3.383978009223937988e-01,-7.219406962394714355e-01,4.186108708381652832e-01,9.204248785972595215e-01,7.644138485193252563e-02,3.719230741262435913e-02,1.401832103729248047e-01
2.077200412750244141e+00,-1.528090611100196838e-02,7.318804860115051270e-01,9.984909296035766602e-01,2.159025520086288452e-02,2.818045578896999359e-02,-4.189899191260337830e-02,-5.991230607032775879e-01,2.398241758346557617e-01,3.096296191215515137e-01,7.157621979713439941e-01,-1.228332817554473877e-01,-2.761251665651798248e-02,1.344003826379776001e-01,-3.366724252700805664e-01,-1.352515369653701782e-01,9.988324046134948730e-01,1.656318902969360352e-01,1.121709197759628296e-01,2.470701187849044800e-01,-1.108840331435203552e-01,1.212876662611961365e-01,5.327004790306091309e-01,2.915053665637969971e-01,-1.242156773805618286e-01,1.218358159065246582e+00,-3.934089094400405884e-03,9.837258607149124146e-02,-4.366652294993400574e-02,-2.321081161499023438e-01,-6.783721446990966797e-01,4.100622236728668213e-01,9.034650325775146484e-01,6.717767566442489624e-02,3.231738507747650146e-02,1.645879298448562622e-01
2.133209228515625000e+00,-1.103287097066640854e-02,7.429147958755493164e-01,9.982039332389831543e-01,3.850309178233146667e-02,3.096525743603706360e-02,-3.387622535228729248e-02,-4.981453120708465576e-01,1.732190996408462524e-01,3.200389742851257324e-01,6.736758351325988770e-01,-1.834106743335723877e-01,-4.423081502318382263e-02,-2.887320145964622498e-02,-3.855788111686706543e-01,-1.100879386067390442e-01,1.207545518875122070e+00,7.343928515911102295e-02,9.766270965337753296e-02,1.863341778516769409e-01,-1.390331536531448364e-01,1.342081129550933838e-01,4.179729819297790527e-01,3.241933286190032959e-01,-1.567760556936264038e-01,1.188350200653076172e+00,9.968170896172523499e-03,9.068943560123443604e-02,-5.052075907588005066e-02,-1.309178024530410767e-01,-6.078569293022155762e-01,4.358250796794891357e-01,9.259062409400939941e-01,1.842981576919555664e-02,1.978108845651149750e-02,1.819998174905776978e-01
2.188843965530395508e+00,-8.836485445499420166e-03,7.606403827667236328e-01,9.983009696006774902e-01,3.909892961382865906e-02,3.042534925043582916e-02,-3.067128919064998627e-02,-3.481688797473907471e-01,1.322139650583267212e-01,3.269766569137573242e-01,5.414444208145141602e-01,-2.048195898532867432e-01,-7.703205943107604980e-02,-1.726104617118835449e-01,-3.961300551891326904e-01,-1.336707472801208496e-01,1.296200037002563477e+00,-5.349328368902206421e-02,4.647301137447357178e-02,1.157765537500381470e-01,-1.255287230014801025e-01,1.351477354764938354e-01,3.116216063499450684e-01,3.647073805332183838e-01,-1.718911677598953247e-01,1.115398049354553223e+00,6.242096889764070511e-03,6.992677599191665649e-02,-2.816815674304962158e-02,-3.050703927874565125e-02,-5.261127948760986328e-01,4.622223377227783203e-01,9.782519340515136719e-01,-3.775556385517120361e-02,1.179746259003877640e-02,1.788571625947952271e-01
2.245664596557617188e+00,-8.605611510574817657e-03,7.772885560989379883e-01,9.987998604774475098e-01,3.215268254280090332e-02,2.475173771381378174e-02,-2.742772176861763000e-02,-1.587056815624237061e-01,1.029950827360153198e-01,3.309114277362823486e-01,3.412478268146514893e-01,-1.776784211397171021e-01,-1.155577003955841064e-01,-2.787850797176361084e-01,-3.825733661651611328e-01,-1.923759579658508301e-01,1.266823410987854004e+00,-1.499006152153015137e-01,1.438724994659423828e-02,4.029433429241180420e-02,-9.211999922990798950e-02,1.301065087318420410e-01,2.282181680202484131e-01,4.163744747638702393e-01,-1.651545017957687378e-01,1.009521484375000000e+00,-2.286173589527606964e-02,4.198158532381057739e-02,1.487343455664813519e-03,7.640876621007919312e-02,-4.532688260078430176e-01,4.660265743732452393e-01,1.026924848556518555e+00,-8.160980790853500366e-02,6.832403130829334259e-03,1.690224558115005493e-01
2.303622722625732422e+00,-9.536731988191604614e-03,7.872722744941711426e-01,9.993293285369873047e-01,1.818703860044479370e-02,2.092100866138935089e-02,-2.392538823187351227e-02,8.169955573976039886e-03,1.005056202411651611e-01,3.263101577758789062e-01,1.681062579154968262e-01,-1.320408880710601807e-01,-1.576296538114547729e-01,-3.582216501235961914e-01,-3.418274819850921631e-01,-2.663547992706298828e-01,1.138010382652282715e+00,-1.894635856151580811e-01,1.996263861656188965e-03,-3.291752189397811890e-02,-4.674715921282768250e-02,1.150666326284408569e-01,1.691265255212783813e-01,4.836339652538299561e-01,-1.543631404638290405e-01,8.923988342285156250e-01,-5.540764331817626953e-02,2.449214272201061249e-02,1.793527044355869293e-02,1.867044270038604736e-01,-4.008244872093200684e-01,4.495761394500732422e-01,1.053636312484741211e+00,-8.895312249660491943e-02,5.627024453133344650e-03,1.569997221231460571e-01
2.359345436096191406e+00,-1.026179734617471695e-02,7.878198027610778809e-01,9.995800256729125977e-01,1.481861434876918793e-02,1.659794151782989502e-02,-1.856747269630432129e-02,1.211952567100524902e-01,9.546419233083724976e-02,3.162088990211486816e-01,1.145036891102790833e-01,-1.280164569616317749e-01,-1.819950640201568604e-01,-4.305820763111114502e-01,-3.019316494464874268e-01,-2.936945855617523193e-01,9.453387856483459473e-01,-1.889945119619369507e-01,2.050029672682285309e-02,-1.054607108235359192e-01,-2.695547230541706085e-02,9.974451363086700439e-02,1.168159991502761841e-01,5.802769064903259277e-01,-1.570543795824050903e-01,7.897199392318725586e-01,-7.791390269994735718e-02,2.649180404841899872e-02,2.711979486048221588e-02,2.923026680946350098e-01,-3.733224272727966309e-01,4.292339682579040527e-01,1.058609962463378906e+00,-6.183334067463874817e-02,6.071701180189847946e-03,1.253210157155990601e-01
2.414125919342041016e+00,-1.155050564557313919e-02,7.790943384170532227e-01,9.996263980865478516e-01,2.462656237185001373e-02,7.138203363865613937e-03,-9.468289092183113098e-03,2.239483296871185303e-01,7.046182453632354736e-02,2.997773289680480957e-01,1.092957183718681335e-01,-1.475422680377960205e-01,-1.964792460203170776e-01,-4.692941904067993164e-01,-2.869383990764617920e-01,-2.889634072780609131e-01,6.838927268981933594e-01,-1.701801717281341553e-01,5.976261198520660400e-02,-1.750236749649047852e-01,-3.697311133146286011e-02,8.720159530639648438e-02,5.522769689559936523e-02,7.051056623458862305e-01,-1.997337490320205688e-01,7.195401787757873535e-01,-8.528222143650054932e-02,2.985766530036926270e-02,3.697837889194488525e-02,3.918125629425048828e-01,-3.659413754940032959e-01,4.050442874431610107e-01,1.052783727645874023e+00,-2.719582803547382355e-02,2.017956692725419998e-03,8.167984336614608765e-02
2.471029996871948242e+00,-1.410952769219875336e-02,7.642853260040283203e-01,9.991136193275451660e-01,4.144066199660301208e-02,-5.518008954823017120e-03,4.911213647574186325e-03,3.294265270233154297e-01,3.789197653532028198e-02,2.724384367465972900e-01,1.162876188755035400e-01,-1.675599664449691772e-01,-2.032026201486587524e-01,-4.612400531768798828e-01,-3.015597164630889893e-01,-2.930581271648406982e-01,3.691512942314147949e-01,-1.498158723115921021e-01,1.091217845678329468e-01,-2.368719428777694702e-01,-6.359749287366867065e-02,7.029309123754501343e-02,-2.188184484839439392e-02,8.395937681198120117e-01,-2.909268736839294434e-01,6.937308311462402344e-01,-8.665634691715240479e-02,4.046213626861572266e-02,4.256480559706687927e-02,4.871747493743896484e-01,-3.642013669013977051e-01,3.748992383480072021e-01,1.056110858917236328e+00,-1.255571190267801285e-02,-7.612716290168464184e-04,5.372669175267219543e-02
2.532502889633178711e+00,-1.665306836366653442e-02,7.469493150711059570e-01,9.981676936149597168e-01,5.312067270278930664e-02,-1.589180342853069305e-02,2.422601915895938873e-02,4.267749488353729248e-01,3.248045593500137329e-02,2.391882538795471191e-01,1.261082738637924194e-01,-1.768569648265838623e-01,-2.082541286945343018e-01,-4.779771566390991211e-01,-3.385493159294128418e-01,-3.105304837226867676e-01,1.942198127508163452e-01,-1.429731398820877075e-01,1.187518015503883362e-01,-2.952587902545928955e-01,-7.903362065553665161e-02,5.087005719542503357e-02,-8.647955954074859619e-02,9.427440166473388672e-01,-3.880124092102050781e-01,7.095133662223815918e-01,-5.365251377224922180e-02,6.487036496400833130e-02,4.446979612112045288e-02,5.545250773429870605e-01,-3.599429726600646973e-01,3.468309938907623291e-01,1.084591627120971680e+00,-1.640219427645206451e-02,1.141916261985898018e-03,5.312786996364593506e-02
2.597328186035156250e+00,-2.076829969882965088e-02,7.316367030143737793e-01,9.972855448722839355e-01,5.886497348546981812e-02,-2.185794897377490997e-02,3.845357149839401245e-02,5.059165954589843750e-01,4.834523797035217285e-02,2.111391276121139526e-01,1.524672657251358032e-01,-1.519330590963363647e-01,-2.122361660003662109e-01,-5.019157528877258301e-01,-3.700762391090393066e-01,-3.298225700855255127e-01,1.840471178293228149e-01,-1.616594195365905762e-01,1.524613052606582642e-01,-3.340682983398437500e-01,-7.931865751743316650e-02,3.566694632172584534e-02,-1.006551086902618408e-01,9.796241521835327148e-01,-4.491513967514038086e-01,7.369779348373413086e-01,1.335647609084844589e-02,9.388937056064605713e-02,3.823116794228553772e-02,5.795421004295349121e-01,-3.494977355003356934e-01,3.244729042053222656e-01,1.135665416717529297e+00,-1.844453066587448120e-02,1.076517999172210693e-02,6.216637417674064636e-02
2.659433841705322266e+00,-2.761317417025566101e-02,7.205252051353454590e-01,9.974821209907531738e-01,5.238631740212440491e-02,-2.221851050853729248e-02,4.232610389590263367e-02,4.991407394409179688e-01,9.847317636013031006e-02,1.845405846834182739e-01,3.249924778938293457e-01,-1.148577928543090820e-01,-2.007421851158142090e-01,-5.084348917007446289e-01,-3.560169637203216553e-01,-3.292002081871032715e-01,2.723402082920074463e-01,-1.129448339343070984e-01,1.622011661529541016e-01,-3.318291008472442627e-01,-5.168971791863441467e-02,2.651625499129295349e-02,-6.678521633148193359e-02,9.431132078170776367e-01,-4.689990580081939697e-01,7.567558884620666504e-01,5.720548331737518311e-02,1.255996078252792358e-01,4.333093762397766113e-02,5.549054145812988281e-01,-3.307005167007446289e-01,2.988546490669250488e-01,1.184132814407348633e+00,1.744261127896606922e-03,2.297953516244888306e-02,5.972285568714141846e-02
2.717312097549438477e+00,-3.565708547830581665e-02,7.142435312271118164e-01,9.983319044113159180e-01,3.346316888928413391e-02,-1.915569603443145752e-02,4.297240078449249268e-02,4.014043509960174561e-01,1.919263750314712524e-01,1.640822291374206543e-01,6.672334671020507812e-01,-4.608308151364326477e-02,-1.571802198886871338e-01,-6.060731410980224609e-01,-3.454770445823669434e-01,-2.811677455902099609e-01,5.731472373008728027e-01,6.588191259652376175e-03,6.300352513790130615e-02,-3.008815646171569824e-01,9.585359366610646248e-04,3.376989439129829407e-02,-8.594403043389320374e-03,8.398513197898864746e-01,-4.469735622406005859e-01,7.739409208297729492e-01,8.795426040887832642e-02,1.345731616020202637e-01,5.181141570210456848e-02,4.781895577907562256e-01,-3.063714206218719482e-01,2.740729153156280518e-01,1.215748548507690430e+00,4.328385367989540100e-02,3.596333041787147522e-02,5.312558636069297791e-02
2.770711898803710938e+00,-4.134126752614974976e-02,7.125390172004699707e-01,9.987535476684570312e-01,1.573773846030235291e-02,-3.005978092551231384e-02,3.660736605525016785e-02,2.881344556808471680e-01,3.072041869163513184e-01,1.868897080421447754e-01,1.038049936294555664e+00,-5.913835018873214722e-02,-7.978638261556625366e-02,-5.979624390602111816e-01,-3.202254176139831543e-01,-2.743175327777862549e-01,7.581970691680908203e-01,-7.633076608180999756e-02,-1.850933418609201908e-03,-2.415054589509963989e-01,3.976674005389213562e-02,8.715729415416717529e-02,5.261139199137687683e-02,7.013050913810729980e-01,-4.231834709644317627e-01,8.064248561859130859e-01,9.455136209726333618e-02,1.265367120504379272e-01,6.877140700817108154e-02,3.730637133121490479e-01,-2.975490391254425049e-01,2.873189449310302734e-01,1.203927159309387207e+00,8.901493251323699951e-02,3.158738836646080017e-02,4.444834962487220764e-02
2.818918943405151367e+00,-4.558123648166656494e-02,7.234415411949157715e-01,9.987767338752746582e-01,8.953696116805076599e-03,-3.038820438086986542e-02,3.796449303627014160e-02,1.277699768543243408e-01,3.695369362831115723e-01,1.956275403499603271e-01,1.271609067916870117e+00,-1.642785966396331787e-01,3.089545061811804771e-04,-5.243269801139831543e-01,-3.067916035652160645e-01,-2.981286048889160156e-01,7.807168364524841309e-01,-1.645194739103317261e-01,-3.859200049191713333e-03,-1.840731203556060791e-01,5.094848573207855225e-02,1.161833107471466064e-01,1.094455868005752563e-01,5.576014518737792969e-01,-4.303267896175384521e-01,8.610346317291259766e-01,8.671146631240844727e-02,1.101600229740142822e-01,5.491177365183830261e-02,2.410119175910949707e-01,-3.088431656360626221e-01,3.212502896785736084e-01,1.140230774879455566e+00,8.372782915830612183e-02,1.027651131153106689e-02,4.035582393407821655e-02
2.862970590591430664e+00,-4.695729911327362061e-02,7.434199452400207520e-01,9.983723759651184082e-01,8.228420279920101166e-03,-3.593240305781364441e-02,4.351811856031417847e-02,-2.495270036160945892e-02,3.969680070877075195e-01,2.329177409410476685e-01,1.352437257766723633e+00,-2.357200235128402710e-01,5.816290527582168579e-02,-3.879633247852325439e-01,-2.886894941329956055e-01,-3.248804211616516113e-01,6.967711448669433594e-01,-2.041092962026596069e-01,2.227709256112575531e-02,-1.170670837163925171e-01,4.565228894352912903e-02,1.373792141675949097e-01,1.759217530488967896e-01,4.393301606178283691e-01,-4.454902708530426025e-01,9.227338433265686035e-01,5.702543258666992188e-02,8.606284856796264648e-02,1.944216340780258179e-02,1.213384866714477539e-01,-3.402620553970336914e-01,3.547724783420562744e-01,1.053027033805847168e+00,4.047397524118423462e-02,-1.444084476679563522e-02,6.227308884263038635e-03
2.904653787612915039e+00,-4.557666555047035217e-02,7.633098959922790527e-01,9.979387521743774414e-01,1.611132174730300903e-02,-4.110477864742279053e-02,4.657395184040069580e-02,-1.485237926244735718e-01,3.623138070106506348e-01,2.879739105701446533e-01,1.290736198425292969e+00,-2.440966516733169556e-01,6.598811596632003784e-02,-2.428708523511886597e-01,-2.818954288959503174e-01,-3.432649970054626465e-01,5.739334225654602051e-01,-2.126620113849639893e-01,6.459572911262512207e-02,-3.828173503279685974e-02,2.646566554903984070e-02,1.420624107122421265e-01,2.593614161014556885e-01,3.517338633537292480e-01,-4.259737730026245117e-01,9.886085987091064453e-01,2.846963889896869659e-02,6.896945834159851074e-02,-6.378596182912588120e-03,8.506512269377708435e-03,-3.902201056480407715e-01,3.906503319740295410e-01,9.927806854248046875e-01,-9.549121372401714325e-03,-3.111148066818714142e-02,-2.728571742773056030e-02
2.946098327636718750e+00,-4.353328049182891846e-02,7.779861688613891602e-01,9.976558089256286621e-01,2.187169715762138367e-02,-4.518391564488410950e-02,4.650744423270225525e-02,-2.387791723012924194e-01,3.122253417968750000e-01,3.412027060985565186e-01,1.119730114936828613e+00,-1.950678825378417969e-01,3.556742891669273376e-02,-1.038129329681396484e-01,-2.705949842929840088e-01,-3.626675903797149658e-01,4.501398801803588867e-01,-2.043469697237014771e-01,1.025001928210258484e-01,4.290753230452537537e-02,1.451232843101024628e-02,1.367573738098144531e-01,3.577595353126525879e-01,3.012623488903045654e-01,-3.622511923313140869e-01,1.034052371978759766e+00,1.344667654484510422e-02,6.161579489707946777e-02,-1.523098815232515335e-02,-9.601584821939468384e-02,-4.570784866809844971e-01,4.347733557224273682e-01,9.712163805961608887e-01,-4.633902758359909058e-02,-3.956403955817222595e-02,-3.170463070273399353e-02
2.989850759506225586e+00,-4.233010858297348022e-02,7.852395772933959961e-01,9.975861907005310059e-01,2.273421920835971832e-02,-4.834880679845809937e-02,4.435543715953826904e-02,-2.952524721622467041e-01,2.607354223728179932e-01,3.703224956989288330e-01,8.618717789649963379e-01,-1.034586951136589050e-01,-2.918547764420509338e-02,1.744215562939643860e-02,-2.513343393802642822e-01,-3.745849430561065674e-01,3.525252640247344971e-01,-2.013823837041854858e-01,1.390508264303207397e-01,1.171110048890113831e-01,1.092405430972576141e-02,1.258179843425750732e-01,4.644401073455810547e-01,2.876328229904174805e-01,-2.845551371574401855e-01,1.048664689064025879e+00,8.109240792691707611e-03,6.106648221611976624e-02,-4.602285102009773254e-03,-1.900491118431091309e-01,-5.338063836097717285e-01,4.945282638072967529e-01,9.735056161880493164e-01,-6.604561209678649902e-02,-3.691638261079788208e-02,-1.521418429911136627e-02
3.037137031555175781e+00,-4.034582898020744324e-02,7.841683030128479004e-01,9.976384043693542480e-01,1.578231714665889740e-02,-5.302810668945312500e-02,4.070040211081504822e-02,-3.126237988471984863e-01,2.427950352430343628e-01,4.052101969718933105e-01,5.600898861885070801e-01,-9.833776392042636871e-03,-8.054625242948532104e-02,1.237604841589927673e-01,-2.174881696701049805e-01,-3.776043057441711426e-01,2.881509661674499512e-01,-2.218689471483230591e-01,1.675903648138046265e-01,1.764829158782958984e-01,1.871053129434585571e-02,1.125818639993667603e-01,5.741581320762634277e-01,3.049071729183197021e-01,-2.167112827301025391e-01,1.036346673965454102e+00,3.256713971495628357e-03,5.931024253368377686e-02,1.976614072918891907e-02,-2.742766141891479492e-01,-6.116222739219665527e-01,5.752712488174438477e-01,9.816052317619323730e-01,-5.894628167152404785e-02,-2.576127089560031891e-02,8.543015457689762115e-03
3.086857318878173828e+00,-3.721129521727561951e-02,7.750273346900939941e-01,9.976308345794677734e-01,-1.239580567926168442e-03,-6.033021956682205200e-02,3.303620964288711548e-02,-3.001304566860198975e-01,2.731547057628631592e-01,4.694062173366546631e-01,2.911776602268218994e-01,1.060428004711866379e-02,-1.042217537760734558e-01,2.211320400238037109e-01,-1.683350652456283569e-01,-3.704482614994049072e-01,2.599920332431793213e-01,-2.665097117424011230e-01,1.832854002714157104e-01,2.218429148197174072e-01,4.375655949115753174e-02,1.015492901206016541e-01,6.718858480453491211e-01,3.370461463928222656e-01,-1.757647544145584106e-01,1.019130229949951172e+00,-3.865325823426246643e-03,5.348668992519378662e-02,4.950984194874763489e-02,-3.446335494518280029e-01,-6.813551187515258789e-01,6.564694643020629883e-01,9.860002398490905762e-01,-2.347352355718612671e-02,-1.318786479532718658e-02,3.059693239629268646e-02
3.132393360137939453e+00,-3.213673457503318787e-02,7.614152431488037109e-01,9.972959160804748535e-01,-1.995657384395599365e-02,-6.872795522212982178e-02,1.670550182461738586e-02,-2.983109652996063232e-01,3.152457773685455322e-01,4.913628101348876953e-01,1.260407119989395142e-01,-2.511991560459136963e-02,-1.390065252780914307e-01,2.869904637336730957e-01,-1.341159641742706299e-01,-3.465716838836669922e-01,2.912596166133880615e-01,-3.310749530792236328e-01,1.952442973852157593e-01,2.619770169258117676e-01,7.102452963590621948e-02,9.454940259456634521e-02,7.509160637855529785e-01,3.665954768657684326e-01,-1.520673334598541260e-01,1.013485193252563477e+00,-1.902209967374801636e-02,5.018961057066917419e-02,7.269027084112167358e-02,-3.864658772945404053e-01,-7.354307174682617188e-01,7.101073265075683594e-01,9.824026226997375488e-01,9.940933436155319214e-03,6.739208474755287170e-03,5.252346396446228027e-02
3.176592111587524414e+00,-2.487905137240886688e-02,7.461356520652770996e-01,9.968110322952270508e-01,-2.959621511399745941e-02,-7.409515976905822754e-02,-1.310459570959210396e-03,-3.311430513858795166e-01,3.575046360492706299e-01,4.601815044879913330e-01,1.173831969499588013e-01,-8.282075822353363037e-02,-1.408787369728088379e-01,3.244045972824096680e-01,-1.366700530052185059e-01,-3.131642043590545654e-01,3.684414327144622803e-01,-4.012661576271057129e-01,2.109632045030593872e-01,2.856365442276000977e-01,7.848120480775833130e-02,8.988857269287109375e-02,7.970485687255859375e-01,3.760229647159576416e-01,-1.361655592918395996e-01,1.026291966438293457e+00,-3.016870655119419098e-02,5.883610993623733521e-02,8.797711133956909180e-02,-3.899098634719848633e-01,-7.679126858711242676e-01,7.266191840171813965e-01,9.580463767051696777e-01,1.983585953712463379e-02,1.756611466407775879e-02,7.202132046222686768e-02
3.219111204147338867e+00,-1.717157289385795593e-02,7.296637892723083496e-01,9.965887069702148438e-01,-3.272486850619316101e-02,-7.427686452865600586e-02,-1.493322476744651794e-02,-3.392702639102935791e-01,3.811930418014526367e-01,4.385857284069061279e-01,1.509445607662200928e-01,-9.579265117645263672e-02,-1.277653574943542480e-01,3.347262740135192871e-01,-1.649045944213867188e-01,-2.906457781791687012e-01,4.737344980239868164e-01,-4.693906903266906738e-01,2.224987149238586426e-01,2.851523160934448242e-01,7.184460759162902832e-02,8.697354048490524292e-02,7.961693406105041504e-01,3.762762844562530518e-01,-1.291453689336776733e-01,1.059036135673522949e+00,-1.912977173924446106e-02,6.823187321424484253e-02,9.116464108228683472e-02,-3.408618867397308350e-01,-7.757199406623840332e-01,7.016281485557556152e-01,9.288510084152221680e-01,9.944800287485122681e-03,2.436567097902297974e-02,8.300308883190155029e-02
3.256121873855590820e+00,-8.726522326469421387e-03,7.162486910820007324e-01,9.976108074188232422e-01,-2.278796210885047913e-02,-6.233110651373863220e-02,-1.919069513678550720e-02,-4.095870554447174072e-01,3.889062702655792236e-01,4.034279584884643555e-01,3.301477730274200439e-01,1.263498663902282715e-01,-1.128207743167877197e-01,2.947510480880737305e-01,-2.303620576858520508e-01,-2.610827088356018066e-01,6.532738208770751953e-01,-4.963420331478118896e-01,2.340046763420104980e-01,2.552689015865325928e-01,3.234950825572013855e-02,8.630695194005966187e-02,7.535284161567687988e-01,3.774193823337554932e-01,-1.391524970531463623e-01,1.093133449554443359e+00,2.439885400235652924e-02,7.734670490026473999e-02,6.382879614830017090e-02,-2.446205914020538330e-01,-7.603233456611633301e-01,6.095055341720581055e-01,8.705148696899414062e-01,-1.273717824369668961e-02,3.280340880155563354e-02,8.645846694707870483e-02
3.292517900466918945e+00,-8.538379333913326263e-04,7.120025753974914551e-01,9.982423782348632812e-01,6.173467729240655899e-03,-5.759807303547859192e-02,-1.251296978443861008e-02,-4.881969988346099854e-01,3.589804172515869141e-01,3.862302899360656738e-01,5.462982058525085449e-01,1.253131479024887085e-01,-1.134019996970891953e-02,1.906527131795883179e-01,-3.372486531734466553e-01,-1.950321346521377563e-01,9.237369298934936523e-01,-4.238446354866027832e-01,2.402866780757904053e-01,2.089147865772247314e-01,-3.990157693624496460e-02,1.198332384228706360e-01,6.574021577835083008e-01,3.884549140930175781e-01,-1.893149316310882568e-01,1.115666389465332031e+00,7.010490447282791138e-02,8.134794980287551880e-02,3.483465313911437988e-02,-1.384436786174774170e-01,-7.108556628227233887e-01,5.110509991645812988e-01,8.372127413749694824e-01,-2.915036678314208984e-02,2.599774673581123352e-02,8.345535397529602051e-02
3.323164224624633789e+00,4.509717226028442383e-03,7.156140804290771484e-01,9.980651736259460449e-01,1.285912189632654190e-02,-5.973836407065391541e-02,-1.148278079926967621e-02,-4.809253215789794922e-01,3.588019013404846191e-01,3.809610009193420410e-01,6.383547782897949219e-01,6.192455440759658813e-02,-1.970285922288894653e-02,6.546549499034881592e-02,-3.836979269981384277e-01,-1.369454115629196167e-01,1.156099677085876465e+00,-3.283837139606475830e-01,1.924072355031967163e-01,1.531713306903839111e-01,-5.507516115903854370e-02,1.497237682342529297e-01,5.431506633758544922e-01,4.154875278472900391e-01,-2.405433207750320435e-01,1.099216461181640625e+00,1.352986395359039307e-01,9.563845396041870117e-02,2.067883871495723724e-02,-2.076360397040843964e-02,-6.282747387886047363e-01,4.168901741504669189e-01,8.416798114776611328e-01,-2.059426531195640564e-02,2.059654518961906433e-02,9.606520086526870728e-02
3.347572088241577148e+00,7.301507517695426941e-03,7.241023182868957520e-01,9.982091784477233887e-01,1.424745190888643265e-02,-5.641240999102592468e-02,-1.389514468610286713e-02,-4.444549679756164551e-01,3.548171222209930420e-01,3.860408365726470947e-01,6.339557170867919922e-01,3.168890252709388733e-02,-4.445385932922363281e-02,-5.434643849730491638e-02,-4.607724547386169434e-01,-1.671642512083053589e-01,1.297841072082519531e+00,-3.805378079414367676e-01,9.912409633398056030e-02,9.540846198797225952e-02,-5.792803689837455750e-02,1.643165647983551025e-01,4.529564380645751953e-01,4.514409005641937256e-01,-2.593464255332946777e-01,1.017733097076416016e+00,1.635949760675430298e-01,9.541384130716323853e-02,3.789000213146209717e-02,7.205763459205627441e-02,-5.343579053878784180e-01,3.426999151706695557e-01,8.707895874977111816e-01,-2.463428489863872528e-02,2.396140061318874359e-02,1.082079112529754639e-01
3.368200302124023438e+00,8.275334723293781281e-03,7.333159446716308594e-01,9.985551834106445312e-01,8.482599630951881409e-03,-5.025354772806167603e-02,-1.703315600752830505e-02,-4.080643057823181152e-01,3.621453642845153809e-01,3.863382041454315186e-01,6.032364964485168457e-01,9.545173496007919312e-03,-6.563787907361984253e-02,-1.676380485296249390e-01,-5.005072355270385742e-01,-2.136038541793823242e-01,1.324447631835937500e+00,-4.246613681316375732e-01,3.434159606695175171e-02,3.795413300395011902e-02,-4.618139564990997314e-02,1.726828664541244507e-01,3.927156031131744385e-01,5.052757859230041504e-01,-2.504765987396240234e-01,8.719554543495178223e-01,1.361027210950851440e-01,7.880090922117233276e-02,8.817555755376815796e-02,1.523160189390182495e-01,-4.448933601379394531e-01,2.718786597251892090e-01,8.998298048973083496e-01,-3.699577599763870239e-02,2.504053525626659393e-02,1.018441021442413330e-01
3.386632680892944336e+00,7.539334706962108612e-03,7.411056160926818848e-01,9.989117383956909180e-01,4.821415990591049194e-03,-4.143228754401206970e-02,-2.086791396141052246e-02,-3.792266547679901123e-01,3.694445490837097168e-01,3.927931785583496094e-01,5.724419355392456055e-01,-4.338807426393032074e-03,-7.673676311969757080e-02,-2.799079716205596924e-01,-4.755714833736419678e-01,-2.249114215373992920e-01,1.213178873062133789e+00,-3.985355496406555176e-01,6.345133483409881592e-02,-2.057296223938465118e-02,-3.417014703154563904e-02,1.762358993291854858e-01,3.517379760742187500e-01,5.775899291038513184e-01,-2.341991066932678223e-01,7.049608230590820312e-01,6.535840779542922974e-02,5.165024474263191223e-02,1.385220736265182495e-01,2.235008478164672852e-01,-3.722190260887145996e-01,2.000634521245956421e-01,9.172862172126770020e-01,-4.416086897253990173e-02,2.260613627731800079e-02,7.260778546333312988e-02
3.404419898986816406e+00,4.779127426445484161e-03,7.466338276863098145e-01,9.992207884788513184e-01,6.136190146207809448e-03,-3.172050788998603821e-02,-2.266870625317096710e-02,-3.613733351230621338e-01,3.660754859447479248e-01,4.002470672130584717e-01,5.500681400299072266e-01,-1.435350347310304642e-02,-9.016261994838714600e-02,-3.602545559406280518e-01,-4.172481000423431396e-01,-2.043790668249130249e-01,9.715037941932678223e-01,-3.316656053066253662e-01,1.422409415245056152e-01,-7.487871497869491577e-02,-2.867255173623561859e-02,1.749213039875030518e-01,3.187462091445922852e-01,6.582224369049072266e-01,-2.281594276428222656e-01,5.822121500968933105e-01,-3.196443431079387665e-04,2.550387755036354065e-02,1.686721742153167725e-01,2.862302064895629883e-01,-3.203127980232238770e-01,1.225146204233169556e-01,9.200738072395324707e-01,-3.441607952117919922e-02,2.191145159304141998e-02,2.835644222795963287e-02
3.424369335174560547e+00,1.057493500411510468e-03,7.489287257194519043e-01,9.994236230850219727e-01,9.449634701013565063e-03,-2.340578101575374603e-02,-2.270029112696647644e-02,-3.492092490196228027e-01,3.597469627857208252e-01,3.995910286903381348e-01,5.485580563545227051e-01,-3.903647512197494507e-02,-1.157641783356666565e-01,-3.773581683635711670e-01,-3.831685483455657959e-01,-1.963844597339630127e-01,6.513370275497436523e-01,-2.785390317440032959e-01,2.113715410232543945e-01,-1.147509962320327759e-01,-2.638440765440464020e-02,1.695691347122192383e-01,2.900943756103515625e-01,7.304711937904357910e-01,-2.366210818290710449e-01,5.301747322082519531e-01,-3.430934622883796692e-02,1.073963288217782974e-02,1.792930662631988525e-01,3.471069633960723877e-01,-2.877420485019683838e-01,4.549669846892356873e-02,9.105563759803771973e-01,-1.793430745601654053e-02,2.298918925225734711e-02,-1.526342052966356277e-02
3.445911884307861328e+00,-3.433926496654748917e-03,7.473765611648559570e-01,9.995151162147521973e-01,1.592762395739555359e-02,-1.725730672478675842e-02,-2.044614963233470917e-02,-3.334762156009674072e-01,3.528790175914764404e-01,4.027955830097198486e-01,5.657339692115783691e-01,-7.859143614768981934e-02,-1.469992995262145996e-01,-3.653012216091156006e-01,-3.829162418842315674e-01,-2.044206410646438599e-01,3.932846188545227051e-01,-2.368811070919036865e-01,2.431268543004989624e-01,-1.366517096757888794e-01,-2.952710539102554321e-02,1.621594876050949097e-01,2.651531398296356201e-01,7.789933681488037109e-01,-2.635422050952911377e-01,5.518091917037963867e-01,-4.608161747455596924e-02,1.417847815901041031e-02,1.798844486474990845e-01,3.992456495761871338e-01,-2.725698649883270264e-01,-9.897368960082530975e-03,9.130799770355224609e-01,-1.568686449900269508e-03,2.635688520967960358e-02,-4.403537511825561523e-02
3.468583345413208008e+00,-8.635236881673336029e-03,7.435374259948730469e-01,9.995144605636596680e-01,2.107122726738452911e-02,-1.379919610917568207e-02,-1.834293827414512634e-02,-3.200809657573699951e-01,3.575158119201660156e-01,4.068421423435211182e-01,6.028454303741455078e-01,-1.281454861164093018e-01,-1.736804395914077759e-01,-3.695642054080963135e-01,-3.960095047950744629e-01,-2.316177934408187866e-01,3.310900330543518066e-01,-1.854771077632904053e-01,2.437797486782073975e-01,-1.414470076560974121e-01,-3.011768497526645660e-02,1.593424528837203979e-01,2.315720021724700928e-01,7.981274127960205078e-01,-3.021853864192962646e-01,6.370188593864440918e-01,-4.452864080667495728e-02,2.720702439546585083e-02,1.665041595697402954e-01,4.266308546066284180e-01,-2.677928507328033447e-01,-3.425507619976997375e-02,9.508287310600280762e-01,2.803140878677368164e-02,3.204736486077308655e-02,-5.804666876792907715e-02
3.489438295364379883e+00,-1.496852189302444458e-02,7.391588687896728516e-01,9.995294809341430664e-01,2.216414920985698700e-02,-1.297403033822774887e-02,-1.676857098937034607e-02,-3.167857825756072998e-01,3.762722313404083252e-01,4.022184014320373535e-01,6.519541144371032715e-01,-1.800935864448547363e-01,-1.972472518682479858e-01,-4.260799884796142578e-01,-4.060099422931671143e-01,-2.103774100542068481e-01,4.620613753795623779e-01,-4.070228338241577148e-02,2.452031821012496948e-01,-1.416075080633163452e-01,-2.245889790356159210e-02,1.611087024211883545e-01,2.012082189321517944e-01,7.797477841377258301e-01,-3.384952545166015625e-01,7.583487033843994141e-01,-2.752923592925071716e-02,4.762206226587295532e-02,1.364254653453826904e-01,4.301896393299102783e-01,-2.713437676429748535e-01,-1.250028051435947418e-02,1.015488624572753906e+00,5.832601338624954224e-02,4.343011230230331421e-02,-5.097831413149833679e-02
3.509166240692138672e+00,-2.166486904025077820e-02,7.371758222579956055e-01,9.996061325073242188e-01,2.028330788016319275e-02,-1.583876460790634155e-02,-1.119069848209619522e-02,-3.064107596874237061e-01,3.904277086257934570e-01,3.800609409809112549e-01,6.833639740943908691e-01,-2.216054648160934448e-01,-2.241247594356536865e-01,-4.422771632671356201e-01,-4.071172773838043213e-01,-1.936856806278228760e-01,5.694086551666259766e-01,-5.471921339631080627e-02,2.237365990877151489e-01,-1.418612301349639893e-01,-1.471246685832738876e-02,1.655075401067733765e-01,1.864563077688217163e-01,7.324409484863281250e-01,-3.598270118236541748e-01,8.857666254043579102e-01,-1.806434430181980133e-02,6.543055921792984009e-02,1.038421615958213806e-01,4.266271293163299561e-01,-2.803647518157958984e-01,3.385866433382034302e-02,1.064025640487670898e+00,5.768878757953643799e-02,4.752663895487785339e-02,-2.394764125347137451e-02
3.529898166656494141e+00,-2.734894864261150360e-02,7.390170097351074219e-01,9.997488856315612793e-01,1.712820120155811310e-02,-1.147987786680459976e-02,-8.770567364990711212e-03,-2.904910743236541748e-01,4.004837572574615479e-01,3.683997988700866699e-01,6.737440824508666992e-01,-2.377117127180099487e-01,-2.379063665866851807e-01,-4.420586228370666504e-01,-3.983961641788482666e-01,-1.950351446866989136e-01,6.167811155319213867e-01,-9.148639440536499023e-02,1.945511698722839355e-01,-1.414440572261810303e-01,-7.361005060374736786e-03,1.546296775341033936e-01,2.047216594219207764e-01,6.641621589660644531e-01,-3.501241803169250488e-01,9.770268797874450684e-01,-8.008864708244800568e-03,8.737008273601531982e-02,6.222970783710479736e-02,4.158970117568969727e-01,-2.900269627571105957e-01,9.518381953239440918e-02,1.081307291984558105e+00,2.377801761031150818e-02,5.045947059988975525e-02,2.476411499083042145e-02
3.549635171890258789e+00,-3.246988356113433838e-02,7.442070841789245605e-01,9.997702240943908691e-01,1.928822882473468781e-02,-4.630878102034330368e-03,-8.126775734126567841e-03,-2.505699396133422852e-01,3.917819559574127197e-01,3.774833679199218750e-01,6.155488491058349609e-01,-2.223537713289260864e-01,-2.422568798065185547e-01,-4.277264773845672607e-01,-3.926067352294921875e-01,-1.966699957847595215e-01,6.159896850585937500e-01,-1.125041916966438293e-01,1.800205111503601074e-01,-1.371862441301345825e-01,-1.423013582825660706e-02,1.330425441265106201e-01,2.513085305690765381e-01,5.974670648574829102e-01,-3.217863440513610840e-01,1.010594725608825684e+00,9.207957773469388485e-04,9.559650719165802002e-02,2.337918058037757874e-02,4.103223383426666260e-01,-2.988555729389190674e-01,1.564235091209411621e-01,1.052089452743530273e+00,-3.215586394071578979e-02,4.646452888846397400e-02,5.728696659207344055e-02
3.567770004272460938e+00,-3.762135654687881470e-02,7.496271729469299316e-01,9.997671842575073242e-01,1.846672967076301575e-02,3.127294592559337616e-03,-1.071756798774003983e-02,-2.021699994802474976e-01,3.884888589382171631e-01,3.961361944675445557e-01,5.413767099380493164e-01,-2.027079612016677856e-01,-2.505501806735992432e-01,-4.072445034980773926e-01,-3.776544630527496338e-01,-2.046224921941757202e-01,5.948691368103027344e-01,-1.242809891700744629e-01,1.708049029111862183e-01,-1.273378580808639526e-01,-1.654519326984882355e-02,1.075577810406684875e-01,3.166584670543670654e-01,5.389571189880371094e-01,-2.828776240348815918e-01,1.008919358253479004e+00,-2.075278433039784431e-03,8.852707594633102417e-02,-5.178251303732395172e-03,4.094733893871307373e-01,-3.058069348335266113e-01,1.986250877380371094e-01,1.005003690719604492e+00,-7.640486955642700195e-02,3.309249877929687500e-02,6.744199246168136597e-02
3.584867000579833984e+00,-4.199150204658508301e-02,7.544476985931396484e-01,9.996947050094604492e-01,1.761635579168796539e-02,1.059483457356691360e-02,-1.370839960873126984e-02,-1.543681472539901733e-01,3.843186199665069580e-01,4.208925068378448486e-01,4.669925868511199951e-01,-1.805946826934814453e-01,-2.550728917121887207e-01,-3.882996439933776855e-01,-3.646128177642822266e-01,-2.119065523147583008e-01,5.719531178474426270e-01,-1.328976154327392578e-01,1.695083081722259521e-01,-1.162322387099266052e-01,-1.706151291728019714e-02,8.334466814994812012e-02,3.796665370464324951e-01,4.900045096874237061e-01,-2.539217174053192139e-01,9.991605877876281738e-01,-1.978264003992080688e-02,7.526908069849014282e-02,-1.678951270878314972e-02,4.095434546470642090e-01,-3.100215494632720947e-01,2.178682982921600342e-01,9.644435048103332520e-01,-1.006144881248474121e-01,1.479787472635507584e-02,6.011114642024040222e-02
3.600779056549072266e+00,-4.520103335380554199e-02,7.582377791404724121e-01,9.996157288551330566e-01,1.528441067785024643e-02,1.736125349998474121e-02,-1.527517195791006088e-02,-1.144790947437286377e-01,3.829595744609832764e-01,4.410346448421478271e-01,4.031536281108856201e-01,-1.608525067567825317e-01,-2.575109601020812988e-01,-3.670064210891723633e-01,-3.509777486324310303e-01,-2.222355306148529053e-01,5.457183122634887695e-01,-1.420395225286483765e-01,1.711203753948211670e-01,-1.061725020408630371e-01,-1.395979523658752441e-02,6.401879340410232544e-02,4.306486845016479492e-01,4.527897536754608154e-01,-2.412675619125366211e-01,9.982984066009521484e-01,-3.788571804761886597e-02,6.622693687677383423e-02,-2.229405753314495087e-02,4.063880443572998047e-01,-3.149162530899047852e-01,2.240019589662551880e-01,9.430243968963623047e-01,-1.157492175698280334e-01,1.130300224758684635e-03,4.424314945936203003e-02
3.615119934082031250e+00,-4.681175947189331055e-02,7.609761357307434082e-01,9.995630979537963867e-01,1.169916614890098572e-02,2.278244122862815857e-02,-1.475304365158081055e-02,-8.296545594930648804e-02,3.838919997215270996e-01,4.533510804176330566e-01,3.531248569488525391e-01,-1.466388851404190063e-01,-2.594191431999206543e-01,-3.423278331756591797e-01,-3.379006981849670410e-01,-2.359961420297622681e-01,5.173899531364440918e-01,-1.514907628297805786e-01,1.741814911365509033e-01,-9.810175746679306030e-02,-8.279268629848957062e-03,5.076617747545242310e-02,4.652489721775054932e-01,4.258477389812469482e-01,-2.426629811525344849e-01,1.011815428733825684e+00,-4.604379460215568542e-02,6.502182781696319580e-02,-2.544631808996200562e-02,4.001515507698059082e-01,-3.224094212055206299e-01,2.226516902446746826e-01,9.420825839042663574e-01,-1.252373605966567993e-01,-5.259569734334945679e-03,2.972078323364257812e-02
3.628441572189331055e+00,-4.657335951924324036e-02,7.629804611206054688e-01,9.995329976081848145e-01,8.359249681234359741e-03,2.701352536678314209e-02,-1.158021297305822372e-02,-5.870738998055458069e-02,3.827820420265197754e-01,4.575970470905303955e-01,3.129578828811645508e-01,-1.356786042451858521e-01,-2.610087394714355469e-01,-3.159209787845611572e-01,-3.285838961601257324e-01,-2.513149380683898926e-01,4.894839823246002197e-01,-1.592602729797363281e-01,1.800038069486618042e-01,-9.235729277133941650e-02,-2.915064338594675064e-03,4.239647090435028076e-02,4.832754135131835938e-01,4.053488671779632568e-01,-2.535994350910186768e-01,1.038076400756835938e+00,-4.015173017978668213e-02,7.007245719432830811e-02,-3.033644333481788635e-02,3.902142643928527832e-01,-3.321422040462493896e-01,2.174675762653350830e-01,9.584716558456420898e-01,-1.278829276561737061e-01,-5.420779809355735779e-03,2.331792749464511871e-02
3.640267848968505859e+00,-4.470148682594299316e-02,7.643879055976867676e-01,9.994844198226928711e-01,5.410524550825357437e-03,3.097993507981300354e-02,-6.462902761995792389e-03,-4.520704969763755798e-02,3.809300065040588379e-01,4.548790454864501953e-01,2.842221260070800781e-01,-1.269725263118743896e-01,-2.621315121650695801e-01,-2.917144298553466797e-01,-3.230924010276794434e-01,-2.672333121299743652e-01,4.634910523891448975e-01,-1.626220345497131348e-01,1.880889236927032471e-01,-8.849026262760162354e-02,2.966147148981690407e-03,3.696036338806152344e-02,4.890855252742767334e-01,3.884828388690948486e-01,-2.658164799213409424e-01,1.067873477935791016e+00,-2.197751589119434357e-02,7.882668823003768921e-02,-4.124473035335540771e-02,3.754258155822753906e-01,-3.432391881942749023e-01,2.098568379878997803e-01,9.866922497749328613e-01,-1.253275275230407715e-01,-6.610521231777966022e-04,2.500526607036590576e-02
3.649570941925048828e+00,-4.218947887420654297e-02,7.656203508377075195e-01,9.993932247161865234e-01,3.068745834752917290e-03,3.467418625950813293e-02,-1.162380329333245754e-03,-4.036803543567657471e-02,3.790698349475860596e-01,4.515627920627593994e-01,2.659873366355895996e-01,-1.205432936549186707e-01,-2.616727054119110107e-01,-2.701991796493530273e-01,-3.199107050895690918e-01,-2.813588082790374756e-01,4.363190531730651855e-01,-1.598551124334335327e-01,1.966816782951354980e-01,-8.397006988525390625e-02,8.624606765806674957e-03,3.312055394053459167e-02,4.918055534362792969e-01,3.752459287643432617e-01,-2.717015147209167480e-01,1.087985873222351074e+00,-6.053124554455280304e-03,8.522891253232955933e-02,-5.157081410288810730e-02,3.586336076259613037e-01,-3.552455306053161621e-01,2.030915170907974243e-01,1.015276193618774414e+00,-1.260199397802352905e-01,6.241627968847751617e-03,3.412354364991188049e-02
3.656502723693847656e+00,-3.970977663993835449e-02,7.668321728706359863e-01,9.992598891258239746e-01,1.978570595383644104e-03,3.826033324003219604e-02,3.460390493273735046e-03,-3.844637423753738403e-02,3.747474551200866699e-01,4.506993889808654785e-01,2.513518929481506348e-01,-1.146319583058357239e-01,-2.604514956474304199e-01,-2.525244653224945068e-01,-3.199005424976348877e-01,-2.929410636425018311e-01,4.092846810817718506e-01,-1.534347981214523315e-01,2.041730731725692749e-01,-7.743460685014724731e-02,1.180570665746927261e-02,2.922735922038555145e-02,4.952773451805114746e-01,3.662305474281311035e-01,-2.695878148078918457e-01,1.092674851417541504e+00,-9.649478015489876270e-04,8.542199432849884033e-02,-5.437687784433364868e-02,3.430367708206176758e-01,-3.677641451358795166e-01,2.006678879261016846e-01,1.033254384994506836e+00,-1.322589218616485596e-01,9.555894881486892700e-03,4.376285895705223083e-02
3.661995649337768555e+00,-3.725656867027282715e-02,7.678632736206054688e-01,9.991133809089660645e-01,1.096563297323882580e-03,4.139661788940429688e-02,7.581788115203380585e-03,-3.711736947298049927e-02,3.702656328678131104e-01,4.497750401496887207e-01,2.404765784740447998e-01,-1.114570498466491699e-01,-2.595461010932922363e-01,-2.378245294094085693e-01,-3.210876882076263428e-01,-3.036033213138580322e-01,3.850344419479370117e-01,-1.462052017450332642e-01,2.095895558595657349e-01,-6.918563693761825562e-02,1.390319969505071640e-02,2.566586621105670929e-02,4.992608726024627686e-01,3.623304665088653564e-01,-2.641391158103942871e-01,1.087451696395874023e+00,-3.128459444269537926e-03,7.984905689954757690e-02,-5.268787220120429993e-02,3.304457366466522217e-01,-3.809713423252105713e-01,2.038286477327346802e-01,1.040091872215270996e+00,-1.409125328063964844e-01,8.084733970463275909e-03,5.111998319625854492e-02
3.666239261627197266e+00,-3.450640290975570679e-02,7.686971426010131836e-01,9.989666342735290527e-01,1.682678121142089367e-04,4.387136548757553101e-02,1.187240518629550934e-02,-3.567923605442047119e-02,3.661816716194152832e-01,4.481261670589447021e-01,2.330069541931152344e-01,-1.109613329172134399e-01,-2.590901255607604980e-01,-2.231771051883697510e-01,-3.225827217102050781e-01,-3.139114379882812500e-01,3.624880909919738770e-01,-1.396531462669372559e-01,2.151644527912139893e-01,-6.043624132871627808e-02,1.494762673974037170e-02,2.310053631663322449e-02,5.018523335456848145e-01,3.633235991001129150e-01,-2.591130137443542480e-01,1.078862190246582031e+00,-3.059042617678642273e-03,7.291964441537857056e-02,-4.894449189305305481e-02,3.187334835529327393e-01,-3.958566784858703613e-01,2.127172648906707764e-01,1.038916945457458496e+00,-1.488831490278244019e-01,5.469592288136482239e-03,5.725209414958953857e-02
3.669168472290039062e+00,-3.142579272389411926e-02,7.693420052528381348e-01,9.988319873809814453e-01,-6.313085905276238918e-04,4.556275159120559692e-02,1.607385836541652679e-02,-3.507136553525924683e-02,3.626575171947479248e-01,4.458919167518615723e-01,2.305091023445129395e-01,-1.131333559751510620e-01,-2.585455775260925293e-01,-2.086378782987594604e-01,-3.244504928588867188e-01,-3.233394622802734375e-01,3.421157002449035645e-01,-1.340525895357131958e-01,2.209600508213043213e-01,-5.134503170847892761e-02,1.433878671377897263e-02,2.156593278050422668e-02,5.031704306602478027e-01,3.681979775428771973e-01,-2.544814050197601318e-01,1.068835020065307617e+00,3.772956551983952522e-04,6.678434461355209351e-02,-4.344791918992996216e-02,3.063892424106597900e-01,-4.125321507453918457e-01,2.265986949205398560e-01,1.031831502914428711e+00,-1.579350829124450684e-01,3.637416055426001549e-03,6.306021660566329956e-02
3.670871973037719727e+00,-2.815162949264049530e-02,7.698336243629455566e-01,9.987020492553710938e-01,-1.302258227951824665e-03,4.684237390756607056e-02,1.995721273124217987e-02,-3.696435317397117615e-02,3.599130213260650635e-01,4.430622756481170654e-01,2.331230491399765015e-01,-1.173262447118759155e-01,-2.573151588439941406e-01,-1.948868036270141602e-01,-3.265725076198577881e-01,-3.319981992244720459e-01,3.227305114269256592e-01,-1.281334757804870605e-01,2.264271974563598633e-01,-4.200841486454010010e-02,1.211933605372905731e-02,2.024496905505657196e-02,5.039891600608825684e-01,3.755990564823150635e-01,-2.485905885696411133e-01,1.057724475860595703e+00,4.137319047003984451e-03,6.067406386137008667e-02,-3.578170388936996460e-02,2.933643460273742676e-01,-4.301357269287109375e-01,2.444737404584884644e-01,1.020308732986450195e+00,-1.697739958763122559e-01,2.833310514688491821e-03,6.843563169240951538e-02
3.672140836715698242e+00,-2.475366741418838501e-02,7.701789736747741699e-01,9.985871315002441406e-01,-2.149052219465374947e-03,4.774530977010726929e-02,2.322649955749511719e-02,-4.049877077341079712e-02,3.589951694011688232e-01,4.408686459064483643e-01,2.395405173301696777e-01,-1.234023049473762512e-01,-2.558171153068542480e-01,-1.819445341825485229e-01,-3.281193077564239502e-01,-3.399322926998138428e-01,3.037104308605194092e-01,-1.212965399026870728e-01,2.308325767517089844e-01,-3.223588690161705017e-02,9.285459294915199280e-03,1.839837431907653809e-02,5.048260688781738281e-01,3.839920461177825928e-01,-2.408049106597900391e-01,1.048478364944458008e+00,7.449399214237928391e-03,5.496902018785476685e-02,-2.692585065960884094e-02,2.807765603065490723e-01,-4.472785592079162598e-01,2.630240321159362793e-01,1.006956577301025391e+00,-1.824458539485931396e-01,2.448192099109292030e-03,7.341630756855010986e-02
3.674417972564697266e+00,-2.133484929800033569e-02,7.703943848609924316e-01,9.984924793243408203e-01,-2.975842449814081192e-03,4.819272458553314209e-02,2.610330842435359955e-02,-4.322530329227447510e-02,3.585074543952941895e-01,4.398154616355895996e-01,2.459612637758255005e-01,-1.295360177755355835e-01,-2.548209726810455322e-01,-1.687970906496047974e-01,-3.292531073093414307e-01,-3.468937575817108154e-01,2.843443751335144043e-01,-1.133367642760276794e-01,2.346955835819244385e-01,-2.250675484538078308e-02,5.831740330904722214e-03,1.604743860661983490e-02,5.059623122215270996e-01,3.924975991249084473e-01,-2.322109788656234741e-01,1.043289065361022949e+00,9.684392251074314117e-03,5.090240761637687683e-02,-1.781371980905532837e-02,2.704465985298156738e-01,-4.626871049404144287e-01,2.797103822231292725e-01,9.937048554420471191e-01,-1.952359676361083984e-01,1.596359070390462875e-03,7.789143174886703491e-02
3.677893638610839844e+00,-1.834388822317123413e-02,7.704683542251586914e-01,9.984276294708251953e-01,-3.733142511919140816e-03,4.827018082141876221e-02,2.825360186398029327e-02,-4.377857223153114319e-02,3.578330278396606445e-01,4.404635131359100342e-01,2.515393793582916260e-01,-1.363826692104339600e-01,-2.540284097194671631e-01,-1.569269448518753052e-01,-3.304624259471893311e-01,-3.518728315830230713e-01,2.674167752265930176e-01,-1.052463054656982422e-01,2.386786788702011108e-01,-1.272486988455057144e-02,2.125025494024157524e-03,1.357395201921463013e-02,5.079255700111389160e-01,4.002129435539245605e-01,-2.230344116687774658e-01,1.040804147720336914e+00,1.122982427477836609e-02,4.785494878888130188e-02,-9.653235785663127899e-03,2.617873251438140869e-01,-4.759587645530700684e-01,2.955067157745361328e-01,9.811798334121704102e-01,-2.079380303621292114e-01,6.683494575554504991e-05,8.330813050270080566e-02
3.680409669876098633e+00,-1.590804941952228546e-02,7.704118490219116211e-01,9.984025955200195312e-01,-4.170074593275785446e-03,4.779983684420585632e-02,2.983470447361469269e-02,-4.211898148059844971e-02,3.562017083168029785e-01,4.413294196128845215e-01,2.574233710765838623e-01,-1.443669646978378296e-01,-2.527426183223724365e-01,-1.464847028255462646e-01,-3.324765861034393311e-01,-3.546087741851806641e-01,2.563960254192352295e-01,-9.907861799001693726e-02,2.431064844131469727e-01,-4.202504176646471024e-03,-1.737179933115839958e-03,1.208082307130098343e-02,5.097215175628662109e-01,4.066535532474517822e-01,-2.147695422172546387e-01,1.039495706558227539e+00,1.449524145573377609e-02,4.598883539438247681e-02,-3.870797576382756233e-03,2.535540461540222168e-01,-4.860181808471679688e-01,3.099026381969451904e-01,9.717230200767517090e-01,-2.194507122039794922e-01,-1.524081104435026646e-03,8.777806907892227173e-02
3.668169498443603516e+00,-8.901344612240791321e-03,7.702403068542480469e-01,9.984145760536193848e-01,-4.074755124747753143e-03,4.718825966119766235e-02,3.041467070579528809e-02,-3.955191746354103088e-02,3.530206978321075439e-01,4.425871074199676514e-01,2.640222311019897461e-01,-1.544444859027862549e-01,-2.496864199638366699e-01,-1.396928727626800537e-01,-3.359468281269073486e-01,-3.552819788455963135e-01,2.538759112358093262e-01,-9.653364121913909912e-02,2.467758655548095703e-01,2.622683765366673470e-03,-6.345012690871953964e-03,1.187173277139663696e-02,5.108438730239868164e-01,4.108498692512512207e-01,-2.057735919952392578e-01,1.038506984710693359e+00,1.898972690105438232e-02,4.614450782537460327e-02,-3.745777066797018051e-04,2.431270778179168701e-01,-4.923351705074310303e-01,3.227697908878326416e-01,9.655217528343200684e-01,-2.266049981117248535e-01,-2.331002848222851753e-03,9.030867367982864380e-02
