2.969555091112852097e-03,-3.185377689078450203e-03,7.795444726943969727e-01,9.999271631240844727e-01,2.822532085701823235e-03,1.171242259442806244e-02,6.717509240843355656e-04,6.579097360372543335e-02,1.785266995429992676e-01,4.571909010410308838e-01,1.188933029770851135e-01,-1.421312838792800903e-01,-1.485212743282318115e-01,-5.146708339452743530e-03,-1.651065498590469360e-01,-9.436694532632827759e-02,1.260049343109130859e-01,-1.604551225900650024e-01,1.969927847385406494e-01,-2.092646621167659760e-02,-2.153447596356272697e-03,6.722408533096313477e-02,1.255979686975479126e-01,3.716222345829010010e-01,-4.934572577476501465e-01,7.322123646736145020e-01,1.511682868003845215e-01,7.830692827701568604e-02,3.197631239891052246e-02,-2.079085260629653931e-01,-3.132493793964385986e-01,8.927073478698730469e-01,8.746787309646606445e-01,-9.156904369592666626e-02,1.201455816626548767e-01,1.510944217443466187e-02
2.929573878645896912e-03,-3.213722724467515945e-03,7.795209884643554688e-01,9.999305009841918945e-01,2.912958152592182159e-03,1.140140090137720108e-02,7.821830222383141518e-04,6.613017618656158447e-02,1.782034337520599365e-01,4.563159048557281494e-01,1.190931200981140137e-01,-1.438938975334167480e-01,-1.480633765459060669e-01,-3.761258674785494804e-03,-1.655643433332443237e-01,-9.537433832883834839e-02,1.266961544752120972e-01,-1.604811549186706543e-01,1.976610124111175537e-01,-2.005239389836788177e-02,-2.203568350523710251e-03,6.688536703586578369e-02,1.252560019493103027e-01,3.722288012504577637e-01,-4.932200014591217041e-01,7.323787212371826172e-01,1.510935574769973755e-01,8.031208813190460205e-02,2.911050245165824890e-02,-2.057755738496780396e-01,-3.131286799907684326e-01,8.905454277992248535e-01,8.722934722900390625e-01,-9.369108825922012329e-02,1.211093515157699585e-01,1.515715569257736206e-02
2.824361436069011688e-03,-3.275453345850110054e-03,7.794240117073059082e-01,9.999318718910217285e-01,2.981948899105191231e-03,1.122672390192747116e-02,1.153788063675165176e-03,6.605819612741470337e-02,1.779929250478744507e-01,4.554453194141387939e-01,1.192232295870780945e-01,-1.443059593439102173e-01,-1.476197242736816406e-01,-2.790100174024701118e-03,-1.660107970237731934e-01,-9.664362668991088867e-02,1.270757168531417847e-01,-1.608782708644866943e-01,1.980032324790954590e-01,-2.006382495164871216e-02,-2.075830474495887756e-03,6.671123951673507690e-02,1.258593797683715820e-01,3.726004064083099365e-01,-4.923520386219024658e-01,7.317439317703247070e-01,1.526604145765304565e-01,8.108597993850708008e-02,2.701579034328460693e-02,-2.042904347181320190e-01,-3.127363026142120361e-01,8.902061581611633301e-01,8.690403699874877930e-01,-9.278387576341629028e-02,1.218496263027191162e-01,1.588002964854240417e-02
2.799571724608540535e-03,-3.273508045822381973e-03,7.793216109275817871e-01,9.999330043792724609e-01,3.059402108192443848e-03,1.103551872074604034e-02,1.671806094236671925e-03,6.584321707487106323e-02,1.777287721633911133e-01,4.539743661880493164e-01,1.194745674729347229e-01,-1.446290612220764160e-01,-1.471100002527236938e-01,-1.842368161305785179e-03,-1.662968993186950684e-01,-9.802822023630142212e-02,1.271630376577377319e-01,-1.614465862512588501e-01,1.982880234718322754e-01,-2.004669047892093658e-02,-2.095665084198117256e-03,6.660153716802597046e-02,1.269635558128356934e-01,3.728405535221099854e-01,-4.915033578872680664e-01,7.308663725852966309e-01,1.541846096515655518e-01,8.202972263097763062e-02,2.616062015295028687e-02,-2.026856988668441772e-01,-3.119947910308837891e-01,8.904671072959899902e-01,8.661160469055175781e-01,-9.092849493026733398e-02,1.222870498895645142e-01,1.626258157193660736e-02
2.858955413103103638e-03,-3.245113417506217957e-03,7.792462110519409180e-01,9.999341964721679688e-01,3.125048475340008736e-03,1.081919297575950623e-02,2.184389391914010048e-03,6.567843258380889893e-02,1.774943470954895020e-01,4.524707794189453125e-01,1.196756288409233093e-01,-1.448625177145004272e-01,-1.468435525894165039e-01,-1.013208762742578983e-03,-1.664428561925888062e-01,-9.882652759552001953e-02,1.271335035562515259e-01,-1.619549542665481567e-01,1.983958482742309570e-01,-1.974128745496273041e-02,-2.155482536181807518e-03,6.655936688184738159e-02,1.275045573711395264e-01,3.728754222393035889e-01,-4.910583198070526123e-01,7.304850816726684570e-01,1.537568420171737671e-01,8.263999223709106445e-02,2.651871554553508759e-02,-2.009465545415878296e-01,-3.113143146038055420e-01,8.908798098564147949e-01,8.635436892509460449e-01,-8.890727162361145020e-02,1.222877874970436096e-01,1.654201000928878784e-02
2.988822758197784424e-03,-3.154264995828270912e-03,7.791846394538879395e-01,9.999349117279052734e-01,3.194432938471436501e-03,1.061098184436559677e-02,2.720011863857507706e-03,6.555677205324172974e-02,1.772045046091079712e-01,4.509507715702056885e-01,1.197871565818786621e-01,-1.448623687028884888e-01,-1.466757208108901978e-01,-6.663525709882378578e-05,-1.666520386934280396e-01,-9.941569715738296509e-02,1.269383132457733154e-01,-1.623900085687637329e-01,1.985492259263992310e-01,-1.952295936644077301e-02,-2.329644979909062386e-03,6.652729958295822144e-02,1.277089267969131470e-01,3.728755712509155273e-01,-4.908144772052764893e-01,7.303501963615417480e-01,1.532614231109619141e-01,8.287141472101211548e-02,2.659109421074390411e-02,-1.993890702724456787e-01,-3.107000887393951416e-01,8.919668793678283691e-01,8.613826036453247070e-01,-8.764132112264633179e-02,1.223012804985046387e-01,1.670755632221698761e-02
3.148826304823160172e-03,-3.059401642531156540e-03,7.791697382926940918e-01,9.999341368675231934e-01,3.270289627835154533e-03,1.050139404833316803e-02,3.274529241025447845e-03,6.505811959505081177e-02,1.768236160278320312e-01,4.494336843490600586e-01,1.199981048703193665e-01,-1.447595953941345215e-01,-1.464658230543136597e-01,6.392230279743671417e-04,-1.670261472463607788e-01,-1.002850458025932312e-01,1.266379058361053467e-01,-1.626835167407989502e-01,1.987376362085342407e-01,-1.944884099066257477e-02,-2.611143747344613075e-03,6.651766598224639893e-02,1.277521699666976929e-01,3.729278445243835449e-01,-4.905413985252380371e-01,7.303393483161926270e-01,1.535760015249252319e-01,8.274991065263748169e-02,2.644138969480991364e-02,-1.981256008148193359e-01,-3.100426495075225830e-01,8.930449485778808594e-01,8.600282073020935059e-01,-8.724614232778549194e-02,1.220570281147956848e-01,1.680267788469791412e-02
3.305347403511404991e-03,-3.036496462300419807e-03,7.791596651077270508e-01,9.999322891235351562e-01,3.360582748427987099e-03,1.045321766287088394e-02,3.854257985949516296e-03,6.436282396316528320e-02,1.763157546520233154e-01,4.477993845939636230e-01,1.202288791537284851e-01,-1.446921676397323608e-01,-1.462089270353317261e-01,1.236921292729675770e-03,-1.674442887306213379e-01,-1.011276319622993469e-01,1.263384073972702026e-01,-1.628812104463577271e-01,1.989966332912445068e-01,-1.956460997462272644e-02,-3.001684090122580528e-03,6.650060415267944336e-02,1.276258379220962524e-01,3.729058206081390381e-01,-4.901602566242218018e-01,7.304835319519042969e-01,1.536187678575515747e-01,8.237145096063613892e-02,2.604297921061515808e-02,-1.969665735960006714e-01,-3.093312382698059082e-01,8.935101628303527832e-01,8.594790697097778320e-01,-8.706736564636230469e-02,1.217403039336204529e-01,1.690277829766273499e-02
3.425774862989783287e-03,-2.926407847553491592e-03,7.791393399238586426e-01,9.999299049377441406e-01,3.460539039224386215e-03,1.040852628648281097e-02,4.447988700121641159e-03,6.387922912836074829e-02,1.757513284683227539e-01,4.462894797325134277e-01,1.203014403581619263e-01,-1.446221023797988892e-01,-1.459670662879943848e-01,1.886712154373526573e-03,-1.679945290088653564e-01,-1.020351126790046692e-01,1.261333823204040527e-01,-1.630651503801345825e-01,1.992698013782501221e-01,-1.976026408374309540e-02,-3.444624366238713264e-03,6.649613380432128906e-02,1.278200149536132812e-01,3.727305233478546143e-01,-4.898478090763092041e-01,7.303642630577087402e-01,1.534529626369476318e-01,8.199871331453323364e-02,2.548295818269252777e-02,-1.957661062479019165e-01,-3.085348308086395264e-01,8.937525153160095215e-01,8.591986894607543945e-01,-8.612217754125595093e-02,1.215782091021537781e-01,1.721047237515449524e-02
3.589032916352152824e-03,-2.944748150184750557e-03,7.791094183921813965e-01,9.999276399612426758e-01,3.562011523172259331e-03,1.036828756332397461e-02,4.954943433403968811e-03,6.386588513851165771e-02,1.751073002815246582e-01,4.451681077480316162e-01,1.201388761401176453e-01,-1.443677842617034912e-01,-1.458161026239395142e-01,2.431611996144056320e-03,-1.686481684446334839e-01,-1.030725613236427307e-01,1.260162442922592163e-01,-1.632282435894012451e-01,1.994182765483856201e-01,-2.002909965813159943e-02,-3.853066125884652138e-03,6.658124923706054688e-02,1.283899992704391479e-01,3.724559247493743896e-01,-4.896486103534698486e-01,7.303515672683715820e-01,1.529361903667449951e-01,8.197571337223052979e-02,2.528131008148193359e-02,-1.945753693580627441e-01,-3.077437579631805420e-01,8.937122821807861328e-01,8.590215444564819336e-01,-8.331837505102157593e-02,1.216854825615882874e-01,1.713217608630657196e-02
3.744175657629966736e-03,-2.919539809226989746e-03,7.790790200233459473e-01,9.999253749847412109e-01,3.651214297860860825e-03,1.038495637476444244e-02,5.303376819938421249e-03,6.414894014596939087e-02,1.745197921991348267e-01,4.446003437042236328e-01,1.198438405990600586e-01,-1.441618800163269043e-01,-1.458011716604232788e-01,2.624450018629431725e-03,-1.692398041486740112e-01,-1.038933619856834412e-01,1.260305941104888916e-01,-1.632550805807113647e-01,1.993326097726821899e-01,-2.035854198038578033e-02,-4.126886371523141861e-03,6.671089679002761841e-02,1.289702057838439941e-01,3.723213374614715576e-01,-4.896617829799652100e-01,7.300125956535339355e-01,1.525256037712097168e-01,8.212659507989883423e-02,2.567515894770622253e-02,-1.933342218399047852e-01,-3.072409629821777344e-01,8.932724595069885254e-01,8.588433861732482910e-01,-7.959883660078048706e-02,1.217794865369796753e-01,1.656754501163959503e-02
3.921960014849901199e-03,-2.844295464456081390e-03,7.790468335151672363e-01,9.999232292175292969e-01,3.732490120455622673e-03,1.044082734733819962e-02,5.533166229724884033e-03,6.466671079397201538e-02,1.740312278270721436e-01,4.444266259670257568e-01,1.195875927805900574e-01,-1.440155208110809326e-01,-1.457754820585250854e-01,2.755571622401475906e-03,-1.697137951850891113e-01,-1.044510006904602051e-01,1.260390430688858032e-01,-1.631070226430892944e-01,1.990726441144943237e-01,-2.054418809711933136e-02,-4.324984271079301834e-03,6.680204719305038452e-02,1.291807144880294800e-01,3.725349307060241699e-01,-4.899853169918060303e-01,7.295578122138977051e-01,1.525566428899765015e-01,8.212238550186157227e-02,2.620250359177589417e-02,-1.919631808996200562e-01,-3.071416020393371582e-01,8.923889994621276855e-01,8.584982156753540039e-01,-7.585586607456207275e-02,1.219569966197013855e-01,1.585044525563716888e-02
4.121657460927963257e-03,-2.781914779916405678e-03,7.790365219116210938e-01,9.999210834503173828e-01,3.807350993156433105e-03,1.054401788860559464e-02,5.668574478477239609e-03,6.509044766426086426e-02,1.736174672842025757e-01,4.443084895610809326e-01,1.193472594022750854e-01,-1.437131315469741821e-01,-1.457550376653671265e-01,2.838033484295010567e-03,-1.700019240379333496e-01,-1.045067086815834045e-01,1.259404718875885010e-01,-1.629376560449600220e-01,1.987609565258026123e-01,-2.062419243156909943e-02,-4.505890887230634689e-03,6.677310913801193237e-02,1.291027665138244629e-01,3.729516565799713135e-01,-4.903152883052825928e-01,7.290779352188110352e-01,1.525942236185073853e-01,8.197959512472152710e-02,2.692060545086860657e-02,-1.907949298620223999e-01,-3.075842857360839844e-01,8.916817903518676758e-01,8.584119081497192383e-01,-7.369879633188247681e-02,1.223605275154113770e-01,1.528215687721967697e-02
4.314311780035495758e-03,-2.750346902757883072e-03,7.790486216545104980e-01,9.999199509620666504e-01,3.841260448098182678e-03,1.067053060978651047e-02,5.612777080386877060e-03,6.552976369857788086e-02,1.733541339635848999e-01,4.443311095237731934e-01,1.190222129225730896e-01,-1.432941704988479614e-01,-1.456585228443145752e-01,2.789994236081838608e-03,-1.701002866029739380e-01,-1.042175665497779846e-01,1.259020864963531494e-01,-1.626768857240676880e-01,1.984197795391082764e-01,-2.050962671637535095e-02,-4.596918821334838867e-03,6.661213189363479614e-02,1.288687884807586670e-01,3.733369708061218262e-01,-4.903504550457000732e-01,7.288790345191955566e-01,1.525826603174209595e-01,8.176980912685394287e-02,2.827306836843490601e-02,-1.901534199714660645e-01,-3.084092438220977783e-01,8.911145329475402832e-01,8.585268855094909668e-01,-7.322997599840164185e-02,1.231322661042213440e-01,1.496596448123455048e-02
4.501225426793098450e-03,-2.729961648583412170e-03,7.790758609771728516e-01,9.999186396598815918e-01,3.881885437294840813e-03,1.084255892783403397e-02,5.493564531207084656e-03,6.570567190647125244e-02,1.731072664260864258e-01,4.445819258689880371e-01,1.187174841761589050e-01,-1.428578048944473267e-01,-1.453684568405151367e-01,2.679976634681224823e-03,-1.702813357114791870e-01,-1.040138527750968933e-01,1.259081810712814331e-01,-1.626278460025787354e-01,1.983702927827835083e-01,-2.035702764987945557e-02,-4.678294062614440918e-03,6.639908254146575928e-02,1.289431005716323853e-01,3.736680448055267334e-01,-4.904396533966064453e-01,7.286009192466735840e-01,1.529762446880340576e-01,8.167807012796401978e-02,2.998823300004005432e-02,-1.898734122514724731e-01,-3.094130456447601318e-01,8.908877968788146973e-01,8.587224483489990234e-01,-7.369866967201232910e-02,1.236293986439704895e-01,1.473188679665327072e-02
4.688092973083257675e-03,-2.682120073586702347e-03,7.791016697883605957e-01,9.999166131019592285e-01,3.948705736547708511e-03,1.105128228664398193e-02,5.386090837419033051e-03,6.557659804821014404e-02,1.727736592292785645e-01,4.449002444744110107e-01,1.183949857950210571e-01,-1.425925493240356445e-01,-1.451134383678436279e-01,2.524663228541612625e-03,-1.705725640058517456e-01,-1.038197278976440430e-01,1.259275525808334351e-01,-1.629479974508285522e-01,1.984073370695114136e-01,-2.018300257623195648e-02,-4.865426570177078247e-03,6.617061793804168701e-02,1.292808651924133301e-01,3.738522827625274658e-01,-4.903352856636047363e-01,7.284398674964904785e-01,1.529024988412857056e-01,8.174426853656768799e-02,3.151590749621391296e-02,-1.897100061178207397e-01,-3.105652332305908203e-01,8.906239867210388184e-01,8.585490584373474121e-01,-7.458382099866867065e-02,1.241922751069068909e-01,1.421341113746166229e-02
4.879735410213470459e-03,-2.600091509521007538e-03,7.791139483451843262e-01,9.999147653579711914e-01,4.018797539174556732e-03,1.126455795019865036e-02,5.226533394306898117e-03,6.540080159902572632e-02,1.724500358104705811e-01,4.452410042285919189e-01,1.180814877152442932e-01,-1.425743997097015381e-01,-1.451241523027420044e-01,2.254242775961756706e-03,-1.707546710968017578e-01,-1.032738238573074341e-01,1.260078996419906616e-01,-1.634548455476760864e-01,1.985532641410827637e-01,-1.999525353312492371e-02,-5.101612769067287445e-03,6.585424393415451050e-02,1.298045963048934937e-01,3.738096952438354492e-01,-4.900887608528137207e-01,7.285857796669006348e-01,1.523202657699584961e-01,8.186700940132141113e-02,3.280874714255332947e-02,-1.893153786659240723e-01,-3.117878139019012451e-01,8.902184963226318359e-01,8.581507802009582520e-01,-7.515786588191986084e-02,1.247807070612907410e-01,1.323860883712768555e-02
5.073917098343372345e-03,-2.529301680624485016e-03,7.791109681129455566e-01,9.999133944511413574e-01,4.083510953933000565e-03,1.145274378359317780e-02,5.036179441958665848e-03,6.529612094163894653e-02,1.721774786710739136e-01,4.455720782279968262e-01,1.180142015218734741e-01,-1.427906900644302368e-01,-1.451944857835769653e-01,1.813428592868149281e-03,-1.708141565322875977e-01,-1.026089563965797424e-01,1.262235492467880249e-01,-1.639014929533004761e-01,1.987139731645584106e-01,-1.972601935267448425e-02,-5.423935595899820328e-03,6.555932015180587769e-02,1.302103847265243530e-01,3.737479746341705322e-01,-4.896808862686157227e-01,7.290362715721130371e-01,1.519796699285507202e-01,8.192061632871627808e-02,3.371506184339523315e-02,-1.889044046401977539e-01,-3.127928972244262695e-01,8.897804617881774902e-01,8.576259016990661621e-01,-7.561359554529190063e-02,1.255147457122802734e-01,1.234621554613113403e-02
5.298197269439697266e-03,-2.504159929230809212e-03,7.790921330451965332e-01,9.999108910560607910e-01,4.160438198596239090e-03,1.166257075965404510e-02,4.993259441107511520e-03,6.522168964147567749e-02,1.719641983509063721e-01,4.459355473518371582e-01,1.179855763912200928e-01,-1.429980993270874023e-01,-1.451040208339691162e-01,1.438172417692840099e-03,-1.709435880184173584e-01,-1.022956222295761108e-01,1.264012306928634644e-01,-1.643354445695877075e-01,1.989921480417251587e-01,-1.949814520776271820e-02,-5.881062708795070648e-03,6.519853323698043823e-02,1.306886523962020874e-01,3.735988438129425049e-01,-4.896493554115295410e-01,7.302363514900207520e-01,1.516258120536804199e-01,8.200892806053161621e-02,3.420766070485115051e-02,-1.880963295698165894e-01,-3.133534193038940430e-01,8.887103796005249023e-01,8.568311333656311035e-01,-7.584124058485031128e-02,1.261366009712219238e-01,1.127298362553119659e-02
5.520928185433149338e-03,-2.519883913919329643e-03,7.790810465812683105e-01,9.999059438705444336e-01,4.263695795089006424e-03,1.194117404520511627e-02,5.221047904342412949e-03,6.481511145830154419e-02,1.716973781585693359e-01,4.455907046794891357e-01,1.179540008306503296e-01,-1.430691480636596680e-01,-1.449515223503112793e-01,1.087038428522646427e-03,-1.712164282798767090e-01,-1.024203002452850342e-01,1.266580373048782349e-01,-1.649339050054550171e-01,1.991980522871017456e-01,-1.931721158325672150e-02,-6.442441605031490326e-03,6.470323354005813599e-02,1.313673555850982666e-01,3.734937310218811035e-01,-4.896459281444549561e-01,7.318217754364013672e-01,1.509891152381896973e-01,8.185775578022003174e-02,3.425711020827293396e-02,-1.875839531421661377e-01,-3.131722509860992432e-01,8.872930407524108887e-01,8.559998869895935059e-01,-7.555386424064636230e-02,1.266986727714538574e-01,1.004852540791034698e-02
5.735447630286216736e-03,-2.593368524685502052e-03,7.790586352348327637e-01,9.998970031738281250e-01,4.423497244715690613e-03,1.231179852038621902e-02,5.896201822906732559e-03,6.381391733884811401e-02,1.713054031133651733e-01,4.442735314369201660e-01,1.179528310894966125e-01,-1.430358886718750000e-01,-1.446881592273712158e-01,8.138949633575975895e-04,-1.717441082000732422e-01,-1.033587008714675903e-01,1.270399093627929688e-01,-1.657413840293884277e-01,1.993403434753417969e-01,-1.932146400213241577e-02,-7.327973842620849609e-03,6.410884112119674683e-02,1.319230794906616211e-01,3.735677003860473633e-01,-4.898509383201599121e-01,7.337518334388732910e-01,1.504192054271697998e-01,8.133521676063537598e-02,3.423179313540458679e-02,-1.869440376758575439e-01,-3.121342658996582031e-01,8.844533562660217285e-01,8.548452854156494141e-01,-7.520420849323272705e-02,1.276190876960754395e-01,8.384728804230690002e-03
5.932243540883064270e-03,-2.756826346740126610e-03,7.790613770484924316e-01,9.998838901519775391e-01,4.640149418264627457e-03,1.268030237406492233e-02,7.061345968395471573e-03,6.243063136935234070e-02,1.708301752805709839e-01,4.420988559722900391e-01,1.179370880126953125e-01,-1.430386304855346680e-01,-1.444679796695709229e-01,7.344232872128486633e-04,-1.724934130907058716e-01,-1.053915321826934814e-01,1.276354938745498657e-01,-1.669090539216995239e-01,1.993034183979034424e-01,-1.940956898033618927e-02,-8.617272600531578064e-03,6.379675120115280151e-02,1.319682747125625610e-01,3.738335371017456055e-01,-4.902232587337493896e-01,7.355330586433410645e-01,1.492684334516525269e-01,8.023411035537719727e-02,3.476130962371826172e-02,-1.864812225103378296e-01,-3.102426528930664062e-01,8.814961910247802734e-01,8.538083434104919434e-01,-7.470782846212387085e-02,1.287053972482681274e-01,6.870234385132789612e-03
6.271903868764638901e-03,-3.114241873845458031e-03,7.790845632553100586e-01,9.998646378517150879e-01,4.882106091827154160e-03,1.306429971009492874e-02,8.726271800696849823e-03,6.085271015763282776e-02,1.702940762042999268e-01,4.390246570110321045e-01,1.179659068584442139e-01,-1.429116278886795044e-01,-1.441334336996078491e-01,1.022433862090110779e-03,-1.733950376510620117e-01,-1.084670946002006531e-01,1.281737834215164185e-01,-1.681964993476867676e-01,1.994316875934600830e-01,-1.931202411651611328e-02,-1.016500685364007950e-02,6.385836005210876465e-02,1.311921775341033936e-01,3.743426799774169922e-01,-4.907874464988708496e-01,7.370682358741760254e-01,1.474973261356353760e-01,7.873483747243881226e-02,3.602453693747520447e-02,-1.865397542715072632e-01,-3.075667023658752441e-01,8.794404864311218262e-01,8.536195755004882812e-01,-7.432673871517181396e-02,1.302254945039749146e-01,6.244696211069822311e-03
6.550412625074386597e-03,-3.362623974680900574e-03,7.790914773941040039e-01,9.998360276222229004e-01,5.097340792417526245e-03,1.348026562482118607e-02,1.096372865140438080e-02,5.890544503927230835e-02,1.697610318660736084e-01,4.349153041839599609e-01,1.179697662591934204e-01,-1.425769180059432983e-01,-1.437165886163711548e-01,1.742429216392338276e-03,-1.744136065244674683e-01,-1.124486699700355530e-01,1.285692453384399414e-01,-1.695646196603775024e-01,1.998348981142044067e-01,-1.890402659773826599e-02,-1.186818443238735199e-02,6.409997493028640747e-02,1.295658946037292480e-01,3.749647140502929688e-01,-4.916058778762817383e-01,7.387138605117797852e-01,1.455684751272201538e-01,7.703329622745513916e-02,3.734214976429939270e-02,-1.877007931470870972e-01,-3.042621314525604248e-01,8.794049024581909180e-01,8.544371128082275391e-01,-7.493795454502105713e-02,1.320410668849945068e-01,7.410474587231874466e-03
6.866437382996082306e-03,-3.599930088967084885e-03,7.791081070899963379e-01,9.997950196266174316e-01,5.273700226098299026e-03,1.392547134310007095e-02,1.371999364346265793e-02,5.636130645871162415e-02,1.692149639129638672e-01,4.295225143432617188e-01,1.181413829326629639e-01,-1.421905010938644409e-01,-1.429788917303085327e-01,3.065736731514334679e-03,-1.754184067249298096e-01,-1.174153462052345276e-01,1.285531818866729736e-01,-1.709062904119491577e-01,2.004050612449645996e-01,-1.783227175474166870e-02,-1.374926976859569550e-02,6.439097970724105835e-02,1.277671456336975098e-01,3.754498660564422607e-01,-4.916906952857971191e-01,7.410676479339599609e-01,1.435777693986892700e-01,7.533562183380126953e-02,3.859823197126388550e-02,-1.916288286447525024e-01,-3.009546697139739990e-01,8.820211291313171387e-01,8.558296561241149902e-01,-7.875465601682662964e-02,1.342511773109436035e-01,1.133150793612003326e-02
7.263500709086656570e-03,-3.825134132057428360e-03,7.791610360145568848e-01,9.997377395629882812e-01,5.436097271740436554e-03,1.441736798733472824e-02,1.694389432668685913e-02,5.335957929491996765e-02,1.685165464878082275e-01,4.229710698127746582e-01,1.182746142148971558e-01,-1.413567364215850830e-01,-1.418729573488235474e-01,4.980722907930612564e-03,-1.764253377914428711e-01,-1.233002245426177979e-01,1.280637532472610474e-01,-1.719432324171066284e-01,2.014163136482238770e-01,-1.593660563230514526e-02,-1.582879386842250824e-02,6.458839774131774902e-02,1.263520717620849609e-01,3.755709826946258545e-01,-4.897820949554443359e-01,7.437577247619628906e-01,1.411948800086975098e-01,7.340469956398010254e-02,3.945610299706459045e-02,-2.000457644462585449e-01,-2.993318438529968262e-01,8.870733380317687988e-01,8.555220961570739746e-01,-8.976136893033981323e-02,1.372705698013305664e-01,1.757974550127983093e-02
7.761382497847080231e-03,-4.013154655694961548e-03,7.792540788650512695e-01,9.996601343154907227e-01,5.612867418676614761e-03,1.491743884980678558e-02,2.062926068902015686e-02,5.007065087556838989e-02,1.674300730228424072e-01,4.150117337703704834e-01,1.183071881532669067e-01,-1.398323327302932739e-01,-1.401626020669937134e-01,7.335620466619729996e-03,-1.776486337184906006e-01,-1.302036494016647339e-01,1.275463998317718506e-01,-1.730675399303436279e-01,2.025871425867080688e-01,-1.312162447720766068e-02,-1.841038465499877930e-02,6.487273424863815308e-02,1.263143867254257202e-01,3.750997781753540039e-01,-4.844277799129486084e-01,7.458387613296508789e-01,1.390268206596374512e-01,7.122219353914260864e-02,3.987415879964828491e-02,-2.152981907129287720e-01,-3.014119267463684082e-01,8.912709355354309082e-01,8.485490083694458008e-01,-1.120940372347831726e-01,1.424128860235214233e-01,2.401205152273178101e-02
8.271195925772190094e-03,-4.098488483577966690e-03,7.793252468109130859e-01,9.995561838150024414e-01,5.886159837245941162e-03,1.546137593686580658e-02,2.477280236780643463e-02,4.631434753537178040e-02,1.655602753162384033e-01,4.053444862365722656e-01,1.182305142283439636e-01,-1.379551887512207031e-01,-1.378515064716339111e-01,9.986434131860733032e-03,-1.794389784336090088e-01,-1.380397528409957886e-01,1.271092593669891357e-01,-1.746648699045181274e-01,2.037872970104217529e-01,-9.860957041382789612e-03,-2.183051407337188721e-02,6.530311703681945801e-02,1.284309625625610352e-01,3.738723695278167725e-01,-4.744981825351715088e-01,7.462942004203796387e-01,1.360531151294708252e-01,6.876840442419052124e-02,3.976457566022872925e-02,-2.381032109260559082e-01,-3.087748587131500244e-01,8.871596455574035645e-01,8.285661935806274414e-01,-1.449321359395980835e-01,1.503106802701950073e-01,2.573955990374088287e-02
8.716199547052383423e-03,-4.029983654618263245e-03,7.793962955474853516e-01,9.994109272956848145e-01,6.256372667849063873e-03,1.612860150635242462e-02,2.963993325829505920e-02,4.155930876731872559e-02,1.630428582429885864e-01,3.944101929664611816e-01,1.184061989188194275e-01,-1.360272318124771118e-01,-1.350820660591125488e-01,1.268913596868515015e-02,-1.820052862167358398e-01,-1.473173201084136963e-01,1.268036812543869019e-01,-1.763622611761093140e-01,2.047466039657592773e-01,-6.228547077625989914e-03,-2.629079110920429230e-02,6.593167036771774292e-02,1.327360719442367554e-01,3.717698454856872559e-01,-4.601520597934722900e-01,7.444201111793518066e-01,1.308344900608062744e-01,6.592895835638046265e-02,3.972106799483299255e-02,-2.682978510856628418e-01,-3.219604790210723877e-01,8.682807683944702148e-01,7.911363244056701660e-01,-1.799340099096298218e-01,1.587568670511245728e-01,1.612613350152969360e-02
9.066214784979820251e-03,-3.796828677877783775e-03,7.794499397277832031e-01,9.992107152938842773e-01,6.675623822957277298e-03,1.685231924057006836e-02,3.534646704792976379e-02,3.583823889493942261e-02,1.602640300989151001e-01,3.830164670944213867e-01,1.190118715167045593e-01,-1.344793289899826050e-01,-1.324597299098968506e-01,1.527275890111923218e-02,-1.851139068603515625e-01,-1.580041944980621338e-01,1.268754452466964722e-01,-1.782965660095214844e-01,2.052139043807983398e-01,-1.353614381514489651e-03,-3.153610974550247192e-02,6.716733425855636597e-02,1.377113461494445801e-01,3.692553341388702393e-01,-4.447887837886810303e-01,7.405283451080322266e-01,1.239057630300521851e-01,6.300156563520431519e-02,4.065151140093803406e-02,-3.054436147212982178e-01,-3.403718769550323486e-01,8.381770253181457520e-01,7.397156953811645508e-01,-2.040243893861770630e-01,1.647476255893707275e-01,-8.924295194447040558e-03
9.314941242337226868e-03,-3.428606782108545303e-03,7.794340252876281738e-01,9.989331960678100586e-01,7.162111345678567886e-03,1.754798740148544312e-02,4.210956767201423645e-02,2.915989793837070465e-02,1.572825014591217041e-01,3.708221912384033203e-01,1.201334446668624878e-01,-1.331003457307815552e-01,-1.300968974828720093e-01,1.814137026667594910e-02,-1.888637840747833252e-01,-1.707741320133209229e-01,1.280011534690856934e-01,-1.809449493885040283e-01,2.051125317811965942e-01,6.253889296203851700e-03,-3.722804412245750427e-02,6.951544433832168579e-02,1.424325704574584961e-01,3.673979640007019043e-01,-4.317443072795867920e-01,7.354408502578735352e-01,1.199597641825675964e-01,6.109452247619628906e-02,4.241089150309562683e-02,-3.511821031570434570e-01,-3.641402125358581543e-01,8.073496818542480469e-01,6.821123361587524414e-01,-2.133404165506362915e-01,1.663850694894790649e-01,-4.260984435677528381e-02
9.519446641206741333e-03,-2.972076646983623505e-03,7.793512940406799316e-01,9.985460042953491211e-01,7.791412062942981720e-03,1.834656111896038055e-02,5.008505284786224365e-02,2.138724923133850098e-02,1.536640971899032593e-01,3.570310175418853760e-01,1.215085387229919434e-01,-1.313450783491134644e-01,-1.277684718370437622e-01,2.165188454091548920e-02,-1.933843493461608887e-01,-1.857698261737823486e-01,1.299163252115249634e-01,-1.843990087509155273e-01,2.051166146993637085e-01,1.647528260946273804e-02,-4.315077140927314758e-02,7.281129062175750732e-02,1.466156542301177979e-01,3.666498363018035889e-01,-4.223096966743469238e-01,7.301861643791198730e-01,1.198043972253799438e-01,6.025701388716697693e-02,4.422532767057418823e-02,-4.048070311546325684e-01,-3.924423456192016602e-01,7.838170528411865234e-01,6.282709836959838867e-01,-2.133155167102813721e-01,1.638413071632385254e-01,-7.738006114959716797e-02
9.796690195798873901e-03,-2.529500052332878113e-03,7.792581319808959961e-01,9.980112314224243164e-01,8.444322273135185242e-03,1.935345679521560669e-02,5.939469859004020691e-02,1.233281288295984268e-02,1.495599597692489624e-01,3.408919274806976318e-01,1.228001415729522705e-01,-1.286680400371551514e-01,-1.254804134368896484e-01,2.615657448768615723e-02,-1.981619447469711304e-01,-2.032445520162582397e-01,1.316342502832412720e-01,-1.882161498069763184e-01,2.054880559444427490e-01,2.872917614877223969e-02,-4.900057613849639893e-02,7.676158845424652100e-02,1.504634916782379150e-01,3.667905926704406738e-01,-4.155377447605133057e-01,7.250596284866333008e-01,1.222399249672889709e-01,6.015992537140846252e-02,4.581317678093910217e-02,-4.637389183044433594e-01,-4.240535795688629150e-01,7.697147130966186523e-01,5.846194624900817871e-01,-2.101729214191436768e-01,1.584920287132263184e-01,-1.077517494559288025e-01
1.018587406724691391e-02,-2.220444148406386375e-03,7.791988253593444824e-01,9.972801804542541504e-01,9.031716734170913696e-03,2.071250975131988525e-02,7.015472650527954102e-02,1.940742251463234425e-03,1.449294388294219971e-01,3.218258917331695557e-01,1.238151267170906067e-01,-1.251075863838195801e-01,-1.233026906847953796e-01,3.141457214951515198e-02,-2.027871310710906982e-01,-2.231088578701019287e-01,1.323499232530593872e-01,-1.916120946407318115e-01,2.062778770923614502e-01,4.251302033662796021e-02,-5.463993176817893982e-02,8.107348531484603882e-02,1.540851742029190063e-01,3.675499260425567627e-01,-4.091167449951171875e-01,7.200159430503845215e-01,1.261918544769287109e-01,6.040445715188980103e-02,4.776072129607200623e-02,-5.251365900039672852e-01,-4.590283334255218506e-01,7.639501094818115234e-01,5.527195334434509277e-01,-2.089097648859024048e-01,1.511195451021194458e-01,-1.320102810859680176e-01
1.071855332702398300e-02,-2.110333647578954697e-03,7.792010307312011719e-01,9.962832331657409668e-01,9.520730935037136078e-03,2.245605923235416412e-02,8.261238038539886475e-02,-9.859133511781692505e-03,1.396430432796478271e-01,2.992377877235412598e-01,1.244307905435562134e-01,-1.207716912031173706e-01,-1.214204207062721252e-01,3.757905587553977966e-02,-2.071914374828338623e-01,-2.461391985416412354e-01,1.319420635700225830e-01,-1.945931166410446167e-01,2.074736654758453369e-01,5.720794200897216797e-02,-6.011377647519111633e-02,8.552382141351699829e-02,1.578947901725769043e-01,3.687301576137542725e-01,-4.017996490001678467e-01,7.151249051094055176e-01,1.299457401037216187e-01,6.066920608282089233e-02,5.000244453549385071e-02,-5.882250070571899414e-01,-4.984585642814636230e-01,7.649952769279479980e-01,5.320839285850524902e-01,-2.102275788784027100e-01,1.425642371177673340e-01,-1.526845991611480713e-01
1.141168177127838135e-02,-2.172832842916250229e-03,7.792259454727172852e-01,9.949613213539123535e-01,9.889439679682254791e-03,2.449083514511585236e-02,9.671817719936370850e-02,-2.291676215827465057e-02,1.337574720382690430e-01,2.734263539314270020e-01,1.244621723890304565e-01,-1.159919276833534241e-01,-1.200214996933937073e-01,4.491867125034332275e-02,-2.112665176391601562e-01,-2.724876105785369873e-01,1.307454705238342285e-01,-1.973677426576614380e-01,2.088220119476318359e-01,7.242035865783691406e-02,-6.519862264394760132e-02,8.997579663991928101e-02,1.617767959833145142e-01,3.704030215740203857e-01,-3.937535583972930908e-01,7.102302312850952148e-01,1.321255117654800415e-01,6.037612631916999817e-02,5.202212557196617126e-02,-6.503982543945312500e-01,-5.425061583518981934e-01,7.726007103919982910e-01,5.220339894294738770e-01,-2.116086483001708984e-01,1.321131438016891479e-01,-1.732521653175354004e-01
1.223949342966079712e-02,-2.400600351393222809e-03,7.792125940322875977e-01,9.932628273963928223e-01,1.021626777946949005e-02,2.671771124005317688e-02,1.122977435588836670e-01,-3.675087541341781616e-02,1.270828247070312500e-01,2.447452545166015625e-01,1.236741244792938232e-01,-1.103344112634658813e-01,-1.189435422420501709e-01,5.362013354897499084e-02,-2.151211500167846680e-01,-3.019536137580871582e-01,1.293640136718750000e-01,-2.003422230482101440e-01,2.101498693227767944e-01,8.795138448476791382e-02,-6.989348679780960083e-02,9.455817937850952148e-02,1.657219231128692627e-01,3.724457323551177979e-01,-3.850567936897277832e-01,7.061125636100769043e-01,1.320804506540298462e-01,6.009617820382118225e-02,5.358324572443962097e-02,-7.098586559295654297e-01,-5.902242064476013184e-01,7.856557965278625488e-01,5.223857164382934570e-01,-2.109906673431396484e-01,1.188249513506889343e-01,-1.967562437057495117e-01
1.323524210602045059e-02,-2.736129332333803177e-03,7.791472077369689941e-01,9.911453127861022949e-01,1.051917951554059982e-02,2.903110161423683167e-02,1.291412860155105591e-01,-5.109965801239013672e-02,1.196878552436828613e-01,2.139885276556015015e-01,1.223609372973442078e-01,-1.038129255175590515e-01,-1.178259626030921936e-01,6.385112553834915161e-02,-2.185440957546234131e-01,-3.341453671455383301e-01,1.277261525392532349e-01,-2.037211656570434570e-01,2.115493714809417725e-01,1.033135280013084412e-01,-7.424184679985046387e-02,9.896752983331680298e-02,1.695649027824401855e-01,3.749676644802093506e-01,-3.765992820262908936e-01,7.032228708267211914e-01,1.289212256669998169e-01,5.926790088415145874e-02,5.514585599303245544e-02,-7.649276256561279297e-01,-6.396754980087280273e-01,8.018463850021362305e-01,5.312074422836303711e-01,-2.106575369834899902e-01,1.029383912682533264e-01,-2.216292470693588257e-01
1.445500086992979050e-02,-3.170930547639727592e-03,7.790014743804931641e-01,9.885717630386352539e-01,1.081854850053787231e-02,3.132873028516769409e-02,1.470623314380645752e-01,-6.564294546842575073e-02,1.115695983171463013e-01,1.812097877264022827e-01,1.206827908754348755e-01,-9.665261209011077881e-02,-1.168325543403625488e-01,7.561650872230529785e-02,-2.214345335960388184e-01,-3.688911497592926025e-01,1.258137375116348267e-01,-2.074566483497619629e-01,2.126139849424362183e-01,1.177308484911918640e-01,-7.813823968172073364e-02,1.031165719032287598e-01,1.733279824256896973e-01,3.780044615268707275e-01,-3.687624335289001465e-01,7.014275193214416504e-01,1.232139170169830322e-01,5.793023481965065002e-02,5.654462054371833801e-02,-8.136156797409057617e-01,-6.890078186988830566e-01,8.182670474052429199e-01,5.468730330467224121e-01,-2.094779908657073975e-01,8.552331477403640747e-02,-2.451713830232620239e-01
1.585788466036319733e-02,-3.734744153916835785e-03,7.787522673606872559e-01,9.855254888534545898e-01,1.117691770195960999e-02,3.351002931594848633e-02,1.658058613538742065e-01,-7.987348735332489014e-02,1.026587337255477905e-01,1.468241065740585327e-01,1.186081320047378540e-01,-8.913427591323852539e-02,-1.163068786263465881e-01,8.858110010623931885e-02,-2.237972617149353027e-01,-4.056896865367889404e-01,1.240750998258590698e-01,-2.114890217781066895e-01,2.136333137750625610e-01,1.311639398336410522e-01,-8.145449310541152954e-02,1.070919781923294067e-01,1.768645197153091431e-01,3.815406858921051025e-01,-3.618684709072113037e-01,7.011144161224365234e-01,1.162821650505065918e-01,5.631392076611518860e-02,5.746417120099067688e-02,-8.560079932212829590e-01,-7.369762063026428223e-01,8.331419229507446289e-01,5.680737495422363281e-01,-2.083760499954223633e-01,6.848075240850448608e-02,-2.673627138137817383e-01
1.735625229775905609e-02,-4.412529990077018738e-03,7.784540653228759766e-01,9.820645451545715332e-01,1.153325568884611130e-02,3.560073673725128174e-02,1.847938746213912964e-01,-9.359505772590637207e-02,9.332934767007827759e-02,1.119782626628875732e-01,1.165209338068962097e-01,-8.155157417058944702e-02,-1.162282824516296387e-01,1.019467115402221680e-01,-2.254343330860137939e-01,-4.432865083217620850e-01,1.225354075431823730e-01,-2.154086381196975708e-01,2.145876437425613403e-01,1.432575285434722900e-01,-8.389311283826828003e-02,1.105249300599098206e-01,1.799859851598739624e-01,3.852316141128540039e-01,-3.554004728794097900e-01,7.031570672988891602e-01,1.085306778550148010e-01,5.509636923670768738e-02,5.842869728803634644e-02,-8.912319540977478027e-01,-7.819314002990722656e-01,8.461363911628723145e-01,5.929310321807861328e-01,-2.082765251398086548e-01,5.306294560432434082e-02,-2.892186343669891357e-01
1.887256093323230743e-02,-5.167127586901187897e-03,7.781527638435363770e-01,9.781687855720520020e-01,1.189867313951253891e-02,3.754919022321701050e-02,2.040448784828186035e-01,-1.069812998175621033e-01,8.354783803224563599e-02,7.681378722190856934e-02,1.145555004477500916e-01,-7.372613996267318726e-02,-1.164308637380599976e-01,1.155830621719360352e-01,-2.265433222055435181e-01,-4.816981554031372070e-01,1.215881630778312683e-01,-2.193335443735122681e-01,2.156289368867874146e-01,1.537524461746215820e-01,-8.523488789796829224e-02,1.134997531771659851e-01,1.822204291820526123e-01,3.887837529182434082e-01,-3.490962982177734375e-01,7.074522972106933594e-01,9.914279729127883911e-02,5.443555116653442383e-02,5.936796218156814575e-02,-9.194721579551696777e-01,-8.240195512771606445e-01,8.561887741088867188e-01,6.208001375198364258e-01,-2.085180431604385376e-01,3.919460251927375793e-02,-3.115299046039581299e-01
2.034551836550235748e-02,-6.004175636917352676e-03,7.778711915016174316e-01,9.738906621932983398e-01,1.226080581545829773e-02,3.929123654961585999e-02,2.232552021741867065e-01,-1.199022606015205383e-01,7.357577979564666748e-02,4.228814691305160522e-02,1.129935830831527710e-01,-6.586948782205581665e-02,-1.168564632534980774e-01,1.290555745363235474e-01,-2.272513359785079956e-01,-5.202932357788085938e-01,1.214059740304946899e-01,-2.231363058090209961e-01,2.169388681650161743e-01,1.624494045972824097e-01,-8.534099161624908447e-02,1.160296276211738586e-01,1.843706369400024414e-01,3.919780850410461426e-01,-3.434226810932159424e-01,7.130180597305297852e-01,8.957682549953460693e-02,5.391531065106391907e-02,6.021670252084732056e-02,-9.420408010482788086e-01,-8.630248904228210449e-01,8.648985028266906738e-01,6.501553654670715332e-01,-2.105762809514999390e-01,2.571660093963146210e-02,-3.340363502502441406e-01
2.173327095806598663e-02,-6.876850500702857971e-03,7.775871157646179199e-01,9.693787097930908203e-01,1.263998821377754211e-02,4.080598056316375732e-02,2.418263703584671021e-01,-1.321760267019271851e-01,6.356196850538253784e-02,9.070676751434803009e-03,1.121433898806571960e-01,-5.828441306948661804e-02,-1.177692338824272156e-01,1.420726180076599121e-01,-2.275594919919967651e-01,-5.577709078788757324e-01,1.217411234974861145e-01,-2.269829660654067993e-01,2.187026441097259521e-01,1.694674789905548096e-01,-8.426284790039062500e-02,1.183279231190681458e-01,1.867768615484237671e-01,3.942742943763732910e-01,-3.388988077640533447e-01,7.194094061851501465e-01,7.996187359094619751e-02,5.335165932774543762e-02,6.131567806005477905e-02,-9.592617750167846680e-01,-8.982694149017333984e-01,8.730294704437255859e-01,6.790447831153869629e-01,-2.148766368627548218e-01,1.236859243363142014e-02,-3.552170991897583008e-01
2.302350103855133057e-02,-7.726302836090326309e-03,7.772685885429382324e-01,9.648610949516296387e-01,1.301691308617591858e-02,4.197537153959274292e-02,2.590591609477996826e-01,-1.433322280645370483e-01,5.390125140547752380e-02,-2.202901057898998260e-02,1.119185760617256165e-01,-5.161544680595397949e-02,-1.190118864178657532e-01,1.539999842643737793e-01,-2.276702076196670532e-01,-5.926817655563354492e-01,1.230722218751907349e-01,-2.313275337219238281e-01,2.205809652805328369e-01,1.751920133829116821e-01,-8.207763731479644775e-02,1.206283643841743469e-01,1.896652132272720337e-01,3.950186073780059814e-01,-3.354801237583160400e-01,7.269560098648071289e-01,7.028922438621520996e-02,5.257803201675415039e-02,6.254071742296218872e-02,-9.720974564552307129e-01,-9.294948577880859375e-01,8.829168081283569336e-01,7.068539857864379883e-01,-2.206244766712188721e-01,2.197807771153748035e-04,-3.737124502658843994e-01
2.419728226959705353e-02,-8.480661548674106598e-03,7.769461274147033691e-01,9.606524705886840820e-01,1.350894384086132050e-02,4.268578067421913147e-02,2.741210758686065674e-01,-1.521350443363189697e-01,4.498636722564697266e-02,-4.919829592108726501e-02,1.120375394821166992e-01,-4.618024453520774841e-02,-1.206960454583168030e-01,1.646794974803924561e-01,-2.280236333608627319e-01,-6.233695745468139648e-01,1.252570301294326782e-01,-2.360070794820785522e-01,2.229031324386596680e-01,1.802245676517486572e-01,-7.919599860906600952e-02,1.231394633650779724e-01,1.930545121431350708e-01,3.936408162117004395e-01,-3.334907889366149902e-01,7.357550859451293945e-01,6.333677470684051514e-02,5.171931162476539612e-02,6.321867555379867554e-02,-9.815413355827331543e-01,-9.565782546997070312e-01,8.962578773498535156e-01,7.334273457527160645e-01,-2.286060154438018799e-01,-1.026755478233098984e-02,-3.881858587265014648e-01
2.523814886808395386e-02,-9.109437465667724609e-03,7.766891121864318848e-01,9.571079015731811523e-01,1.416590809822082520e-02,4.286244884133338928e-02,2.861933410167694092e-01,-1.578482687473297119e-01,3.732518851757049561e-02,-7.084210216999053955e-02,1.125943958759307861e-01,-4.250433668494224548e-02,-1.228026971220970154e-01,1.737872362136840820e-01,-2.289139926433563232e-01,-6.483141183853149414e-01,1.286116242408752441e-01,-2.408797591924667358e-01,2.256311923265457153e-01,1.853329986333847046e-01,-7.593067735433578491e-02,1.260236054658889771e-01,1.973028779029846191e-01,3.900206685066223145e-01,-3.338678777217864990e-01,7.463347911834716797e-01,5.979532003402709961e-02,5.056906118988990784e-02,6.279527395963668823e-02,-9.892553091049194336e-01,-9.796630144119262695e-01,9.118121862411499023e-01,7.571091651916503906e-01,-2.377000749111175537e-01,-1.885662041604518890e-02,-3.974977731704711914e-01
2.609926834702491760e-02,-9.553001262247562408e-03,7.765586376190185547e-01,9.547148346900939941e-01,1.504674181342124939e-02,4.266444221138954163e-02,2.940629124641418457e-01,-1.597809493541717529e-01,3.167767077684402466e-02,-8.392044901847839355e-02,1.129789203405380249e-01,-4.035094007849693298e-02,-1.242488846182823181e-01,1.801857203245162964e-01,-2.307431101799011230e-01,-6.645297408103942871e-01,1.328042894601821899e-01,-2.452451139688491821e-01,2.283555865287780762e-01,1.913452744483947754e-01,-7.302835583686828613e-02,1.292773634195327759e-01,2.022732943296432495e-01,3.844288289546966553e-01,-3.374344706535339355e-01,7.573272585868835449e-01,6.035646051168441772e-02,4.974007979035377502e-02,6.183376535773277283e-02,-9.969635009765625000e-01,-9.977360367774963379e-01,9.254653453826904297e-01,7.750343680381774902e-01,-2.482906281948089600e-01,-2.447230741381645203e-02,-4.019439220428466797e-01
2.678186818957328796e-02,-9.777797386050224304e-03,7.765609622001647949e-01,9.536097645759582520e-01,1.593226380646228790e-02,4.240418225526809692e-02,2.976178824901580811e-01,-1.592394858598709106e-01,2.855572849512100220e-02,-8.842871338129043579e-02,1.133570820093154907e-01,-3.918872028589248657e-02,-1.242131739854812622e-01,1.831061840057373047e-01,-2.331146150827407837e-01,-6.717218160629272461e-01,1.365905702114105225e-01,-2.480195760726928711e-01,2.301256358623504639e-01,1.977210342884063721e-01,-7.074701786041259766e-02,1.317219883203506470e-01,2.088187336921691895e-01,3.775281906127929688e-01,-3.430665135383605957e-01,7.667381167411804199e-01,5.982273072004318237e-02,4.933381453156471252e-02,5.990967154502868652e-02,-1.003808975219726562e+00,-1.009173393249511719e+00,9.314146041870117188e-01,7.839530706405639648e-01,-2.524749934673309326e-01,-2.805327810347080231e-02,-4.044682085514068604e-01
2.730046398937702179e-02,-9.735641069710254669e-03,7.766395211219787598e-01,9.535903930664062500e-01,1.680437661707401276e-02,4.214123263955116272e-02,2.976694107055664062e-01,-1.575545221567153931e-01,2.734852395951747894e-02,-8.636119216680526733e-02,1.140603944659233093e-01,-3.918873891234397888e-02,-1.228353157639503479e-01,1.838916391134262085e-01,-2.357745170593261719e-01,-6.719501018524169922e-01,1.392542719841003418e-01,-2.486426979303359985e-01,2.312971055507659912e-01,2.031041085720062256e-01,-6.929311156272888184e-02,1.321198493242263794e-01,2.166353762149810791e-01,3.707022070884704590e-01,-3.488217294216156006e-01,7.733915448188781738e-01,5.472627654671669006e-02,4.875829070806503296e-02,5.747558549046516418e-02,-1.011703491210937500e+00,-1.013341069221496582e+00,9.328852295875549316e-01,7.859648466110229492e-01,-2.497798204421997070e-01,-2.979234978556632996e-02,-4.051303565502166748e-01
2.761451154947280884e-02,-9.417658671736717224e-03,7.767395377159118652e-01,9.544557929039001465e-01,1.766222529113292694e-02,4.164396226406097412e-02,2.949032485485076904e-01,-1.543801724910736084e-01,2.754450589418411255e-02,-7.954486459493637085e-02,1.149845719337463379e-01,-4.067293927073478699e-02,-1.209076568484306335e-01,1.831486821174621582e-01,-2.387041747570037842e-01,-6.660673022270202637e-01,1.420642286539077759e-01,-2.485211044549942017e-01,2.323172092437744141e-01,2.068631798028945923e-01,-6.833669543266296387e-02,1.310292482376098633e-01,2.241204679012298584e-01,3.656876683235168457e-01,-3.547644019126892090e-01,7.776186466217041016e-01,4.988718405365943909e-02,4.743223637342453003e-02,5.499529466032981873e-02,-1.021753907203674316e+00,-1.011186361312866211e+00,9.366241693496704102e-01,7.850264310836791992e-01,-2.445866018533706665e-01,-3.045468963682651520e-02,-4.032633304595947266e-01
2.770441211760044098e-02,-8.871290832757949829e-03,7.768640518188476562e-01,9.558930397033691406e-01,1.845756731927394867e-02,4.078093543648719788e-02,2.902839183807373047e-01,-1.493971347808837891e-01,2.860486321151256561e-02,-6.955526024103164673e-02,1.158433184027671814e-01,-4.334347322583198547e-02,-1.188883557915687561e-01,1.813854277133941650e-01,-2.421519756317138672e-01,-6.563277840614318848e-01,1.461403667926788330e-01,-2.487780898809432983e-01,2.330810874700546265e-01,2.091758847236633301e-01,-6.762732565402984619e-02,1.299552619457244873e-01,2.293229699134826660e-01,3.633399009704589844e-01,-3.605757653713226318e-01,7.797942161560058594e-01,5.030314996838569641e-02,4.668756946921348572e-02,5.363851040601730347e-02,-1.032632946968078613e+00,-1.005657434463500977e+00,9.446497559547424316e-01,7.825831770896911621e-01,-2.416376620531082153e-01,-3.161391988396644592e-02,-3.990523815155029297e-01
2.757181227207183838e-02,-8.120010606944561005e-03,7.770008444786071777e-01,9.578545689582824707e-01,1.917816512286663055e-02,3.950703889131546021e-02,2.838768661022186279e-01,-1.425527334213256836e-01,3.074995614588260651e-02,-5.610913410782814026e-02,1.169075742363929749e-01,-4.717731103301048279e-02,-1.165854781866073608e-01,1.782794445753097534e-01,-2.459967583417892456e-01,-6.425789594650268555e-01,1.512902677059173584e-01,-2.492416650056838989e-01,2.332555651664733887e-01,2.105111330747604370e-01,-6.707315891981124878e-02,1.294987946748733521e-01,2.326346039772033691e-01,3.636486530303955078e-01,-3.658187389373779297e-01,7.793908715248107910e-01,5.438482761383056641e-02,4.638760909438133240e-02,5.404268950223922729e-02,-1.044607162475585938e+00,-9.977788329124450684e-01,9.566017389297485352e-01,7.775065302848815918e-01,-2.421962916851043701e-01,-3.259983658790588379e-02,-3.927237093448638916e-01
2.721348591148853302e-02,-7.210835814476013184e-03,7.771176099777221680e-01,9.603061079978942871e-01,1.984970457851886749e-02,3.796062618494033813e-02,2.756394743919372559e-01,-1.343039423227310181e-01,3.386319056153297424e-02,-3.914261236786842346e-02,1.180490478873252869e-01,-5.185008794069290161e-02,-1.138407662510871887e-01,1.735904216766357422e-01,-2.501183152198791504e-01,-6.250973939895629883e-01,1.570419520139694214e-01,-2.497969716787338257e-01,2.330978363752365112e-01,2.108598053455352783e-01,-6.683917343616485596e-02,1.292122751474380493e-01,2.346435785293579102e-01,3.663092553615570068e-01,-3.707848787307739258e-01,7.762963771820068359e-01,5.983514711260795593e-02,4.616248980164527893e-02,5.539181455969810486e-02,-1.058108806610107422e+00,-9.876341819763183594e-01,9.717959165573120117e-01,7.694980502128601074e-01,-2.450204342603683472e-01,-3.283363580703735352e-02,-3.838895261287689209e-01
2.660675160586833954e-02,-6.224527023732662201e-03,7.772166132926940918e-01,9.631470441818237305e-01,2.045756019651889801e-02,3.618866577744483948e-02,2.657435238361358643e-01,-1.249592825770378113e-01,3.777943924069404602e-02,-1.929138973355293274e-02,1.192468404769897461e-01,-5.761379748582839966e-02,-1.111778244376182556e-01,1.672925502061843872e-01,-2.544972896575927734e-01,-6.043312549591064453e-01,1.635461002588272095e-01,-2.503749430179595947e-01,2.326774150133132935e-01,2.103059738874435425e-01,-6.702162325382232666e-02,1.289853751659393311e-01,2.351804524660110474e-01,3.711064159870147705e-01,-3.754469454288482666e-01,7.709332704544067383e-01,6.641783565282821655e-02,4.585035890340805054e-02,5.706235021352767944e-02,-1.072925448417663574e+00,-9.752472639083862305e-01,9.885056614875793457e-01,7.584209442138671875e-01,-2.504731714725494385e-01,-3.127197921276092529e-02,-3.726457059383392334e-01
2.577343210577964783e-02,-5.183389410376548767e-03,7.772907614707946777e-01,9.661962389945983887e-01,2.087571844458580017e-02,3.434703126549720764e-02,2.546551525592803955e-01,-1.150541529059410095e-01,4.238514974713325500e-02,2.287753624841570854e-03,1.201295554637908936e-01,-6.378871947526931763e-02,-1.088373139500617981e-01,1.595242619514465332e-01,-2.584716081619262695e-01,-5.808733105659484863e-01,1.703786998987197876e-01,-2.507173120975494385e-01,2.319983243942260742e-01,2.087388783693313599e-01,-6.746667623519897461e-02,1.286133676767349243e-01,2.340012490749359131e-01,3.776091337203979492e-01,-3.794876635074615479e-01,7.640464305877685547e-01,7.419501990079879761e-02,4.564067721366882324e-02,5.903601646423339844e-02,-1.088360548019409180e+00,-9.611081480979919434e-01,1.005394220352172852e+00,7.448799610137939453e-01,-2.568599581718444824e-01,-2.852494642138481140e-02,-3.593533635139465332e-01
2.471819147467613220e-02,-4.070321097970008850e-03,7.773870825767517090e-01,9.693393707275390625e-01,2.112868987023830414e-02,3.244925662875175476e-02,2.426558583974838257e-01,-1.045352816581726074e-01,4.746043682098388672e-02,2.504515275359153748e-02,1.205167919397354126e-01,-6.975435465574264526e-02,-1.070700213313102722e-01,1.503348946571350098e-01,-2.621591091156005859e-01,-5.554186105728149414e-01,1.776547431945800781e-01,-2.506315410137176514e-01,2.313584387302398682e-01,2.061037272214889526e-01,-6.829206645488739014e-02,1.282732337713241577e-01,2.314340621232986450e-01,3.856834769248962402e-01,-3.826903402805328369e-01,7.556661963462829590e-01,8.291240781545639038e-02,4.552790895104408264e-02,6.169691681861877441e-02,-1.104615688323974609e+00,-9.457653760910034180e-01,1.022171974182128906e+00,7.286535501480102539e-01,-2.643445134162902832e-01,-2.481797896325588226e-02,-3.444036543369293213e-01
2.342400327324867249e-02,-2.920591272413730621e-03,7.775161862373352051e-01,9.726022481918334961e-01,2.127052098512649536e-02,3.044458664953708649e-02,2.294897586107254028e-01,-9.316607564687728882e-02,5.308943614363670349e-02,5.005423352122306824e-02,1.204792931675910950e-01,-7.560045272111892700e-02,-1.056863442063331604e-01,1.399375945329666138e-01,-2.651681005954742432e-01,-5.272866487503051758e-01,1.847119480371475220e-01,-2.500560581684112549e-01,2.305802255868911743e-01,2.029650211334228516e-01,-6.964524835348129272e-02,1.281123906373977661e-01,2.275006324052810669e-01,3.954232931137084961e-01,-3.849561214447021484e-01,7.458570599555969238e-01,9.222924709320068359e-02,4.533838853240013123e-02,6.493864208459854126e-02,-1.120785713195800781e+00,-9.293234944343566895e-01,1.038304209709167480e+00,7.093844413757324219e-01,-2.719668149948120117e-01,-2.127740532159805298e-02,-3.277305066585540771e-01
2.189809083938598633e-02,-1.812343252822756767e-03,7.776700854301452637e-01,9.757717847824096680e-01,2.126919664442539215e-02,2.845129370689392090e-02,2.158876359462738037e-01,-8.177971839904785156e-02,5.895295366644859314e-02,7.584670186042785645e-02,1.199988350272178650e-01,-8.128768205642700195e-02,-1.047678664326667786e-01,1.286980509757995605e-01,-2.673533856868743896e-01,-4.985072016716003418e-01,1.912354379892349243e-01,-2.492300570011138916e-01,2.297229915857315063e-01,1.993350982666015625e-01,-7.136882841587066650e-02,1.279108226299285889e-01,2.229498177766799927e-01,4.059233367443084717e-01,-3.860016167163848877e-01,7.347671389579772949e-01,1.019447818398475647e-01,4.486542195081710815e-02,6.874814629554748535e-02,-1.136440038681030273e+00,-9.120137691497802734e-01,1.053033828735351562e+00,6.891961097717285156e-01,-2.767702043056488037e-01,-1.809413731098175049e-02,-3.106089234352111816e-01
2.013637125492095947e-02,-7.960647344589233398e-04,7.778383493423461914e-01,9.788224101066589355e-01,2.116561867296695709e-02,2.648843452334403992e-02,2.018837630748748779e-01,-7.062007486820220947e-02,6.488910317420959473e-02,1.024484261870384216e-01,1.193750277161598206e-01,-8.662933856248855591e-02,-1.041503101587295532e-01,1.170423552393913269e-01,-2.686801254749298096e-01,-4.692080318927764893e-01,1.968064606189727783e-01,-2.480996102094650269e-01,2.288046330213546753e-01,1.952776014804840088e-01,-7.348573952913284302e-02,1.278240680694580078e-01,2.182483673095703125e-01,4.166640043258666992e-01,-3.852972388267517090e-01,7.225177288055419922e-01,1.109682023525238037e-01,4.472902417182922363e-02,7.286833226680755615e-02,-1.151450514793395996e+00,-8.940618634223937988e-01,1.066610336303710938e+00,6.689720153808593750e-01,-2.825073599815368652e-01,-1.489137485623359680e-02,-2.934742569923400879e-01
1.824030093848705292e-02,1.115557388402521610e-04,7.779947519302368164e-01,9.816281795501708984e-01,2.095118537545204163e-02,2.466149628162384033e-02,1.880399137735366821e-01,-6.052318215370178223e-02,7.064481824636459351e-02,1.286445111036300659e-01,1.188515946269035339e-01,-9.149876981973648071e-02,-1.034877821803092957e-01,1.053693145513534546e-01,-2.691532969474792480e-01,-4.407193064689636230e-01,2.012135386466979980e-01,-2.462102621793746948e-01,2.281870096921920776e-01,1.910040378570556641e-01,-7.588417083024978638e-02,1.277670413255691528e-01,2.135533690452575684e-01,4.266304373741149902e-01,-3.828937113285064697e-01,7.098252177238464355e-01,1.181086152791976929e-01,4.467251524329185486e-02,7.634381204843521118e-02,-1.165122270584106445e+00,-8.766941428184509277e-01,1.078476548194885254e+00,6.493275165557861328e-01,-2.877469062805175781e-01,-1.165002491325139999e-02,-2.775901854038238525e-01
1.620813645422458649e-02,8.966039167717099190e-04,7.781497240066528320e-01,9.841916561126708984e-01,2.060082182288169861e-02,2.293883450329303741e-02,1.744023859500885010e-01,-5.133795738220214844e-02,7.629407197237014771e-02,1.540062576532363892e-01,1.186060458421707153e-01,-9.590651839971542358e-02,-1.028207615017890930e-01,9.368611872196197510e-02,-2.685903012752532959e-01,-4.128130376338958740e-01,2.043382376432418823e-01,-2.433921247720718384e-01,2.273309379816055298e-01,1.871401965618133545e-01,-7.837525010108947754e-02,1.279398202896118164e-01,2.089741080999374390e-01,4.355276226997375488e-01,-3.788887560367584229e-01,6.965340971946716309e-01,1.223074570298194885e-01,4.438726603984832764e-02,7.876517623662948608e-02,-1.177474975585937500e+00,-8.598234653472900391e-01,1.088555097579956055e+00,6.303664445877075195e-01,-2.933530807495117188e-01,-8.235245011746883392e-03,-2.630048990249633789e-01
1.403116248548030853e-02,1.578924478963017464e-03,7.783126831054687500e-01,9.865238070487976074e-01,2.010870166122913361e-02,2.134130522608757019e-02,1.609690785408020020e-01,-4.296899586915969849e-02,8.192437142133712769e-02,1.787750571966171265e-01,1.186536103487014771e-01,-1.002457812428474426e-01,-1.021413356065750122e-01,8.191060274839401245e-02,-2.670927941799163818e-01,-3.855573832988739014e-01,2.062672972679138184e-01,-2.397583127021789551e-01,2.263697981834411621e-01,1.836919188499450684e-01,-8.081002533435821533e-02,1.281296014785766602e-01,2.048390954732894897e-01,4.433031380176544189e-01,-3.737677037715911865e-01,6.828850507736206055e-01,1.247265711426734924e-01,4.340622946619987488e-02,8.043617755174636841e-02,-1.188423991203308105e+00,-8.436166048049926758e-01,1.097440242767333984e+00,6.113487482070922852e-01,-2.996321916580200195e-01,-5.223408341407775879e-03,-2.487636208534240723e-01
1.179664395749568939e-02,2.143687102943658829e-03,7.784662246704101562e-01,9.885883331298828125e-01,1.953146420419216156e-02,1.994729228317737579e-02,1.480330079793930054e-01,-3.544513136148452759e-02,8.737115561962127686e-02,2.024854272603988647e-01,1.188145577907562256e-01,-1.044250503182411194e-01,-1.015818864107131958e-01,6.984845548868179321e-02,-2.649118602275848389e-01,-3.591163456439971924e-01,2.075181901454925537e-01,-2.357381135225296021e-01,2.253415882587432861e-01,1.805913448333740234e-01,-8.319891989231109619e-02,1.282435506582260132e-01,2.016060203313827515e-01,4.499212503433227539e-01,-3.683277070522308350e-01,6.692333817481994629e-01,1.257487386465072632e-01,4.181769490242004395e-02,8.236364275217056274e-02,-1.197643160820007324e+00,-8.282616734504699707e-01,1.105058789253234863e+00,5.929186940193176270e-01,-3.071623742580413818e-01,-2.511130180209875107e-03,-2.353043556213378906e-01
9.558555670082569122e-03,2.614346100017428398e-03,7.785950899124145508e-01,9.904236197471618652e-01,1.891186274588108063e-02,1.877613179385662079e-02,1.354652941226959229e-01,-2.851003967225551605e-02,9.264067560434341431e-02,2.255247235298156738e-01,1.188849508762359619e-01,-1.082905679941177368e-01,-1.012436076998710632e-01,5.757854506373405457e-02,-2.622374296188354492e-01,-3.334145247936248779e-01,2.083698064088821411e-01,-2.315314710140228271e-01,2.243933379650115967e-01,1.778993606567382812e-01,-8.571410179138183594e-02,1.281462162733078003e-01,1.991553604602813721e-01,4.551663994789123535e-01,-3.632982373237609863e-01,6.576074361801147461e-01,1.255135387182235718e-01,4.009976610541343689e-02,8.466959744691848755e-02,-1.205653071403503418e+00,-8.137259483337402344e-01,1.111778497695922852e+00,5.751740932464599609e-01,-3.144917786121368408e-01,-5.267976666800677776e-04,-2.231470197439193726e-01
7.434404455125331879e-03,2.984897699207067490e-03,7.787107825279235840e-01,9.920147657394409180e-01,1.831100881099700928e-02,1.774812862277030945e-02,1.235172972083091736e-01,-2.206462621688842773e-02,9.763117134571075439e-02,2.473376989364624023e-01,1.189045608043670654e-01,-1.115644350647926331e-01,-1.011738479137420654e-01,4.575626924633979797e-02,-2.593576312065124512e-01,-3.094900250434875488e-01,2.091995924711227417e-01,-2.272163778543472290e-01,2.237125337123870850e-01,1.754604130983352661e-01,-8.831145614385604858e-02,1.278949081897735596e-01,1.976614296436309814e-01,4.585206508636474609e-01,-3.592677116394042969e-01,6.498185396194458008e-01,1.244441717863082886e-01,3.893323615193367004e-02,8.647666126489639282e-02,-1.212154626846313477e+00,-8.000230789184570312e-01,1.117420077323913574e+00,5.587555170059204102e-01,-3.200626969337463379e-01,3.976447915192693472e-04,-2.129230648279190063e-01
5.414470098912715912e-03,3.214404918253421783e-03,7.788095474243164062e-01,9.934108257293701172e-01,1.766078919172286987e-02,1.672410033643245697e-02,1.119973585009574890e-01,-1.585664972662925720e-02,1.026049703359603882e-01,2.680820524692535400e-01,1.188631802797317505e-01,-1.144485175609588623e-01,-1.015149503946304321e-01,3.482449054718017578e-02,-2.559469044208526611e-01,-2.871562838554382324e-01,2.096992135047912598e-01,-2.231315523386001587e-01,2.229672968387603760e-01,1.731052398681640625e-01,-9.113398939371109009e-02,1.272742301225662231e-01,1.970994919538497925e-01,4.601148068904876709e-01,-3.558021187782287598e-01,6.466916799545288086e-01,1.233410090208053589e-01,3.802951052784919739e-02,8.702694624662399292e-02,-1.216985940933227539e+00,-7.867156267166137695e-01,1.121181726455688477e+00,5.430131554603576660e-01,-3.233164548873901367e-01,9.214888559654355049e-04,-2.037139087915420532e-01
3.573889378458261490e-03,3.311058506369590759e-03,7.789024710655212402e-01,9.945821166038513184e-01,1.702130958437919617e-02,1.570587977766990662e-02,1.013414040207862854e-01,-9.996981360018253326e-03,1.072732657194137573e-01,2.870621085166931152e-01,1.188467666506767273e-01,-1.168283820152282715e-01,-1.020502522587776184e-01,2.484840527176856995e-02,-2.523404657840728760e-01,-2.666724622249603271e-01,2.104036062955856323e-01,-2.194264531135559082e-01,2.223620116710662842e-01,1.705817878246307373e-01,-9.417967498302459717e-02,1.263785213232040405e-01,1.973697394132614136e-01,4.599110782146453857e-01,-3.535096049308776855e-01,6.483040452003479004e-01,1.229552477598190308e-01,3.772051632404327393e-02,8.631799370050430298e-02,-1.219752430915832520e+00,-7.743563652038574219e-01,1.123671770095825195e+00,5.283480882644653320e-01,-3.257188200950622559e-01,3.211676958017051220e-04,-1.957568079233169556e-01
1.941388123668730259e-03,3.338182112202048302e-03,7.789759635925292969e-01,9.955768585205078125e-01,1.640839502215385437e-02,1.460431888699531555e-02,9.134609997272491455e-02,-3.776833415031433105e-03,1.117044836282730103e-01,3.049772679805755615e-01,1.185993254184722900e-01,-1.187334284186363220e-01,-1.027999371290206909e-01,1.609141565859317780e-02,-2.484652549028396606e-01,-2.474648803472518921e-01,2.112024277448654175e-01,-2.160424441099166870e-01,2.216691076755523682e-01,1.681655943393707275e-01,-9.753312170505523682e-02,1.252046227455139160e-01,1.979835331439971924e-01,4.581537246704101562e-01,-3.523401319980621338e-01,6.539802551269531250e-01,1.223347410559654236e-01,3.773187473416328430e-02,8.481660485267639160e-02,-1.220767498016357422e+00,-7.629359960556030273e-01,1.125109791755676270e+00,5.136826634407043457e-01,-3.281120061874389648e-01,-2.224309137091040611e-04,-1.878924518823623657e-01
5.522746942006051540e-04,3.315108828246593475e-03,7.790549993515014648e-01,9.964225888252258301e-01,1.586456596851348877e-02,1.341913361102342606e-02,8.191616833209991455e-02,2.985964296385645866e-03,1.159006133675575256e-01,3.220588266849517822e-01,1.183812767267227173e-01,-1.205872371792793274e-01,-1.037016883492469788e-01,8.255640044808387756e-03,-2.446088045835494995e-01,-2.294421941041946411e-01,2.123572230339050293e-01,-2.128286212682723999e-01,2.208721637725830078e-01,1.660094857215881348e-01,-1.011871844530105591e-01,1.237084567546844482e-01,1.991502195596694946e-01,4.554588794708251953e-01,-3.521822094917297363e-01,6.622748374938964844e-01,1.217368394136428833e-01,3.812076896429061890e-02,8.278965950012207031e-02,-1.220057845115661621e+00,-7.525802850723266602e-01,1.126371383666992188e+00,4.984419643878936768e-01,-3.290530741214752197e-01,-8.590464130975306034e-04,-1.802508383989334106e-01
-5.889561143703758717e-04,3.245200728997588158e-03,7.791227102279663086e-01,9.971151947975158691e-01,1.538736280053853989e-02,1.215714681893587112e-02,7.332614809274673462e-02,9.853104129433631897e-03,1.197642683982849121e-01,3.378025293350219727e-01,1.180874034762382507e-01,-1.226092129945755005e-01,-1.046725586056709290e-01,1.735408673994243145e-03,-2.407795637845993042e-01,-2.129097133874893188e-01,2.131952345371246338e-01,-2.099187076091766357e-01,2.200384736061096191e-01,1.639393717050552368e-01,-1.050784140825271606e-01,1.217378079891204834e-01,2.005575895309448242e-01,4.521490335464477539e-01,-3.528867363929748535e-01,6.724318265914916992e-01,1.205031946301460266e-01,3.852689638733863831e-02,8.004787564277648926e-02,-1.218174576759338379e+00,-7.426118850708007812e-01,1.126971960067749023e+00,4.833088517189025879e-01,-3.290596604347229004e-01,-5.040559335611760616e-04,-1.725260615348815918e-01
-1.527037122286856174e-03,3.152546705678105354e-03,7.792003154754638672e-01,9.976679086685180664e-01,1.495492458343505859e-02,1.089944317936897278e-02,6.569808721542358398e-02,1.629609055817127228e-02,1.231939643621444702e-01,3.516945838928222656e-01,1.178114265203475952e-01,-1.245216205716133118e-01,-1.057422533631324768e-01,-3.407056909054517746e-03,-2.371898144483566284e-01,-1.985934078693389893e-01,2.137124091386795044e-01,-2.071602940559387207e-01,2.189934849739074707e-01,1.620310097932815552e-01,-1.088881194591522217e-01,1.193128153681755066e-01,2.023313641548156738e-01,4.483470916748046875e-01,-3.542159795761108398e-01,6.832076907157897949e-01,1.193864196538925171e-01,3.898767381906509399e-02,7.735726237297058105e-02,-1.215648174285888672e+00,-7.333057522773742676e-01,1.129005789756774902e+00,4.685861468315124512e-01,-3.273019492626190186e-01,-7.589946617372334003e-04,-1.663232445716857910e-01
-2.368119778111577034e-03,3.028304548934102058e-03,7.792491912841796875e-01,9.981092810630798340e-01,1.457569841295480728e-02,9.510383941233158112e-03,5.894868075847625732e-02,2.256243862211704254e-02,1.263360083103179932e-01,3.639709651470184326e-01,1.175723671913146973e-01,-1.262839734554290771e-01,-1.067067384719848633e-01,-7.071289233863353729e-03,-2.337901294231414795e-01,-1.859336197376251221e-01,2.140122056007385254e-01,-2.048509120941162109e-01,2.182571887969970703e-01,1.601024121046066284e-01,-1.125909462571144104e-01,1.167681366205215454e-01,2.044965326786041260e-01,4.443884193897247314e-01,-3.560741543769836426e-01,6.934480667114257812e-01,1.186826303601264954e-01,3.953209519386291504e-02,7.460097968578338623e-02,-1.212484717369079590e+00,-7.243123650550842285e-01,1.130931735038757324e+00,4.545201659202575684e-01,-3.251160383224487305e-01,-1.030840096063911915e-03,-1.613774746656417847e-01
-3.151086857542395592e-03,2.854067366570234299e-03,7.793037891387939453e-01,9.984599947929382324e-01,1.415548939257860184e-02,8.010134100914001465e-03,5.303914844989776611e-02,2.873770520091056824e-02,1.294444054365158081e-01,3.747903108596801758e-01,1.174395754933357239e-01,-1.278935819864273071e-01,-1.080002337694168091e-01,-9.355888701975345612e-03,-2.302976548671722412e-01,-1.750184297561645508e-01,2.137855887413024902e-01,-2.029137611389160156e-01,2.175648808479309082e-01,1.583347916603088379e-01,-1.158710196614265442e-01,1.142357215285301208e-01,2.071060389280319214e-01,4.407888054847717285e-01,-3.578472733497619629e-01,7.030436992645263672e-01,1.187485009431838989e-01,4.000024870038032532e-02,7.310767471790313721e-02,-1.209755659103393555e+00,-7.159047722816467285e-01,1.132781386375427246e+00,4.417625069618225098e-01,-3.208848237991333008e-01,-1.328414189629256725e-03,-1.566325873136520386e-01
-3.888427978381514549e-03,2.644242020323872566e-03,7.793713808059692383e-01,9.987384676933288574e-01,1.375070028007030487e-02,6.484613288193941116e-03,4.785900935530662537e-02,3.465003520250320435e-02,1.323743015527725220e-01,3.844765126705169678e-01,1.174710094928741455e-01,-1.291707903146743774e-01,-1.091639623045921326e-01,-1.096275448799133301e-02,-2.270095497369766235e-01,-1.654892265796661377e-01,2.133979201316833496e-01,-2.011837363243103027e-01,2.170029431581497192e-01,1.567097455263137817e-01,-1.186720654368400574e-01,1.116616874933242798e-01,2.100268900394439697e-01,4.377804398536682129e-01,-3.598788082599639893e-01,7.118530869483947754e-01,1.186096668243408203e-01,4.056507349014282227e-02,7.281158864498138428e-02,-1.206944108009338379e+00,-7.081757187843322754e-01,1.134105563163757324e+00,4.306727051734924316e-01,-3.165623843669891357e-01,-1.941357390023767948e-03,-1.531326621770858765e-01
-4.602675326168537140e-03,2.437803428620100021e-03,7.794218659400939941e-01,9.989622831344604492e-01,1.333756651729345322e-02,5.020638927817344666e-03,4.325725883245468140e-02,4.016078263521194458e-02,1.351490914821624756e-01,3.933075070381164551e-01,1.175979077816009521e-01,-1.302104890346527100e-01,-1.101172864437103271e-01,-1.196849253028631210e-02,-2.239238172769546509e-01,-1.573958694934844971e-01,2.125629186630249023e-01,-1.994988173246383667e-01,2.162808477878570557e-01,1.551841795444488525e-01,-1.211226880550384521e-01,1.090483739972114563e-01,2.130332291126251221e-01,4.354484677314758301e-01,-3.619653284549713135e-01,7.200113534927368164e-01,1.178331449627876282e-01,4.104354605078697205e-02,7.317746430635452271e-02,-1.204176902770996094e+00,-7.010753154754638672e-01,1.135051488876342773e+00,4.211515486240386963e-01,-3.142546415328979492e-01,-2.583261113613843918e-03,-1.504056602716445923e-01
-5.337359849363565445e-03,2.277343999594449997e-03,7.794453501701354980e-01,9.991424679756164551e-01,1.294443663209676743e-02,3.664833726361393929e-03,3.915773704648017883e-02,4.516919702291488647e-02,1.375990360975265503e-01,4.011330306529998779e-01,1.177435070276260376e-01,-1.312534213066101074e-01,-1.107819601893424988e-01,-1.236355490982532501e-02,-2.211445271968841553e-01,-1.506717503070831299e-01,2.108905315399169922e-01,-1.974963098764419556e-01,2.157092541456222534e-01,1.538540124893188477e-01,-1.231767833232879639e-01,1.065323278307914734e-01,2.160722017288208008e-01,4.336504936218261719e-01,-3.643289506435394287e-01,7.274770140647888184e-01,1.160420775413513184e-01,4.127918928861618042e-02,7.352133840322494507e-02,-1.201195001602172852e+00,-6.944065690040588379e-01,1.135721087455749512e+00,4.129751026630401611e-01,-3.141565620899200439e-01,-4.227282945066690445e-03,-1.481137573719024658e-01
-6.086259149014949799e-03,2.217880915850400925e-03,7.794349193572998047e-01,9.992781281471252441e-01,1.266145147383213043e-02,2.418069867417216301e-03,3.573582693934440613e-02,4.946880787611007690e-02,1.395065337419509888e-01,4.080052673816680908e-01,1.177475377917289734e-01,-1.322506070137023926e-01,-1.109761595726013184e-01,-1.211616862565279007e-02,-2.189255505800247192e-01,-1.452589929103851318e-01,2.087084501981735229e-01,-1.954774409532546997e-01,2.155446857213973999e-01,1.525960117578506470e-01,-1.250039190053939819e-01,1.044493094086647034e-01,2.185052782297134399e-01,4.324091970920562744e-01,-3.669070899486541748e-01,7.345507740974426270e-01,1.136313676834106445e-01,4.139117896556854248e-02,7.366354763507843018e-02,-1.198754429817199707e+00,-6.884331107139587402e-01,1.137016057968139648e+00,4.058349132537841797e-01,-3.152262270450592041e-01,-5.274497903883457184e-03,-1.451686322689056396e-01
-6.895043421536684036e-03,2.249007113277912140e-03,7.794251441955566406e-01,9.993761181831359863e-01,1.244893111288547516e-02,1.318258815445005894e-03,3.302525356411933899e-02,5.271220207214355469e-02,1.409406661987304688e-01,4.138056039810180664e-01,1.178001016378402710e-01,-1.328551471233367920e-01,-1.111231893301010132e-01,-1.167311519384384155e-02,-2.172644734382629395e-01,-1.410615742206573486e-01,2.063758522272109985e-01,-1.931302100419998169e-01,2.158443778753280640e-01,1.514068692922592163e-01,-1.264846175909042358e-01,1.027187481522560120e-01,2.200262248516082764e-01,4.315409362316131592e-01,-3.691189587116241455e-01,7.415069341659545898e-01,1.111541613936424255e-01,4.152720421552658081e-02,7.339303195476531982e-02,-1.196172714233398438e+00,-6.834192276000976562e-01,1.138886928558349609e+00,4.000777602195739746e-01,-3.165343701839447021e-01,-6.053247954696416855e-03,-1.416296362876892090e-01
-7.830965332686901093e-03,2.346654422581195831e-03,7.794485688209533691e-01,9.994497299194335938e-01,1.229474227875471115e-02,2.863976988010108471e-04,3.080592118203639984e-02,5.498188361525535583e-02,1.419017016887664795e-01,4.186308681964874268e-01,1.179072335362434387e-01,-1.332779675722122192e-01,-1.111267879605293274e-01,-1.102952100336551666e-02,-2.159990668296813965e-01,-1.374930143356323242e-01,2.036338746547698975e-01,-1.900743246078491211e-01,2.163886576890945435e-01,1.506265848875045776e-01,-1.275419145822525024e-01,1.014890819787979126e-01,2.206679433584213257e-01,4.310660362243652344e-01,-3.708209097385406494e-01,7.473623752593994141e-01,1.084010079503059387e-01,4.160537198185920715e-02,7.298339158296585083e-02,-1.193990230560302734e+00,-6.795297265052795410e-01,1.141299724578857422e+00,3.947785198688507080e-01,-3.192875683307647705e-01,-5.801330320537090302e-03,-1.373656392097473145e-01
-8.891600184142589569e-03,2.486781915649771690e-03,7.794813513755798340e-01,9.995028972625732422e-01,1.223771274089813232e-02,-6.895957631058990955e-04,2.904783375561237335e-02,5.641092732548713684e-02,1.423577815294265747e-01,4.224559068679809570e-01,1.181814298033714294e-01,-1.334487348794937134e-01,-1.111118048429489136e-01,-1.035136729478836060e-02,-2.152676433324813843e-01,-1.345406770706176758e-01,2.007742375135421753e-01,-1.868889331817626953e-01,2.173396348953247070e-01,1.503129601478576660e-01,-1.282320916652679443e-01,1.008038595318794250e-01,2.205976992845535278e-01,4.309791624546051025e-01,-3.724965155124664307e-01,7.519894242286682129e-01,1.068217083811759949e-01,4.169231280684471130e-02,7.261163741350173950e-02,-1.192120909690856934e+00,-6.768537759780883789e-01,1.143363475799560547e+00,3.911251723766326904e-01,-3.219383656978607178e-01,-4.802734591066837311e-03,-1.335322260856628418e-01
-1.002518273890018463e-02,2.648317720741033554e-03,7.795105576515197754e-01,9.995378255844116211e-01,1.224449649453163147e-02,-1.598453382030129433e-03,2.777783572673797607e-02,5.737839266657829285e-02,1.424353420734405518e-01,4.254283607006072998e-01,1.185636371374130249e-01,-1.333032548427581787e-01,-1.109641492366790771e-01,-1.002048421651124954e-02,-2.149747312068939209e-01,-1.321349591016769409e-01,1.987923532724380493e-01,-1.842278540134429932e-01,2.183646112680435181e-01,1.501240432262420654e-01,-1.284541785717010498e-01,1.004904136061668396e-01,2.205033153295516968e-01,4.312173724174499512e-01,-3.741026520729064941e-01,7.552337050437927246e-01,1.062026023864746094e-01,4.169647768139839172e-02,7.253875583410263062e-02,-1.191459655761718750e+00,-6.754274964332580566e-01,1.145612955093383789e+00,3.895156681537628174e-01,-3.237651884555816650e-01,-3.479416016489267349e-03,-1.305789798498153687e-01
-1.117959804832935333e-02,2.823620801791548729e-03,7.795272469520568848e-01,9.995592832565307617e-01,1.228050794452428818e-02,-2.388988155871629715e-03,2.691975049674510956e-02,5.813024193048477173e-02,1.423722356557846069e-01,4.274630546569824219e-01,1.189928650856018066e-01,-1.326464116573333740e-01,-1.107669025659561157e-01,-9.968422353267669678e-03,-2.149647027254104614e-01,-1.305178850889205933e-01,1.973808407783508301e-01,-1.821042150259017944e-01,2.193962484598159790e-01,1.499816328287124634e-01,-1.283565759658813477e-01,1.003189980983734131e-01,2.207861691713333130e-01,4.317970871925354004e-01,-3.760453760623931885e-01,7.572796344757080078e-01,1.079310402274131775e-01,4.156887531280517578e-02,7.253778725862503052e-02,-1.191882014274597168e+00,-6.752400398254394531e-01,1.148018240928649902e+00,3.906207680702209473e-01,-3.222592175006866455e-01,-2.932347590103745461e-03,-1.282200217247009277e-01
-1.230458077043294907e-02,3.029803279787302017e-03,7.795563340187072754e-01,9.995681047439575195e-01,1.233872584998607635e-02,-3.060476388782262802e-03,2.649539895355701447e-02,5.869647860527038574e-02,1.422387957572937012e-01,4.287833273410797119e-01,1.193718016147613525e-01,-1.316350400447845459e-01,-1.105378642678260803e-01,-9.938988834619522095e-03,-2.151858061552047729e-01,-1.299627274274826050e-01,1.961166709661483765e-01,-1.802444010972976685e-01,2.200982123613357544e-01,1.500217318534851074e-01,-1.281505823135375977e-01,1.002261191606521606e-01,2.214982062578201294e-01,4.326123595237731934e-01,-3.778893649578094482e-01,7.583907246589660645e-01,1.105245500802993774e-01,4.160549864172935486e-02,7.239396125078201294e-02,-1.193161487579345703e+00,-6.763766407966613770e-01,1.150208234786987305e+00,3.934817016124725342e-01,-3.183510303497314453e-01,-4.038476385176181793e-03,-1.259617656469345093e-01
-1.337784808129072189e-02,3.286606399342417717e-03,7.796123623847961426e-01,9.995605349540710449e-01,1.242629066109657288e-02,-3.585128812119364738e-03,2.667214162647724152e-02,5.836147814989089966e-02,1.419819146394729614e-01,4.291740655899047852e-01,1.198733225464820862e-01,-1.303861886262893677e-01,-1.099920570850372314e-01,-9.694554843008518219e-03,-2.156441509723663330e-01,-1.305943280458450317e-01,1.943639367818832397e-01,-1.783555001020431519e-01,2.205445915460586548e-01,1.501678079366683960e-01,-1.279847025871276855e-01,1.001621782779693604e-01,2.222415506839752197e-01,4.337211251258850098e-01,-3.793537616729736328e-01,7.582086324691772461e-01,1.125855967402458191e-01,4.177119210362434387e-02,7.199817895889282227e-02,-1.195020794868469238e+00,-6.787483096122741699e-01,1.151931881904602051e+00,3.967724144458770752e-01,-3.130511045455932617e-01,-5.706125870347023010e-03,-1.228903308510780334e-01
-1.439439225941896439e-02,3.561850171536207199e-03,7.797021269798278809e-01,9.995421171188354492e-01,1.249939296394586563e-02,-3.992388024926185608e-03,2.726432122290134430e-02,5.718304961919784546e-02,1.417927742004394531e-01,4.290525615215301514e-01,1.205999478697776794e-01,-1.292593181133270264e-01,-1.092904210090637207e-01,-9.196603670716285706e-03,-2.161885648965835571e-01,-1.319842934608459473e-01,1.921257525682449341e-01,-1.763808280229568481e-01,2.207125574350357056e-01,1.506633162498474121e-01,-1.278031915426254272e-01,1.000803336501121521e-01,2.227189838886260986e-01,4.349056780338287354e-01,-3.799100518226623535e-01,7.569019794464111328e-01,1.136334165930747986e-01,4.159741476178169250e-02,7.119724154472351074e-02,-1.196200251579284668e+00,-6.819674968719482422e-01,1.151549100875854492e+00,4.002241492271423340e-01,-3.078832626342773438e-01,-7.103723939508199692e-03,-1.200507059693336487e-01
-1.535882055759429932e-02,3.824014682322740555e-03,7.797650694847106934e-01,9.995111823081970215e-01,1.258705556392669678e-02,-4.374226089566946030e-03,2.828253433108329773e-02,5.557860061526298523e-02,1.415291279554367065e-01,4.285007119178771973e-01,1.212987750768661499e-01,-1.282343417406082153e-01,-1.088977083563804626e-01,-7.915343157947063446e-03,-2.169003784656524658e-01,-1.337857544422149658e-01,1.894015818834304810e-01,-1.746152639389038086e-01,2.208844721317291260e-01,1.511808931827545166e-01,-1.277640014886856079e-01,1.000633910298347473e-01,2.233844995498657227e-01,4.358902275562286377e-01,-3.795669972896575928e-01,7.550381422042846680e-01,1.147660166025161743e-01,4.129538685083389282e-02,6.973356753587722778e-02,-1.196607112884521484e+00,-6.855534911155700684e-01,1.148472070693969727e+00,4.038524329662322998e-01,-3.025364577770233154e-01,-7.725190371274948120e-03,-1.173811554908752441e-01
-1.629390753805637360e-02,4.040624480694532394e-03,7.797901630401611328e-01,9.994759559631347656e-01,1.268018130213022232e-02,-4.672504030168056488e-03,2.941554225981235504e-02,5.382438004016876221e-02,1.412312984466552734e-01,4.281564652919769287e-01,1.219158396124839783e-01,-1.273505389690399170e-01,-1.086234003305435181e-01,-6.541570182889699936e-03,-2.177231907844543457e-01,-1.353439688682556152e-01,1.872737258672714233e-01,-1.731991469860076904e-01,2.214565724134445190e-01,1.517478227615356445e-01,-1.278996765613555908e-01,9.998609125614166260e-02,2.247022837400436401e-01,4.364939332008361816e-01,-3.782212734222412109e-01,7.519336938858032227e-01,1.163430362939834595e-01,4.099303483963012695e-02,6.800189614295959473e-02,-1.196512460708618164e+00,-6.892811059951782227e-01,1.144236207008361816e+00,4.068299531936645508e-01,-2.975772917270660400e-01,-7.839067839086055756e-03,-1.152294203639030457e-01
-1.713819243013858795e-02,4.149175714701414108e-03,7.798001766204833984e-01,9.994348287582397461e-01,1.278338581323623657e-02,-4.912063479423522949e-03,3.069898299872875214e-02,5.213830247521400452e-02,1.409163326025009155e-01,4.277256131172180176e-01,1.223694756627082825e-01,-1.264863610267639160e-01,-1.081547066569328308e-01,-5.116141401231288910e-03,-2.187216430902481079e-01,-1.371100246906280518e-01,1.861734539270401001e-01,-1.721630096435546875e-01,2.222383022308349609e-01,1.520368903875350952e-01,-1.283080428838729858e-01,1.000228077173233032e-01,2.270070165395736694e-01,4.367612004280090332e-01,-3.763405680656433105e-01,7.478866577148437500e-01,1.191595271229743958e-01,4.034230858087539673e-02,6.608007848262786865e-02,-1.195407867431640625e+00,-6.927526593208312988e-01,1.139053463935852051e+00,4.083433151245117188e-01,-2.932325899600982666e-01,-8.103252388536930084e-03,-1.128577068448066711e-01
-1.790088973939418793e-02,4.220301285386085510e-03,7.798526883125305176e-01,9.993852376937866211e-01,1.290530432015657425e-02,-4.953500814735889435e-03,3.221975639462471008e-02,5.028447136282920837e-02,1.404595673084259033e-01,4.270166158676147461e-01,1.222992613911628723e-01,-1.258157938718795776e-01,-1.072884947061538696e-01,-4.146759863942861557e-03,-2.196280360221862793e-01,-1.388937979936599731e-01,1.856373101472854614e-01,-1.709226220846176147e-01,2.226270288228988647e-01,1.521691083908081055e-01,-1.289721578359603882e-01,9.978292882442474365e-02,2.304346263408660889e-01,4.369280934333801270e-01,-3.732357323169708252e-01,7.426294088363647461e-01,1.218851283192634583e-01,3.912038728594779968e-02,6.389158964157104492e-02,-1.192958950996398926e+00,-6.955500245094299316e-01,1.133054375648498535e+00,4.099913239479064941e-01,-2.877019643783569336e-01,-8.429331704974174500e-03,-1.095807254314422607e-01
